Global_Step,Curriculum_Lvl,Dist_to_Target,Reward,Terminated,Table_Collision,Self_Collision,J1_Pos,J2_Pos,J3_Pos,J4_Pos,J5_Pos,J6_Pos,J1_Vel,J2_Vel,J3_Vel,J4_Vel,J5_Vel,J6_Vel,Gripper_Pos,EE_X,EE_Y,EE_Z,Target_X,Target_Y,Target_Z,Handoff_X,Handoff_Y,Handoff_Z,Handoff_OK,Act_J1,Act_J2,Act_J3,Act_J4,Act_J5,Act_J6,Act_Gripper,Phase,Goal_X,Goal_Y,Goal_Z,Transport_X,Transport_Y,Transport_Z,Transport_OK,Placement_Error_M,Standoff_M,Spawn_Radius_M,Contact_Detected,GT_X,GT_Y,GT_Z,Perception_Error_M
1,0.0,1.1444,-0.0026,False,False,False,-0.4513,4.7557,-0.2256,-1.2844,-0.1041,1.4753,0.0000,-0.0000,-0.0000,0.0000,-0.0000,0.0000,0.0200,0.1657,0.3734,1.0690,0.0000,0.0000,0.0000,0.0000,0.0000,0.0000,False,0.0777,-0.0190,0.0247,0.0019,0.0379,0.0455,-0.5858,grasp,0.0000,0.0000,0.0000,0.0000,0.0000,0.0000,False,,0.0500,0.0000,False,0.8020,-0.2600,0.0100,0.8432
2,0.0,1.1444,-0.0022,False,False,False,-0.4505,4.7555,-0.2254,-1.2843,-0.1037,1.4757,0.0000,-0.0000,-0.0000,0.0000,-0.0000,0.0000,0.0596,0.1657,0.3734,1.0690,0.0000,0.0000,0.0000,0.0000,0.0000,0.0000,False,-0.0603,0.0490,0.0262,0.0051,0.0579,0.0237,-0.7443,grasp,0.0000,0.0000,0.0000,0.0000,0.0000,0.0000,False,,0.0500,0.0000,False,0.8020,-0.2600,0.0100,0.8432
3,0.0,1.1461,-0.0129,False,False,False,-0.4511,4.7560,-0.2251,-1.2843,-0.1032,1.4760,-0.0611,0.0492,0.0259,0.0051,0.0575,0.0232,0.0796,0.1684,0.3775,1.0690,0.0000,0.0000,0.0000,0.0000,0.0000,0.0000,False,-0.0125,0.0244,0.0385,-0.0517,-0.0800,-0.0451,2.0880,grasp,0.0000,0.0000,0.0000,0.0000,0.0000,0.0000,False,,0.0500,0.0000,True,0.8020,-0.2600,0.0100,0.8432
4,0.0,1.1461,-0.0171,False,False,False,-0.4518,4.7570,-0.2269,-1.2841,-0.1027,1.4766,-0.0442,0.0676,-0.1182,0.0106,0.0275,0.0402,0.1591,0.1684,0.3775,1.0690,0.0000,0.0000,0.0000,0.0000,0.0000,0.0000,False,-0.0233,0.0356,-0.0622,0.0056,0.0145,0.0212,-1.9993,grasp,0.0000,0.0000,0.0000,0.0000,0.0000,0.0000,False,,0.0500,0.0000,False,0.8020,-0.2600,0.0100,0.8432
5,0.0,1.1479,-0.0148,False,False,False,-0.4528,4.7580,-0.2279,-1.2846,-0.1027,1.4766,-0.0383,0.0026,0.0711,-0.0577,-0.0346,-0.0552,0.2189,0.1717,0.3819,1.0688,0.0000,0.0000,0.0000,0.0000,0.0000,0.0000,False,-0.0389,0.0036,0.0694,-0.0576,-0.0342,-0.0546,2.4869,grasp,0.0000,0.0000,0.0000,0.0000,0.0000,0.0000,False,,0.0500,0.0000,True,0.8020,-0.2600,0.0100,0.8432
6,0.0,1.1479,-0.0149,False,False,False,-0.4528,4.7580,-0.2279,-1.2846,-0.1027,1.4766,-0.0383,0.0026,0.0711,-0.0577,-0.0346,-0.0552,0.2189,0.1717,0.3819,1.0688,0.0000,0.0000,0.0000,0.0000,0.0000,0.0000,False,-0.0247,-0.0577,-0.0014,-0.0389,0.0625,-0.0290,2.8280,grasp,0.0000,0.0000,0.0000,0.0000,0.0000,0.0000,False,,0.0500,0.0000,True,0.8020,-0.2600,0.0100,0.8432
7,0.0,1.1496,-0.0134,False,False,False,-0.4539,4.7585,-0.2263,-1.2853,-0.1040,1.4752,-0.0356,0.0433,0.0244,0.0406,-0.0629,-0.0351,0.2782,0.1764,0.3846,1.0689,0.0000,0.0000,0.0000,0.0000,0.0000,0.0000,False,-0.0364,0.0437,0.0258,0.0395,-0.0636,-0.0361,3.0878,grasp,0.0000,0.0000,0.0000,0.0000,0.0000,0.0000,False,,0.0500,0.0000,True,0.8020,-0.2600,0.0100,0.8432
8,0.0,1.1496,-0.0235,False,False,False,-0.4546,4.7593,-0.2258,-1.2845,-0.1052,1.4745,-0.0677,0.0830,0.0464,0.0770,-0.1196,-0.0667,0.2981,0.1764,0.3846,1.0689,0.0000,0.0000,0.0000,0.0000,0.0000,0.0000,False,0.0728,-0.0249,0.0282,-0.0039,-0.0486,0.0454,1.6820,grasp,0.0000,0.0000,0.0000,0.0000,0.0000,0.0000,False,,0.0500,0.0000,True,0.8020,-0.2600,0.0100,0.8432
9,0.0,1.1496,-0.0121,False,False,False,-0.4540,4.7596,-0.2256,-1.2850,-0.1057,1.4743,0.0538,0.0073,0.0253,-0.0540,-0.0572,-0.0217,0.3569,0.1764,0.3846,1.0689,0.0000,0.0000,0.0000,0.0000,0.0000,0.0000,False,0.0538,0.0075,0.0253,-0.0540,-0.0572,-0.0217,1.7354,grasp,0.0000,0.0000,0.0000,0.0000,0.0000,0.0000,False,,0.0500,0.0000,True,0.8020,-0.2600,0.0100,0.8432
10,0.0,1.1508,-0.0171,False,False,False,-0.4536,4.7592,-0.2258,-1.2859,-0.1076,1.4738,-0.0561,-0.0504,-0.0696,0.0142,-0.0761,-0.0087,0.4166,0.1800,0.3867,1.0688,0.0000,0.0000,0.0000,0.0000,0.0000,0.0000,False,-0.0550,-0.0502,-0.0692,0.0132,-0.0772,-0.0091,2.7131,grasp,0.0000,0.0000,0.0000,0.0000,0.0000,0.0000,False,,0.0500,0.0000,True,0.8020,-0.2600,0.0100,0.8432
11,0.0,1.1508,-0.0142,False,False,False,-0.4536,4.7592,-0.2258,-1.2859,-0.1076,1.4738,-0.0561,-0.0504,-0.0696,0.0142,-0.0761,-0.0087,0.4166,0.1800,0.3867,1.0688,0.0000,0.0000,0.0000,0.0000,0.0000,0.0000,False,0.0733,0.0003,0.0414,-0.0013,0.0167,0.0455,-0.2563,grasp,0.0000,0.0000,0.0000,0.0000,0.0000,0.0000,False,,0.0500,0.0000,False,0.8020,-0.2600,0.0100,0.8432
12,0.0,1.1509,-0.0133,False,False,False,-0.4545,4.7576,-0.2271,-1.2864,-0.1085,1.4740,0.0126,-0.0548,0.0021,-0.0746,0.0512,0.0307,0.4003,0.1788,0.3880,1.0687,0.0000,0.0000,0.0000,0.0000,0.0000,0.0000,False,0.0116,-0.0576,0.0008,-0.0743,0.0498,0.0306,-2.5311,grasp,0.0000,0.0000,0.0000,0.0000,0.0000,0.0000,False,,0.0500,0.0000,False,0.8020,-0.2600,0.0100,0.8432
13,0.0,1.1509,-0.0270,False,False,False,-0.4535,4.7550,-0.2259,-1.2885,-0.1097,1.4762,0.0496,-0.0922,0.0745,-0.0427,-0.1381,0.1093,0.3742,0.1788,0.3880,1.0687,0.0000,0.0000,0.0000,0.0000,0.0000,0.0000,False,0.0263,-0.0503,0.0392,-0.0239,-0.0717,0.0581,-0.3298,grasp,0.0000,0.0000,0.0000,0.0000,0.0000,0.0000,False,,0.0500,0.0000,False,0.8020,-0.2600,0.0100,0.8432
14,0.0,1.1507,-0.0034,False,False,False,-0.4528,4.7540,-0.2251,-1.2889,-0.1114,1.4773,0.0016,0.0379,-0.0287,0.0115,0.0229,-0.0457,0.4126,0.1760,0.3883,1.0688,0.0000,0.0000,0.0000,0.0000,0.0000,0.0000,False,0.0023,0.0356,-0.0276,0.0108,0.0209,-0.0442,2.5647,grasp,0.0000,0.0000,0.0000,0.0000,0.0000,0.0000,False,,0.0500,0.0000,True,0.8020,-0.2600,0.0100,0.8432
15,0.0,1.1507,-0.0073,False,False,False,-0.4528,4.7540,-0.2251,-1.2889,-0.1114,1.4773,0.0016,0.0379,-0.0287,0.0115,0.0229,-0.0457,0.4126,0.1760,0.3883,1.0688,0.0000,0.0000,0.0000,0.0000,0.0000,0.0000,False,-0.0379,-0.0587,-0.0080,-0.0697,-0.0152,-0.0774,0.9812,grasp,0.0000,0.0000,0.0000,0.0000,0.0000,0.0000,False,,0.0500,0.0000,False,0.8020,-0.2600,0.0100,0.8432
16,0.0,1.1510,-0.0100,False,False,False,-0.4530,4.7548,-0.2250,-1.2893,-0.1110,1.4763,-0.0229,0.0134,0.0644,-0.0610,-0.0079,-0.0104,0.3965,0.1772,0.3886,1.0688,0.0000,0.0000,0.0000,0.0000,0.0000,0.0000,False,-0.0229,0.0143,0.0639,-0.0608,-0.0074,-0.0113,-1.4930,grasp,0.0000,0.0000,0.0000,0.0000,0.0000,0.0000,False,,0.0500,0.0000,False,0.8020,-0.2600,0.0100,0.8432
17,0.0,1.1510,-0.0164,False,False,False,-0.4534,4.7551,-0.2238,-1.2905,-0.1112,1.4761,-0.0435,0.0257,0.1224,-0.1160,-0.0150,-0.0198,0.3778,0.1772,0.3886,1.0688,0.0000,0.0000,0.0000,0.0000,0.0000,0.0000,False,0.0092,0.0759,0.0166,0.0307,0.0595,0.0003,-0.8138,grasp,0.0000,0.0000,0.0000,0.0000,0.0000,0.0000,False,,0.0500,0.0000,False,0.8020,-0.2600,0.0100,0.8432
18,0.0,1.1510,-0.0029,False,False,False,-0.4534,4.7551,-0.2238,-1.2905,-0.1112,1.4761,0.0000,-0.0000,-0.0000,0.0000,-0.0000,0.0000,0.3788,0.1772,0.3886,1.0688,0.0000,0.0000,0.0000,0.0000,0.0000,0.0000,False,0.0061,0.0467,-0.0218,0.0757,-0.0198,0.0026,0.4738,grasp,0.0000,0.0000,0.0000,0.0000,0.0000,0.0000,False,,0.0500,0.0000,False,0.8020,-0.2600,0.0100,0.8432
19,0.0,1.1506,-0.0284,False,False,False,-0.4543,4.7535,-0.2258,-1.2902,-0.1097,1.4746,-0.0582,-0.1451,-0.1187,-0.0288,0.1095,-0.1049,0.3281,0.1779,0.3872,1.0688,0.0000,0.0000,0.0000,0.0000,0.0000,0.0000,False,-0.0305,-0.0754,-0.0627,-0.0144,0.0575,-0.0552,-1.8916,grasp,0.0000,0.0000,0.0000,0.0000,0.0000,0.0000,False,,0.0500,0.0000,False,0.8020,-0.2600,0.0100,0.8432
20,0.0,1.1506,-0.0288,False,False,False,-0.4543,4.7535,-0.2258,-1.2902,-0.1097,1.4746,-0.0582,-0.1451,-0.1187,-0.0288,0.1095,-0.1049,0.3281,0.1779,0.3872,1.0688,0.0000,0.0000,0.0000,0.0000,0.0000,0.0000,False,0.0126,0.0510,-0.0159,-0.0387,-0.0224,0.0286,-1.4914,grasp,0.0000,0.0000,0.0000,0.0000,0.0000,0.0000,False,,0.0500,0.0000,False,0.8020,-0.2600,0.0100,0.8432
21,0.0,1.1504,-0.0146,False,False,False,-0.4559,4.7507,-0.2271,-1.2901,-0.1081,1.4738,-0.0787,0.0172,0.0456,0.0463,0.0101,0.0758,0.3447,0.1724,0.3892,1.0688,0.0000,0.0000,0.0000,0.0000,0.0000,0.0000,False,-0.0795,0.0056,0.0439,0.0458,0.0117,0.0744,0.6870,grasp,0.0000,0.0000,0.0000,0.0000,0.0000,0.0000,False,,0.0500,0.0000,True,0.8020,-0.2600,0.0100,0.8432
22,0.0,1.1504,-0.0099,False,False,False,-0.4566,4.7507,-0.2262,-1.2896,-0.1071,1.4752,0.0799,-0.0332,0.0029,-0.0384,0.0769,-0.0062,0.3190,0.1724,0.3892,1.0688,0.0000,0.0000,0.0000,0.0000,0.0000,0.0000,False,0.0784,-0.0323,0.0037,-0.0375,0.0771,-0.0048,-2.5935,grasp,0.0000,0.0000,0.0000,0.0000,0.0000,0.0000,False,,0.0500,0.0000,False,0.8020,-0.2600,0.0100,0.8432
23,0.0,1.1504,-0.0206,False,False,False,-0.4551,4.7501,-0.2261,-1.2904,-0.1056,1.4751,0.1518,-0.0626,0.0054,-0.0730,0.1461,-0.0119,0.2990,0.1724,0.3892,1.0688,0.0000,0.0000,0.0000,0.0000,0.0000,0.0000,False,-0.0090,0.0545,0.0504,0.0569,-0.0272,-0.0557,-0.3046,grasp,0.0000,0.0000,0.0000,0.0000,0.0000,0.0000,False,,0.0500,0.0000,False,0.8020,-0.2600,0.0100,0.8432
24,0.0,1.1501,-0.0026,False,False,False,-0.4552,4.7506,-0.2256,-1.2898,-0.1059,1.4745,0.0000,-0.0000,-0.0000,0.0000,-0.0000,0.0000,0.3306,0.1705,0.3886,1.0689,0.0000,0.0000,0.0000,0.0000,0.0000,0.0000,False,-0.0459,0.0278,-0.0375,-0.0297,-0.0020,0.0635,3.0775,grasp,0.0000,0.0000,0.0000,0.0000,0.0000,0.0000,False,,0.0500,0.0000,True,0.8020,-0.2600,0.0100,0.8432
25,0.0,1.1511,-0.0112,False,False,False,-0.4554,4.7503,-0.2262,-1.2903,-0.1056,1.4746,0.0254,-0.0633,-0.0146,-0.0178,0.0352,-0.0545,0.3899,0.1723,0.3910,1.0689,0.0000,0.0000,0.0000,0.0000,0.0000,0.0000,False,0.0249,-0.0630,-0.0149,-0.0181,0.0352,-0.0538,2.2093,grasp,0.0000,0.0000,0.0000,0.0000,0.0000,0.0000,False,,0.0500,0.0000,True,0.8020,-0.2600,0.0100,0.8432
26,0.0,1.1511,-0.0116,False,False,False,-0.4554,4.7503,-0.2262,-1.2903,-0.1056,1.4746,0.0254,-0.0633,-0.0146,-0.0178,0.0352,-0.0545,0.3899,0.1723,0.3910,1.0689,0.0000,0.0000,0.0000,0.0000,0.0000,0.0000,False,-0.0481,0.0059,-0.0326,0.0665,-0.0451,-0.0685,0.7245,grasp,0.0000,0.0000,0.0000,0.0000,0.0000,0.0000,False,,0.0500,0.0000,False,0.8020,-0.2600,0.0100,0.8432
27,0.0,1.1511,-0.0168,False,False,False,-0.4544,4.7495,-0.2257,-1.2906,-0.1053,1.4741,0.0495,0.0779,0.0778,0.0053,-0.0381,0.0534,0.4495,0.1723,0.3910,1.0689,0.0000,0.0000,0.0000,0.0000,0.0000,0.0000,False,0.0500,0.0743,0.0775,0.0050,-0.0374,0.0523,0.1782,grasp,0.0000,0.0000,0.0000,0.0000,0.0000,0.0000,False,,0.0500,0.0000,False,0.8020,-0.2600,0.0100,0.8432
28,0.0,1.1518,-0.0303,False,False,False,-0.4526,4.7491,-0.2234,-1.2922,-0.1074,1.4733,0.0572,-0.1509,0.0531,-0.1140,-0.0904,-0.1179,0.4197,0.1744,0.3919,1.0689,0.0000,0.0000,0.0000,0.0000,0.0000,0.0000,False,0.0311,-0.0756,0.0294,-0.0599,-0.0483,-0.0610,-0.9812,grasp,0.0000,0.0000,0.0000,0.0000,0.0000,0.0000,False,,0.0500,0.0000,False,0.8020,-0.2600,0.0100,0.8432
29,0.0,1.1511,-0.0207,False,False,False,-0.4525,4.7461,-0.2220,-1.2930,-0.1094,1.4721,-0.0795,-0.0398,0.0590,0.0776,-0.0671,0.0461,0.3854,0.1703,0.3916,1.0689,0.0000,0.0000,0.0000,0.0000,0.0000,0.0000,False,-0.0787,-0.0469,0.0597,0.0759,-0.0684,0.0444,-0.7778,grasp,0.0000,0.0000,0.0000,0.0000,0.0000,0.0000,False,,0.0500,0.0000,False,0.8020,-0.2600,0.0100,0.8432
30,0.0,1.1511,-0.0185,False,False,False,-0.4525,4.7461,-0.2220,-1.2930,-0.1094,1.4721,-0.0795,-0.0398,0.0590,0.0776,-0.0671,0.0461,0.3854,0.1703,0.3916,1.0689,0.0000,0.0000,0.0000,0.0000,0.0000,0.0000,False,-0.0647,-0.0589,0.0520,0.0722,-0.0425,0.0019,-1.8776,grasp,0.0000,0.0000,0.0000,0.0000,0.0000,0.0000,False,,0.0500,0.0000,False,0.8020,-0.2600,0.0100,0.8432
31,0.0,1.1511,-0.0172,False,False,False,-0.4544,4.7450,-0.2214,-1.2922,-0.1100,1.4722,-0.0333,-0.0326,-0.0530,-0.0594,0.0607,-0.0780,0.3370,0.1703,0.3916,1.0689,0.0000,0.0000,0.0000,0.0000,0.0000,0.0000,False,-0.0349,-0.0334,-0.0519,-0.0580,0.0594,-0.0771,-2.9533,grasp,0.0000,0.0000,0.0000,0.0000,0.0000,0.0000,False,,0.0500,0.0000,False,0.8020,-0.2600,0.0100,0.8432
32,0.0,1.1511,-0.0170,False,False,False,-0.4544,4.7450,-0.2214,-1.2922,-0.1100,1.4722,-0.0333,-0.0326,-0.0530,-0.0594,0.0607,-0.0780,0.3370,0.1703,0.3916,1.0689,0.0000,0.0000,0.0000,0.0000,0.0000,0.0000,False,0.0095,0.0431,0.0443,-0.0600,0.0022,-0.0330,-2.9121,grasp,0.0000,0.0000,0.0000,0.0000,0.0000,0.0000,False,,0.0500,0.0000,False,0.8020,-0.2600,0.0100,0.8432
33,0.0,1.1505,-0.0048,False,False,False,-0.4547,4.7441,-0.2226,-1.2938,-0.1089,1.4707,0.0315,-0.0226,-0.0163,-0.0500,0.0003,-0.0078,0.3566,0.1686,0.3907,1.0689,0.0000,0.0000,0.0000,0.0000,0.0000,0.0000,False,0.0309,-0.0242,-0.0173,-0.0511,0.0015,-0.0093,1.8178,grasp,0.0000,0.0000,0.0000,0.0000,0.0000,0.0000,False,,0.0500,0.0000,True,0.8020,-0.2600,0.0100,0.8432
34,0.0,1.1505,-0.0125,False,False,False,-0.4541,4.7436,-0.2229,-1.2947,-0.1089,1.4705,0.0599,-0.0440,-0.0310,-0.0950,0.0006,-0.0149,0.3763,0.1686,0.3907,1.0689,0.0000,0.0000,0.0000,0.0000,0.0000,0.0000,False,-0.0636,0.0712,-0.0192,-0.0320,0.0064,0.0371,-1.6335,grasp,0.0000,0.0000,0.0000,0.0000,0.0000,0.0000,False,,0.0500,0.0000,False,0.8020,-0.2600,0.0100,0.8432
35,0.0,1.1513,-0.0106,False,False,False,-0.4538,4.7432,-0.2229,-1.2952,-0.1091,1.4710,0.0271,-0.0373,-0.0030,-0.0434,-0.0258,0.0503,0.4000,0.1680,0.3933,1.0690,0.0000,0.0000,0.0000,0.0000,0.0000,0.0000,False,0.0271,-0.0374,-0.0030,-0.0434,-0.0258,0.0503,-2.2370,grasp,0.0000,0.0000,0.0000,0.0000,0.0000,0.0000,False,,0.0500,0.0000,False,0.8020,-0.2600,0.0100,0.8432
36,0.0,1.1513,-0.0106,False,False,False,-0.4533,4.7421,-0.2230,-1.2960,-0.1088,1.4726,0.0028,-0.0361,0.0025,0.0038,0.0788,0.0672,0.3731,0.1680,0.3933,1.0690,0.0000,0.0000,0.0000,0.0000,0.0000,0.0000,False,0.0033,-0.0374,0.0025,0.0030,0.0783,0.0681,-0.4434,grasp,0.0000,0.0000,0.0000,0.0000,0.0000,0.0000,False,,0.0500,0.0000,False,0.8020,-0.2600,0.0100,0.8432
37,0.0,1.1508,-0.0111,False,False,False,-0.4535,4.7414,-0.2231,-1.2967,-0.1068,1.4733,-0.0285,0.0055,-0.0174,-0.0768,0.0480,-0.0629,0.3301,0.1649,0.3930,1.0690,0.0000,0.0000,0.0000,0.0000,0.0000,0.0000,False,-0.0285,0.0044,-0.0174,-0.0768,0.0495,-0.0616,-3.0853,grasp,0.0000,0.0000,0.0000,0.0000,0.0000,0.0000,False,,0.0500,0.0000,False,0.8020,-0.2600,0.0100,0.8432
38,0.0,1.1508,-0.0115,False,False,False,-0.4541,4.7415,-0.2234,-1.2981,-0.1059,1.4721,-0.0542,0.0100,-0.0332,-0.1460,0.0911,-0.1195,0.3101,0.1649,0.3930,1.0690,0.0000,0.0000,0.0000,0.0000,0.0000,0.0000,False,-0.0412,0.0352,0.0011,-0.0102,0.0089,-0.0753,2.3999,grasp,0.0000,0.0000,0.0000,0.0000,0.0000,0.0000,False,,0.0500,0.0000,True,0.8020,-0.2600,0.0100,0.8432
39,0.0,1.1508,-0.0214,False,False,False,-0.4541,4.7415,-0.2234,-1.2981,-0.1059,1.4721,-0.0542,0.0100,-0.0332,-0.1460,0.0911,-0.1195,0.3101,0.1649,0.3930,1.0690,0.0000,0.0000,0.0000,0.0000,0.0000,0.0000,False,-0.0136,0.0437,0.0211,-0.0513,0.0552,-0.0458,2.2506,grasp,0.0000,0.0000,0.0000,0.0000,0.0000,0.0000,False,,0.0500,0.0000,True,0.8020,-0.2600,0.0100,0.8432
40,0.0,1.1509,-0.0312,False,False,False,-0.4500,4.7422,-0.2267,-1.2965,-0.1102,1.4762,0.1982,0.0343,-0.1603,0.0783,-0.2078,0.1968,0.3352,0.1643,0.3932,1.0691,0.0000,0.0000,0.0000,0.0000,0.0000,0.0000,False,0.0731,0.0127,-0.0591,0.0289,-0.0767,0.0726,-0.8817,grasp,0.0000,0.0000,0.0000,0.0000,0.0000,0.0000,False,,0.0500,0.0000,False,0.8020,-0.2600,0.0100,0.8432
41,0.0,1.1509,-0.0573,False,False,False,-0.4475,4.7426,-0.2288,-1.2955,-0.1129,1.4787,0.2515,0.0435,-0.2034,0.0993,-0.2637,0.2497,0.3305,0.1643,0.3932,1.0691,0.0000,0.0000,0.0000,0.0000,0.0000,0.0000,False,-0.0736,0.0587,0.0711,0.0127,0.0785,0.0292,1.5316,grasp,0.0000,0.0000,0.0000,0.0000,0.0000,0.0000,False,,0.0500,0.0000,True,0.8020,-0.2600,0.0100,0.8432
42,0.0,1.1507,-0.0140,False,False,False,-0.4481,4.7429,-0.2295,-1.2960,-0.1127,1.4780,-0.0670,0.0265,-0.0730,-0.0464,0.0218,-0.0712,0.3905,0.1629,0.3944,1.0687,0.0000,0.0000,0.0000,0.0000,0.0000,0.0000,False,-0.0670,0.0264,-0.0730,-0.0464,0.0218,-0.0712,-0.9163,grasp,0.0000,0.0000,0.0000,0.0000,0.0000,0.0000,False,,0.0500,0.0000,False,0.8020,-0.2600,0.0100,0.8432
43,0.0,1.1507,-0.0263,False,False,False,-0.4494,4.7434,-0.2309,-1.2969,-0.1122,1.4766,-0.1273,0.0503,-0.1388,-0.0882,0.0414,-0.1354,0.4105,0.1629,0.3944,1.0687,0.0000,0.0000,0.0000,0.0000,0.0000,0.0000,False,-0.0355,-0.0611,0.0567,-0.0716,0.0015,0.0077,-2.2691,grasp,0.0000,0.0000,0.0000,0.0000,0.0000,0.0000,False,,0.0500,0.0000,False,0.8020,-0.2600,0.0100,0.8432
44,0.0,1.1507,-0.0024,False,False,False,-0.4494,4.7434,-0.2309,-1.2969,-0.1122,1.4766,0.0000,-0.0000,-0.0000,0.0000,-0.0000,0.0000,0.3905,0.1629,0.3944,1.0687,0.0000,0.0000,0.0000,0.0000,0.0000,0.0000,False,0.0301,-0.0474,0.0533,-0.0340,0.0755,-0.0323,-0.3509,grasp,0.0000,0.0000,0.0000,0.0000,0.0000,0.0000,False,,0.0500,0.0000,False,0.8020,-0.2600,0.0100,0.8432
45,0.0,1.1510,-0.0230,False,False,False,-0.4511,4.7443,-0.2297,-1.2958,-0.1106,1.4756,-0.1285,0.1003,0.0407,0.0931,0.0607,-0.0466,0.3270,0.1629,0.3951,1.0687,0.0000,0.0000,0.0000,0.0000,0.0000,0.0000,False,-0.0673,0.0521,0.0219,0.0486,0.0327,-0.0249,-2.6793,grasp,0.0000,0.0000,0.0000,0.0000,0.0000,0.0000,False,,0.0500,0.0000,False,0.8020,-0.2600,0.0100,0.8432
46,0.0,1.1510,-0.0345,False,False,False,-0.4529,4.7457,-0.2292,-1.2944,-0.1097,1.4749,-0.1832,0.1432,0.0580,0.1327,0.0866,-0.0665,0.3070,0.1629,0.3951,1.0687,0.0000,0.0000,0.0000,0.0000,0.0000,0.0000,False,0.0256,-0.0144,-0.0580,0.0571,-0.0328,-0.0160,0.4007,grasp,0.0000,0.0000,0.0000,0.0000,0.0000,0.0000,False,,0.0500,0.0000,True,0.8020,-0.2600,0.0100,0.8432
47,0.0,1.1502,-0.0096,False,False,False,-0.4526,4.7460,-0.2298,-1.2939,-0.1100,1.4747,0.0274,-0.0209,-0.0586,0.0558,-0.0336,-0.0153,0.3343,0.1662,0.3912,1.0688,0.0000,0.0000,0.0000,0.0000,0.0000,0.0000,False,0.0265,-0.0533,0.0325,0.0725,-0.0253,-0.0722,-1.6768,grasp,0.0000,0.0000,0.0000,0.0000,0.0000,0.0000,False,,0.0500,0.0000,False,0.8020,-0.2600,0.0100,0.8432
48,0.0,1.1502,-0.0020,False,False,False,-0.4526,4.7460,-0.2298,-1.2939,-0.1100,1.4747,-0.0000,-0.0000,-0.0000,0.0000,-0.0000,0.0000,0.3196,0.1662,0.3912,1.0688,0.0000,0.0000,0.0000,0.0000,0.0000,0.0000,False,0.0195,0.0404,-0.0416,-0.0209,0.0717,0.0603,-0.2414,grasp,0.0000,0.0000,0.0000,0.0000,0.0000,0.0000,False,,0.0500,0.0000,False,0.8020,-0.2600,0.0100,0.8432
49,0.0,1.1502,-0.0028,False,False,False,-0.4526,4.7460,-0.2298,-1.2939,-0.1100,1.4747,0.0000,-0.0000,-0.0000,0.0000,-0.0000,0.0000,0.3445,0.1662,0.3912,1.0688,0.0000,0.0000,0.0000,0.0000,0.0000,0.0000,False,0.0725,-0.0728,-0.0459,0.0188,0.0144,0.0142,1.4175,grasp,0.0000,0.0000,0.0000,0.0000,0.0000,0.0000,False,,0.0500,0.0000,True,0.8020,-0.2600,0.0100,0.8432
50,0.0,1.1507,-0.0271,False,False,False,-0.4501,4.7454,-0.2293,-1.2958,-0.1113,1.4727,0.1163,0.0085,0.0596,-0.1370,-0.0955,-0.1452,0.4238,0.1656,0.3931,1.0687,0.0000,0.0000,0.0000,0.0000,0.0000,0.0000,False,0.0620,0.0033,0.0309,-0.0719,-0.0501,-0.0763,2.9501,grasp,0.0000,0.0000,0.0000,0.0000,0.0000,0.0000,False,,0.0500,0.0000,True,0.8020,-0.2600,0.0100,0.8432
51,0.0,1.1517,-0.0174,False,False,False,-0.4479,4.7459,-0.2282,-1.2970,-0.1125,1.4713,0.0565,0.0367,0.0251,0.0720,0.0231,0.0692,0.4582,0.1669,0.3951,1.0688,0.0000,0.0000,0.0000,0.0000,0.0000,0.0000,False,0.0582,0.0368,0.0260,0.0700,0.0217,0.0672,0.8939,grasp,0.0000,0.0000,0.0000,0.0000,0.0000,0.0000,False,,0.0500,0.0000,False,0.8020,-0.2600,0.0100,0.8432
52,0.0,1.1517,-0.0265,False,False,False,-0.4468,4.7466,-0.2277,-1.2957,-0.1120,1.4726,0.1074,0.0698,0.0477,0.1367,0.0439,0.1315,0.4638,0.1669,0.3951,1.0688,0.0000,0.0000,0.0000,0.0000,0.0000,0.0000,False,0.0241,-0.0593,-0.0638,-0.0630,-0.0262,-0.0765,-2.4107,grasp,0.0000,0.0000,0.0000,0.0000,0.0000,0.0000,False,,0.0500,0.0000,False,0.8020,-0.2600,0.0100,0.8432
53,0.0,1.1517,-0.0237,False,False,False,-0.4468,4.7466,-0.2277,-1.2957,-0.1120,1.4726,0.1074,0.0698,0.0477,0.1367,0.0439,0.1315,0.4638,0.1669,0.3951,1.0688,0.0000,0.0000,0.0000,0.0000,0.0000,0.0000,False,0.0505,0.0718,-0.0452,0.0122,0.0076,-0.0323,3.1397,grasp,0.0000,0.0000,0.0000,0.0000,0.0000,0.0000,False,,0.0500,0.0000,True,0.8020,-0.2600,0.0100,0.8432
54,0.0,1.1516,-0.0450,False,False,False,-0.4402,4.7428,-0.2342,-1.2916,-0.1129,1.4715,0.2502,-0.1552,-0.2467,0.1558,-0.0308,-0.0404,0.4714,0.1666,0.3953,1.0687,0.0000,0.0000,0.0000,0.0000,0.0000,0.0000,False,0.0728,-0.0447,-0.0717,0.0453,-0.0090,-0.0117,0.8731,grasp,0.0000,0.0000,0.0000,0.0000,0.0000,0.0000,False,,0.0500,0.0000,False,0.8020,-0.2600,0.0100,0.8432
55,0.0,1.1516,-0.0443,False,False,False,-0.4402,4.7428,-0.2342,-1.2916,-0.1129,1.4715,0.2502,-0.1552,-0.2467,0.1558,-0.0308,-0.0404,0.4714,0.1666,0.3953,1.0687,0.0000,0.0000,0.0000,0.0000,0.0000,0.0000,False,-0.0746,-0.0501,-0.0295,0.0469,0.0585,0.0599,2.4022,grasp,0.0000,0.0000,0.0000,0.0000,0.0000,0.0000,False,,0.0500,0.0000,True,0.8020,-0.2600,0.0100,0.8432
56,0.0,1.1511,-0.0102,False,False,False,-0.4379,4.7387,-0.2369,-1.2895,-0.1137,1.4713,-0.0675,-0.0529,0.0207,0.0246,-0.0495,0.0225,0.4353,0.1543,0.4008,1.0680,0.0000,0.0000,0.0000,0.0000,0.0000,0.0000,False,-0.0645,-0.0716,0.0178,0.0264,-0.0498,0.0220,-2.1463,grasp,0.0000,0.0000,0.0000,0.0000,0.0000,0.0000,False,,0.0500,0.0000,False,0.8020,-0.2600,0.0100,0.8432
57,0.0,1.1511,-0.0238,False,False,False,-0.4392,4.7376,-0.2366,-1.2890,-0.1147,1.4717,-0.1282,-0.1173,0.0394,0.0467,-0.0940,0.0427,0.4153,0.1543,0.4008,1.0680,0.0000,0.0000,0.0000,0.0000,0.0000,0.0000,False,0.0424,-0.0688,-0.0410,0.0406,-0.0134,0.0434,2.3032,grasp,0.0000,0.0000,0.0000,0.0000,0.0000,0.0000,False,,0.0500,0.0000,True,0.8020,-0.2600,0.0100,0.8432
58,0.0,1.1511,-0.0031,False,False,False,-0.4392,4.7375,-0.2366,-1.2890,-0.1147,1.4717,0.0000,-0.0000,-0.0000,0.0000,-0.0000,0.0000,0.4553,0.1543,0.4008,1.0680,0.0000,0.0000,0.0000,0.0000,0.0000,0.0000,False,0.0787,-0.0786,0.0206,-0.0241,0.0130,0.0668,-1.5964,grasp,0.0000,0.0000,0.0000,0.0000,0.0000,0.0000,False,,0.0500,0.0000,False,0.8020,-0.2600,0.0100,0.8432
59,0.0,1.1509,-0.0168,False,False,False,-0.4383,4.7371,-0.2382,-1.2878,-0.1157,1.4719,0.0095,0.0215,-0.1209,0.0931,-0.0781,-0.0348,0.4403,0.1533,0.4009,1.0679,0.0000,0.0000,0.0000,0.0000,0.0000,0.0000,False,0.0058,0.0103,-0.0634,0.0488,-0.0410,-0.0176,0.3450,grasp,0.0000,0.0000,0.0000,0.0000,0.0000,0.0000,False,,0.0500,0.0000,False,0.8020,-0.2600,0.0100,0.8432
60,0.0,1.1505,-0.0012,False,False,False,-0.4381,4.7374,-0.2399,-1.2865,-0.1168,1.4714,-0.0000,-0.0000,-0.0000,0.0000,-0.0000,0.0000,0.4285,0.1528,0.4007,1.0676,0.0000,0.0000,0.0000,0.0000,0.0000,0.0000,False,0.0716,-0.0389,0.0028,-0.0724,0.0756,-0.0381,-0.6317,grasp,0.0000,0.0000,0.0000,0.0000,0.0000,0.0000,False,,0.0500,0.0000,False,0.8020,-0.2600,0.0100,0.8432
61,0.0,1.1505,-0.0144,False,False,False,-0.4374,4.7370,-0.2399,-1.2872,-0.1161,1.4710,0.0714,-0.0392,0.0045,-0.0738,0.0767,-0.0376,0.4176,0.1528,0.4007,1.0676,0.0000,0.0000,0.0000,0.0000,0.0000,0.0000,False,-0.0259,-0.0654,-0.0281,-0.0036,0.0524,-0.0555,-2.3872,grasp,0.0000,0.0000,0.0000,0.0000,0.0000,0.0000,False,,0.0500,0.0000,False,0.8020,-0.2600,0.0100,0.8432
62,0.0,1.1505,-0.0027,False,False,False,-0.4374,4.7370,-0.2399,-1.2872,-0.1161,1.4710,-0.0000,-0.0000,-0.0000,0.0000,-0.0000,0.0000,0.4078,0.1528,0.4007,1.0676,0.0000,0.0000,0.0000,0.0000,0.0000,0.0000,False,-0.0528,-0.0568,0.0551,0.0494,0.0395,0.0475,-1.6482,grasp,0.0000,0.0000,0.0000,0.0000,0.0000,0.0000,False,,0.0500,0.0000,False,0.8020,-0.2600,0.0100,0.8432
63,0.0,1.1505,-0.0033,False,False,False,-0.4374,4.7370,-0.2399,-1.2872,-0.1161,1.4710,0.0000,-0.0000,-0.0000,0.0000,-0.0000,0.0000,0.3782,0.1528,0.4007,1.0676,0.0000,0.0000,0.0000,0.0000,0.0000,0.0000,False,-0.0012,0.0421,-0.0596,0.0134,0.0618,-0.0671,-0.8544,grasp,0.0000,0.0000,0.0000,0.0000,0.0000,0.0000,False,,0.0500,0.0000,False,0.8020,-0.2600,0.0100,0.8432
64,0.0,1.1499,-0.0104,False,False,False,-0.4374,4.7373,-0.2398,-1.2864,-0.1152,1.4699,0.0002,-0.0119,0.0687,0.0660,0.0253,-0.0454,0.3871,0.1509,0.3997,1.0677,0.0000,0.0000,0.0000,0.0000,0.0000,0.0000,False,0.0002,-0.0115,0.0681,0.0661,0.0259,-0.0461,0.4883,grasp,0.0000,0.0000,0.0000,0.0000,0.0000,0.0000,False,,0.0500,0.0000,False,0.8020,-0.2600,0.0100,0.8432
65,0.0,1.1498,-0.0185,False,False,False,-0.4373,4.7392,-0.2385,-1.2834,-0.1140,1.4691,0.0108,0.1460,-0.0002,0.1180,0.0490,0.0072,0.3346,0.1518,0.3987,1.0677,0.0000,0.0000,0.0000,0.0000,0.0000,0.0000,False,0.0057,0.0763,0.0012,0.0634,0.0263,0.0029,-2.1656,grasp,0.0000,0.0000,0.0000,0.0000,0.0000,0.0000,False,,0.0500,0.0000,False,0.8020,-0.2600,0.0100,0.8432
66,0.0,1.1498,-0.0261,False,False,False,-0.4371,4.7412,-0.2385,-1.2817,-0.1133,1.4692,0.0154,0.2083,-0.0002,0.1683,0.0699,0.0102,0.3146,0.1518,0.3987,1.0677,0.0000,0.0000,0.0000,0.0000,0.0000,0.0000,False,-0.0685,0.0209,0.0016,0.0020,0.0188,-0.0115,3.0992,grasp,0.0000,0.0000,0.0000,0.0000,0.0000,0.0000,False,,0.0500,0.0000,True,0.8020,-0.2600,0.0100,0.8432
67,0.0,1.1498,-0.0234,False,False,False,-0.4371,4.7412,-0.2385,-1.2817,-0.1133,1.4692,0.0154,0.2083,-0.0002,0.1683,0.0699,0.0102,0.3146,0.1518,0.3987,1.0677,0.0000,0.0000,0.0000,0.0000,0.0000,0.0000,False,-0.0448,0.0361,-0.0752,0.0296,0.0746,-0.0162,-0.6019,grasp,0.0000,0.0000,0.0000,0.0000,0.0000,0.0000,False,,0.0500,0.0000,False,0.8020,-0.2600,0.0100,0.8432
68,0.0,1.1495,-0.0325,False,False,False,-0.4335,4.7385,-0.2371,-1.2824,-0.1155,1.4660,0.1735,-0.1588,0.0647,-0.0365,-0.1084,-0.1567,0.2977,0.1541,0.3970,1.0677,0.0000,0.0000,0.0000,0.0000,0.0000,0.0000,False,0.0640,-0.0579,0.0239,-0.0135,-0.0400,-0.0578,-2.9047,grasp,0.0000,0.0000,0.0000,0.0000,0.0000,0.0000,False,,0.0500,0.0000,False,0.8020,-0.2600,0.0100,0.8432
69,0.0,1.1495,-0.0420,False,False,False,-0.4313,4.7360,-0.2363,-1.2829,-0.1169,1.4640,0.0000,-0.0000,-0.0000,0.0000,-0.0000,0.0000,0.2627,0.1541,0.3970,1.0677,0.0000,0.0000,0.0000,0.0000,0.0000,0.0000,False,0.0616,-0.0036,-0.0067,-0.0078,-0.0772,-0.0333,-2.1399,grasp,0.0000,0.0000,0.0000,0.0000,0.0000,0.0000,False,,0.0500,0.0000,False,0.8020,-0.2600,0.0100,0.8432
70,0.0,1.1482,-0.0009,False,False,False,-0.4307,4.7361,-0.2364,-1.2830,-0.1176,1.4637,0.0000,-0.0000,-0.0000,0.0000,0.0000,0.0000,0.2692,0.1474,0.3959,1.0676,0.0000,0.0000,0.0000,0.0000,0.0000,0.0000,False,0.0322,-0.0031,-0.0128,-0.0274,-0.0525,-0.0200,2.1523,grasp,0.0000,0.0000,0.0000,0.0000,0.0000,0.0000,False,,0.0500,0.0000,True,0.8020,-0.2600,0.0100,0.8432
71,0.0,1.1482,-0.0069,False,False,False,-0.4304,4.7360,-0.2365,-1.2832,-0.1182,1.4635,0.0316,-0.0031,-0.0127,-0.0273,-0.0517,-0.0197,0.2891,0.1474,0.3959,1.0676,0.0000,0.0000,0.0000,0.0000,0.0000,0.0000,False,0.0232,-0.0221,-0.0232,0.0779,0.0356,0.0381,0.6750,grasp,0.0000,0.0000,0.0000,0.0000,0.0000,0.0000,False,,0.0500,0.0000,True,0.8020,-0.2600,0.0100,0.8432
72,0.0,1.1482,-0.0019,False,False,False,-0.4304,4.7360,-0.2365,-1.2832,-0.1182,1.4635,0.0000,-0.0000,-0.0000,0.0000,-0.0000,0.0000,0.3291,0.1474,0.3959,1.0676,0.0000,0.0000,0.0000,0.0000,0.0000,0.0000,False,0.0233,-0.0576,0.0043,0.0036,-0.0570,0.0068,2.3395,grasp,0.0000,0.0000,0.0000,0.0000,0.0000,0.0000,False,,0.0500,0.0000,True,0.8020,-0.2600,0.0100,0.8432
73,0.0,1.1495,-0.0080,False,False,False,-0.4299,4.7360,-0.2363,-1.2828,-0.1191,1.4634,0.0258,0.0558,0.0145,0.0416,-0.0388,-0.0131,0.3890,0.1490,0.3994,1.0675,0.0000,0.0000,0.0000,0.0000,0.0000,0.0000,False,0.0260,0.0550,0.0145,0.0416,-0.0394,-0.0130,2.3622,grasp,0.0000,0.0000,0.0000,0.0000,0.0000,0.0000,False,,0.0500,0.0000,True,0.8020,-0.2600,0.0100,0.8432
74,0.0,1.1504,-0.0290,False,False,False,-0.4278,4.7359,-0.2343,-1.2808,-0.1211,1.4611,0.1067,-0.0822,0.1154,0.0802,-0.0818,-0.1338,0.4481,0.1519,0.4009,1.0675,0.0000,0.0000,0.0000,0.0000,0.0000,0.0000,False,0.0566,-0.0416,0.0610,0.0430,-0.0438,-0.0707,1.2018,grasp,0.0000,0.0000,0.0000,0.0000,0.0000,0.0000,False,,0.0500,0.0000,False,0.8020,-0.2600,0.0100,0.8432
75,0.0,1.1504,-0.0420,False,False,False,-0.4263,4.7347,-0.2327,-1.2796,-0.1223,1.4592,0.1521,-0.1166,0.1646,0.1144,-0.1167,-0.1909,0.4586,0.1519,0.4009,1.0675,0.0000,0.0000,0.0000,0.0000,0.0000,0.0000,False,-0.0054,0.0362,-0.0302,-0.0273,0.0087,-0.0710,-2.8995,grasp,0.0000,0.0000,0.0000,0.0000,0.0000,0.0000,False,,0.0500,0.0000,False,0.8020,-0.2600,0.0100,0.8432
76,0.0,1.1504,-0.0436,False,False,False,-0.4263,4.7347,-0.2327,-1.2796,-0.1223,1.4592,0.1521,-0.1166,0.1646,0.1144,-0.1167,-0.1909,0.4586,0.1519,0.4009,1.0675,0.0000,0.0000,0.0000,0.0000,0.0000,0.0000,False,-0.0371,-0.0328,-0.0720,0.0398,0.0757,0.0437,-0.4520,grasp,0.0000,0.0000,0.0000,0.0000,0.0000,0.0000,False,,0.0500,0.0000,False,0.8020,-0.2600,0.0100,0.8432
77,0.0,1.1505,-0.0307,False,False,False,-0.4267,4.7318,-0.2347,-1.2765,-0.1223,1.4550,-0.0198,-0.1453,-0.0972,0.1520,-0.0003,-0.2038,0.4889,0.1510,0.4020,1.0673,0.0000,0.0000,0.0000,0.0000,0.0000,0.0000,False,-0.0073,-0.0535,-0.0359,0.0561,-0.0001,-0.0752,1.4514,grasp,0.0000,0.0000,0.0000,0.0000,0.0000,0.0000,False,,0.0500,0.0000,False,0.8020,-0.2600,0.0100,0.8432
78,0.0,1.1505,-0.0399,False,False,False,-0.4269,4.7299,-0.2359,-1.2746,-0.1223,1.4524,-0.0252,-0.1844,-0.1233,0.1929,-0.0004,-0.2587,0.4985,0.1510,0.4020,1.0673,0.0000,0.0000,0.0000,0.0000,0.0000,0.0000,False,0.0151,-0.0778,-0.0275,0.0187,-0.0205,-0.0384,-2.6691,grasp,0.0000,0.0000,0.0000,0.0000,0.0000,0.0000,False,,0.0500,0.0000,False,0.8020,-0.2600,0.0100,0.8432
79,0.0,1.1501,-0.0027,False,False,False,-0.4269,4.7293,-0.2359,-1.2746,-0.1223,1.4524,-0.0000,-0.0000,-0.0000,0.0000,-0.0000,0.0000,0.4597,0.1462,0.4040,1.0669,0.0000,0.0000,0.0000,0.0000,0.0000,0.0000,False,-0.0267,-0.0596,-0.0767,-0.0442,0.0557,-0.0224,-0.8539,grasp,0.0000,0.0000,0.0000,0.0000,0.0000,0.0000,False,,0.0500,0.0000,False,0.8020,-0.2600,0.0100,0.8432
80,0.0,1.1501,-0.0052,False,False,False,-0.4272,4.7287,-0.2367,-1.2750,-0.1217,1.4522,-0.0000,-0.0000,-0.0000,0.0000,-0.0000,0.0000,0.4229,0.1462,0.4040,1.0669,0.0000,0.0000,0.0000,0.0000,0.0000,0.0000,False,-0.0287,-0.0206,-0.0439,-0.0519,-0.0328,0.0272,-1.2526,grasp,0.0000,0.0000,0.0000,0.0000,0.0000,0.0000,False,,0.0500,0.0000,False,0.8020,-0.2600,0.0100,0.8432
81,0.0,1.1501,-0.0030,False,False,False,-0.4275,4.7285,-0.2371,-1.2755,-0.1221,1.4524,0.0000,-0.0000,-0.0000,0.0000,-0.0000,0.0000,0.3943,0.1462,0.4040,1.0669,0.0000,0.0000,0.0000,0.0000,0.0000,0.0000,False,-0.0294,0.0052,-0.0194,0.0786,-0.0731,0.0289,-0.7752,grasp,0.0000,0.0000,0.0000,0.0000,0.0000,0.0000,False,,0.0500,0.0000,False,0.8020,-0.2600,0.0100,0.8432
82,0.0,1.1493,-0.0091,False,False,False,-0.4285,4.7285,-0.2372,-1.2749,-0.1234,1.4531,-0.0680,-0.0066,0.0054,-0.0192,-0.0609,0.0413,0.4250,0.1444,0.4026,1.0668,0.0000,0.0000,0.0000,0.0000,0.0000,0.0000,False,-0.0683,-0.0065,0.0052,-0.0184,-0.0616,0.0416,1.5491,grasp,0.0000,0.0000,0.0000,0.0000,0.0000,0.0000,False,,0.0500,0.0000,True,0.8020,-0.2600,0.0100,0.8432
83,0.0,1.1498,-0.0102,False,False,False,-0.4295,4.7283,-0.2372,-1.2759,-0.1241,1.4533,0.0263,-0.0038,-0.0094,-0.0588,0.0444,-0.0644,0.4256,0.1457,0.4033,1.0668,0.0000,0.0000,0.0000,0.0000,0.0000,0.0000,False,0.0250,-0.0039,-0.0093,-0.0592,0.0433,-0.0637,-0.5439,grasp,0.0000,0.0000,0.0000,0.0000,0.0000,0.0000,False,,0.0500,0.0000,False,0.8020,-0.2600,0.0100,0.8432
84,0.0,1.1498,-0.0104,False,False,False,-0.4290,4.7282,-0.2374,-1.2770,-0.1233,1.4521,0.0500,-0.0072,-0.0179,-0.1117,0.0844,-0.1224,0.4161,0.1457,0.4033,1.0668,0.0000,0.0000,0.0000,0.0000,0.0000,0.0000,False,0.0205,0.0414,-0.0574,-0.0293,0.0502,-0.0163,0.4110,grasp,0.0000,0.0000,0.0000,0.0000,0.0000,0.0000,False,,0.0500,0.0000,False,0.8020,-0.2600,0.0100,0.8432
85,0.0,1.1498,-0.0020,False,False,False,-0.4290,4.7282,-0.2374,-1.2770,-0.1233,1.4521,0.0000,-0.0000,-0.0000,0.0000,-0.0000,0.0000,0.4197,0.1457,0.4033,1.0668,0.0000,0.0000,0.0000,0.0000,0.0000,0.0000,False,-0.0203,-0.0356,-0.0073,-0.0120,0.0689,0.0487,-2.9312,grasp,0.0000,0.0000,0.0000,0.0000,0.0000,0.0000,False,,0.0500,0.0000,False,0.8020,-0.2600,0.0100,0.8432
86,0.0,1.1500,-0.0165,False,False,False,-0.4282,4.7285,-0.2368,-1.2774,-0.1240,1.4526,0.0768,0.0282,0.0565,-0.0407,-0.0749,0.0557,0.4397,0.1456,0.4037,1.0669,0.0000,0.0000,0.0000,0.0000,0.0000,0.0000,False,0.0768,0.0282,0.0565,-0.0407,-0.0749,0.0557,2.6164,grasp,0.0000,0.0000,0.0000,0.0000,0.0000,0.0000,False,,0.0500,0.0000,True,0.8020,-0.2600,0.0100,0.8432
87,0.0,1.1500,-0.0033,False,False,False,-0.4268,4.7291,-0.2358,-1.2782,-0.1254,1.4537,0.0000,-0.0000,-0.0000,0.0000,-0.0000,0.0000,0.4793,0.1456,0.4037,1.0669,0.0000,0.0000,0.0000,0.0000,0.0000,0.0000,False,0.0472,-0.0520,0.0686,0.0045,-0.0528,0.0411,2.1037,grasp,0.0000,0.0000,0.0000,0.0000,0.0000,0.0000,False,,0.0500,0.0000,True,0.8020,-0.2600,0.0100,0.8432
88,0.0,1.1501,-0.0079,False,False,False,-0.4263,4.7283,-0.2350,-1.2780,-0.1256,1.4548,0.0012,-0.0230,0.0116,0.0164,0.0337,0.0685,0.4581,0.1461,0.4038,1.0670,0.0000,0.0000,0.0000,0.0000,0.0000,0.0000,False,0.0017,-0.0235,0.0122,0.0165,0.0332,0.0689,-2.4087,grasp,0.0000,0.0000,0.0000,0.0000,0.0000,0.0000,False,,0.0500,0.0000,False,0.8020,-0.2600,0.0100,0.8432
89,0.0,1.1501,-0.0017,False,False,False,-0.4263,4.7279,-0.2348,-1.2776,-0.1250,1.4561,0.0000,-0.0000,-0.0000,0.0000,-0.0000,0.0000,0.4456,0.1461,0.4038,1.0670,0.0000,0.0000,0.0000,0.0000,0.0000,0.0000,False,-0.0406,0.0698,0.0633,-0.0435,0.0462,-0.0761,0.8827,grasp,0.0000,0.0000,0.0000,0.0000,0.0000,0.0000,False,,0.0500,0.0000,False,0.8020,-0.2600,0.0100,0.8432
90,0.0,1.1501,-0.0171,False,False,False,-0.4267,4.7285,-0.2341,-1.2781,-0.1245,1.4553,-0.0406,0.0702,0.0630,-0.0438,0.0456,-0.0774,0.4522,0.1461,0.4038,1.0670,0.0000,0.0000,0.0000,0.0000,0.0000,0.0000,False,0.0191,-0.0464,0.0316,0.0210,-0.0317,0.0513,3.0053,grasp,0.0000,0.0000,0.0000,0.0000,0.0000,0.0000,False,,0.0500,0.0000,True,0.8020,-0.2600,0.0100,0.8432
91,0.0,1.1505,-0.0179,False,False,False,-0.4279,4.7290,-0.2325,-1.2782,-0.1254,1.4557,-0.0829,0.0316,0.1092,-0.0046,-0.0569,0.0257,0.5320,0.1469,0.4043,1.0670,0.0000,0.0000,0.0000,0.0000,0.0000,0.0000,False,-0.0437,0.0167,0.0575,-0.0024,-0.0300,0.0135,-2.4680,grasp,0.0000,0.0000,0.0000,0.0000,0.0000,0.0000,False,,0.0500,0.0000,False,0.8020,-0.2600,0.0100,0.8432
92,0.0,1.1508,-0.0141,False,False,False,-0.4287,4.7291,-0.2310,-1.2787,-0.1269,1.4564,0.0438,-0.0656,-0.0073,-0.0533,-0.0697,0.0390,0.5441,0.1506,0.4037,1.0671,0.0000,0.0000,0.0000,0.0000,0.0000,0.0000,False,0.0427,-0.0633,-0.0057,-0.0534,-0.0705,0.0393,0.8116,grasp,0.0000,0.0000,0.0000,0.0000,0.0000,0.0000,False,,0.0500,0.0000,False,0.8020,-0.2600,0.0100,0.8432
93,0.0,1.1508,-0.0142,False,False,False,-0.4287,4.7291,-0.2310,-1.2787,-0.1269,1.4564,0.0438,-0.0656,-0.0073,-0.0533,-0.0697,0.0390,0.5441,0.1506,0.4037,1.0671,0.0000,0.0000,0.0000,0.0000,0.0000,0.0000,False,0.0701,-0.0210,-0.0227,-0.0518,-0.0607,-0.0115,0.8400,grasp,0.0000,0.0000,0.0000,0.0000,0.0000,0.0000,False,,0.0500,0.0000,False,0.8020,-0.2600,0.0100,0.8432
94,0.0,1.1508,-0.0021,False,False,False,-0.4279,4.7276,-0.2311,-1.2798,-0.1282,1.4572,0.0000,-0.0000,-0.0000,0.0000,-0.0000,0.0000,0.5405,0.1506,0.4037,1.0671,0.0000,0.0000,0.0000,0.0000,0.0000,0.0000,False,0.0150,0.0154,0.0386,-0.0259,0.0267,0.0666,1.1362,grasp,0.0000,0.0000,0.0000,0.0000,0.0000,0.0000,False,,0.0500,0.0000,False,0.8020,-0.2600,0.0100,0.8432
95,0.0,1.1508,-0.0029,False,False,False,-0.4283,4.7279,-0.2304,-1.2793,-0.1287,1.4584,-0.0601,0.0085,0.0331,0.0677,-0.0743,0.0537,0.5589,0.1506,0.4037,1.0671,0.0000,0.0000,0.0000,0.0000,0.0000,0.0000,False,-0.0599,0.0087,0.0335,0.0675,-0.0740,0.0543,1.8488,grasp,0.0000,0.0000,0.0000,0.0000,0.0000,0.0000,False,,0.0500,0.0000,False,0.8020,-0.2600,0.0100,0.8432
96,0.0,1.1509,-0.0024,False,False,False,-0.4295,4.7281,-0.2298,-1.2780,-0.1301,1.4594,-0.0000,-0.0000,-0.0000,0.0000,-0.0000,0.0000,0.5465,0.1502,0.4040,1.0671,0.0000,0.0000,0.0000,0.0000,0.0000,0.0000,False,0.0616,0.0702,-0.0449,-0.0086,0.0087,-0.0246,-2.4844,grasp,0.0000,0.0000,0.0000,0.0000,0.0000,0.0000,False,,0.0500,0.0000,False,0.8020,-0.2600,0.0100,0.8432
97,0.0,1.1505,-0.0074,False,False,False,-0.4290,4.7290,-0.2299,-1.2784,-0.1302,1.4593,-0.0190,0.0247,0.0352,-0.0286,-0.0190,0.0124,0.5122,0.1517,0.4024,1.0671,0.0000,0.0000,0.0000,0.0000,0.0000,0.0000,False,-0.0183,0.0255,0.0348,-0.0287,-0.0189,0.0121,0.4016,grasp,0.0000,0.0000,0.0000,0.0000,0.0000,0.0000,False,,0.0500,0.0000,False,0.8020,-0.2600,0.0100,0.8432
98,0.0,1.1505,-0.0016,False,False,False,-0.4294,4.7296,-0.2292,-1.2790,-0.1305,1.4595,0.0000,-0.0000,-0.0000,0.0000,-0.0000,0.0000,0.5210,0.1517,0.4024,1.0671,0.0000,0.0000,0.0000,0.0000,0.0000,0.0000,False,-0.0639,-0.0750,-0.0683,0.0409,0.0574,0.0269,2.0023,grasp,0.0000,0.0000,0.0000,0.0000,0.0000,0.0000,False,,0.0500,0.0000,True,0.8020,-0.2600,0.0100,0.8432
99,0.0,1.1505,-0.0157,False,False,False,-0.4300,4.7289,-0.2299,-1.2786,-0.1300,1.4598,-0.0636,-0.0760,-0.0690,0.0414,0.0577,0.0267,0.5344,0.1517,0.4024,1.0671,0.0000,0.0000,0.0000,0.0000,0.0000,0.0000,False,-0.0600,0.0749,0.0229,0.0199,0.0251,-0.0755,-1.6066,grasp,0.0000,0.0000,0.0000,0.0000,0.0000,0.0000,False,,0.0500,0.0000,False,0.8020,-0.2600,0.0100,0.8432
100,0.0,1.1505,-0.0236,False,False,False,-0.4308,4.7274,-0.2287,-1.2782,-0.1281,1.4613,-0.0535,-0.0898,0.0805,0.0214,0.1219,0.1040,0.5126,0.1519,0.4025,1.0671,0.0000,0.0000,0.0000,0.0000,0.0000,0.0000,False,-0.0282,-0.0474,0.0424,0.0113,0.0641,0.0548,0.8481,grasp,0.0000,0.0000,0.0000,0.0000,0.0000,0.0000,False,,0.0500,0.0000,False,0.8020,-0.2600,0.0100,0.8432
101,0.0,1.1505,-0.0348,False,False,False,-0.4316,4.7261,-0.2275,-1.2779,-0.1264,1.4628,-0.0000,-0.0000,-0.0000,0.0000,-0.0000,0.0000,0.5106,0.1519,0.4025,1.0671,0.0000,0.0000,0.0000,0.0000,0.0000,0.0000,False,0.0639,-0.0464,0.0765,-0.0506,-0.0604,-0.0068,0.7533,grasp,0.0000,0.0000,0.0000,0.0000,0.0000,0.0000,False,,0.0500,0.0000,False,0.8020,-0.2600,0.0100,0.8432
102,0.0,1.1507,-0.0166,False,False,False,-0.4309,4.7256,-0.2268,-1.2784,-0.1270,1.4627,0.0647,-0.0447,0.0754,-0.0509,-0.0621,-0.0083,0.5091,0.1502,0.4033,1.0672,0.0000,0.0000,0.0000,0.0000,0.0000,0.0000,False,-0.0592,0.0397,-0.0229,0.0784,0.0405,-0.0003,-0.0090,grasp,0.0000,0.0000,0.0000,0.0000,0.0000,0.0000,False,,0.0500,0.0000,False,0.8020,-0.2600,0.0100,0.8432
103,0.0,1.1507,-0.0016,False,False,False,-0.4297,4.7248,-0.2253,-1.2794,-0.1282,1.4626,-0.0000,-0.0000,-0.0000,0.0000,-0.0000,0.0000,0.4878,0.1502,0.4033,1.0672,0.0000,0.0000,0.0000,0.0000,0.0000,0.0000,False,0.0094,0.0333,0.0723,0.0291,-0.0524,0.0751,-2.0516,grasp,0.0000,0.0000,0.0000,0.0000,0.0000,0.0000,False,,0.0500,0.0000,False,0.8020,-0.2600,0.0100,0.8432
104,0.0,1.1507,-0.0030,False,False,False,-0.4296,4.7251,-0.2246,-1.2791,-0.1287,1.4633,-0.0000,-0.0000,-0.0000,0.0000,-0.0000,0.0000,0.4478,0.1502,0.4033,1.0672,0.0000,0.0000,0.0000,0.0000,0.0000,0.0000,False,0.0293,0.0737,-0.0267,0.0117,-0.0777,0.0785,-2.3882,grasp,0.0000,0.0000,0.0000,0.0000,0.0000,0.0000,False,,0.0500,0.0000,False,0.8020,-0.2600,0.0100,0.8432
105,0.0,1.1500,-0.0414,False,False,False,-0.4280,4.7292,-0.2262,-1.2785,-0.1330,1.4677,0.0793,0.1990,-0.0743,0.0308,-0.2093,0.2108,0.3878,0.1501,0.4011,1.0672,0.0000,0.0000,0.0000,0.0000,0.0000,0.0000,False,-0.0591,-0.0668,-0.0088,-0.0152,-0.0030,0.0752,-0.6179,grasp,0.0000,0.0000,0.0000,0.0000,0.0000,0.0000,False,,0.0500,0.0000,False,0.8020,-0.2600,0.0100,0.8432
106,0.0,1.1490,-0.0136,False,False,False,-0.4272,4.7289,-0.2254,-1.2786,-0.1328,1.4680,0.0777,-0.0560,0.0749,-0.0116,0.0175,0.0341,0.3558,0.1513,0.3979,1.0672,0.0000,0.0000,0.0000,0.0000,0.0000,0.0000,False,0.0777,-0.0557,0.0749,-0.0116,0.0175,0.0341,-1.1930,grasp,0.0000,0.0000,0.0000,0.0000,0.0000,0.0000,False,,0.0500,0.0000,False,0.8020,-0.2600,0.0100,0.8432
107,0.0,1.1490,-0.0037,False,False,False,-0.4257,4.7278,-0.2240,-1.2788,-0.1325,1.4687,-0.0000,-0.0000,-0.0000,0.0000,-0.0000,0.0000,0.3251,0.1513,0.3979,1.0672,0.0000,0.0000,0.0000,0.0000,0.0000,0.0000,False,0.0393,0.0118,-0.0427,0.0242,-0.0357,0.0563,-2.9093,grasp,0.0000,0.0000,0.0000,0.0000,0.0000,0.0000,False,,0.0500,0.0000,False,0.8020,-0.2600,0.0100,0.8432
108,0.0,1.1490,-0.0111,False,False,False,-0.4254,4.7279,-0.2244,-1.2786,-0.1329,1.4693,0.0378,0.0134,-0.0441,0.0244,-0.0361,0.0556,0.3051,0.1513,0.3979,1.0672,0.0000,0.0000,0.0000,0.0000,0.0000,0.0000,False,-0.0725,0.0754,-0.0452,-0.0132,-0.0748,-0.0545,-0.8665,grasp,0.0000,0.0000,0.0000,0.0000,0.0000,0.0000,False,,0.0500,0.0000,False,0.8020,-0.2600,0.0100,0.8432
109,0.0,1.1481,-0.0106,False,False,False,-0.4254,4.7285,-0.2246,-1.2780,-0.1324,1.4686,-0.0035,0.0640,-0.0142,0.0600,0.0428,-0.0683,0.2698,0.1488,0.3962,1.0673,0.0000,0.0000,0.0000,0.0000,0.0000,0.0000,False,-0.0035,0.0640,-0.0142,0.0600,0.0428,-0.0683,-2.1528,grasp,0.0000,0.0000,0.0000,0.0000,0.0000,0.0000,False,,0.0500,0.0000,False,0.8020,-0.2600,0.0100,0.8432
110,0.0,1.1485,-0.0267,False,False,False,-0.4237,4.7286,-0.2239,-1.2788,-0.1337,1.4678,0.1185,-0.0884,0.0605,-0.1288,-0.1355,0.0345,0.3148,0.1497,0.3969,1.0673,0.0000,0.0000,0.0000,0.0000,0.0000,0.0000,False,0.0623,-0.0446,0.0316,-0.0667,-0.0705,0.0169,2.6718,grasp,0.0000,0.0000,0.0000,0.0000,0.0000,0.0000,False,,0.0500,0.0000,True,0.8020,-0.2600,0.0100,0.8432
111,0.0,1.1485,-0.0028,False,False,False,-0.4220,4.7271,-0.2230,-1.2806,-0.1356,1.4683,0.0000,-0.0000,-0.0000,0.0000,-0.0000,0.0000,0.3545,0.1497,0.3969,1.0673,0.0000,0.0000,0.0000,0.0000,0.0000,0.0000,False,0.0690,0.0793,0.0486,0.0568,-0.0331,-0.0211,1.6536,grasp,0.0000,0.0000,0.0000,0.0000,0.0000,0.0000,False,,0.0500,0.0000,True,0.8020,-0.2600,0.0100,0.8432
112,0.0,1.1485,-0.0019,False,False,False,-0.4220,4.7271,-0.2230,-1.2806,-0.1356,1.4683,0.0000,-0.0000,-0.0000,0.0000,-0.0000,0.0000,0.3545,0.1497,0.3969,1.0673,0.0000,0.0000,0.0000,0.0000,0.0000,0.0000,False,0.0741,0.0562,-0.0217,-0.0635,-0.0579,0.0539,-1.2038,grasp,0.0000,0.0000,0.0000,0.0000,0.0000,0.0000,False,,0.0500,0.0000,False,0.8020,-0.2600,0.0100,0.8432
113,0.0,1.1488,-0.0308,False,False,False,-0.4199,4.7300,-0.2212,-1.2814,-0.1343,1.4661,0.0886,0.1461,0.0908,-0.0887,0.1092,-0.1323,0.3182,0.1501,0.3975,1.0674,0.0000,0.0000,0.0000,0.0000,0.0000,0.0000,False,0.0473,0.0776,0.0483,-0.0461,0.0572,-0.0699,-2.8057,grasp,0.0000,0.0000,0.0000,0.0000,0.0000,0.0000,False,,0.0500,0.0000,False,0.8020,-0.2600,0.0100,0.8432
114,0.0,1.1488,-0.0118,False,False,False,-0.4186,4.7320,-0.2195,-1.2821,-0.1322,1.4643,0.0115,-0.0828,0.0363,0.0523,0.0500,0.0087,0.3373,0.1501,0.3975,1.0674,0.0000,0.0000,0.0000,0.0000,0.0000,0.0000,False,0.0128,-0.0739,0.0376,0.0510,0.0516,0.0068,2.9688,grasp,0.0000,0.0000,0.0000,0.0000,0.0000,0.0000,False,,0.0500,0.0000,True,0.8020,-0.2600,0.0100,0.8432
115,0.0,1.1493,-0.0215,False,False,False,-0.4183,4.7305,-0.2188,-1.2811,-0.1313,1.4644,0.0219,-0.1508,0.0689,0.0994,0.0951,0.0165,0.3570,0.1514,0.3978,1.0676,0.0000,0.0000,0.0000,0.0000,0.0000,0.0000,False,-0.0169,-0.0404,-0.0161,-0.0711,0.0114,0.0694,-0.0768,grasp,0.0000,0.0000,0.0000,0.0000,0.0000,0.0000,False,,0.0500,0.0000,False,0.8020,-0.2600,0.0100,0.8432
116,0.0,1.1493,-0.0018,False,False,False,-0.4180,4.7280,-0.2178,-1.2797,-0.1299,1.4647,0.0000,-0.0000,-0.0000,0.0000,-0.0000,0.0000,0.3967,0.1514,0.3978,1.0676,0.0000,0.0000,0.0000,0.0000,0.0000,0.0000,False,-0.0120,-0.0692,0.0507,-0.0386,0.0449,-0.0327,-3.0191,grasp,0.0000,0.0000,0.0000,0.0000,0.0000,0.0000,False,,0.0500,0.0000,False,0.8020,-0.2600,0.0100,0.8432
117,0.0,1.1501,-0.0178,False,False,False,-0.4177,4.7268,-0.2181,-1.2808,-0.1292,1.4640,0.0459,-0.0700,-0.0776,-0.0693,0.0285,-0.0324,0.4192,0.1489,0.4010,1.0676,0.0000,0.0000,0.0000,0.0000,0.0000,0.0000,False,0.0457,-0.0707,-0.0771,-0.0697,0.0289,-0.0328,2.2627,grasp,0.0000,0.0000,0.0000,0.0000,0.0000,0.0000,False,,0.0500,0.0000,True,0.8020,-0.2600,0.0100,0.8432
118,0.0,1.1501,-0.0311,False,False,False,-0.4168,4.7256,-0.2196,-1.2821,-0.1286,1.4634,0.0871,-0.1344,-0.1474,-0.1316,0.0542,-0.0616,0.4385,0.1489,0.4010,1.0676,0.0000,0.0000,0.0000,0.0000,0.0000,0.0000,False,0.0160,-0.0164,-0.0434,0.0388,-0.0347,0.0051,2.3170,grasp,0.0000,0.0000,0.0000,0.0000,0.0000,0.0000,False,,0.0500,0.0000,True,0.8020,-0.2600,0.0100,0.8432
119,0.0,1.1510,-0.0259,False,False,False,-0.4175,4.7235,-0.2200,-1.2846,-0.1295,1.4627,-0.1284,0.0720,0.1122,-0.0387,-0.1051,0.0092,0.5178,0.1462,0.4047,1.0676,0.0000,0.0000,0.0000,0.0000,0.0000,0.0000,False,-0.0664,0.0294,0.0569,-0.0223,-0.0545,0.0040,0.0584,grasp,0.0000,0.0000,0.0000,0.0000,0.0000,0.0000,False,,0.0500,0.0000,False,0.8020,-0.2600,0.0100,0.8432
120,0.0,1.1510,-0.0023,False,False,False,-0.4194,4.7249,-0.2184,-1.2852,-0.1310,1.4628,-0.0000,-0.0000,-0.0000,0.0000,-0.0000,0.0000,0.5205,0.1462,0.4047,1.0676,0.0000,0.0000,0.0000,0.0000,0.0000,0.0000,False,-0.0684,-0.0770,0.0663,-0.0527,-0.0511,0.0325,-0.6885,grasp,0.0000,0.0000,0.0000,0.0000,0.0000,0.0000,False,,0.0500,0.0000,False,0.8020,-0.2600,0.0100,0.8432
121,0.0,1.1510,-0.0173,False,False,False,-0.4200,4.7241,-0.2177,-1.2857,-0.1315,1.4631,-0.0666,-0.0825,0.0647,-0.0522,-0.0496,0.0323,0.5005,0.1462,0.4047,1.0676,0.0000,0.0000,0.0000,0.0000,0.0000,0.0000,False,-0.0292,0.0361,0.0214,0.0254,0.0380,-0.0577,-2.3709,grasp,0.0000,0.0000,0.0000,0.0000,0.0000,0.0000,False,,0.0500,0.0000,False,0.8020,-0.2600,0.0100,0.8432
122,0.0,1.1509,-0.0075,False,False,False,-0.4205,4.7237,-0.2182,-1.2859,-0.1321,1.4630,-0.0482,-0.0358,-0.0505,-0.0232,-0.0609,-0.0094,0.5000,0.1488,0.4030,1.0677,0.0000,0.0000,0.0000,0.0000,0.0000,0.0000,False,-0.0482,-0.0358,-0.0505,-0.0232,-0.0609,-0.0094,1.4392,grasp,0.0000,0.0000,0.0000,0.0000,0.0000,0.0000,False,,0.0500,0.0000,False,0.8020,-0.2600,0.0100,0.8432
123,0.0,1.1509,-0.0130,False,False,False,-0.4209,4.7228,-0.2196,-1.2870,-0.1337,1.4634,0.0568,-0.0143,-0.0396,-0.0607,-0.0504,0.0549,0.5172,0.1488,0.4030,1.0677,0.0000,0.0000,0.0000,0.0000,0.0000,0.0000,False,0.0558,-0.0158,-0.0405,-0.0612,-0.0516,0.0547,1.2169,grasp,0.0000,0.0000,0.0000,0.0000,0.0000,0.0000,False,,0.0500,0.0000,False,0.8020,-0.2600,0.0100,0.8432
124,0.0,1.1509,-0.0272,False,False,False,-0.4198,4.7225,-0.2204,-1.2881,-0.1347,1.4644,0.1078,-0.0281,-0.0752,-0.1154,-0.0958,0.1043,0.5210,0.1488,0.4030,1.0677,0.0000,0.0000,0.0000,0.0000,0.0000,0.0000,False,0.0153,0.0342,0.0645,0.0628,0.0672,-0.0620,-2.7866,grasp,0.0000,0.0000,0.0000,0.0000,0.0000,0.0000,False,,0.0500,0.0000,False,0.8020,-0.2600,0.0100,0.8432
125,0.0,1.1510,-0.0141,False,False,False,-0.4196,4.7228,-0.2197,-1.2875,-0.1340,1.4638,0.0142,0.0351,0.0652,0.0639,0.0682,-0.0631,0.4810,0.1472,0.4042,1.0676,0.0000,0.0000,0.0000,0.0000,0.0000,0.0000,False,-0.0043,0.0703,0.0682,0.0520,-0.0063,-0.0563,0.7713,grasp,0.0000,0.0000,0.0000,0.0000,0.0000,0.0000,False,,0.0500,0.0000,False,0.8020,-0.2600,0.0100,0.8432
126,0.0,1.1507,-0.0117,False,False,False,-0.4200,4.7234,-0.2198,-1.2874,-0.1348,1.4644,-0.0304,0.0632,-0.0070,0.0108,-0.0749,0.0639,0.4903,0.1480,0.4032,1.0676,0.0000,0.0000,0.0000,0.0000,0.0000,0.0000,False,-0.0304,0.0632,-0.0070,0.0108,-0.0749,0.0639,1.6920,grasp,0.0000,0.0000,0.0000,0.0000,0.0000,0.0000,False,,0.0500,0.0000,False,0.8020,-0.2600,0.0100,0.8432
127,0.0,1.1507,-0.0233,False,False,False,-0.4205,4.7246,-0.2199,-1.2872,-0.1362,1.4656,-0.0577,0.1205,-0.0132,0.0205,-0.1423,0.1215,0.5028,0.1480,0.4032,1.0676,0.0000,0.0000,0.0000,0.0000,0.0000,0.0000,False,-0.0624,-0.0487,-0.0314,0.0339,-0.0238,0.0270,-1.8268,grasp,0.0000,0.0000,0.0000,0.0000,0.0000,0.0000,False,,0.0500,0.0000,False,0.8020,-0.2600,0.0100,0.8432
128,0.0,1.1507,-0.0136,False,False,False,-0.4217,4.7265,-0.2196,-1.2861,-0.1374,1.4677,-0.0336,-0.0188,0.0477,0.0756,0.0806,0.0321,0.4741,0.1480,0.4032,1.0676,0.0000,0.0000,0.0000,0.0000,0.0000,0.0000,False,-0.0344,-0.0131,0.0476,0.0758,0.0786,0.0339,-1.3353,grasp,0.0000,0.0000,0.0000,0.0000,0.0000,0.0000,False,,0.0500,0.0000,False,0.8020,-0.2600,0.0100,0.8432
129,0.0,1.1503,-0.0146,False,False,False,-0.4219,4.7263,-0.2180,-1.2853,-0.1354,1.4679,0.0416,0.0128,0.0677,-0.0663,0.0431,-0.0367,0.4141,0.1518,0.4006,1.0676,0.0000,0.0000,0.0000,0.0000,0.0000,0.0000,False,0.0410,0.0125,0.0686,-0.0649,0.0447,-0.0361,-2.4384,grasp,0.0000,0.0000,0.0000,0.0000,0.0000,0.0000,False,,0.0500,0.0000,False,0.8020,-0.2600,0.0100,0.8432
130,0.0,1.1503,-0.0242,False,False,False,-0.4211,4.7266,-0.2167,-1.2866,-0.1346,1.4672,0.0791,0.0243,0.1286,-0.1260,0.0820,-0.0697,0.3941,0.1518,0.4006,1.0676,0.0000,0.0000,0.0000,0.0000,0.0000,0.0000,False,0.0213,-0.0141,0.0692,0.0766,0.0753,0.0646,-1.5938,grasp,0.0000,0.0000,0.0000,0.0000,0.0000,0.0000,False,,0.0500,0.0000,False,0.8020,-0.2600,0.0100,0.8432
131,0.0,1.1497,-0.0071,False,False,False,-0.4216,4.7265,-0.2166,-1.2867,-0.1351,1.4672,-0.0492,-0.0102,0.0187,-0.0138,-0.0460,-0.0088,0.3767,0.1508,0.3986,1.0678,0.0000,0.0000,0.0000,0.0000,0.0000,0.0000,False,-0.0492,-0.0102,0.0187,-0.0138,-0.0460,-0.0088,-0.1047,grasp,0.0000,0.0000,0.0000,0.0000,0.0000,0.0000,False,,0.0500,0.0000,False,0.8020,-0.2600,0.0100,0.8432
132,0.0,1.1497,-0.0082,False,False,False,-0.4219,4.7257,-0.2163,-1.2874,-0.1360,1.4670,0.0632,-0.0615,-0.0068,-0.0435,-0.0021,0.0048,0.4173,0.1508,0.3986,1.0678,0.0000,0.0000,0.0000,0.0000,0.0000,0.0000,False,0.0623,-0.0617,-0.0065,-0.0438,-0.0029,0.0046,1.8031,grasp,0.0000,0.0000,0.0000,0.0000,0.0000,0.0000,False,,0.0500,0.0000,True,0.8020,-0.2600,0.0100,0.8432
133,0.0,1.1503,-0.0181,False,False,False,-0.4207,4.7246,-0.2164,-1.2883,-0.1360,1.4671,0.1201,-0.1173,-0.0130,-0.0827,-0.0039,0.0091,0.4369,0.1503,0.4007,1.0678,0.0000,0.0000,0.0000,0.0000,0.0000,0.0000,False,0.0165,0.0085,-0.0705,-0.0333,0.0351,-0.0322,-1.6128,grasp,0.0000,0.0000,0.0000,0.0000,0.0000,0.0000,False,,0.0500,0.0000,False,0.8020,-0.2600,0.0100,0.8432
134,0.0,1.1503,-0.0100,False,False,False,-0.4206,4.7245,-0.2171,-1.2886,-0.1357,1.4668,0.0153,0.0123,-0.0704,-0.0325,0.0352,-0.0323,0.4405,0.1503,0.4007,1.0678,0.0000,0.0000,0.0000,0.0000,0.0000,0.0000,False,-0.0386,-0.0758,-0.0483,-0.0318,0.0569,-0.0274,1.4781,grasp,0.0000,0.0000,0.0000,0.0000,0.0000,0.0000,False,,0.0500,0.0000,True,0.8020,-0.2600,0.0100,0.8432
135,0.0,1.1498,-0.0312,False,False,False,-0.4202,4.7226,-0.2202,-1.2910,-0.1369,1.4679,0.0016,-0.1482,-0.1146,-0.1163,-0.1259,0.1114,0.3605,0.1474,0.4003,1.0678,0.0000,0.0000,0.0000,0.0000,0.0000,0.0000,False,0.0011,-0.0773,-0.0617,-0.0618,-0.0656,0.0580,-2.3675,grasp,0.0000,0.0000,0.0000,0.0000,0.0000,0.0000,False,,0.0500,0.0000,False,0.8020,-0.2600,0.0100,0.8432
136,0.0,1.1498,-0.0303,False,False,False,-0.4202,4.7226,-0.2202,-1.2910,-0.1369,1.4679,0.0016,-0.1482,-0.1146,-0.1163,-0.1259,0.1114,0.3605,0.1474,0.4003,1.0678,0.0000,0.0000,0.0000,0.0000,0.0000,0.0000,False,-0.0595,0.0710,-0.0236,-0.0487,-0.0676,-0.0593,2.6685,grasp,0.0000,0.0000,0.0000,0.0000,0.0000,0.0000,False,,0.0500,0.0000,True,0.8020,-0.2600,0.0100,0.8432
137,0.0,1.1498,-0.0131,False,False,False,-0.4210,4.7191,-0.2224,-1.2924,-0.1391,1.4701,-0.0774,-0.0351,-0.0537,0.0222,-0.0350,0.0576,0.3209,0.1474,0.4003,1.0678,0.0000,0.0000,0.0000,0.0000,0.0000,0.0000,False,-0.0774,-0.0481,-0.0553,0.0206,-0.0368,0.0592,-1.2766,grasp,0.0000,0.0000,0.0000,0.0000,0.0000,0.0000,False,,0.0500,0.0000,False,0.8020,-0.2600,0.0100,0.8432
138,0.0,1.1488,-0.0108,False,False,False,-0.4220,4.7177,-0.2226,-1.2924,-0.1399,1.4706,0.0468,-0.0596,0.0805,-0.0377,-0.0173,-0.0566,0.2726,0.1413,0.4003,1.0675,0.0000,0.0000,0.0000,0.0000,0.0000,0.0000,False,0.0453,-0.0612,0.0795,-0.0373,-0.0180,-0.0555,-2.8310,grasp,0.0000,0.0000,0.0000,0.0000,0.0000,0.0000,False,,0.0500,0.0000,False,0.8020,-0.2600,0.0100,0.8432
139,0.0,1.1488,-0.0154,False,False,False,-0.4220,4.7177,-0.2226,-1.2924,-0.1399,1.4706,0.0468,-0.0596,0.0805,-0.0377,-0.0173,-0.0566,0.2726,0.1413,0.4003,1.0675,0.0000,0.0000,0.0000,0.0000,0.0000,0.0000,False,0.0285,0.0703,-0.0260,0.0184,0.0385,-0.0012,-1.8934,grasp,0.0000,0.0000,0.0000,0.0000,0.0000,0.0000,False,,0.0500,0.0000,False,0.8020,-0.2600,0.0100,0.8432
140,0.0,1.1485,-0.0284,False,False,False,-0.4213,4.7182,-0.2229,-1.2953,-0.1420,1.4677,-0.0147,0.1126,-0.1203,-0.1448,-0.1169,-0.1187,0.2983,0.1400,0.3996,1.0676,0.0000,0.0000,0.0000,0.0000,0.0000,0.0000,False,-0.0068,0.0579,-0.0618,-0.0769,-0.0618,-0.0636,0.1682,grasp,0.0000,0.0000,0.0000,0.0000,0.0000,0.0000,False,,0.0500,0.0000,False,0.8020,-0.2600,0.0100,0.8432
141,0.0,1.1485,-0.0108,False,False,False,-0.4213,4.7198,-0.2252,-1.2978,-0.1438,1.4667,0.0256,-0.0044,-0.0574,-0.0435,-0.0073,0.0688,0.3501,0.1400,0.3996,1.0676,0.0000,0.0000,0.0000,0.0000,0.0000,0.0000,False,0.0254,-0.0021,-0.0591,-0.0456,-0.0090,0.0671,2.5840,grasp,0.0000,0.0000,0.0000,0.0000,0.0000,0.0000,False,,0.0500,0.0000,True,0.8020,-0.2600,0.0100,0.8432
142,0.0,1.1496,-0.0087,False,False,False,-0.4211,4.7197,-0.2267,-1.2987,-0.1442,1.4687,-0.0283,-0.0028,-0.0418,-0.0108,-0.0305,0.0731,0.3839,0.1420,0.4019,1.0676,0.0000,0.0000,0.0000,0.0000,0.0000,0.0000,False,-0.0278,-0.0032,-0.0429,-0.0116,-0.0306,0.0744,-0.7605,grasp,0.0000,0.0000,0.0000,0.0000,0.0000,0.0000,False,,0.0500,0.0000,False,0.8020,-0.2600,0.0100,0.8432
143,0.0,1.1496,-0.0082,False,False,False,-0.4211,4.7197,-0.2267,-1.2987,-0.1442,1.4687,-0.0283,-0.0028,-0.0418,-0.0108,-0.0305,0.0731,0.3839,0.1420,0.4019,1.0676,0.0000,0.0000,0.0000,0.0000,0.0000,0.0000,False,0.0150,-0.0534,-0.0162,-0.0484,-0.0531,-0.0750,0.5237,grasp,0.0000,0.0000,0.0000,0.0000,0.0000,0.0000,False,,0.0500,0.0000,False,0.8020,-0.2600,0.0100,0.8432
144,0.0,1.1491,-0.0235,False,False,False,-0.4198,4.7208,-0.2284,-1.2980,-0.1468,1.4698,0.1224,0.0766,-0.0629,0.0587,-0.1286,-0.0208,0.3158,0.1414,0.4009,1.0676,0.0000,0.0000,0.0000,0.0000,0.0000,0.0000,False,0.0639,0.0402,-0.0339,0.0307,-0.0683,-0.0096,-3.0522,grasp,0.0000,0.0000,0.0000,0.0000,0.0000,0.0000,False,,0.0500,0.0000,False,0.8020,-0.2600,0.0100,0.8432
145,0.0,1.1491,-0.0138,False,False,False,-0.4184,4.7212,-0.2289,-1.2979,-0.1482,1.4694,-0.0408,-0.0718,0.0463,-0.0695,0.0423,-0.0163,0.3356,0.1414,0.4009,1.0676,0.0000,0.0000,0.0000,0.0000,0.0000,0.0000,False,-0.0391,-0.0705,0.0454,-0.0687,0.0405,-0.0166,2.4340,grasp,0.0000,0.0000,0.0000,0.0000,0.0000,0.0000,False,,0.0500,0.0000,True,0.8020,-0.2600,0.0100,0.8432
146,0.0,1.1491,-0.0161,False,False,False,-0.4184,4.7212,-0.2289,-1.2979,-0.1482,1.4694,-0.0408,-0.0718,0.0463,-0.0695,0.0423,-0.0163,0.3356,0.1414,0.4009,1.0676,0.0000,0.0000,0.0000,0.0000,0.0000,0.0000,False,0.0279,0.0363,-0.0184,-0.0228,-0.0732,0.0115,-2.0793,grasp,0.0000,0.0000,0.0000,0.0000,0.0000,0.0000,False,,0.0500,0.0000,False,0.8020,-0.2600,0.0100,0.8432
147,0.0,1.1493,-0.0029,False,False,False,-0.4192,4.7198,-0.2280,-1.2992,-0.1474,1.4690,0.0000,-0.0000,-0.0000,0.0000,-0.0000,0.0000,0.3953,0.1413,0.4015,1.0676,0.0000,0.0000,0.0000,0.0000,0.0000,0.0000,False,0.0408,-0.0343,0.0189,-0.0748,-0.0260,-0.0101,1.4706,grasp,0.0000,0.0000,0.0000,0.0000,0.0000,0.0000,False,,0.0500,0.0000,True,0.8020,-0.2600,0.0100,0.8432
148,0.0,1.1493,-0.0027,False,False,False,-0.4182,4.7192,-0.2273,-1.3002,-0.1477,1.4682,0.0587,-0.0215,0.0539,-0.0214,-0.0123,-0.0732,0.4542,0.1413,0.4015,1.0676,0.0000,0.0000,0.0000,0.0000,0.0000,0.0000,False,0.0591,-0.0218,0.0541,-0.0222,-0.0125,-0.0733,2.4411,grasp,0.0000,0.0000,0.0000,0.0000,0.0000,0.0000,False,,0.0500,0.0000,True,0.8020,-0.2600,0.0100,0.8432
149,0.0,1.1504,-0.0243,False,False,False,-0.4171,4.7188,-0.2262,-1.3006,-0.1480,1.4668,0.1116,-0.0408,0.1024,-0.0407,-0.0233,-0.1390,0.4741,0.1422,0.4042,1.0676,0.0000,0.0000,0.0000,0.0000,0.0000,0.0000,False,-0.0758,-0.0655,0.0577,-0.0389,0.0047,-0.0254,2.0366,grasp,0.0000,0.0000,0.0000,0.0000,0.0000,0.0000,False,,0.0500,0.0000,True,0.8020,-0.2600,0.0100,0.8432
150,0.0,1.1504,-0.0124,False,False,False,-0.4162,4.7184,-0.2254,-1.3017,-0.1480,1.4644,-0.0684,0.0222,-0.0583,-0.0559,0.0304,-0.0432,0.5340,0.1422,0.4042,1.0676,0.0000,0.0000,0.0000,0.0000,0.0000,0.0000,False,-0.0668,0.0217,-0.0568,-0.0565,0.0300,-0.0451,1.7857,grasp,0.0000,0.0000,0.0000,0.0000,0.0000,0.0000,False,,0.0500,0.0000,False,0.8020,-0.2600,0.0100,0.8432
151,0.0,1.1512,-0.0119,False,False,False,-0.4177,4.7184,-0.2257,-1.3030,-0.1475,1.4639,-0.0201,-0.0494,0.0727,-0.0215,-0.0023,0.0308,0.5920,0.1427,0.4061,1.0677,0.0000,0.0000,0.0000,0.0000,0.0000,0.0000,False,-0.0214,-0.0490,0.0716,-0.0225,-0.0018,0.0300,2.7727,grasp,0.0000,0.0000,0.0000,0.0000,0.0000,0.0000,False,,0.0500,0.0000,True,0.8020,-0.2600,0.0100,0.8432
152,0.0,1.1512,-0.0098,False,False,False,-0.4177,4.7184,-0.2257,-1.3030,-0.1475,1.4639,-0.0201,-0.0494,0.0727,-0.0215,-0.0023,0.0308,0.5920,0.1427,0.4061,1.0677,0.0000,0.0000,0.0000,0.0000,0.0000,0.0000,False,0.0104,0.0726,0.0591,-0.0205,-0.0776,0.0486,-0.9644,grasp,0.0000,0.0000,0.0000,0.0000,0.0000,0.0000,False,,0.0500,0.0000,False,0.8020,-0.2600,0.0100,0.8432
153,0.0,1.1513,-0.0136,False,False,False,-0.4187,4.7168,-0.2244,-1.3030,-0.1469,1.4639,-0.0655,-0.0626,-0.0080,0.0407,0.0607,-0.0565,0.5681,0.1424,0.4065,1.0677,0.0000,0.0000,0.0000,0.0000,0.0000,0.0000,False,-0.0659,-0.0635,-0.0066,0.0403,0.0606,-0.0559,-2.1265,grasp,0.0000,0.0000,0.0000,0.0000,0.0000,0.0000,False,,0.0500,0.0000,False,0.8020,-0.2600,0.0100,0.8432
154,0.0,1.1513,-0.0177,False,False,False,-0.4210,4.7154,-0.2239,-1.3036,-0.1439,1.4633,-0.0687,-0.0081,0.0469,-0.0889,0.1187,0.0308,0.4981,0.1424,0.4065,1.0677,0.0000,0.0000,0.0000,0.0000,0.0000,0.0000,False,-0.0374,-0.0060,0.0245,-0.0460,0.0636,0.0151,-0.2858,grasp,0.0000,0.0000,0.0000,0.0000,0.0000,0.0000,False,,0.0500,0.0000,False,0.8020,-0.2600,0.0100,0.8432
155,0.0,1.1511,-0.0265,False,False,False,-0.4220,4.7153,-0.2232,-1.3049,-0.1422,1.4637,-0.0980,-0.0121,0.0669,-0.1268,0.1693,0.0439,0.4846,0.1409,0.4060,1.0679,0.0000,0.0000,0.0000,0.0000,0.0000,0.0000,False,-0.0458,0.0370,-0.0568,-0.0156,0.0007,-0.0427,2.9199,grasp,0.0000,0.0000,0.0000,0.0000,0.0000,0.0000,False,,0.0500,0.0000,True,0.8020,-0.2600,0.0100,0.8432
156,0.0,1.1511,-0.0100,False,False,False,-0.4224,4.7157,-0.2238,-1.3050,-0.1422,1.4633,-0.0448,0.0371,-0.0574,-0.0144,-0.0010,-0.0432,0.5246,0.1409,0.4060,1.0679,0.0000,0.0000,0.0000,0.0000,0.0000,0.0000,False,-0.0440,0.0013,-0.0110,-0.0226,-0.0316,-0.0285,0.6434,grasp,0.0000,0.0000,0.0000,0.0000,0.0000,0.0000,False,,0.0500,0.0000,False,0.8020,-0.2600,0.0100,0.8432
157,0.0,1.1517,-0.0163,False,False,False,-0.4238,4.7159,-0.2255,-1.3054,-0.1419,1.4618,-0.0482,-0.0533,-0.0593,-0.0104,0.0317,-0.0712,0.5790,0.1418,0.4074,1.0678,0.0000,0.0000,0.0000,0.0000,0.0000,0.0000,False,-0.0491,-0.0526,-0.0604,-0.0107,0.0317,-0.0720,2.5640,grasp,0.0000,0.0000,0.0000,0.0000,0.0000,0.0000,False,,0.0500,0.0000,True,0.8020,-0.2600,0.0100,0.8432
158,0.0,1.1517,-0.0127,False,False,False,-0.4238,4.7159,-0.2255,-1.3054,-0.1419,1.4618,-0.0482,-0.0533,-0.0593,-0.0104,0.0317,-0.0712,0.5790,0.1418,0.4074,1.0678,0.0000,0.0000,0.0000,0.0000,0.0000,0.0000,False,-0.0198,0.0241,0.0308,-0.0654,-0.0716,-0.0364,-2.7017,grasp,0.0000,0.0000,0.0000,0.0000,0.0000,0.0000,False,,0.0500,0.0000,False,0.8020,-0.2600,0.0100,0.8432
159,0.0,1.1517,-0.0142,False,False,False,-0.4245,4.7140,-0.2264,-1.3063,-0.1411,1.4597,0.0208,-0.0708,0.0202,-0.0697,0.0206,-0.0698,0.5687,0.1418,0.4074,1.0678,0.0000,0.0000,0.0000,0.0000,0.0000,0.0000,False,0.0208,-0.0711,0.0202,-0.0697,0.0206,-0.0698,1.1544,grasp,0.0000,0.0000,0.0000,0.0000,0.0000,0.0000,False,,0.0500,0.0000,False,0.8020,-0.2600,0.0100,0.8432
160,0.0,1.1517,-0.0140,False,False,False,-0.4246,4.7119,-0.2257,-1.3084,-0.1402,1.4589,-0.0474,-0.0593,0.0280,-0.0763,0.0521,0.0486,0.5265,0.1385,0.4088,1.0678,0.0000,0.0000,0.0000,0.0000,0.0000,0.0000,False,-0.0470,-0.0627,0.0284,-0.0776,0.0525,0.0473,-1.3455,grasp,0.0000,0.0000,0.0000,0.0000,0.0000,0.0000,False,,0.0500,0.0000,False,0.8020,-0.2600,0.0100,0.8432
161,0.0,1.1517,-0.0139,False,False,False,-0.4246,4.7119,-0.2257,-1.3084,-0.1402,1.4589,-0.0474,-0.0593,0.0280,-0.0763,0.0521,0.0486,0.5265,0.1385,0.4088,1.0678,0.0000,0.0000,0.0000,0.0000,0.0000,0.0000,False,-0.0616,-0.0077,0.0051,0.0638,-0.0791,-0.0757,2.8397,grasp,0.0000,0.0000,0.0000,0.0000,0.0000,0.0000,False,,0.0500,0.0000,True,0.8020,-0.2600,0.0100,0.8432
162,0.0,1.1517,-0.0106,False,False,False,-0.4260,4.7107,-0.2245,-1.3099,-0.1395,1.4603,-0.0513,0.0011,0.0737,-0.0069,-0.0256,0.0485,0.5353,0.1375,0.4088,1.0679,0.0000,0.0000,0.0000,0.0000,0.0000,0.0000,False,-0.0522,-0.0007,0.0742,-0.0084,-0.0246,0.0494,2.0279,grasp,0.0000,0.0000,0.0000,0.0000,0.0000,0.0000,False,,0.0500,0.0000,False,0.8020,-0.2600,0.0100,0.8432
163,0.0,1.1517,-0.0280,False,False,False,-0.4252,4.7112,-0.2223,-1.3079,-0.1378,1.4621,0.1136,0.0296,0.0507,0.1362,0.1425,0.0542,0.4950,0.1375,0.4088,1.0679,0.0000,0.0000,0.0000,0.0000,0.0000,0.0000,False,0.0588,0.0158,0.0281,0.0716,0.0745,0.0295,-0.3662,grasp,0.0000,0.0000,0.0000,0.0000,0.0000,0.0000,False,,0.0500,0.0000,False,0.8020,-0.2600,0.0100,0.8432
164,0.0,1.1514,-0.0081,False,False,False,-0.4233,4.7116,-0.2217,-1.3063,-0.1352,1.4628,0.0326,-0.0044,-0.0176,-0.0331,0.0606,-0.0039,0.4408,0.1374,0.4078,1.0679,0.0000,0.0000,0.0000,0.0000,0.0000,0.0000,False,0.0342,-0.0038,-0.0169,-0.0311,0.0627,-0.0032,-2.9739,grasp,0.0000,0.0000,0.0000,0.0000,0.0000,0.0000,False,,0.0500,0.0000,False,0.8020,-0.2600,0.0100,0.8432
165,0.0,1.1514,-0.0087,False,False,False,-0.4233,4.7116,-0.2217,-1.3063,-0.1352,1.4628,0.0326,-0.0044,-0.0176,-0.0331,0.0606,-0.0039,0.4408,0.1374,0.4078,1.0679,0.0000,0.0000,0.0000,0.0000,0.0000,0.0000,False,-0.0634,0.0647,0.0714,-0.0409,0.0377,-0.0006,3.0567,grasp,0.0000,0.0000,0.0000,0.0000,0.0000,0.0000,False,,0.0500,0.0000,True,0.8020,-0.2600,0.0100,0.8432
166,0.0,1.1513,-0.0137,False,False,False,-0.4231,4.7117,-0.2215,-1.3069,-0.1346,1.4630,-0.0473,0.0183,0.0588,0.0005,-0.0639,0.0334,0.4554,0.1366,0.4075,1.0680,0.0000,0.0000,0.0000,0.0000,0.0000,0.0000,False,-0.0466,0.0182,0.0585,-0.0001,-0.0628,0.0333,1.5926,grasp,0.0000,0.0000,0.0000,0.0000,0.0000,0.0000,False,,0.0500,0.0000,True,0.8020,-0.2600,0.0100,0.8432
167,0.0,1.1513,-0.0143,False,False,False,-0.4245,4.7114,-0.2198,-1.3074,-0.1358,1.4644,-0.0470,-0.0741,0.0534,-0.0488,0.0034,0.0710,0.4879,0.1366,0.4075,1.0680,0.0000,0.0000,0.0000,0.0000,0.0000,0.0000,False,-0.0479,-0.0728,0.0545,-0.0488,0.0022,0.0716,1.2869,grasp,0.0000,0.0000,0.0000,0.0000,0.0000,0.0000,False,,0.0500,0.0000,False,0.8020,-0.2600,0.0100,0.8432
168,0.0,1.1513,-0.0152,False,False,False,-0.4245,4.7114,-0.2198,-1.3074,-0.1358,1.4644,-0.0470,-0.0741,0.0534,-0.0488,0.0034,0.0710,0.4879,0.1366,0.4075,1.0680,0.0000,0.0000,0.0000,0.0000,0.0000,0.0000,False,0.0032,0.0434,0.0720,-0.0207,-0.0016,-0.0400,-0.4934,grasp,0.0000,0.0000,0.0000,0.0000,0.0000,0.0000,False,,0.0500,0.0000,False,0.8020,-0.2600,0.0100,0.8432
169,0.0,1.1515,-0.0026,False,False,False,-0.4253,4.7103,-0.2181,-1.3085,-0.1358,1.4653,0.0000,-0.0000,-0.0000,0.0000,0.0000,0.0000,0.4852,0.1377,0.4077,1.0681,0.0000,0.0000,0.0000,0.0000,0.0000,0.0000,False,0.0726,0.0296,-0.0100,-0.0386,0.0418,-0.0685,2.4121,grasp,0.0000,0.0000,0.0000,0.0000,0.0000,0.0000,False,,0.0500,0.0000,True,0.8020,-0.2600,0.0100,0.8432
170,0.0,1.1515,-0.0153,False,False,False,-0.4246,4.7106,-0.2182,-1.3089,-0.1354,1.4646,0.0726,0.0287,-0.0107,-0.0384,0.0418,-0.0681,0.5051,0.1377,0.4077,1.0681,0.0000,0.0000,0.0000,0.0000,0.0000,0.0000,False,0.0510,-0.0425,-0.0307,-0.0661,-0.0613,0.0021,0.1118,grasp,0.0000,0.0000,0.0000,0.0000,0.0000,0.0000,False,,0.0500,0.0000,False,0.8020,-0.2600,0.0100,0.8432
171,0.0,1.1519,-0.0140,False,False,False,-0.4241,4.7102,-0.2185,-1.3096,-0.1360,1.4647,0.0502,-0.0428,-0.0306,-0.0657,-0.0617,0.0028,0.5168,0.1380,0.4084,1.0682,0.0000,0.0000,0.0000,0.0000,0.0000,0.0000,False,0.0729,-0.0657,-0.0194,0.0268,0.0501,0.0160,-1.0773,grasp,0.0000,0.0000,0.0000,0.0000,0.0000,0.0000,False,,0.0500,0.0000,False,0.8020,-0.2600,0.0100,0.8432
172,0.0,1.1519,-0.0116,False,False,False,-0.4226,4.7094,-0.2195,-1.3111,-0.1364,1.4652,0.0530,0.0153,-0.0373,-0.0255,0.0722,0.0453,0.5044,0.1380,0.4084,1.0682,0.0000,0.0000,0.0000,0.0000,0.0000,0.0000,False,0.0540,0.0127,-0.0379,-0.0267,0.0710,0.0454,0.7474,grasp,0.0000,0.0000,0.0000,0.0000,0.0000,0.0000,False,,0.0500,0.0000,False,0.8020,-0.2600,0.0100,0.8432
173,0.0,1.1520,-0.0207,False,False,False,-0.4216,4.7082,-0.2192,-1.3120,-0.1329,1.4676,0.0034,-0.1009,0.0668,-0.0287,0.1431,0.1014,0.5627,0.1354,0.4096,1.0682,0.0000,0.0000,0.0000,0.0000,0.0000,0.0000,False,0.0028,-0.0528,0.0345,-0.0156,0.0767,0.0543,3.1056,grasp,0.0000,0.0000,0.0000,0.0000,0.0000,0.0000,False,,0.0500,0.0000,True,0.8020,-0.2600,0.0100,0.8432
174,0.0,1.1520,-0.0008,False,False,False,-0.4215,4.7066,-0.2182,-1.3124,-0.1308,1.4690,-0.0000,-0.0000,-0.0000,0.0000,-0.0000,0.0000,0.6023,0.1354,0.4096,1.0682,0.0000,0.0000,0.0000,0.0000,0.0000,0.0000,False,-0.0572,0.0009,-0.0158,-0.0785,-0.0728,0.0222,2.1757,grasp,0.0000,0.0000,0.0000,0.0000,0.0000,0.0000,False,,0.0500,0.0000,False,0.8020,-0.2600,0.0100,0.8432
175,0.0,1.1527,-0.0122,False,False,False,-0.4221,4.7066,-0.2184,-1.3132,-0.1316,1.4692,-0.0572,0.0038,-0.0167,-0.0781,-0.0749,0.0208,0.6223,0.1335,0.4120,1.0682,0.0000,0.0000,0.0000,0.0000,0.0000,0.0000,False,-0.0735,0.0068,0.0050,0.0496,-0.0450,-0.0318,1.4079,grasp,0.0000,0.0000,0.0000,0.0000,0.0000,0.0000,False,,0.0500,0.0000,False,0.8020,-0.2600,0.0100,0.8432
176,0.0,1.1527,-0.0116,False,False,False,-0.4238,4.7073,-0.2189,-1.3151,-0.1328,1.4693,-0.0626,0.0687,-0.0170,-0.0372,0.0162,-0.0308,0.6057,0.1335,0.4120,1.0682,0.0000,0.0000,0.0000,0.0000,0.0000,0.0000,False,-0.0637,0.0687,-0.0173,-0.0387,0.0148,-0.0304,-2.9177,grasp,0.0000,0.0000,0.0000,0.0000,0.0000,0.0000,False,,0.0500,0.0000,False,0.8020,-0.2600,0.0100,0.8432
177,0.0,1.1526,-0.0033,False,False,False,-0.4250,4.7088,-0.2192,-1.3158,-0.1325,1.4687,0.0000,-0.0000,-0.0000,0.0000,0.0000,0.0000,0.5773,0.1359,0.4105,1.0684,0.0000,0.0000,0.0000,0.0000,0.0000,0.0000,False,-0.0420,-0.0530,0.0650,-0.0482,0.0522,-0.0337,0.7972,grasp,0.0000,0.0000,0.0000,0.0000,0.0000,0.0000,False,,0.0500,0.0000,False,0.8020,-0.2600,0.0100,0.8432
178,0.0,1.1526,-0.0285,False,False,False,-0.4262,4.7072,-0.2173,-1.3171,-0.1310,1.4678,-0.0776,-0.1050,0.1241,-0.0902,0.0986,-0.0630,0.5629,0.1359,0.4105,1.0684,0.0000,0.0000,0.0000,0.0000,0.0000,0.0000,False,-0.0292,-0.0497,0.0233,-0.0512,0.0431,0.0479,0.9589,grasp,0.0000,0.0000,0.0000,0.0000,0.0000,0.0000,False,,0.0500,0.0000,False,0.8020,-0.2600,0.0100,0.8432
179,0.0,1.1525,-0.0144,False,False,False,-0.4268,4.7050,-0.2153,-1.3177,-0.1301,1.4668,0.0520,-0.0650,0.0247,0.0751,-0.0448,-0.0084,0.5167,0.1339,0.4106,1.0685,0.0000,0.0000,0.0000,0.0000,0.0000,0.0000,False,0.0509,-0.0668,0.0264,0.0738,-0.0433,-0.0093,-1.1496,grasp,0.0000,0.0000,0.0000,0.0000,0.0000,0.0000,False,,0.0500,0.0000,False,0.8020,-0.2600,0.0100,0.8432
180,0.0,1.1525,-0.0020,False,False,False,-0.4260,4.7039,-0.2150,-1.3159,-0.1317,1.4674,-0.0259,0.0190,-0.0235,0.0390,-0.0773,0.0759,0.5367,0.1339,0.4106,1.0685,0.0000,0.0000,0.0000,0.0000,0.0000,0.0000,False,-0.0249,0.0164,-0.0230,0.0405,-0.0782,0.0757,2.9031,grasp,0.0000,0.0000,0.0000,0.0000,0.0000,0.0000,False,,0.0500,0.0000,True,0.8020,-0.2600,0.0100,0.8432
181,0.0,1.1525,-0.0131,False,False,False,-0.4260,4.7039,-0.2150,-1.3159,-0.1317,1.4674,-0.0259,0.0190,-0.0235,0.0390,-0.0773,0.0759,0.5367,0.1339,0.4106,1.0685,0.0000,0.0000,0.0000,0.0000,0.0000,0.0000,False,-0.0722,0.0420,0.0131,0.0594,0.0383,-0.0559,-2.2794,grasp,0.0000,0.0000,0.0000,0.0000,0.0000,0.0000,False,,0.0500,0.0000,False,0.8020,-0.2600,0.0100,0.8432
182,0.0,1.1524,-0.0104,False,False,False,-0.4264,4.7044,-0.2161,-1.3150,-0.1332,1.4694,0.0139,0.0244,-0.0653,0.0116,-0.0091,0.0589,0.5361,0.1344,0.4108,1.0683,0.0000,0.0000,0.0000,0.0000,0.0000,0.0000,False,0.0134,0.0247,-0.0657,0.0124,-0.0105,0.0603,0.2839,grasp,0.0000,0.0000,0.0000,0.0000,0.0000,0.0000,False,,0.0500,0.0000,False,0.8020,-0.2600,0.0100,0.8432
183,0.0,1.1524,-0.0172,False,False,False,-0.4261,4.7049,-0.2174,-1.3148,-0.1334,1.4705,0.0264,0.0463,-0.1240,0.0221,-0.0173,0.1118,0.5261,0.1344,0.4108,1.0683,0.0000,0.0000,0.0000,0.0000,0.0000,0.0000,False,0.0543,0.0717,-0.0519,0.0058,-0.0319,-0.0463,-1.7525,grasp,0.0000,0.0000,0.0000,0.0000,0.0000,0.0000,False,,0.0500,0.0000,False,0.8020,-0.2600,0.0100,0.8432
184,0.0,1.1524,-0.0163,False,False,False,-0.4261,4.7049,-0.2174,-1.3148,-0.1334,1.4705,0.0264,0.0463,-0.1240,0.0221,-0.0173,0.1118,0.5261,0.1344,0.4108,1.0683,0.0000,0.0000,0.0000,0.0000,0.0000,0.0000,False,0.0413,-0.0530,0.0167,0.0530,0.0654,-0.0291,-1.5760,grasp,0.0000,0.0000,0.0000,0.0000,0.0000,0.0000,False,,0.0500,0.0000,False,0.8020,-0.2600,0.0100,0.8432
185,0.0,1.1522,-0.0374,False,False,False,-0.4323,4.7049,-0.2208,-1.3134,-0.1383,1.4675,-0.2338,0.0013,-0.1308,0.0540,-0.1865,-0.1174,0.5555,0.1342,0.4105,1.0682,0.0000,0.0000,0.0000,0.0000,0.0000,0.0000,False,-0.0680,0.0004,-0.0380,0.0157,-0.0542,-0.0341,1.7806,grasp,0.0000,0.0000,0.0000,0.0000,0.0000,0.0000,False,,0.0500,0.0000,False,0.8020,-0.2600,0.0100,0.8432
186,0.0,1.1519,-0.0016,False,False,False,-0.4351,4.7050,-0.2224,-1.3127,-0.1405,1.4661,-0.0000,-0.0000,-0.0000,0.0000,-0.0000,0.0000,0.5426,0.1375,0.4094,1.0679,0.0000,0.0000,0.0000,0.0000,0.0000,0.0000,False,-0.0528,0.0356,0.0397,-0.0745,-0.0334,-0.0309,-0.6073,grasp,0.0000,0.0000,0.0000,0.0000,0.0000,0.0000,False,,0.0500,0.0000,False,0.8020,-0.2600,0.0100,0.8432
187,0.0,1.1519,-0.0127,False,False,False,-0.4356,4.7053,-0.2220,-1.3135,-0.1409,1.4658,-0.0500,0.0356,0.0412,-0.0751,-0.0312,-0.0295,0.5226,0.1375,0.4094,1.0679,0.0000,0.0000,0.0000,0.0000,0.0000,0.0000,False,0.0152,0.0348,-0.0206,0.0653,-0.0719,-0.0677,-1.8359,grasp,0.0000,0.0000,0.0000,0.0000,0.0000,0.0000,False,,0.0500,0.0000,False,0.8020,-0.2600,0.0100,0.8432
188,0.0,1.1519,-0.0244,False,False,False,-0.4365,4.7059,-0.2212,-1.3149,-0.1415,1.4652,-0.0950,0.0678,0.0783,-0.1428,-0.0593,-0.0560,0.5026,0.1375,0.4094,1.0679,0.0000,0.0000,0.0000,0.0000,0.0000,0.0000,False,0.0252,-0.0115,0.0494,-0.0539,-0.0340,0.0321,-3.0455,grasp,0.0000,0.0000,0.0000,0.0000,0.0000,0.0000,False,,0.0500,0.0000,False,0.8020,-0.2600,0.0100,0.8432
189,0.0,1.1513,-0.0125,False,False,False,-0.4368,4.7064,-0.2207,-1.3151,-0.1413,1.4659,-0.0290,0.0337,0.0438,-0.0207,0.0188,0.0653,0.4426,0.1389,0.4065,1.0681,0.0000,0.0000,0.0000,0.0000,0.0000,0.0000,False,-0.0290,0.0338,0.0438,-0.0207,0.0188,0.0653,-1.3500,grasp,0.0000,0.0000,0.0000,0.0000,0.0000,0.0000,False,,0.0500,0.0000,False,0.8020,-0.2600,0.0100,0.8432
190,0.0,1.1513,-0.0180,False,False,False,-0.4381,4.7078,-0.2207,-1.3149,-0.1410,1.4677,-0.0732,0.0730,-0.0805,0.0615,-0.0051,0.0632,0.4408,0.1389,0.4065,1.0681,0.0000,0.0000,0.0000,0.0000,0.0000,0.0000,False,-0.0737,0.0748,-0.0796,0.0611,-0.0048,0.0644,0.9295,grasp,0.0000,0.0000,0.0000,0.0000,0.0000,0.0000,False,,0.0500,0.0000,False,0.8020,-0.2600,0.0100,0.8432
191,0.0,1.1510,-0.0089,False,False,False,-0.4397,4.7097,-0.2219,-1.3137,-0.1416,1.4690,-0.0212,0.0368,0.0301,0.0040,-0.0537,0.0105,0.4086,0.1416,0.4050,1.0681,0.0000,0.0000,0.0000,0.0000,0.0000,0.0000,False,-0.0226,0.0392,0.0286,0.0051,-0.0538,0.0117,-1.3491,grasp,0.0000,0.0000,0.0000,0.0000,0.0000,0.0000,False,,0.0500,0.0000,False,0.8020,-0.2600,0.0100,0.8432
192,0.0,1.1510,-0.0141,False,False,False,-0.4401,4.7104,-0.2214,-1.3136,-0.1426,1.4692,-0.0403,0.0712,0.0572,0.0075,-0.1020,0.0199,0.3905,0.1416,0.4050,1.0681,0.0000,0.0000,0.0000,0.0000,0.0000,0.0000,False,-0.0179,-0.0492,-0.0259,-0.0751,-0.0643,0.0259,2.6262,grasp,0.0000,0.0000,0.0000,0.0000,0.0000,0.0000,False,,0.0500,0.0000,True,0.8020,-0.2600,0.0100,0.8432
193,0.0,1.1510,-0.0163,False,False,False,-0.4401,4.7104,-0.2214,-1.3136,-0.1426,1.4692,-0.0403,0.0712,0.0572,0.0075,-0.1020,0.0199,0.3905,0.1416,0.4050,1.0681,0.0000,0.0000,0.0000,0.0000,0.0000,0.0000,False,0.0668,-0.0587,-0.0179,0.0742,-0.0047,0.0552,2.1949,grasp,0.0000,0.0000,0.0000,0.0000,0.0000,0.0000,False,,0.0500,0.0000,True,0.8020,-0.2600,0.0100,0.8432
194,0.0,1.1512,-0.0225,False,False,False,-0.4386,4.7115,-0.2245,-1.3149,-0.1453,1.4667,0.0721,0.0489,-0.1518,-0.0653,-0.1293,-0.1224,0.4902,0.1438,0.4045,1.0682,0.0000,0.0000,0.0000,0.0000,0.0000,0.0000,False,0.0266,0.0182,-0.0560,-0.0241,-0.0477,-0.0452,2.7395,grasp,0.0000,0.0000,0.0000,0.0000,0.0000,0.0000,False,,0.0500,0.0000,True,0.8020,-0.2600,0.0100,0.8432
195,0.0,1.1512,-0.0378,False,False,False,-0.4377,4.7121,-0.2264,-1.3158,-0.1469,1.4651,0.0916,0.0621,-0.1927,-0.0828,-0.1641,-0.1554,0.5101,0.1438,0.4045,1.0682,0.0000,0.0000,0.0000,0.0000,0.0000,0.0000,False,0.0061,0.0131,-0.0414,-0.0271,0.0628,0.0086,3.0909,grasp,0.0000,0.0000,0.0000,0.0000,0.0000,0.0000,False,,0.0500,0.0000,True,0.8020,-0.2600,0.0100,0.8432
196,0.0,1.1517,-0.0157,False,False,False,-0.4367,4.7134,-0.2291,-1.3162,-0.1481,1.4640,-0.0144,0.0593,-0.0326,0.0568,0.0779,0.0709,0.5701,0.1436,0.4063,1.0680,0.0000,0.0000,0.0000,0.0000,0.0000,0.0000,False,-0.0133,0.0600,-0.0349,0.0558,0.0759,0.0691,-2.9242,grasp,0.0000,0.0000,0.0000,0.0000,0.0000,0.0000,False,,0.0500,0.0000,False,0.8020,-0.2600,0.0100,0.8432
197,0.0,1.1517,-0.0298,False,False,False,-0.4370,4.7145,-0.2297,-1.3151,-0.1466,1.4653,-0.0273,0.1128,-0.0619,0.1079,0.1479,0.1347,0.5901,0.1436,0.4063,1.0680,0.0000,0.0000,0.0000,0.0000,0.0000,0.0000,False,-0.0432,-0.0374,-0.0118,0.0777,-0.0566,0.0165,-1.4322,grasp,0.0000,0.0000,0.0000,0.0000,0.0000,0.0000,False,,0.0500,0.0000,False,0.8020,-0.2600,0.0100,0.8432
198,0.0,1.1517,-0.0043,False,False,False,-0.4370,4.7146,-0.2297,-1.3151,-0.1466,1.4653,-0.0000,-0.0000,-0.0000,0.0000,-0.0000,0.0000,0.5577,0.1436,0.4063,1.0680,0.0000,0.0000,0.0000,0.0000,0.0000,0.0000,False,-0.0015,-0.0473,-0.0501,-0.0400,-0.0279,0.0681,-2.0850,grasp,0.0000,0.0000,0.0000,0.0000,0.0000,0.0000,False,,0.0500,0.0000,False,0.8020,-0.2600,0.0100,0.8432
199,0.0,1.1516,-0.0240,False,False,False,-0.4384,4.7151,-0.2324,-1.3146,-0.1481,1.4651,-0.0876,0.0657,-0.1423,0.0576,-0.0790,-0.0609,0.5373,0.1438,0.4062,1.0680,0.0000,0.0000,0.0000,0.0000,0.0000,0.0000,False,-0.0461,0.0340,-0.0754,0.0299,-0.0418,-0.0313,1.0698,grasp,0.0000,0.0000,0.0000,0.0000,0.0000,0.0000,False,,0.0500,0.0000,False,0.8020,-0.2600,0.0100,0.8432
200,0.0,1.1513,-0.0138,False,False,False,-0.4389,4.7154,-0.2351,-1.3138,-0.1493,1.4648,0.0673,-0.0793,-0.0747,-0.0011,-0.0103,0.0539,0.4972,0.1451,0.4052,1.0678,0.0000,0.0000,0.0000,0.0000,0.0000,0.0000,False,0.0661,-0.0784,-0.0768,-0.0003,-0.0114,0.0531,-1.0690,grasp,0.0000,0.0000,0.0000,0.0000,0.0000,0.0000,False,,0.0500,0.0000,False,0.8020,-0.2600,0.0100,0.8432
201,0.0,1.1513,-0.0289,False,False,False,-0.4377,4.7140,-0.2366,-1.3138,-0.1495,1.4658,0.1280,-0.1523,-0.1420,-0.0021,-0.0196,0.1025,0.4772,0.1451,0.4052,1.0678,0.0000,0.0000,0.0000,0.0000,0.0000,0.0000,False,-0.0101,0.0037,0.0455,-0.0461,0.0295,0.0050,-1.9241,grasp,0.0000,0.0000,0.0000,0.0000,0.0000,0.0000,False,,0.0500,0.0000,False,0.8020,-0.2600,0.0100,0.8432
202,0.0,1.1513,-0.0277,False,False,False,-0.4377,4.7140,-0.2366,-1.3138,-0.1495,1.4658,0.1280,-0.1523,-0.1420,-0.0021,-0.0196,0.1025,0.4772,0.1451,0.4052,1.0678,0.0000,0.0000,0.0000,0.0000,0.0000,0.0000,False,0.0067,0.0516,-0.0718,-0.0080,-0.0426,-0.0595,-0.5341,grasp,0.0000,0.0000,0.0000,0.0000,0.0000,0.0000,False,,0.0500,0.0000,False,0.8020,-0.2600,0.0100,0.8432
203,0.0,1.1505,-0.0363,False,False,False,-0.4384,4.7148,-0.2427,-1.3080,-0.1472,1.4691,-0.0294,0.0553,-0.2343,0.2233,0.0903,0.1273,0.4057,0.1400,0.4054,1.0675,0.0000,0.0000,0.0000,0.0000,0.0000,0.0000,False,-0.0086,0.0154,-0.0681,0.0649,0.0263,0.0370,-0.5383,grasp,0.0000,0.0000,0.0000,0.0000,0.0000,0.0000,False,,0.0500,0.0000,False,0.8020,-0.2600,0.0100,0.8432
204,0.0,1.1505,-0.0377,False,False,False,-0.4388,4.7154,-0.2455,-1.3053,-0.1461,1.4707,-0.0350,0.0659,-0.2791,0.2659,0.1075,0.1515,0.3983,0.1400,0.4054,1.0675,0.0000,0.0000,0.0000,0.0000,0.0000,0.0000,False,-0.0561,0.0258,-0.0631,-0.0298,0.0659,-0.0033,1.2455,grasp,0.0000,0.0000,0.0000,0.0000,0.0000,0.0000,False,,0.0500,0.0000,True,0.8020,-0.2600,0.0100,0.8432
205,0.0,1.1498,-0.0116,False,False,False,-0.4393,4.7157,-0.2461,-1.3056,-0.1454,1.4706,-0.0557,0.0252,-0.0603,-0.0325,0.0648,-0.0048,0.4287,0.1380,0.4059,1.0669,0.0000,0.0000,0.0000,0.0000,0.0000,0.0000,False,-0.0677,0.0440,0.0748,0.0651,-0.0579,0.0596,2.3361,grasp,0.0000,0.0000,0.0000,0.0000,0.0000,0.0000,False,,0.0500,0.0000,True,0.8020,-0.2600,0.0100,0.8432
206,0.0,1.1498,-0.0237,False,False,False,-0.4404,4.7162,-0.2473,-1.3062,-0.1442,1.4705,-0.1058,0.0478,-0.1146,-0.0617,0.1232,-0.0092,0.4417,0.1380,0.4059,1.0669,0.0000,0.0000,0.0000,0.0000,0.0000,0.0000,False,0.0480,0.0332,0.0519,0.0584,-0.0291,0.0705,-0.3567,grasp,0.0000,0.0000,0.0000,0.0000,0.0000,0.0000,False,,0.0500,0.0000,False,0.8020,-0.2600,0.0100,0.8432
207,0.0,1.1498,-0.0022,False,False,False,-0.4404,4.7162,-0.2473,-1.3062,-0.1442,1.4705,0.0000,-0.0000,-0.0000,0.0000,0.0000,0.0000,0.4478,0.1380,0.4059,1.0669,0.0000,0.0000,0.0000,0.0000,0.0000,0.0000,False,-0.0561,0.0411,0.0313,-0.0675,-0.0189,-0.0187,1.4175,grasp,0.0000,0.0000,0.0000,0.0000,0.0000,0.0000,False,,0.0500,0.0000,True,0.8020,-0.2600,0.0100,0.8432
208,0.0,1.1504,-0.0249,False,False,False,-0.4389,4.7147,-0.2475,-1.3050,-0.1452,1.4706,0.1359,-0.1336,-0.0385,0.1277,-0.0540,0.0201,0.5200,0.1393,0.4069,1.0670,0.0000,0.0000,0.0000,0.0000,0.0000,0.0000,False,0.0710,-0.0694,-0.0199,0.0666,-0.0286,0.0104,2.5356,grasp,0.0000,0.0000,0.0000,0.0000,0.0000,0.0000,False,,0.0500,0.0000,True,0.8020,-0.2600,0.0100,0.8432
209,0.0,1.1508,-0.0127,False,False,False,-0.4363,4.7123,-0.2479,-1.3036,-0.1459,1.4716,0.0679,0.0289,0.0148,-0.0400,0.0046,0.0721,0.5797,0.1353,0.4105,1.0665,0.0000,0.0000,0.0000,0.0000,0.0000,0.0000,False,0.0698,0.0197,0.0143,-0.0382,0.0038,0.0724,-0.3346,grasp,0.0000,0.0000,0.0000,0.0000,0.0000,0.0000,False,,0.0500,0.0000,False,0.8020,-0.2600,0.0100,0.8432
210,0.0,1.1508,-0.0212,False,False,False,-0.4350,4.7128,-0.2476,-1.3043,-0.1459,1.4730,0.1290,0.0476,0.0282,-0.0761,0.0087,0.1369,0.5637,0.1353,0.4105,1.0665,0.0000,0.0000,0.0000,0.0000,0.0000,0.0000,False,-0.0378,0.0625,0.0697,0.0060,-0.0624,-0.0066,-0.0536,grasp,0.0000,0.0000,0.0000,0.0000,0.0000,0.0000,False,,0.0500,0.0000,False,0.8020,-0.2600,0.0100,0.8432
211,0.0,1.1508,-0.0038,False,False,False,-0.4350,4.7128,-0.2476,-1.3043,-0.1459,1.4730,-0.0000,-0.0000,-0.0000,0.0000,-0.0000,0.0000,0.5266,0.1353,0.4105,1.0665,0.0000,0.0000,0.0000,0.0000,0.0000,0.0000,False,-0.0314,-0.0471,-0.0678,-0.0004,0.0355,-0.0558,-0.4426,grasp,0.0000,0.0000,0.0000,0.0000,0.0000,0.0000,False,,0.0500,0.0000,False,0.8020,-0.2600,0.0100,0.8432
212,0.0,1.1505,-0.0183,False,False,False,-0.4358,4.7130,-0.2487,-1.3040,-0.1448,1.4732,-0.0543,0.0632,-0.0415,0.0293,0.0728,0.0790,0.4683,0.1341,0.4101,1.0666,0.0000,0.0000,0.0000,0.0000,0.0000,0.0000,False,-0.0546,0.0623,-0.0422,0.0293,0.0731,0.0784,-2.7740,grasp,0.0000,0.0000,0.0000,0.0000,0.0000,0.0000,False,,0.0500,0.0000,False,0.8020,-0.2600,0.0100,0.8432
213,0.0,1.1503,-0.0192,False,False,False,-0.4356,4.7152,-0.2507,-1.3026,-0.1441,1.4740,0.0811,0.0601,-0.0749,0.0570,-0.0461,-0.0462,0.4980,0.1350,0.4093,1.0666,0.0000,0.0000,0.0000,0.0000,0.0000,0.0000,False,0.0416,0.0333,-0.0402,0.0306,-0.0229,-0.0228,1.8194,grasp,0.0000,0.0000,0.0000,0.0000,0.0000,0.0000,False,,0.0500,0.0000,True,0.8020,-0.2600,0.0100,0.8432
214,0.0,1.1503,-0.0259,False,False,False,-0.4345,4.7160,-0.2517,-1.3018,-0.1447,1.4734,0.1156,0.0862,-0.1068,0.0813,-0.0657,-0.0660,0.5114,0.1350,0.4093,1.0666,0.0000,0.0000,0.0000,0.0000,0.0000,0.0000,False,0.0421,-0.0744,0.0518,-0.0082,0.0309,0.0773,2.2814,grasp,0.0000,0.0000,0.0000,0.0000,0.0000,0.0000,False,,0.0500,0.0000,True,0.8020,-0.2600,0.0100,0.8432
215,0.0,1.1503,-0.0252,False,False,False,-0.4345,4.7160,-0.2517,-1.3018,-0.1447,1.4734,0.1156,0.0862,-0.1068,0.0813,-0.0657,-0.0660,0.5114,0.1350,0.4093,1.0666,0.0000,0.0000,0.0000,0.0000,0.0000,0.0000,False,-0.0025,0.0500,-0.0645,0.0193,-0.0736,-0.0693,0.1577,grasp,0.0000,0.0000,0.0000,0.0000,0.0000,0.0000,False,,0.0500,0.0000,False,0.8020,-0.2600,0.0100,0.8432
216,0.0,1.1502,-0.0423,False,False,False,-0.4327,4.7126,-0.2559,-1.3027,-0.1478,1.4767,0.0873,-0.1796,-0.2003,-0.0448,-0.1472,0.1578,0.4507,0.1343,0.4095,1.0664,0.0000,0.0000,0.0000,0.0000,0.0000,0.0000,False,0.0322,-0.0656,-0.0739,-0.0165,-0.0543,0.0582,-0.9185,grasp,0.0000,0.0000,0.0000,0.0000,0.0000,0.0000,False,,0.0500,0.0000,False,0.8020,-0.2600,0.0100,0.8432
217,0.0,1.1502,-0.0539,False,False,False,-0.4316,4.7103,-0.2584,-1.3033,-0.1497,1.4787,0.1107,-0.2279,-0.2542,-0.0568,-0.1868,0.2002,0.4339,0.1343,0.4095,1.0664,0.0000,0.0000,0.0000,0.0000,0.0000,0.0000,False,-0.0518,0.0161,0.0678,-0.0221,-0.0674,0.0688,-1.3385,grasp,0.0000,0.0000,0.0000,0.0000,0.0000,0.0000,False,,0.0500,0.0000,False,0.8020,-0.2600,0.0100,0.8432
218,0.0,1.1490,-0.0266,False,False,False,-0.4331,4.7093,-0.2564,-1.3039,-0.1516,1.4806,-0.1005,0.0515,0.1336,-0.0410,-0.1246,0.1270,0.3789,0.1255,0.4106,1.0658,0.0000,0.0000,0.0000,0.0000,0.0000,0.0000,False,-0.0731,0.0730,0.0449,0.0617,0.0114,-0.0266,2.4605,grasp,0.0000,0.0000,0.0000,0.0000,0.0000,0.0000,False,,0.0500,0.0000,True,0.8020,-0.2600,0.0100,0.8432
219,0.0,1.1490,-0.0025,False,False,False,-0.4331,4.7095,-0.2564,-1.3039,-0.1516,1.4806,0.0000,-0.0000,-0.0000,0.0000,0.0000,0.0000,0.3986,0.1255,0.4106,1.0658,0.0000,0.0000,0.0000,0.0000,0.0000,0.0000,False,-0.0739,0.0419,-0.0432,-0.0514,-0.0496,-0.0570,-2.6971,grasp,0.0000,0.0000,0.0000,0.0000,0.0000,0.0000,False,,0.0500,0.0000,False,0.8020,-0.2600,0.0100,0.8432
220,0.0,1.1497,-0.0317,False,False,False,-0.4349,4.7114,-0.2585,-1.3021,-0.1501,1.4814,-0.1185,0.1242,-0.1365,0.1171,0.0939,0.0552,0.4786,0.1287,0.4111,1.0659,0.0000,0.0000,0.0000,0.0000,0.0000,0.0000,False,-0.0624,0.0653,-0.0718,0.0616,0.0494,0.0290,2.4431,grasp,0.0000,0.0000,0.0000,0.0000,0.0000,0.0000,False,,0.0500,0.0000,True,0.8020,-0.2600,0.0100,0.8432
221,0.0,1.1497,-0.0460,False,False,False,-0.4366,4.7131,-0.2604,-1.3005,-0.1488,1.4822,-0.1690,0.1772,-0.1946,0.1670,0.1339,0.0787,0.4986,0.1287,0.4111,1.0659,0.0000,0.0000,0.0000,0.0000,0.0000,0.0000,False,-0.0132,-0.0275,0.0529,0.0354,0.0121,-0.0685,-2.6419,grasp,0.0000,0.0000,0.0000,0.0000,0.0000,0.0000,False,,0.0500,0.0000,False,0.8020,-0.2600,0.0100,0.8432
222,0.0,1.1499,-0.0101,False,False,False,-0.4393,4.7154,-0.2626,-1.2986,-0.1473,1.4835,-0.0601,-0.0252,0.0304,-0.0299,-0.0202,0.0281,0.5350,0.1329,0.4110,1.0657,0.0000,0.0000,0.0000,0.0000,0.0000,0.0000,False,-0.0601,-0.0249,0.0304,-0.0299,-0.0202,0.0281,2.1508,grasp,0.0000,0.0000,0.0000,0.0000,0.0000,0.0000,False,,0.0500,0.0000,True,0.8020,-0.2600,0.0100,0.8432
223,0.0,1.1499,-0.0166,False,False,False,-0.4405,4.7150,-0.2620,-1.2992,-0.1477,1.4840,-0.1143,-0.0479,0.0578,-0.0569,-0.0384,0.0533,0.5489,0.1329,0.4110,1.0657,0.0000,0.0000,0.0000,0.0000,0.0000,0.0000,False,0.0169,-0.0095,0.0187,0.0223,-0.0188,-0.0534,0.2666,grasp,0.0000,0.0000,0.0000,0.0000,0.0000,0.0000,False,,0.0500,0.0000,False,0.8020,-0.2600,0.0100,0.8432
224,0.0,1.1499,-0.0013,False,False,False,-0.4405,4.7150,-0.2620,-1.2992,-0.1477,1.4840,-0.0000,-0.0000,-0.0000,0.0000,-0.0000,0.0000,0.5288,0.1329,0.4110,1.0657,0.0000,0.0000,0.0000,0.0000,0.0000,0.0000,False,0.0696,0.0300,0.0623,-0.0735,0.0148,-0.0494,0.4082,grasp,0.0000,0.0000,0.0000,0.0000,0.0000,0.0000,False,,0.0500,0.0000,False,0.8020,-0.2600,0.0100,0.8432
225,0.0,1.1500,-0.0120,False,False,False,-0.4398,4.7158,-0.2621,-1.2997,-0.1468,1.4837,-0.0007,0.0566,-0.0758,0.0243,0.0732,0.0112,0.4811,0.1336,0.4107,1.0658,0.0000,0.0000,0.0000,0.0000,0.0000,0.0000,False,-0.0000,0.0570,-0.0751,0.0235,0.0734,0.0107,-2.8945,grasp,0.0000,0.0000,0.0000,0.0000,0.0000,0.0000,False,,0.0500,0.0000,False,0.8020,-0.2600,0.0100,0.8432
226,0.0,1.1496,-0.0133,False,False,False,-0.4395,4.7173,-0.2643,-1.2988,-0.1446,1.4836,0.0343,0.0342,-0.0722,0.0441,0.0768,-0.0228,0.4699,0.1327,0.4101,1.0657,0.0000,0.0000,0.0000,0.0000,0.0000,0.0000,False,0.0342,0.0354,-0.0736,0.0445,0.0782,-0.0226,0.8443,grasp,0.0000,0.0000,0.0000,0.0000,0.0000,0.0000,False,,0.0500,0.0000,False,0.8020,-0.2600,0.0100,0.8432
227,0.0,1.1496,-0.0021,False,False,False,-0.4388,4.7179,-0.2657,-1.2980,-0.1432,1.4832,0.0000,-0.0000,-0.0000,0.0000,0.0000,0.0000,0.4935,0.1327,0.4101,1.0657,0.0000,0.0000,0.0000,0.0000,0.0000,0.0000,False,-0.0151,0.0275,-0.0438,0.0652,-0.0254,0.0017,2.1361,grasp,0.0000,0.0000,0.0000,0.0000,0.0000,0.0000,False,,0.0500,0.0000,True,0.8020,-0.2600,0.0100,0.8432
228,0.0,1.1496,-0.0019,False,False,False,-0.4390,4.7182,-0.2661,-1.2973,-0.1434,1.4832,-0.0157,0.0269,-0.0424,0.0644,-0.0268,0.0021,0.5114,0.1327,0.4101,1.0657,0.0000,0.0000,0.0000,0.0000,0.0000,0.0000,False,0.0048,-0.0104,0.0399,-0.0497,0.0171,-0.0739,1.6982,grasp,0.0000,0.0000,0.0000,0.0000,0.0000,0.0000,False,,0.0500,0.0000,False,0.8020,-0.2600,0.0100,0.8432
229,0.0,1.1500,-0.0101,False,False,False,-0.4381,4.7180,-0.2659,-1.2977,-0.1435,1.4820,0.0791,-0.0086,-0.0180,0.0138,-0.0273,-0.0461,0.5437,0.1329,0.4114,1.0656,0.0000,0.0000,0.0000,0.0000,0.0000,0.0000,False,0.0792,-0.0087,-0.0176,0.0133,-0.0272,-0.0469,1.5439,grasp,0.0000,0.0000,0.0000,0.0000,0.0000,0.0000,False,,0.0500,0.0000,False,0.8020,-0.2600,0.0100,0.8432
230,0.0,1.1498,-0.0123,False,False,False,-0.4373,4.7182,-0.2667,-1.2976,-0.1437,1.4810,-0.0688,0.0452,-0.0460,-0.0195,0.0399,-0.0156,0.5090,0.1319,0.4113,1.0656,0.0000,0.0000,0.0000,0.0000,0.0000,0.0000,False,-0.0673,0.0448,-0.0464,-0.0192,0.0394,-0.0164,-3.0318,grasp,0.0000,0.0000,0.0000,0.0000,0.0000,0.0000,False,,0.0500,0.0000,False,0.8020,-0.2600,0.0100,0.8432
231,0.0,1.1498,-0.0115,False,False,False,-0.4373,4.7182,-0.2667,-1.2976,-0.1437,1.4810,-0.0688,0.0452,-0.0460,-0.0195,0.0399,-0.0156,0.5090,0.1319,0.4113,1.0656,0.0000,0.0000,0.0000,0.0000,0.0000,0.0000,False,0.0308,0.0276,-0.0266,-0.0545,-0.0144,0.0165,-1.4673,grasp,0.0000,0.0000,0.0000,0.0000,0.0000,0.0000,False,,0.0500,0.0000,False,0.8020,-0.2600,0.0100,0.8432
232,0.0,1.1498,-0.0028,False,False,False,-0.4386,4.7191,-0.2676,-1.2980,-0.1429,1.4807,-0.0000,-0.0000,-0.0000,0.0000,-0.0000,0.0000,0.4690,0.1319,0.4113,1.0656,0.0000,0.0000,0.0000,0.0000,0.0000,0.0000,False,0.0070,0.0594,0.0687,0.0606,0.0416,0.0793,0.1705,grasp,0.0000,0.0000,0.0000,0.0000,0.0000,0.0000,False,,0.0500,0.0000,False,0.8020,-0.2600,0.0100,0.8432
233,0.0,1.1491,-0.0083,False,False,False,-0.4381,4.7191,-0.2670,-1.2975,-0.1428,1.4808,0.0520,-0.0082,0.0513,0.0485,0.0118,0.0058,0.4243,0.1314,0.4095,1.0656,0.0000,0.0000,0.0000,0.0000,0.0000,0.0000,False,0.0520,-0.0082,0.0513,0.0485,0.0118,0.0058,-1.3641,grasp,0.0000,0.0000,0.0000,0.0000,0.0000,0.0000,False,,0.0500,0.0000,False,0.8020,-0.2600,0.0100,0.8432
234,0.0,1.1491,-0.0237,False,False,False,-0.4357,4.7187,-0.2647,-1.2953,-0.1423,1.4810,0.1410,-0.0224,0.1391,0.1315,0.0320,0.0158,0.3867,0.1314,0.4095,1.0656,0.0000,0.0000,0.0000,0.0000,0.0000,0.0000,False,0.0716,-0.0098,0.0454,0.0678,-0.0679,-0.0717,2.7363,grasp,0.0000,0.0000,0.0000,0.0000,0.0000,0.0000,False,,0.0500,0.0000,True,0.8020,-0.2600,0.0100,0.8432
235,0.0,1.1489,-0.0125,False,False,False,-0.4346,4.7186,-0.2626,-1.2935,-0.1422,1.4818,-0.0706,0.0199,0.0323,0.0069,-0.0393,0.0616,0.4061,0.1315,0.4087,1.0657,0.0000,0.0000,0.0000,0.0000,0.0000,0.0000,False,-0.0689,0.0197,0.0340,0.0085,-0.0389,0.0618,1.2376,grasp,0.0000,0.0000,0.0000,0.0000,0.0000,0.0000,False,,0.0500,0.0000,True,0.8020,-0.2600,0.0100,0.8432
236,0.0,1.1489,-0.0038,False,False,False,-0.4360,4.7190,-0.2620,-1.2934,-0.1430,1.4830,0.0000,-0.0000,-0.0000,0.0000,-0.0000,0.0000,0.4410,0.1315,0.4087,1.0657,0.0000,0.0000,0.0000,0.0000,0.0000,0.0000,False,-0.0389,0.0047,-0.0500,-0.0194,0.0312,-0.0723,2.4119,grasp,0.0000,0.0000,0.0000,0.0000,0.0000,0.0000,False,,0.0500,0.0000,True,0.8020,-0.2600,0.0100,0.8432
237,0.0,1.1489,-0.0124,False,False,False,-0.4363,4.7191,-0.2625,-1.2936,-0.1427,1.4823,-0.0375,0.0036,-0.0506,-0.0195,0.0319,-0.0735,0.4609,0.1315,0.4087,1.0657,0.0000,0.0000,0.0000,0.0000,0.0000,0.0000,False,0.0008,-0.0551,0.0451,-0.0348,-0.0183,0.0249,-2.8779,grasp,0.0000,0.0000,0.0000,0.0000,0.0000,0.0000,False,,0.0500,0.0000,False,0.8020,-0.2600,0.0100,0.8432
238,0.0,1.1497,-0.0231,False,False,False,-0.4373,4.7171,-0.2623,-1.2922,-0.1423,1.4844,-0.0628,-0.1321,0.0137,0.0935,0.0251,0.1404,0.4647,0.1340,0.4102,1.0657,0.0000,0.0000,0.0000,0.0000,0.0000,0.0000,False,-0.0330,-0.0694,0.0072,0.0492,0.0132,0.0739,-0.9354,grasp,0.0000,0.0000,0.0000,0.0000,0.0000,0.0000,False,,0.0500,0.0000,False,0.8020,-0.2600,0.0100,0.8432
239,0.0,1.1488,-0.0082,False,False,False,-0.4389,4.7146,-0.2622,-1.2903,-0.1419,1.4866,-0.0669,-0.0299,-0.0138,0.0503,0.0023,0.0206,0.4117,0.1304,0.4096,1.0653,0.0000,0.0000,0.0000,0.0000,0.0000,0.0000,False,-0.0678,-0.0349,-0.0136,0.0516,0.0027,0.0226,-1.0651,grasp,0.0000,0.0000,0.0000,0.0000,0.0000,0.0000,False,,0.0500,0.0000,False,0.8020,-0.2600,0.0100,0.8432
240,0.0,1.1488,-0.0024,False,False,False,-0.4401,4.7140,-0.2625,-1.2894,-0.1419,1.4870,0.0000,-0.0000,-0.0000,0.0000,0.0000,0.0000,0.4170,0.1304,0.4096,1.0653,0.0000,0.0000,0.0000,0.0000,0.0000,0.0000,False,-0.0721,-0.0486,-0.0744,0.0718,0.0710,0.0025,1.8741,grasp,0.0000,0.0000,0.0000,0.0000,0.0000,0.0000,False,,0.0500,0.0000,True,0.8020,-0.2600,0.0100,0.8432
241,0.0,1.1488,-0.0033,False,False,False,-0.4401,4.7140,-0.2625,-1.2894,-0.1419,1.4870,0.0000,-0.0000,-0.0000,0.0000,0.0000,0.0000,0.4170,0.1304,0.4096,1.0653,0.0000,0.0000,0.0000,0.0000,0.0000,0.0000,False,0.0733,0.0431,-0.0637,-0.0275,0.0258,-0.0102,0.8267,grasp,0.0000,0.0000,0.0000,0.0000,0.0000,0.0000,False,,0.0500,0.0000,False,0.8020,-0.2600,0.0100,0.8432
242,0.0,1.1494,-0.0308,False,False,False,-0.4414,4.7158,-0.2588,-1.2895,-0.1392,1.4835,-0.0259,0.1162,0.2122,-0.0388,0.0937,-0.1696,0.5167,0.1314,0.4112,1.0652,0.0000,0.0000,0.0000,0.0000,0.0000,0.0000,False,-0.0103,0.0420,0.0775,-0.0136,0.0353,-0.0626,-1.3009,grasp,0.0000,0.0000,0.0000,0.0000,0.0000,0.0000,False,,0.0500,0.0000,False,0.8020,-0.2600,0.0100,0.8432
243,0.0,1.1494,-0.0427,False,False,False,-0.4417,4.7172,-0.2561,-1.2900,-0.1380,1.4814,-0.0328,0.1473,0.2692,-0.0492,0.1189,-0.2153,0.5367,0.1314,0.4112,1.0652,0.0000,0.0000,0.0000,0.0000,0.0000,0.0000,False,0.0516,-0.0769,-0.0152,0.0401,0.0339,0.0513,1.8762,grasp,0.0000,0.0000,0.0000,0.0000,0.0000,0.0000,False,,0.0500,0.0000,False,0.8020,-0.2600,0.0100,0.8432
244,0.0,1.1502,-0.0148,False,False,False,-0.4412,4.7173,-0.2563,-1.2895,-0.1377,1.4819,0.0519,-0.0868,-0.0179,0.0406,0.0327,0.0535,0.5567,0.1369,0.4104,1.0658,0.0000,0.0000,0.0000,0.0000,0.0000,0.0000,False,-0.0536,-0.0483,0.0574,0.0727,0.0488,0.0452,1.8710,grasp,0.0000,0.0000,0.0000,0.0000,0.0000,0.0000,False,,0.0500,0.0000,False,0.8020,-0.2600,0.0100,0.8432
245,0.0,1.1502,-0.0020,False,False,False,-0.4402,4.7154,-0.2567,-1.2888,-0.1371,1.4829,-0.0000,-0.0000,-0.0000,0.0000,-0.0000,0.0000,0.5449,0.1369,0.4104,1.0658,0.0000,0.0000,0.0000,0.0000,0.0000,0.0000,False,-0.0388,-0.0156,0.0517,0.0021,0.0014,-0.0751,-2.8174,grasp,0.0000,0.0000,0.0000,0.0000,0.0000,0.0000,False,,0.0500,0.0000,False,0.8020,-0.2600,0.0100,0.8432
246,0.0,1.1502,-0.0102,False,False,False,-0.4406,4.7153,-0.2561,-1.2888,-0.1371,1.4822,-0.0397,-0.0096,0.0521,0.0013,0.0008,-0.0761,0.5249,0.1369,0.4104,1.0658,0.0000,0.0000,0.0000,0.0000,0.0000,0.0000,False,-0.0057,0.0761,-0.0134,-0.0709,0.0018,0.0775,-0.9817,grasp,0.0000,0.0000,0.0000,0.0000,0.0000,0.0000,False,,0.0500,0.0000,False,0.8020,-0.2600,0.0100,0.8432
247,0.0,1.1500,-0.0210,False,False,False,-0.4420,4.7132,-0.2566,-1.2868,-0.1373,1.4830,-0.0913,-0.1373,-0.0313,0.1257,-0.0159,0.0574,0.5542,0.1347,0.4108,1.0657,0.0000,0.0000,0.0000,0.0000,0.0000,0.0000,False,-0.0481,-0.0721,-0.0165,0.0661,-0.0084,0.0302,2.2521,grasp,0.0000,0.0000,0.0000,0.0000,0.0000,0.0000,False,,0.0500,0.0000,True,0.8020,-0.2600,0.0100,0.8432
248,0.0,1.1501,-0.0115,False,False,False,-0.4434,4.7111,-0.2574,-1.2843,-0.1373,1.4836,-0.0083,0.0245,-0.0352,0.0744,0.0216,-0.0295,0.5799,0.1328,0.4128,1.0652,0.0000,0.0000,0.0000,0.0000,0.0000,0.0000,False,-0.0096,0.0182,-0.0357,0.0762,0.0213,-0.0286,1.8300,grasp,0.0000,0.0000,0.0000,0.0000,0.0000,0.0000,False,,0.0500,0.0000,False,0.8020,-0.2600,0.0100,0.8432
249,0.0,1.1501,-0.0029,False,False,False,-0.4435,4.7115,-0.2581,-1.2829,-0.1369,1.4830,-0.0000,-0.0000,-0.0000,0.0000,-0.0000,0.0000,0.5652,0.1328,0.4128,1.0652,0.0000,0.0000,0.0000,0.0000,0.0000,0.0000,False,-0.0704,0.0779,0.0741,0.0271,-0.0171,0.0301,-0.2122,grasp,0.0000,0.0000,0.0000,0.0000,0.0000,0.0000,False,,0.0500,0.0000,False,0.8020,-0.2600,0.0100,0.8432
250,0.0,1.1501,-0.0017,False,False,False,-0.4435,4.7115,-0.2581,-1.2829,-0.1369,1.4830,-0.0000,-0.0000,-0.0000,0.0000,-0.0000,0.0000,0.5652,0.1328,0.4128,1.0652,0.0000,0.0000,0.0000,0.0000,0.0000,0.0000,False,-0.0024,0.0630,0.0246,-0.0369,0.0512,-0.0438,1.1939,grasp,0.0000,0.0000,0.0000,0.0000,0.0000,0.0000,False,,0.0500,0.0000,False,0.8020,-0.2600,0.0100,0.8432
251,0.0,1.1497,-0.0347,False,False,False,-0.4422,4.7101,-0.2562,-1.2811,-0.1352,1.4851,0.1336,-0.1476,0.0707,0.0990,0.1238,0.1173,0.4866,0.1338,0.4115,1.0652,0.0000,0.0000,0.0000,0.0000,0.0000,0.0000,False,0.0703,-0.0773,0.0372,0.0521,0.0652,0.0618,-1.3815,grasp,0.0000,0.0000,0.0000,0.0000,0.0000,0.0000,False,,0.0500,0.0000,False,0.8020,-0.2600,0.0100,0.8432
252,0.0,1.1497,-0.0321,False,False,False,-0.4422,4.7101,-0.2562,-1.2811,-0.1352,1.4851,0.1336,-0.1476,0.0707,0.0990,0.1238,0.1173,0.4866,0.1338,0.4115,1.0652,0.0000,0.0000,0.0000,0.0000,0.0000,0.0000,False,0.0376,0.0608,0.0583,0.0517,-0.0026,-0.0608,1.1793,grasp,0.0000,0.0000,0.0000,0.0000,0.0000,0.0000,False,,0.0500,0.0000,False,0.8020,-0.2600,0.0100,0.8432
253,0.0,1.1494,-0.0125,False,False,False,-0.4399,4.7081,-0.2547,-1.2792,-0.1335,1.4861,0.0357,0.0678,0.0573,0.0502,-0.0044,-0.0625,0.4825,0.1287,0.4129,1.0650,0.0000,0.0000,0.0000,0.0000,0.0000,0.0000,False,0.0405,-0.0765,0.0604,-0.0374,-0.0300,-0.0767,2.9893,grasp,0.0000,0.0000,0.0000,0.0000,0.0000,0.0000,False,,0.0500,0.0000,True,0.8020,-0.2600,0.0100,0.8432
254,0.0,1.1494,-0.0022,False,False,False,-0.4399,4.7082,-0.2547,-1.2792,-0.1335,1.4861,0.0000,-0.0000,-0.0000,0.0000,-0.0000,0.0000,0.5222,0.1287,0.4129,1.0650,0.0000,0.0000,0.0000,0.0000,0.0000,0.0000,False,0.0114,0.0691,0.0131,-0.0328,0.0655,0.0132,-0.2310,grasp,0.0000,0.0000,0.0000,0.0000,0.0000,0.0000,False,,0.0500,0.0000,False,0.8020,-0.2600,0.0100,0.8432
255,0.0,1.1494,-0.0112,False,False,False,-0.4398,4.7089,-0.2545,-1.2795,-0.1328,1.4863,0.0114,0.0690,0.0131,-0.0328,0.0655,0.0132,0.5422,0.1287,0.4129,1.0650,0.0000,0.0000,0.0000,0.0000,0.0000,0.0000,False,0.0031,0.0586,0.0172,-0.0368,-0.0338,-0.0112,2.4854,grasp,0.0000,0.0000,0.0000,0.0000,0.0000,0.0000,False,,0.0500,0.0000,True,0.8020,-0.2600,0.0100,0.8432
256,0.0,1.1499,-0.0150,False,False,False,-0.4405,4.7094,-0.2539,-1.2792,-0.1328,1.4867,-0.0691,0.0651,0.0646,0.0330,0.0013,0.0435,0.5198,0.1297,0.4136,1.0650,0.0000,0.0000,0.0000,0.0000,0.0000,0.0000,False,-0.0691,0.0651,0.0646,0.0330,0.0013,0.0435,-1.5712,grasp,0.0000,0.0000,0.0000,0.0000,0.0000,0.0000,False,,0.0500,0.0000,False,0.8020,-0.2600,0.0100,0.8432
257,0.0,1.1498,-0.0268,False,False,False,-0.4411,4.7100,-0.2548,-1.2793,-0.1338,1.4853,0.0452,-0.0778,-0.1428,-0.0503,-0.0657,-0.1456,0.5307,0.1312,0.4128,1.0651,0.0000,0.0000,0.0000,0.0000,0.0000,0.0000,False,0.0225,-0.0371,-0.0739,-0.0258,-0.0345,-0.0758,1.6779,grasp,0.0000,0.0000,0.0000,0.0000,0.0000,0.0000,False,,0.0500,0.0000,False,0.8020,-0.2600,0.0100,0.8432
258,0.0,1.1498,-0.0016,False,False,False,-0.4405,4.7083,-0.2569,-1.2801,-0.1347,1.4832,-0.0000,-0.0000,-0.0000,0.0000,-0.0000,0.0000,0.5190,0.1312,0.4128,1.0651,0.0000,0.0000,0.0000,0.0000,0.0000,0.0000,False,0.0207,-0.0212,-0.0263,0.0461,0.0162,0.0584,-1.5580,grasp,0.0000,0.0000,0.0000,0.0000,0.0000,0.0000,False,,0.0500,0.0000,False,0.8020,-0.2600,0.0100,0.8432
259,0.0,1.1498,-0.0024,False,False,False,-0.4405,4.7083,-0.2569,-1.2801,-0.1347,1.4832,-0.0000,-0.0000,-0.0000,0.0000,-0.0000,0.0000,0.5190,0.1312,0.4128,1.0651,0.0000,0.0000,0.0000,0.0000,0.0000,0.0000,False,0.0374,0.0042,0.0097,-0.0558,0.0131,0.0544,-1.3994,grasp,0.0000,0.0000,0.0000,0.0000,0.0000,0.0000,False,,0.0500,0.0000,False,0.8020,-0.2600,0.0100,0.8432
260,0.0,1.1495,-0.0103,False,False,False,-0.4401,4.7087,-0.2565,-1.2795,-0.1350,1.4836,0.0172,0.0546,0.0614,0.0082,-0.0485,-0.0218,0.5190,0.1283,0.4134,1.0648,0.0000,0.0000,0.0000,0.0000,0.0000,0.0000,False,0.0172,0.0546,0.0614,0.0082,-0.0485,-0.0218,2.1990,grasp,0.0000,0.0000,0.0000,0.0000,0.0000,0.0000,False,,0.0500,0.0000,True,0.8020,-0.2600,0.0100,0.8432
261,0.0,1.1495,-0.0019,False,False,False,-0.4398,4.7099,-0.2553,-1.2794,-0.1360,1.4832,-0.0000,-0.0000,-0.0000,0.0000,-0.0000,0.0000,0.5539,0.1283,0.4134,1.0648,0.0000,0.0000,0.0000,0.0000,0.0000,0.0000,False,0.0193,0.0525,-0.0590,0.0148,0.0470,-0.0443,2.2632,grasp,0.0000,0.0000,0.0000,0.0000,0.0000,0.0000,False,,0.0500,0.0000,True,0.8020,-0.2600,0.0100,0.8432
262,0.0,1.1499,-0.0226,False,False,False,-0.4392,4.7114,-0.2571,-1.2789,-0.1346,1.4819,0.0360,0.0956,-0.1143,0.0279,0.0910,-0.0834,0.5794,0.1312,0.4134,1.0650,0.0000,0.0000,0.0000,0.0000,0.0000,0.0000,False,0.0603,-0.0608,0.0570,0.0017,-0.0207,-0.0586,2.2964,grasp,0.0000,0.0000,0.0000,0.0000,0.0000,0.0000,False,,0.0500,0.0000,False,0.8020,-0.2600,0.0100,0.8432
263,0.0,1.1499,-0.0023,False,False,False,-0.4387,4.7128,-0.2587,-1.2785,-0.1333,1.4807,0.0000,-0.0000,-0.0000,0.0000,-0.0000,0.0000,0.6087,0.1312,0.4134,1.0650,0.0000,0.0000,0.0000,0.0000,0.0000,0.0000,False,-0.0067,-0.0460,0.0631,0.0119,0.0343,0.0745,2.9412,grasp,0.0000,0.0000,0.0000,0.0000,0.0000,0.0000,False,,0.0500,0.0000,True,0.8020,-0.2600,0.0100,0.8432
264,0.0,1.1502,-0.0112,False,False,False,-0.4395,4.7126,-0.2578,-1.2782,-0.1328,1.4810,-0.0702,0.0305,0.0306,0.0189,0.0181,-0.0475,0.6506,0.1320,0.4138,1.0650,0.0000,0.0000,0.0000,0.0000,0.0000,0.0000,False,-0.0703,0.0301,0.0313,0.0190,0.0184,-0.0467,2.8186,grasp,0.0000,0.0000,0.0000,0.0000,0.0000,0.0000,False,,0.0500,0.0000,False,0.8020,-0.2600,0.0100,0.8432
265,0.0,1.1502,-0.0190,False,False,False,-0.4408,4.7131,-0.2572,-1.2779,-0.1324,1.4801,-0.1334,0.0583,0.0582,0.0359,0.0344,-0.0902,0.6615,0.1320,0.4138,1.0650,0.0000,0.0000,0.0000,0.0000,0.0000,0.0000,False,0.0379,0.0700,0.0570,-0.0063,0.0617,-0.0015,-1.5541,grasp,0.0000,0.0000,0.0000,0.0000,0.0000,0.0000,False,,0.0500,0.0000,False,0.8020,-0.2600,0.0100,0.8432
266,0.0,1.1499,-0.0323,False,False,False,-0.4430,4.7163,-0.2581,-1.2756,-0.1338,1.4806,-0.0160,0.1405,-0.1165,0.1162,-0.1204,0.1182,0.6112,0.1366,0.4115,1.0651,0.0000,0.0000,0.0000,0.0000,0.0000,0.0000,False,-0.0103,0.0758,-0.0605,0.0616,-0.0629,0.0609,-2.4355,grasp,0.0000,0.0000,0.0000,0.0000,0.0000,0.0000,False,,0.0500,0.0000,False,0.8020,-0.2600,0.0100,0.8432
267,0.0,1.1499,-0.0027,False,False,False,-0.4432,4.7186,-0.2598,-1.2739,-0.1355,1.4823,0.0000,-0.0000,-0.0000,0.0000,0.0000,0.0000,0.6042,0.1366,0.4115,1.0651,0.0000,0.0000,0.0000,0.0000,0.0000,0.0000,False,0.0175,-0.0707,0.0292,-0.0046,0.0474,0.0441,2.5251,grasp,0.0000,0.0000,0.0000,0.0000,0.0000,0.0000,False,,0.0500,0.0000,False,0.8020,-0.2600,0.0100,0.8432
268,0.0,1.1499,-0.0103,False,False,False,-0.4430,4.7178,-0.2595,-1.2740,-0.1350,1.4828,0.0177,-0.0752,0.0309,-0.0062,0.0491,0.0424,0.6160,0.1366,0.4115,1.0651,0.0000,0.0000,0.0000,0.0000,0.0000,0.0000,False,0.0204,-0.0409,0.0730,-0.0106,-0.0511,0.0057,0.5040,grasp,0.0000,0.0000,0.0000,0.0000,0.0000,0.0000,False,,0.0500,0.0000,False,0.8020,-0.2600,0.0100,0.8432
269,0.0,1.1497,-0.0065,False,False,False,-0.4427,4.7176,-0.2591,-1.2737,-0.1353,1.4826,0.0292,-0.0223,0.0416,0.0329,-0.0323,-0.0142,0.5873,0.1376,0.4108,1.0650,0.0000,0.0000,0.0000,0.0000,0.0000,0.0000,False,0.0292,-0.0224,0.0416,0.0329,-0.0323,-0.0142,1.0208,grasp,0.0000,0.0000,0.0000,0.0000,0.0000,0.0000,False,,0.0500,0.0000,False,0.8020,-0.2600,0.0100,0.8432
270,0.0,1.1497,-0.0117,False,False,False,-0.4427,4.7176,-0.2586,-1.2732,-0.1354,1.4829,-0.0509,0.0493,-0.0360,-0.0130,0.0473,0.0596,0.5767,0.1376,0.4108,1.0650,0.0000,0.0000,0.0000,0.0000,0.0000,0.0000,False,-0.0504,0.0489,-0.0352,-0.0123,0.0467,0.0594,1.2235,grasp,0.0000,0.0000,0.0000,0.0000,0.0000,0.0000,False,,0.0500,0.0000,False,0.8020,-0.2600,0.0100,0.8432
271,0.0,1.1496,-0.0103,False,False,False,-0.4434,4.7184,-0.2592,-1.2729,-0.1344,1.4835,0.0297,-0.0216,0.0152,0.0471,0.0101,-0.0542,0.6087,0.1384,0.4102,1.0650,0.0000,0.0000,0.0000,0.0000,0.0000,0.0000,False,0.0287,-0.0202,0.0145,0.0468,0.0110,-0.0531,2.7822,grasp,0.0000,0.0000,0.0000,0.0000,0.0000,0.0000,False,,0.0500,0.0000,True,0.8020,-0.2600,0.0100,0.8432
272,0.0,1.1496,-0.0082,False,False,False,-0.4428,4.7180,-0.2589,-1.2721,-0.1343,1.4825,0.0564,-0.0406,0.0289,0.0894,0.0192,-0.1031,0.6233,0.1384,0.4102,1.0650,0.0000,0.0000,0.0000,0.0000,0.0000,0.0000,False,0.0648,-0.0163,0.0591,0.0560,-0.0166,-0.0351,-1.1464,grasp,0.0000,0.0000,0.0000,0.0000,0.0000,0.0000,False,,0.0500,0.0000,False,0.8020,-0.2600,0.0100,0.8432
273,0.0,1.1497,-0.0132,False,False,False,-0.4423,4.7174,-0.2593,-1.2725,-0.1345,1.4830,0.0484,-0.0658,-0.0368,-0.0429,-0.0293,0.0524,0.5969,0.1380,0.4107,1.0650,0.0000,0.0000,0.0000,0.0000,0.0000,0.0000,False,0.0484,-0.0658,-0.0368,-0.0429,-0.0293,0.0524,1.3336,grasp,0.0000,0.0000,0.0000,0.0000,0.0000,0.0000,False,,0.0500,0.0000,False,0.8020,-0.2600,0.0100,0.8432
274,0.0,1.1497,-0.0098,False,False,False,-0.4408,4.7164,-0.2597,-1.2734,-0.1351,1.4846,0.0630,0.0550,0.0265,-0.0142,0.0048,0.0558,0.5542,0.1380,0.4107,1.0650,0.0000,0.0000,0.0000,0.0000,0.0000,0.0000,False,0.0640,0.0500,0.0258,-0.0150,0.0043,0.0568,-1.8007,grasp,0.0000,0.0000,0.0000,0.0000,0.0000,0.0000,False,,0.0500,0.0000,False,0.8020,-0.2600,0.0100,0.8432
275,0.0,1.1497,-0.0119,False,False,False,-0.4396,4.7174,-0.2592,-1.2737,-0.1350,1.4856,0.1198,0.1009,0.0504,-0.0269,0.0092,0.1061,0.5342,0.1380,0.4107,1.0650,0.0000,0.0000,0.0000,0.0000,0.0000,0.0000,False,-0.0424,-0.0321,0.0519,-0.0754,0.0488,0.0615,-2.4528,grasp,0.0000,0.0000,0.0000,0.0000,0.0000,0.0000,False,,0.0500,0.0000,False,0.8020,-0.2600,0.0100,0.8432
276,0.0,1.1494,-0.0150,False,False,False,-0.4400,4.7171,-0.2587,-1.2745,-0.1345,1.4862,-0.0436,-0.0341,0.0514,-0.0751,0.0487,0.0604,0.4942,0.1355,0.4106,1.0650,0.0000,0.0000,0.0000,0.0000,0.0000,0.0000,False,0.0746,0.0588,-0.0640,0.0361,-0.0699,0.0461,0.8043,grasp,0.0000,0.0000,0.0000,0.0000,0.0000,0.0000,False,,0.0500,0.0000,False,0.8020,-0.2600,0.0100,0.8432
277,0.0,1.1494,-0.0288,False,False,False,-0.4408,4.7165,-0.2577,-1.2759,-0.1336,1.4874,-0.0000,-0.0000,-0.0000,0.0000,-0.0000,0.0000,0.4542,0.1355,0.4106,1.0650,0.0000,0.0000,0.0000,0.0000,0.0000,0.0000,False,0.0317,0.0569,0.0752,0.0691,-0.0275,-0.0016,-2.0221,grasp,0.0000,0.0000,0.0000,0.0000,0.0000,0.0000,False,,0.0500,0.0000,False,0.8020,-0.2600,0.0100,0.8432
278,0.0,1.1488,-0.0232,False,False,False,-0.4399,4.7180,-0.2555,-1.2738,-0.1344,1.4873,0.0619,0.1101,0.1410,0.1340,-0.0541,-0.0052,0.4142,0.1350,0.4086,1.0652,0.0000,0.0000,0.0000,0.0000,0.0000,0.0000,False,0.0656,-0.0262,-0.0678,-0.0113,0.0356,0.0496,-1.1362,grasp,0.0000,0.0000,0.0000,0.0000,0.0000,0.0000,False,,0.0500,0.0000,False,0.8020,-0.2600,0.0100,0.8432
279,0.0,1.1488,-0.0125,False,False,False,-0.4394,4.7184,-0.2548,-1.2742,-0.1338,1.4873,0.0503,0.0085,0.0703,-0.0394,0.0541,0.0003,0.3632,0.1350,0.4086,1.0652,0.0000,0.0000,0.0000,0.0000,0.0000,0.0000,False,0.0503,0.0088,0.0703,-0.0394,0.0541,0.0003,-1.3257,grasp,0.0000,0.0000,0.0000,0.0000,0.0000,0.0000,False,,0.0500,0.0000,False,0.8020,-0.2600,0.0100,0.8432
280,0.0,1.1480,-0.0113,False,False,False,-0.4384,4.7185,-0.2532,-1.2754,-0.1322,1.4880,-0.0007,-0.0084,0.0259,-0.0456,0.0568,0.0716,0.3100,0.1353,0.4056,1.0655,0.0000,0.0000,0.0000,0.0000,0.0000,0.0000,False,0.0002,-0.0081,0.0273,-0.0463,0.0579,0.0716,-2.8086,grasp,0.0000,0.0000,0.0000,0.0000,0.0000,0.0000,False,,0.0500,0.0000,False,0.8020,-0.2600,0.0100,0.8432
281,0.0,1.1480,-0.0107,False,False,False,-0.4384,4.7185,-0.2532,-1.2754,-0.1322,1.4880,-0.0007,-0.0084,0.0259,-0.0456,0.0568,0.0716,0.3100,0.1353,0.4056,1.0655,0.0000,0.0000,0.0000,0.0000,0.0000,0.0000,False,0.0051,0.0094,0.0784,0.0723,-0.0154,-0.0257,-0.6573,grasp,0.0000,0.0000,0.0000,0.0000,0.0000,0.0000,False,,0.0500,0.0000,False,0.8020,-0.2600,0.0100,0.8432
282,0.0,1.1479,-0.0207,False,False,False,-0.4388,4.7178,-0.2546,-1.2751,-0.1328,1.4883,-0.0225,-0.0351,-0.1244,0.0802,-0.1103,-0.0706,0.3498,0.1344,0.4053,1.0655,0.0000,0.0000,0.0000,0.0000,0.0000,0.0000,False,-0.0119,-0.0186,-0.0650,0.0414,-0.0570,-0.0358,1.7293,grasp,0.0000,0.0000,0.0000,0.0000,0.0000,0.0000,False,,0.0500,0.0000,True,0.8020,-0.2600,0.0100,0.8432
283,0.0,1.1479,-0.0154,False,False,False,-0.4395,4.7179,-0.2572,-1.2732,-0.1348,1.4877,-0.0365,0.0746,-0.0772,0.0723,-0.0343,0.0414,0.3336,0.1344,0.4053,1.0655,0.0000,0.0000,0.0000,0.0000,0.0000,0.0000,False,-0.0368,0.0727,-0.0790,0.0734,-0.0358,0.0404,-1.9846,grasp,0.0000,0.0000,0.0000,0.0000,0.0000,0.0000,False,,0.0500,0.0000,False,0.8020,-0.2600,0.0100,0.8432
284,0.0,1.1479,-0.0163,False,False,False,-0.4395,4.7179,-0.2572,-1.2732,-0.1348,1.4877,-0.0365,0.0746,-0.0772,0.0723,-0.0343,0.0414,0.3336,0.1344,0.4053,1.0655,0.0000,0.0000,0.0000,0.0000,0.0000,0.0000,False,-0.0729,0.0436,-0.0758,-0.0712,-0.0529,0.0561,-1.2089,grasp,0.0000,0.0000,0.0000,0.0000,0.0000,0.0000,False,,0.0500,0.0000,False,0.8020,-0.2600,0.0100,0.8432
285,0.0,1.1472,-0.0007,False,False,False,-0.4402,4.7194,-0.2587,-1.2718,-0.1354,1.4885,-0.0000,-0.0000,-0.0000,0.0000,-0.0000,0.0000,0.2881,0.1346,0.4045,1.0651,0.0000,0.0000,0.0000,0.0000,0.0000,0.0000,False,-0.0541,0.0471,-0.0046,0.0548,0.0575,0.0681,-2.6596,grasp,0.0000,0.0000,0.0000,0.0000,0.0000,0.0000,False,,0.0500,0.0000,False,0.8020,-0.2600,0.0100,0.8432
286,0.0,1.1460,-0.0093,False,False,False,-0.4407,4.7197,-0.2580,-1.2718,-0.1343,1.4889,0.0026,-0.0201,0.0742,-0.0549,0.0584,-0.0253,0.2281,0.1332,0.4013,1.0651,0.0000,0.0000,0.0000,0.0000,0.0000,0.0000,False,0.0020,-0.0194,0.0741,-0.0543,0.0590,-0.0246,-2.9271,grasp,0.0000,0.0000,0.0000,0.0000,0.0000,0.0000,False,,0.0500,0.0000,False,0.8020,-0.2600,0.0100,0.8432
287,0.0,1.1460,-0.0229,False,False,False,-0.4406,4.7193,-0.2566,-1.2729,-0.1331,1.4885,0.0049,-0.0379,0.1409,-0.1043,0.1110,-0.0480,0.2081,0.1332,0.4013,1.0651,0.0000,0.0000,0.0000,0.0000,0.0000,0.0000,False,0.0759,0.0650,-0.0402,0.0760,0.0149,-0.0322,1.4542,grasp,0.0000,0.0000,0.0000,0.0000,0.0000,0.0000,False,,0.0500,0.0000,True,0.8020,-0.2600,0.0100,0.8432
288,0.0,1.1460,-0.0138,False,False,False,-0.4413,4.7183,-0.2540,-1.2750,-0.1311,1.4875,-0.0692,-0.0496,0.0573,-0.0644,0.0465,-0.0279,0.2299,0.1332,0.4013,1.0651,0.0000,0.0000,0.0000,0.0000,0.0000,0.0000,False,-0.0692,-0.0501,0.0593,-0.0659,0.0480,-0.0285,1.5846,grasp,0.0000,0.0000,0.0000,0.0000,0.0000,0.0000,False,,0.0500,0.0000,True,0.8020,-0.2600,0.0100,0.8432
289,0.0,1.1468,-0.0180,False,False,False,-0.4420,4.7180,-0.2533,-1.2757,-0.1307,1.4877,0.0578,0.0720,-0.0454,0.0589,-0.0468,0.0690,0.2899,0.1333,0.4026,1.0655,0.0000,0.0000,0.0000,0.0000,0.0000,0.0000,False,0.0564,0.0710,-0.0443,0.0577,-0.0459,0.0685,-1.8807,grasp,0.0000,0.0000,0.0000,0.0000,0.0000,0.0000,False,,0.0500,0.0000,False,0.8020,-0.2600,0.0100,0.8432
290,0.0,1.1468,-0.0182,False,False,False,-0.4420,4.7180,-0.2533,-1.2757,-0.1307,1.4877,0.0578,0.0720,-0.0454,0.0589,-0.0468,0.0690,0.2899,0.1333,0.4026,1.0655,0.0000,0.0000,0.0000,0.0000,0.0000,0.0000,False,-0.0348,0.0517,-0.0098,0.0709,-0.0692,-0.0190,-0.7896,grasp,0.0000,0.0000,0.0000,0.0000,0.0000,0.0000,False,,0.0500,0.0000,False,0.8020,-0.2600,0.0100,0.8432
291,0.0,1.1481,-0.0209,False,False,False,-0.4422,4.7183,-0.2547,-1.2749,-0.1303,1.4907,-0.0878,-0.0781,-0.0325,-0.0214,0.0864,0.1141,0.3688,0.1361,0.4054,1.0654,0.0000,0.0000,0.0000,0.0000,0.0000,0.0000,False,-0.0451,-0.0393,-0.0180,-0.0101,0.0446,0.0614,1.7905,grasp,0.0000,0.0000,0.0000,0.0000,0.0000,0.0000,False,,0.0500,0.0000,True,0.8020,-0.2600,0.0100,0.8432
292,0.0,1.1481,-0.0131,False,False,False,-0.4429,4.7169,-0.2552,-1.2754,-0.1298,1.4916,0.0618,-0.0069,-0.0008,-0.0283,-0.0743,-0.0762,0.3928,0.1361,0.4054,1.0654,0.0000,0.0000,0.0000,0.0000,0.0000,0.0000,False,0.0605,-0.0095,-0.0013,-0.0286,-0.0730,-0.0746,-1.4615,grasp,0.0000,0.0000,0.0000,0.0000,0.0000,0.0000,False,,0.0500,0.0000,False,0.8020,-0.2600,0.0100,0.8432
293,0.0,1.1481,-0.0124,False,False,False,-0.4429,4.7169,-0.2552,-1.2754,-0.1298,1.4916,0.0618,-0.0069,-0.0008,-0.0283,-0.0743,-0.0762,0.3928,0.1361,0.4054,1.0654,0.0000,0.0000,0.0000,0.0000,0.0000,0.0000,False,0.0048,0.0624,0.0072,0.0550,-0.0768,0.0103,1.8806,grasp,0.0000,0.0000,0.0000,0.0000,0.0000,0.0000,False,,0.0500,0.0000,True,0.8020,-0.2600,0.0100,0.8432
294,0.0,1.1484,-0.0037,False,False,False,-0.4417,4.7168,-0.2552,-1.2760,-0.1312,1.4901,0.0000,-0.0000,-0.0000,0.0000,-0.0000,0.0000,0.4150,0.1344,0.4072,1.0653,0.0000,0.0000,0.0000,0.0000,0.0000,0.0000,False,0.0634,-0.0067,-0.0668,0.0688,-0.0067,0.0434,2.8200,grasp,0.0000,0.0000,0.0000,0.0000,0.0000,0.0000,False,,0.0500,0.0000,True,0.8020,-0.2600,0.0100,0.8432
295,0.0,1.1484,-0.0136,False,False,False,-0.4408,4.7171,-0.2554,-1.2755,-0.1307,1.4899,0.0284,0.0418,0.0494,-0.0230,0.0509,-0.0670,0.4745,0.1344,0.4072,1.0653,0.0000,0.0000,0.0000,0.0000,0.0000,0.0000,False,0.0290,0.0417,0.0487,-0.0223,0.0508,-0.0665,2.8612,grasp,0.0000,0.0000,0.0000,0.0000,0.0000,0.0000,False,,0.0500,0.0000,True,0.8020,-0.2600,0.0100,0.8432
296,0.0,1.1494,-0.0247,False,False,False,-0.4402,4.7179,-0.2544,-1.2760,-0.1298,1.4886,0.0539,0.0796,0.0939,-0.0437,0.0967,-0.1272,0.4945,0.1356,0.4096,1.0653,0.0000,0.0000,0.0000,0.0000,0.0000,0.0000,False,0.0495,-0.0485,0.0209,-0.0142,0.0034,0.0248,-1.6127,grasp,0.0000,0.0000,0.0000,0.0000,0.0000,0.0000,False,,0.0500,0.0000,False,0.8020,-0.2600,0.0100,0.8432
297,0.0,1.1494,-0.0110,False,False,False,-0.4387,4.7190,-0.2528,-1.2760,-0.1287,1.4870,0.0728,-0.0240,0.0238,0.0541,-0.0314,0.0237,0.4822,0.1356,0.4096,1.0653,0.0000,0.0000,0.0000,0.0000,0.0000,0.0000,False,0.0736,-0.0204,0.0252,0.0535,-0.0300,0.0219,-1.4780,grasp,0.0000,0.0000,0.0000,0.0000,0.0000,0.0000,False,,0.0500,0.0000,False,0.8020,-0.2600,0.0100,0.8432
298,0.0,1.1494,-0.0129,False,False,False,-0.4366,4.7182,-0.2530,-1.2751,-0.1296,1.4875,0.0719,-0.0394,-0.0650,-0.0103,-0.0337,0.0034,0.4257,0.1363,0.4088,1.0655,0.0000,0.0000,0.0000,0.0000,0.0000,0.0000,False,0.0733,-0.0399,-0.0645,-0.0093,-0.0343,0.0039,-1.0208,grasp,0.0000,0.0000,0.0000,0.0000,0.0000,0.0000,False,,0.0500,0.0000,False,0.8020,-0.2600,0.0100,0.8432
299,0.0,1.1494,-0.0143,False,False,False,-0.4366,4.7182,-0.2530,-1.2751,-0.1296,1.4875,0.0719,-0.0394,-0.0650,-0.0103,-0.0337,0.0034,0.4257,0.1363,0.4088,1.0655,0.0000,0.0000,0.0000,0.0000,0.0000,0.0000,False,-0.0489,0.0274,0.0390,0.0469,0.0077,0.0038,1.5047,grasp,0.0000,0.0000,0.0000,0.0000,0.0000,0.0000,False,,0.0500,0.0000,True,0.8020,-0.2600,0.0100,0.8432
300,0.0,1.1486,-0.0133,False,False,False,-0.4358,4.7174,-0.2542,-1.2759,-0.1308,1.4882,-0.0549,0.0103,0.0051,-0.0593,-0.0573,0.0588,0.3889,0.1331,0.4080,1.0654,0.0000,0.0000,0.0000,0.0000,0.0000,0.0000,False,-0.0535,0.0069,0.0038,-0.0595,-0.0580,0.0589,-0.8008,grasp,0.0000,0.0000,0.0000,0.0000,0.0000,0.0000,False,,0.0500,0.0000,False,0.8020,-0.2600,0.0100,0.8432
301,0.0,1.1486,-0.0120,False,False,False,-0.4361,4.7181,-0.2543,-1.2769,-0.1324,1.4887,0.0744,0.0566,-0.0150,0.0107,-0.0447,-0.0640,0.3980,0.1331,0.4080,1.0654,0.0000,0.0000,0.0000,0.0000,0.0000,0.0000,False,0.0733,0.0568,-0.0149,0.0095,-0.0458,-0.0629,0.5957,grasp,0.0000,0.0000,0.0000,0.0000,0.0000,0.0000,False,,0.0500,0.0000,False,0.8020,-0.2600,0.0100,0.8432
302,0.0,1.1486,-0.0247,False,False,False,-0.4347,4.7192,-0.2546,-1.2767,-0.1332,1.4874,0.1413,0.1077,-0.0285,0.0202,-0.0850,-0.1215,0.4058,0.1331,0.4080,1.0654,0.0000,0.0000,0.0000,0.0000,0.0000,0.0000,False,-0.0114,0.0326,-0.0706,-0.0623,-0.0618,-0.0273,1.1126,grasp,0.0000,0.0000,0.0000,0.0000,0.0000,0.0000,False,,0.0500,0.0000,True,0.8020,-0.2600,0.0100,0.8432
303,0.0,1.1487,-0.0143,False,False,False,-0.4324,4.7202,-0.2545,-1.2760,-0.1352,1.4852,0.0277,-0.0635,0.0460,0.0428,-0.0734,-0.0552,0.4525,0.1354,0.4073,1.0655,0.0000,0.0000,0.0000,0.0000,0.0000,0.0000,False,0.0297,-0.0609,0.0456,0.0431,-0.0746,-0.0569,2.1428,grasp,0.0000,0.0000,0.0000,0.0000,0.0000,0.0000,False,,0.0500,0.0000,True,0.8020,-0.2600,0.0100,0.8432
304,0.0,1.1487,-0.0160,False,False,False,-0.4324,4.7202,-0.2545,-1.2760,-0.1352,1.4852,0.0277,-0.0635,0.0460,0.0428,-0.0734,-0.0552,0.4525,0.1354,0.4073,1.0655,0.0000,0.0000,0.0000,0.0000,0.0000,0.0000,False,-0.0450,0.0442,-0.0696,0.0353,0.0570,0.0715,1.6547,grasp,0.0000,0.0000,0.0000,0.0000,0.0000,0.0000,False,,0.0500,0.0000,True,0.8020,-0.2600,0.0100,0.8432
305,0.0,1.1494,-0.0033,False,False,False,-0.4319,4.7189,-0.2536,-1.2752,-0.1366,1.4841,0.0000,-0.0000,-0.0000,0.0000,-0.0000,0.0000,0.5068,0.1361,0.4094,1.0654,0.0000,0.0000,0.0000,0.0000,0.0000,0.0000,False,-0.0225,-0.0238,0.0473,0.0247,-0.0606,0.0551,2.3256,grasp,0.0000,0.0000,0.0000,0.0000,0.0000,0.0000,False,,0.0500,0.0000,True,0.8020,-0.2600,0.0100,0.8432
306,0.0,1.1494,-0.0242,False,False,False,-0.4336,4.7205,-0.2522,-1.2758,-0.1358,1.4849,-0.0974,0.1305,0.0622,-0.0578,0.0899,0.0142,0.4747,0.1361,0.4094,1.0654,0.0000,0.0000,0.0000,0.0000,0.0000,0.0000,False,-0.0515,0.0680,0.0332,-0.0302,0.0467,0.0080,-0.6142,grasp,0.0000,0.0000,0.0000,0.0000,0.0000,0.0000,False,,0.0500,0.0000,False,0.8020,-0.2600,0.0100,0.8432
307,0.0,1.1493,-0.0121,False,False,False,-0.4350,4.7229,-0.2518,-1.2772,-0.1340,1.4856,0.0013,-0.0229,-0.0473,-0.0529,0.0567,0.0520,0.4972,0.1400,0.4067,1.0658,0.0000,0.0000,0.0000,0.0000,0.0000,0.0000,False,-0.0001,-0.0139,-0.0464,-0.0538,0.0580,0.0522,2.0979,grasp,0.0000,0.0000,0.0000,0.0000,0.0000,0.0000,False,,0.0500,0.0000,True,0.8020,-0.2600,0.0100,0.8432
308,0.0,1.1493,-0.0123,False,False,False,-0.4350,4.7229,-0.2518,-1.2772,-0.1340,1.4856,0.0013,-0.0229,-0.0473,-0.0529,0.0567,0.0520,0.4972,0.1400,0.4067,1.0658,0.0000,0.0000,0.0000,0.0000,0.0000,0.0000,False,-0.0329,-0.0774,-0.0721,0.0636,-0.0366,-0.0618,-1.3344,grasp,0.0000,0.0000,0.0000,0.0000,0.0000,0.0000,False,,0.0500,0.0000,False,0.8020,-0.2600,0.0100,0.8432
309,0.0,1.1495,-0.0116,False,False,False,-0.4348,4.7229,-0.2532,-1.2778,-0.1324,1.4867,0.0108,0.0463,-0.0477,0.0421,0.0494,0.0144,0.4742,0.1391,0.4076,1.0658,0.0000,0.0000,0.0000,0.0000,0.0000,0.0000,False,0.0108,0.0452,-0.0486,0.0411,0.0505,0.0154,-2.1348,grasp,0.0000,0.0000,0.0000,0.0000,0.0000,0.0000,False,,0.0500,0.0000,False,0.8020,-0.2600,0.0100,0.8432
310,0.0,1.1495,-0.0285,False,False,False,-0.4334,4.7255,-0.2557,-1.2789,-0.1306,1.4878,0.0806,0.1144,-0.1040,-0.1287,0.0578,0.0525,0.3942,0.1391,0.4076,1.0658,0.0000,0.0000,0.0000,0.0000,0.0000,0.0000,False,0.0426,0.0611,-0.0556,-0.0670,0.0313,0.0279,-1.8716,grasp,0.0000,0.0000,0.0000,0.0000,0.0000,0.0000,False,,0.0500,0.0000,False,0.8020,-0.2600,0.0100,0.8432
311,0.0,1.1495,-0.0267,False,False,False,-0.4334,4.7255,-0.2557,-1.2789,-0.1306,1.4878,0.0806,0.1144,-0.1040,-0.1287,0.0578,0.0525,0.3942,0.1391,0.4076,1.0658,0.0000,0.0000,0.0000,0.0000,0.0000,0.0000,False,-0.0414,-0.0710,0.0792,-0.0484,0.0296,-0.0786,2.5257,grasp,0.0000,0.0000,0.0000,0.0000,0.0000,0.0000,False,,0.0500,0.0000,True,0.8020,-0.2600,0.0100,0.8432
312,0.0,1.1487,-0.0121,False,False,False,-0.4323,4.7268,-0.2574,-1.2813,-0.1298,1.4893,-0.0049,-0.0377,-0.0238,-0.0503,-0.0072,0.0711,0.3778,0.1374,0.4053,1.0660,0.0000,0.0000,0.0000,0.0000,0.0000,0.0000,False,-0.0037,-0.0357,-0.0253,-0.0521,-0.0064,0.0718,-2.7174,grasp,0.0000,0.0000,0.0000,0.0000,0.0000,0.0000,False,,0.0500,0.0000,False,0.8020,-0.2600,0.0100,0.8432
313,0.0,1.1487,-0.0012,False,False,False,-0.4324,4.7260,-0.2578,-1.2822,-0.1299,1.4906,0.0000,-0.0000,-0.0000,0.0000,0.0000,0.0000,0.3778,0.1374,0.4053,1.0660,0.0000,0.0000,0.0000,0.0000,0.0000,0.0000,False,-0.0169,-0.0233,0.0733,-0.0201,0.0633,0.0393,2.9425,grasp,0.0000,0.0000,0.0000,0.0000,0.0000,0.0000,False,,0.0500,0.0000,True,0.8020,-0.2600,0.0100,0.8432
314,0.0,1.1490,-0.0146,False,False,False,-0.4326,4.7258,-0.2571,-1.2824,-0.1293,1.4910,-0.0168,-0.0217,0.0737,-0.0192,0.0635,0.0379,0.3978,0.1366,0.4065,1.0660,0.0000,0.0000,0.0000,0.0000,0.0000,0.0000,False,0.0300,-0.0175,-0.0102,-0.0616,-0.0734,0.0507,0.2797,grasp,0.0000,0.0000,0.0000,0.0000,0.0000,0.0000,False,,0.0500,0.0000,False,0.8020,-0.2600,0.0100,0.8432
315,0.0,1.1490,-0.0133,False,False,False,-0.4326,4.7252,-0.2558,-1.2834,-0.1289,1.4922,0.0303,-0.0171,-0.0116,-0.0612,-0.0746,0.0500,0.4228,0.1366,0.4065,1.0660,0.0000,0.0000,0.0000,0.0000,0.0000,0.0000,False,-0.0547,-0.0469,-0.0623,-0.0455,0.0047,0.0447,-1.9393,grasp,0.0000,0.0000,0.0000,0.0000,0.0000,0.0000,False,,0.0500,0.0000,False,0.8020,-0.2600,0.0100,0.8432
316,0.0,1.1494,-0.0138,False,False,False,-0.4335,4.7247,-0.2557,-1.2822,-0.1286,1.4925,-0.0631,-0.0378,0.0056,0.0792,0.0153,0.0186,0.4628,0.1369,0.4072,1.0661,0.0000,0.0000,0.0000,0.0000,0.0000,0.0000,False,-0.0332,-0.0199,0.0029,0.0417,0.0081,0.0098,2.1972,grasp,0.0000,0.0000,0.0000,0.0000,0.0000,0.0000,False,,0.0500,0.0000,True,0.8020,-0.2600,0.0100,0.8432
317,0.0,1.1494,-0.0113,False,False,False,-0.4335,4.7247,-0.2557,-1.2822,-0.1286,1.4925,-0.0631,-0.0378,0.0056,0.0792,0.0153,0.0186,0.4628,0.1369,0.4072,1.0661,0.0000,0.0000,0.0000,0.0000,0.0000,0.0000,False,-0.0124,0.0535,-0.0206,-0.0595,-0.0663,0.0362,2.1291,grasp,0.0000,0.0000,0.0000,0.0000,0.0000,0.0000,False,,0.0500,0.0000,True,0.8020,-0.2600,0.0100,0.8432
318,0.0,1.1501,-0.0173,False,False,False,-0.4339,4.7236,-0.2549,-1.2816,-0.1287,1.4935,0.0528,-0.0557,0.0776,-0.0569,-0.0308,0.0719,0.5184,0.1377,0.4093,1.0659,0.0000,0.0000,0.0000,0.0000,0.0000,0.0000,False,0.0519,-0.0562,0.0777,-0.0558,-0.0306,0.0722,2.0180,grasp,0.0000,0.0000,0.0000,0.0000,0.0000,0.0000,False,,0.0500,0.0000,True,0.8020,-0.2600,0.0100,0.8432
319,0.0,1.1501,-0.0158,False,False,False,-0.4331,4.7219,-0.2539,-1.2832,-0.1298,1.4945,-0.0176,-0.0660,-0.0488,-0.0480,-0.0467,-0.0371,0.4922,0.1377,0.4093,1.0659,0.0000,0.0000,0.0000,0.0000,0.0000,0.0000,False,-0.0166,-0.0674,-0.0474,-0.0490,-0.0472,-0.0358,-1.2552,grasp,0.0000,0.0000,0.0000,0.0000,0.0000,0.0000,False,,0.0500,0.0000,False,0.8020,-0.2600,0.0100,0.8432
320,0.0,1.1496,-0.0294,False,False,False,-0.4354,4.7212,-0.2532,-1.2839,-0.1286,1.4918,-0.1312,0.0581,0.1088,0.0138,0.1353,-0.1301,0.4265,0.1345,0.4092,1.0659,0.0000,0.0000,0.0000,0.0000,0.0000,0.0000,False,-0.0694,0.0277,0.0563,0.0063,0.0703,-0.0692,-0.7573,grasp,0.0000,0.0000,0.0000,0.0000,0.0000,0.0000,False,,0.0500,0.0000,False,0.8020,-0.2600,0.0100,0.8432
321,0.0,1.1496,-0.0272,False,False,False,-0.4354,4.7212,-0.2532,-1.2839,-0.1286,1.4918,-0.1312,0.0581,0.1088,0.0138,0.1353,-0.1301,0.4265,0.1345,0.4092,1.0659,0.0000,0.0000,0.0000,0.0000,0.0000,0.0000,False,0.0392,0.0782,-0.0544,0.0187,-0.0144,-0.0606,-3.0272,grasp,0.0000,0.0000,0.0000,0.0000,0.0000,0.0000,False,,0.0500,0.0000,False,0.8020,-0.2600,0.0100,0.8432
322,0.0,1.1491,-0.0024,False,False,False,-0.4373,4.7223,-0.2516,-1.2837,-0.1266,1.4899,0.0000,-0.0000,-0.0000,0.0000,-0.0000,0.0000,0.3835,0.1370,0.4062,1.0662,0.0000,0.0000,0.0000,0.0000,0.0000,0.0000,False,-0.0003,-0.0159,-0.0429,0.0484,0.0561,-0.0069,-0.8849,grasp,0.0000,0.0000,0.0000,0.0000,0.0000,0.0000,False,,0.0500,0.0000,False,0.8020,-0.2600,0.0100,0.8432
323,0.0,1.1491,-0.0154,False,False,False,-0.4365,4.7227,-0.2524,-1.2833,-0.1254,1.4905,0.0774,0.0487,-0.0367,-0.0059,0.0731,0.0625,0.3360,0.1370,0.4062,1.0662,0.0000,0.0000,0.0000,0.0000,0.0000,0.0000,False,0.0774,0.0486,-0.0371,-0.0054,0.0736,0.0624,-1.7700,grasp,0.0000,0.0000,0.0000,0.0000,0.0000,0.0000,False,,0.0500,0.0000,False,0.8020,-0.2600,0.0100,0.8432
324,0.0,1.1491,-0.0039,False,False,False,-0.4365,4.7227,-0.2524,-1.2833,-0.1254,1.4905,0.0774,0.0487,-0.0367,-0.0059,0.0731,0.0625,0.3360,0.1370,0.4062,1.0662,0.0000,0.0000,0.0000,0.0000,0.0000,0.0000,False,-0.0201,0.0380,0.0429,-0.0627,-0.0690,0.0102,-2.0163,grasp,0.0000,0.0000,0.0000,0.0000,0.0000,0.0000,False,,0.0500,0.0000,False,0.8020,-0.2600,0.0100,0.8432
325,0.0,1.1482,0.0000,False,False,False,-0.4348,4.7230,-0.2532,-1.2829,-0.1239,1.4914,0.0295,-0.0605,-0.0089,0.0433,0.0046,-0.0273,0.3241,0.1344,0.4043,1.0662,0.0000,0.0000,0.0000,0.0000,0.0000,0.0000,False,0.0295,-0.0605,-0.0089,0.0433,0.0046,-0.0273,0.1342,grasp,0.0000,0.0000,0.0000,0.0000,0.0000,0.0000,False,,0.0500,0.0000,False,0.8020,-0.2600,0.0100,0.8432
326,0.0,1.1485,0.0000,False,False,False,-0.4337,4.7223,-0.2534,-1.2815,-0.1231,1.4906,0.0505,0.0648,-0.0012,0.0640,0.0786,-0.0292,0.3303,0.1331,0.4060,1.0661,0.0000,0.0000,0.0000,0.0000,0.0000,0.0000,False,0.0511,0.0618,-0.0014,0.0648,0.0787,-0.0297,-0.6499,grasp,0.0000,0.0000,0.0000,0.0000,0.0000,0.0000,False,,0.0500,0.0000,False,0.8020,-0.2600,0.0100,0.8432
327,0.0,1.1485,0.0000,False,False,False,-0.4337,4.7223,-0.2534,-1.2815,-0.1231,1.4906,0.0505,0.0648,-0.0012,0.0640,0.0786,-0.0292,0.3303,0.1331,0.4060,1.0661,0.0000,0.0000,0.0000,0.0000,0.0000,0.0000,False,-0.0550,0.0356,0.0710,0.0635,-0.0367,0.0699,-3.0644,grasp,0.0000,0.0000,0.0000,0.0000,0.0000,0.0000,False,,0.0500,0.0000,False,0.8020,-0.2600,0.0100,0.8432
328,0.0,1.1485,0.0000,False,False,False,-0.4324,4.7242,-0.2536,-1.2805,-0.1222,1.4907,0.0350,0.0531,-0.0246,-0.0234,-0.0603,0.0637,0.2890,0.1331,0.4060,1.0661,0.0000,0.0000,0.0000,0.0000,0.0000,0.0000,False,0.0360,0.0554,-0.0247,-0.0222,-0.0588,0.0631,-2.5016,grasp,0.0000,0.0000,0.0000,0.0000,0.0000,0.0000,False,,0.0500,0.0000,False,0.8020,-0.2600,0.0100,0.8432
329,0.0,1.1473,0.0000,False,False,False,-0.4325,4.7245,-0.2539,-1.2804,-0.1233,1.4926,-0.0772,-0.0764,0.0256,0.0590,-0.0016,0.0699,0.2290,0.1328,0.4025,1.0662,0.0000,0.0000,0.0000,0.0000,0.0000,0.0000,False,-0.0765,-0.0749,0.0251,0.0585,-0.0028,0.0711,-2.8101,grasp,0.0000,0.0000,0.0000,0.0000,0.0000,0.0000,False,,0.0500,0.0000,False,0.8020,-0.2600,0.0100,0.8432
330,0.0,1.1473,0.0000,False,False,False,-0.4340,4.7230,-0.2534,-1.2792,-0.1234,1.4939,-0.1466,-0.1448,0.0486,0.1121,-0.0031,0.1329,0.2103,0.1328,0.4025,1.0662,0.0000,0.0000,0.0000,0.0000,0.0000,0.0000,False,0.0354,0.0201,0.0532,-0.0357,0.0222,-0.0518,-2.6398,grasp,0.0000,0.0000,0.0000,0.0000,0.0000,0.0000,False,,0.0500,0.0000,False,0.8020,-0.2600,0.0100,0.8432
331,0.0,1.1473,0.0000,False,False,False,-0.4340,4.7230,-0.2534,-1.2792,-0.1234,1.4939,-0.1466,-0.1448,0.0486,0.1121,-0.0031,0.1329,0.2103,0.1328,0.4025,1.0662,0.0000,0.0000,0.0000,0.0000,0.0000,0.0000,False,-0.0181,-0.0158,0.0172,-0.0723,-0.0590,-0.0065,-2.5001,grasp,0.0000,0.0000,0.0000,0.0000,0.0000,0.0000,False,,0.0500,0.0000,False,0.8020,-0.2600,0.0100,0.8432
332,0.0,1.1465,0.0000,False,False,False,-0.4379,4.7189,-0.2499,-1.2801,-0.1250,1.4944,-0.1923,-0.1959,0.1665,-0.0420,-0.0812,0.0238,0.2643,0.1312,0.4011,1.0660,0.0000,0.0000,0.0000,0.0000,0.0000,0.0000,False,-0.0710,-0.0723,0.0614,-0.0155,-0.0300,0.0088,0.0657,grasp,0.0000,0.0000,0.0000,0.0000,0.0000,0.0000,False,,0.0500,0.0000,True,0.8020,-0.2600,0.0100,0.8432
333,0.0,1.1465,0.0000,False,False,False,-0.4404,4.7164,-0.2478,-1.2806,-0.1261,1.4947,-0.2440,-0.2486,0.2112,-0.0533,-0.1031,0.0301,0.2843,0.1312,0.4011,1.0660,0.0000,0.0000,0.0000,0.0000,0.0000,0.0000,False,0.0382,-0.0452,-0.0692,-0.0731,0.0171,0.0123,-1.2383,grasp,0.0000,0.0000,0.0000,0.0000,0.0000,0.0000,False,,0.0500,0.0000,False,0.8020,-0.2600,0.0100,0.8432
334,0.0,1.1478,0.0000,False,False,False,-0.4400,4.7159,-0.2485,-1.2814,-0.1259,1.4948,0.0407,-0.0411,-0.0713,-0.0726,0.0181,0.0119,0.2779,0.1331,0.4042,1.0660,0.0000,0.0000,0.0000,0.0000,0.0000,0.0000,False,0.0532,-0.0295,0.0326,0.0658,0.0647,0.0788,-2.8204,grasp,0.0000,0.0000,0.0000,0.0000,0.0000,0.0000,False,,0.0500,0.0000,False,0.8020,-0.2600,0.0100,0.8432
335,0.0,1.1478,0.0000,False,False,False,-0.4392,4.7151,-0.2499,-1.2827,-0.1255,1.4951,0.0773,-0.0803,-0.1355,-0.1379,0.0345,0.0227,0.2744,0.1331,0.4042,1.0660,0.0000,0.0000,0.0000,0.0000,0.0000,0.0000,False,-0.0159,-0.0212,0.0629,-0.0735,0.0111,0.0193,-0.3100,grasp,0.0000,0.0000,0.0000,0.0000,0.0000,0.0000,False,,0.0500,0.0000,False,0.8020,-0.2600,0.0100,0.8432
336,0.0,1.1481,0.0000,False,False,False,-0.4387,4.7154,-0.2506,-1.2835,-0.1259,1.4958,0.0549,0.0555,-0.0713,-0.0780,-0.0319,0.0718,0.2982,0.1305,0.4060,1.0659,0.0000,0.0000,0.0000,0.0000,0.0000,0.0000,False,0.0549,0.0552,-0.0713,-0.0780,-0.0319,0.0718,-0.2914,grasp,0.0000,0.0000,0.0000,0.0000,0.0000,0.0000,False,,0.0500,0.0000,False,0.8020,-0.2600,0.0100,0.8432
337,0.0,1.1481,0.0000,False,False,False,-0.4383,4.7164,-0.2521,-1.2846,-0.1267,1.4971,-0.0656,-0.0017,-0.0185,0.0366,-0.0231,-0.0041,0.3447,0.1305,0.4060,1.0659,0.0000,0.0000,0.0000,0.0000,0.0000,0.0000,False,-0.0645,-0.0006,-0.0199,0.0351,-0.0237,-0.0027,2.6887,grasp,0.0000,0.0000,0.0000,0.0000,0.0000,0.0000,False,,0.0500,0.0000,True,0.8020,-0.2600,0.0100,0.8432
338,0.0,1.1489,0.0000,False,False,False,-0.4388,4.7170,-0.2517,-1.2834,-0.1277,1.4968,0.0723,0.0675,0.0788,0.0558,-0.0596,-0.0214,0.3708,0.1325,0.4079,1.0658,0.0000,0.0000,0.0000,0.0000,0.0000,0.0000,False,0.0711,0.0674,0.0785,0.0565,-0.0601,-0.0214,-0.0716,grasp,0.0000,0.0000,0.0000,0.0000,0.0000,0.0000,False,,0.0500,0.0000,False,0.8020,-0.2600,0.0100,0.8432
339,0.0,1.1489,0.0000,False,False,False,-0.4374,4.7182,-0.2502,-1.2823,-0.1289,1.4964,0.1374,0.1291,0.1498,0.1060,-0.1133,-0.0406,0.3728,0.1325,0.4079,1.0658,0.0000,0.0000,0.0000,0.0000,0.0000,0.0000,False,-0.0108,-0.0514,-0.0575,-0.0612,0.0390,-0.0212,-2.2370,grasp,0.0000,0.0000,0.0000,0.0000,0.0000,0.0000,False,,0.0500,0.0000,False,0.8020,-0.2600,0.0100,0.8432
340,0.0,1.1489,0.0000,False,False,False,-0.4374,4.7182,-0.2502,-1.2823,-0.1289,1.4964,0.1374,0.1291,0.1498,0.1060,-0.1133,-0.0406,0.3728,0.1325,0.4079,1.0658,0.0000,0.0000,0.0000,0.0000,0.0000,0.0000,False,0.0501,-0.0382,-0.0336,-0.0139,-0.0566,0.0246,0.0304,grasp,0.0000,0.0000,0.0000,0.0000,0.0000,0.0000,False,,0.0500,0.0000,False,0.8020,-0.2600,0.0100,0.8432
341,0.0,1.1485,0.0000,False,False,False,-0.4389,4.7227,-0.2488,-1.2817,-0.1333,1.4941,-0.0697,0.2114,0.0669,0.0322,-0.2136,-0.1111,0.2780,0.1345,0.4056,1.0660,0.0000,0.0000,0.0000,0.0000,0.0000,0.0000,False,-0.0257,0.0774,0.0247,0.0119,-0.0788,-0.0410,-2.6159,grasp,0.0000,0.0000,0.0000,0.0000,0.0000,0.0000,False,,0.0500,0.0000,False,0.8020,-0.2600,0.0100,0.8432
342,0.0,1.1474,0.0000,False,False,False,-0.4397,4.7268,-0.2480,-1.2813,-0.1360,1.4927,-0.0000,0.0000,0.0000,0.0000,-0.0000,0.0000,0.2771,0.1437,0.3986,1.0663,0.0000,0.0000,0.0000,0.0000,0.0000,0.0000,False,0.0475,0.0173,-0.0634,0.0787,0.0707,-0.0475,0.5177,grasp,0.0000,0.0000,0.0000,0.0000,0.0000,0.0000,False,,0.0500,0.0000,True,0.8020,-0.2600,0.0100,0.8432
343,0.0,1.1474,0.0000,False,False,False,-0.4393,4.7268,-0.2486,-1.2805,-0.1353,1.4922,0.0484,0.0005,-0.0643,0.0782,0.0734,-0.0461,0.2960,0.1437,0.3986,1.0663,0.0000,0.0000,0.0000,0.0000,0.0000,0.0000,False,0.0744,-0.0462,-0.0171,0.0745,0.0669,0.0347,-1.9647,grasp,0.0000,0.0000,0.0000,0.0000,0.0000,0.0000,False,,0.0500,0.0000,False,0.8020,-0.2600,0.0100,0.8432
344,0.0,1.1474,0.0000,False,False,False,-0.4383,4.7269,-0.2498,-1.2790,-0.1339,1.4914,0.0919,0.0151,-0.1222,0.1487,0.1394,-0.0876,0.3129,0.1437,0.3986,1.0663,0.0000,0.0000,0.0000,0.0000,0.0000,0.0000,False,-0.0313,0.0630,0.0546,0.0001,-0.0353,-0.0649,-2.3368,grasp,0.0000,0.0000,0.0000,0.0000,0.0000,0.0000,False,,0.0500,0.0000,False,0.8020,-0.2600,0.0100,0.8432
345,0.0,1.1474,0.0000,False,False,False,-0.4383,4.7269,-0.2498,-1.2790,-0.1339,1.4914,0.0000,-0.0000,-0.0000,0.0000,0.0000,0.0000,0.3129,0.1437,0.3986,1.0663,0.0000,0.0000,0.0000,0.0000,0.0000,0.0000,False,0.0226,0.0748,0.0431,-0.0131,-0.0429,-0.0614,2.2289,grasp,0.0000,0.0000,0.0000,0.0000,0.0000,0.0000,False,,0.0500,0.0000,True,0.8020,-0.2600,0.0100,0.8432
346,0.0,1.1481,0.0000,False,False,False,-0.4400,4.7297,-0.2486,-1.2802,-0.1329,1.4888,-0.1255,0.1460,0.0517,-0.0689,0.0883,-0.1238,0.3925,0.1440,0.4008,1.0662,0.0000,0.0000,0.0000,0.0000,0.0000,0.0000,False,-0.0658,0.0774,0.0276,-0.0364,0.0461,-0.0658,2.5717,grasp,0.0000,0.0000,0.0000,0.0000,0.0000,0.0000,False,,0.0500,0.0000,True,0.8020,-0.2600,0.0100,0.8432
347,0.0,1.1495,0.0000,False,False,False,-0.4422,4.7327,-0.2484,-1.2812,-0.1313,1.4878,-0.0353,0.0063,-0.0519,-0.0078,0.0398,0.0711,0.4510,0.1511,0.4011,1.0666,0.0000,0.0000,0.0000,0.0000,0.0000,0.0000,False,-0.0371,0.0170,-0.0512,-0.0087,0.0411,0.0693,3.0989,grasp,0.0000,0.0000,0.0000,0.0000,0.0000,0.0000,False,,0.0500,0.0000,True,0.8020,-0.2600,0.0100,0.8432
348,0.0,1.1495,0.0000,False,False,False,-0.4428,4.7329,-0.2494,-1.2814,-0.1305,1.4891,-0.0671,0.0207,-0.0986,-0.0147,0.0756,0.1350,0.4710,0.1511,0.4011,1.0666,0.0000,0.0000,0.0000,0.0000,0.0000,0.0000,False,0.0713,0.0563,-0.0365,-0.0647,-0.0005,-0.0203,-1.2698,grasp,0.0000,0.0000,0.0000,0.0000,0.0000,0.0000,False,,0.0500,0.0000,False,0.8020,-0.2600,0.0100,0.8432
349,0.0,1.1495,0.0000,False,False,False,-0.4428,4.7329,-0.2494,-1.2814,-0.1305,1.4891,-0.0671,0.0207,-0.0986,-0.0147,0.0756,0.1350,0.4710,0.1511,0.4011,1.0666,0.0000,0.0000,0.0000,0.0000,0.0000,0.0000,False,-0.0654,-0.0721,0.0713,0.0079,-0.0380,0.0521,-2.3081,grasp,0.0000,0.0000,0.0000,0.0000,0.0000,0.0000,False,,0.0500,0.0000,False,0.8020,-0.2600,0.0100,0.8432
350,0.0,1.1503,0.0000,False,False,False,-0.4435,4.7303,-0.2487,-1.2826,-0.1306,1.4887,-0.0019,-0.1245,-0.0051,-0.0875,0.0191,-0.0644,0.5174,0.1520,0.4032,1.0665,0.0000,0.0000,0.0000,0.0000,0.0000,0.0000,False,-0.0017,-0.0661,-0.0020,-0.0460,0.0097,-0.0334,0.5758,grasp,0.0000,0.0000,0.0000,0.0000,0.0000,0.0000,False,,0.0500,0.0000,False,0.8020,-0.2600,0.0100,0.8432
351,0.0,1.1501,0.0000,False,False,False,-0.4435,4.7281,-0.2488,-1.2839,-0.1303,1.4878,-0.0000,-0.0000,-0.0000,0.0000,-0.0000,0.0000,0.4930,0.1479,0.4043,1.0665,0.0000,0.0000,0.0000,0.0000,0.0000,0.0000,False,-0.0278,0.0555,-0.0067,-0.0188,0.0717,0.0336,-1.0197,grasp,0.0000,0.0000,0.0000,0.0000,0.0000,0.0000,False,,0.0500,0.0000,False,0.8020,-0.2600,0.0100,0.8432
352,0.0,1.1501,0.0000,False,False,False,-0.4438,4.7287,-0.2489,-1.2841,-0.1296,1.4881,-0.0278,0.0617,-0.0067,-0.0176,0.0714,0.0345,0.4730,0.1479,0.4043,1.0665,0.0000,0.0000,0.0000,0.0000,0.0000,0.0000,False,-0.0703,0.0207,-0.0466,0.0689,-0.0735,0.0556,-1.2321,grasp,0.0000,0.0000,0.0000,0.0000,0.0000,0.0000,False,,0.0500,0.0000,False,0.8020,-0.2600,0.0100,0.8432
353,0.0,1.1501,0.0000,False,False,False,-0.4444,4.7298,-0.2490,-1.2844,-0.1283,1.4888,-0.0528,0.1130,-0.0127,-0.0334,0.1357,0.0656,0.4530,0.1479,0.4043,1.0665,0.0000,0.0000,0.0000,0.0000,0.0000,0.0000,False,0.0405,0.0226,0.0272,-0.0542,0.0554,-0.0581,-1.8001,grasp,0.0000,0.0000,0.0000,0.0000,0.0000,0.0000,False,,0.0500,0.0000,False,0.8020,-0.2600,0.0100,0.8432
354,0.0,1.1493,0.0000,False,False,False,-0.4436,4.7300,-0.2490,-1.2843,-0.1285,1.4889,0.0753,0.0097,0.0009,0.0114,-0.0229,0.0174,0.3930,0.1476,0.4018,1.0666,0.0000,0.0000,0.0000,0.0000,0.0000,0.0000,False,0.0753,0.0098,0.0009,0.0114,-0.0229,0.0174,-2.4823,grasp,0.0000,0.0000,0.0000,0.0000,0.0000,0.0000,False,,0.0500,0.0000,False,0.8020,-0.2600,0.0100,0.8432
355,0.0,1.1493,0.0000,False,False,False,-0.4375,4.7308,-0.2489,-1.2834,-0.1304,1.4903,0.2588,0.0334,0.0032,0.0393,-0.0789,0.0598,0.3330,0.1476,0.4018,1.0666,0.0000,0.0000,0.0000,0.0000,0.0000,0.0000,False,-0.0430,0.0287,-0.0438,0.0308,0.0163,0.0433,2.5732,grasp,0.0000,0.0000,0.0000,0.0000,0.0000,0.0000,False,,0.0500,0.0000,True,0.8020,-0.2600,0.0100,0.8432
356,0.0,1.1490,0.0000,False,False,False,-0.4370,4.7306,-0.2494,-1.2841,-0.1302,1.4898,0.0589,-0.0244,-0.0504,-0.0714,0.0200,-0.0557,0.3799,0.1460,0.4015,1.0666,0.0000,0.0000,0.0000,0.0000,0.0000,0.0000,False,0.0589,-0.0244,-0.0504,-0.0714,0.0200,-0.0557,0.2558,grasp,0.0000,0.0000,0.0000,0.0000,0.0000,0.0000,False,,0.0500,0.0000,False,0.8020,-0.2600,0.0100,0.8432
357,0.0,1.1490,0.0000,False,False,False,-0.4358,4.7301,-0.2504,-1.2854,-0.1298,1.4887,0.1119,-0.0467,-0.0958,-0.1356,0.0380,-0.1058,0.3851,0.1460,0.4015,1.0666,0.0000,0.0000,0.0000,0.0000,0.0000,0.0000,False,0.0751,-0.0024,-0.0597,-0.0083,0.0784,-0.0224,-1.5269,grasp,0.0000,0.0000,0.0000,0.0000,0.0000,0.0000,False,,0.0500,0.0000,False,0.8020,-0.2600,0.0100,0.8432
358,0.0,1.1490,0.0000,False,False,False,-0.4358,4.7300,-0.2504,-1.2854,-0.1298,1.4887,-0.0000,-0.0000,-0.0000,0.0000,-0.0000,0.0000,0.3472,0.1460,0.4015,1.0666,0.0000,0.0000,0.0000,0.0000,0.0000,0.0000,False,0.0692,0.0696,0.0067,-0.0518,0.0599,0.0641,-2.6033,grasp,0.0000,0.0000,0.0000,0.0000,0.0000,0.0000,False,,0.0500,0.0000,False,0.8020,-0.2600,0.0100,0.8432
359,0.0,1.1485,0.0000,False,False,False,-0.4356,4.7308,-0.2499,-1.2859,-0.1299,1.4900,-0.0416,0.0158,0.0409,0.0004,-0.0680,0.0606,0.2872,0.1430,0.4011,1.0667,0.0000,0.0000,0.0000,0.0000,0.0000,0.0000,False,-0.0410,0.0167,0.0409,-0.0002,-0.0674,0.0612,-3.0205,grasp,0.0000,0.0000,0.0000,0.0000,0.0000,0.0000,False,,0.0500,0.0000,False,0.8020,-0.2600,0.0100,0.8432
360,0.0,1.1476,0.0000,False,False,False,-0.4375,4.7331,-0.2504,-1.2878,-0.1311,1.4901,-0.0746,0.1300,-0.0825,-0.1217,-0.0000,-0.0690,0.2589,0.1439,0.3978,1.0668,0.0000,0.0000,0.0000,0.0000,0.0000,0.0000,False,-0.0401,0.0689,-0.0426,-0.0641,-0.0013,-0.0352,-1.2835,grasp,0.0000,0.0000,0.0000,0.0000,0.0000,0.0000,False,,0.0500,0.0000,False,0.8020,-0.2600,0.0100,0.8432
361,0.0,1.1476,0.0000,False,False,False,-0.4386,4.7350,-0.2516,-1.2895,-0.1311,1.4891,-0.1065,0.1857,-0.1176,-0.1736,-0.0000,-0.0985,0.2567,0.1439,0.3978,1.0668,0.0000,0.0000,0.0000,0.0000,0.0000,0.0000,False,0.0398,0.0012,0.0619,-0.0176,-0.0223,0.0721,2.9897,grasp,0.0000,0.0000,0.0000,0.0000,0.0000,0.0000,False,,0.0500,0.0000,True,0.8020,-0.2600,0.0100,0.8432
362,0.0,1.1476,0.0000,False,False,False,-0.4386,4.7350,-0.2516,-1.2895,-0.1311,1.4891,-0.1065,0.1857,-0.1176,-0.1736,-0.0000,-0.0985,0.2567,0.1439,0.3978,1.0668,0.0000,0.0000,0.0000,0.0000,0.0000,0.0000,False,-0.0353,0.0215,0.0705,0.0191,0.0539,-0.0030,2.5044,grasp,0.0000,0.0000,0.0000,0.0000,0.0000,0.0000,False,,0.0500,0.0000,True,0.8020,-0.2600,0.0100,0.8432
363,0.0,1.1485,0.0000,False,False,False,-0.4419,4.7312,-0.2512,-1.2897,-0.1326,1.4873,-0.1621,-0.1965,0.0180,-0.0072,-0.0718,-0.0880,0.3560,0.1472,0.3988,1.0669,0.0000,0.0000,0.0000,0.0000,0.0000,0.0000,False,-0.0598,-0.0721,0.0067,-0.0027,-0.0265,-0.0325,2.3516,grasp,0.0000,0.0000,0.0000,0.0000,0.0000,0.0000,False,,0.0500,0.0000,True,0.8020,-0.2600,0.0100,0.8432
364,0.0,1.1485,0.0000,False,False,False,-0.4419,4.7312,-0.2512,-1.2897,-0.1326,1.4873,-0.1621,-0.1965,0.0180,-0.0072,-0.0718,-0.0880,0.3560,0.1472,0.3988,1.0669,0.0000,0.0000,0.0000,0.0000,0.0000,0.0000,False,0.0239,-0.0001,-0.0080,0.0647,-0.0231,0.0674,1.8032,grasp,0.0000,0.0000,0.0000,0.0000,0.0000,0.0000,False,,0.0500,0.0000,True,0.8020,-0.2600,0.0100,0.8432
365,0.0,1.1495,0.0000,False,False,False,-0.4433,4.7276,-0.2504,-1.2891,-0.1340,1.4860,0.0685,-0.0632,0.0615,0.0626,-0.0508,-0.0169,0.4050,0.1465,0.4028,1.0666,0.0000,0.0000,0.0000,0.0000,0.0000,0.0000,False,0.0685,-0.0637,0.0615,0.0626,-0.0508,-0.0169,-0.9442,grasp,0.0000,0.0000,0.0000,0.0000,0.0000,0.0000,False,,0.0500,0.0000,False,0.8020,-0.2600,0.0100,0.8432
366,0.0,1.1495,0.0000,False,False,False,-0.4420,4.7264,-0.2492,-1.2880,-0.1350,1.4857,0.1302,-0.1201,0.1169,0.1190,-0.0965,-0.0320,0.3925,0.1465,0.4028,1.0666,0.0000,0.0000,0.0000,0.0000,0.0000,0.0000,False,0.0455,0.0398,-0.0090,0.0624,0.0746,0.0284,-1.7522,grasp,0.0000,0.0000,0.0000,0.0000,0.0000,0.0000,False,,0.0500,0.0000,False,0.8020,-0.2600,0.0100,0.8432
367,0.0,1.1495,0.0000,False,False,False,-0.4420,4.7263,-0.2492,-1.2880,-0.1350,1.4857,0.0000,-0.0000,-0.0000,0.0000,0.0000,0.0000,0.3781,0.1465,0.4028,1.0666,0.0000,0.0000,0.0000,0.0000,0.0000,0.0000,False,-0.0247,0.0199,-0.0688,0.0088,0.0199,-0.0341,0.2269,grasp,0.0000,0.0000,0.0000,0.0000,0.0000,0.0000,False,,0.0500,0.0000,False,0.8020,-0.2600,0.0100,0.8432
368,0.0,1.1491,0.0000,False,False,False,-0.4429,4.7259,-0.2497,-1.2881,-0.1353,1.4858,-0.0654,-0.0623,0.0137,-0.0279,-0.0447,0.0520,0.3464,0.1449,0.4024,1.0665,0.0000,0.0000,0.0000,0.0000,0.0000,0.0000,False,-0.0657,-0.0621,0.0130,-0.0278,-0.0445,0.0517,-1.6556,grasp,0.0000,0.0000,0.0000,0.0000,0.0000,0.0000,False,,0.0500,0.0000,False,0.8020,-0.2600,0.0100,0.8432
369,0.0,1.1484,0.0000,False,False,False,-0.4438,4.7257,-0.2472,-1.2881,-0.1378,1.4861,0.0206,0.0729,0.1469,0.0369,-0.1086,-0.0477,0.3297,0.1443,0.4007,1.0665,0.0000,0.0000,0.0000,0.0000,0.0000,0.0000,False,0.0096,0.0366,0.0776,0.0189,-0.0580,-0.0241,-0.5717,grasp,0.0000,0.0000,0.0000,0.0000,0.0000,0.0000,False,,0.0500,0.0000,False,0.8020,-0.2600,0.0100,0.8432
370,0.0,1.1484,0.0000,False,False,False,-0.4435,4.7267,-0.2451,-1.2876,-0.1393,1.4854,0.0294,0.1038,0.2096,0.0527,-0.1549,-0.0681,0.3295,0.1443,0.4007,1.0665,0.0000,0.0000,0.0000,0.0000,0.0000,0.0000,False,0.0140,0.0226,-0.0143,-0.0011,-0.0529,0.0349,1.6319,grasp,0.0000,0.0000,0.0000,0.0000,0.0000,0.0000,False,,0.0500,0.0000,True,0.8020,-0.2600,0.0100,0.8432
371,0.0,1.1484,0.0000,False,False,False,-0.4435,4.7272,-0.2451,-1.2876,-0.1393,1.4854,0.0000,-0.0000,-0.0000,0.0000,0.0000,0.0000,0.3489,0.1443,0.4007,1.0665,0.0000,0.0000,0.0000,0.0000,0.0000,0.0000,False,-0.0126,-0.0243,0.0242,-0.0502,-0.0758,0.0497,-2.1613,grasp,0.0000,0.0000,0.0000,0.0000,0.0000,0.0000,False,,0.0500,0.0000,False,0.8020,-0.2600,0.0100,0.8432
372,0.0,1.1491,0.0000,False,False,False,-0.4429,4.7274,-0.2442,-1.2888,-0.1405,1.4863,0.0725,0.0515,0.0648,-0.0754,-0.0378,0.0430,0.3528,0.1493,0.4003,1.0667,0.0000,0.0000,0.0000,0.0000,0.0000,0.0000,False,0.0724,0.0513,0.0650,-0.0759,-0.0385,0.0435,-2.4001,grasp,0.0000,0.0000,0.0000,0.0000,0.0000,0.0000,False,,0.0500,0.0000,False,0.8020,-0.2600,0.0100,0.8432
373,0.0,1.1483,0.0000,False,False,False,-0.4413,4.7285,-0.2423,-1.2896,-0.1405,1.4873,0.0205,-0.0002,0.0737,0.0679,0.0686,0.0104,0.3146,0.1494,0.3974,1.0670,0.0000,0.0000,0.0000,0.0000,0.0000,0.0000,False,0.0219,0.0023,0.0749,0.0665,0.0678,0.0113,-1.2802,grasp,0.0000,0.0000,0.0000,0.0000,0.0000,0.0000,False,,0.0500,0.0000,False,0.8020,-0.2600,0.0100,0.8432
374,0.0,1.1483,0.0000,False,False,False,-0.4413,4.7285,-0.2423,-1.2896,-0.1405,1.4873,0.0205,-0.0002,0.0737,0.0679,0.0686,0.0104,0.3146,0.1494,0.3974,1.0670,0.0000,0.0000,0.0000,0.0000,0.0000,0.0000,False,-0.0241,0.0669,-0.0654,0.0605,0.0575,0.0392,-2.5063,grasp,0.0000,0.0000,0.0000,0.0000,0.0000,0.0000,False,,0.0500,0.0000,False,0.8020,-0.2600,0.0100,0.8432
375,0.0,1.1483,0.0000,False,False,False,-0.4409,4.7285,-0.2409,-1.2883,-0.1392,1.4875,-0.0000,-0.0000,-0.0000,0.0000,-0.0000,0.0000,0.2868,0.1494,0.3974,1.0670,0.0000,0.0000,0.0000,0.0000,0.0000,0.0000,False,-0.0747,0.0683,0.0575,0.0728,0.0396,-0.0455,-1.4339,grasp,0.0000,0.0000,0.0000,0.0000,0.0000,0.0000,False,,0.0500,0.0000,False,0.8020,-0.2600,0.0100,0.8432
376,0.0,1.1478,0.0000,False,False,False,-0.4394,4.7284,-0.2401,-1.2895,-0.1348,1.4845,0.0852,-0.0382,0.0708,-0.0857,0.1852,-0.1624,0.2852,0.1488,0.3961,1.0670,0.0000,0.0000,0.0000,0.0000,0.0000,0.0000,False,0.0312,-0.0134,0.0255,-0.0310,0.0689,-0.0595,-0.6258,grasp,0.0000,0.0000,0.0000,0.0000,0.0000,0.0000,False,,0.0500,0.0000,False,0.8020,-0.2600,0.0100,0.8432
377,0.0,1.1478,0.0000,False,False,False,-0.4394,4.7284,-0.2401,-1.2895,-0.1348,1.4845,0.0852,-0.0382,0.0708,-0.0857,0.1852,-0.1624,0.2852,0.1488,0.3961,1.0670,0.0000,0.0000,0.0000,0.0000,0.0000,0.0000,False,0.0699,0.0442,0.0373,-0.0736,-0.0156,-0.0222,2.8299,grasp,0.0000,0.0000,0.0000,0.0000,0.0000,0.0000,False,,0.0500,0.0000,True,0.8020,-0.2600,0.0100,0.8432
378,0.0,1.1484,0.0000,False,False,False,-0.4381,4.7280,-0.2394,-1.2899,-0.1319,1.4823,0.0209,0.0052,-0.0262,0.0695,0.0576,-0.0166,0.2922,0.1463,0.3981,1.0672,0.0000,0.0000,0.0000,0.0000,0.0000,0.0000,False,0.0220,0.0046,-0.0253,0.0685,0.0600,-0.0186,-0.7289,grasp,0.0000,0.0000,0.0000,0.0000,0.0000,0.0000,False,,0.0500,0.0000,False,0.8020,-0.2600,0.0100,0.8432
379,0.0,1.1484,0.0000,False,False,False,-0.4377,4.7281,-0.2399,-1.2886,-0.1308,1.4819,-0.0000,-0.0000,-0.0000,0.0000,-0.0000,0.0000,0.2825,0.1463,0.3981,1.0672,0.0000,0.0000,0.0000,0.0000,0.0000,0.0000,False,-0.0254,0.0206,-0.0268,-0.0015,-0.0679,0.0313,-1.7206,grasp,0.0000,0.0000,0.0000,0.0000,0.0000,0.0000,False,,0.0500,0.0000,False,0.8020,-0.2600,0.0100,0.8432
380,0.0,1.1484,0.0000,False,False,False,-0.4380,4.7283,-0.2402,-1.2886,-0.1315,1.4823,0.0000,-0.0000,-0.0000,0.0000,0.0000,0.0000,0.2923,0.1463,0.3981,1.0672,0.0000,0.0000,0.0000,0.0000,0.0000,0.0000,False,-0.0762,0.0322,-0.0680,0.0630,0.0198,0.0683,2.4814,grasp,0.0000,0.0000,0.0000,0.0000,0.0000,0.0000,False,,0.0500,0.0000,True,0.8020,-0.2600,0.0100,0.8432
381,0.0,1.1486,0.0000,False,False,False,-0.4382,4.7291,-0.2404,-1.2887,-0.1312,1.4832,0.0523,0.0523,0.0442,-0.0765,0.0053,0.0279,0.3124,0.1469,0.3988,1.0671,0.0000,0.0000,0.0000,0.0000,0.0000,0.0000,False,0.0516,0.0526,0.0436,-0.0758,0.0055,0.0286,-0.7559,grasp,0.0000,0.0000,0.0000,0.0000,0.0000,0.0000,False,,0.0500,0.0000,False,0.8020,-0.2600,0.0100,0.8432
382,0.0,1.1485,0.0000,False,False,False,-0.4374,4.7297,-0.2399,-1.2897,-0.1314,1.4831,-0.0169,-0.0581,-0.0344,0.0480,-0.0346,-0.0619,0.2997,0.1472,0.3980,1.0672,0.0000,0.0000,0.0000,0.0000,0.0000,0.0000,False,-0.0160,-0.0559,-0.0335,0.0466,-0.0345,-0.0614,-1.1851,grasp,0.0000,0.0000,0.0000,0.0000,0.0000,0.0000,False,,0.0500,0.0000,False,0.8020,-0.2600,0.0100,0.8432
383,0.0,1.1485,0.0000,False,False,False,-0.4377,4.7284,-0.2406,-1.2888,-0.1321,1.4820,0.0000,-0.0000,-0.0000,0.0000,-0.0000,0.0000,0.3053,0.1472,0.3980,1.0672,0.0000,0.0000,0.0000,0.0000,0.0000,0.0000,False,-0.0746,0.0758,-0.0703,-0.0572,-0.0687,-0.0038,0.0131,grasp,0.0000,0.0000,0.0000,0.0000,0.0000,0.0000,False,,0.0500,0.0000,False,0.8020,-0.2600,0.0100,0.8432
384,0.0,1.1485,0.0000,False,False,False,-0.4385,4.7292,-0.2413,-1.2894,-0.1328,1.4819,-0.0743,0.0787,-0.0697,-0.0581,-0.0681,-0.0026,0.3149,0.1472,0.3980,1.0672,0.0000,0.0000,0.0000,0.0000,0.0000,0.0000,False,0.0147,-0.0534,-0.0249,-0.0766,0.0334,-0.0241,2.8588,grasp,0.0000,0.0000,0.0000,0.0000,0.0000,0.0000,False,,0.0500,0.0000,True,0.8020,-0.2600,0.0100,0.8432
385,0.0,1.1491,0.0000,False,False,False,-0.4382,4.7285,-0.2400,-1.2884,-0.1340,1.4824,0.0163,-0.0475,0.0820,0.0606,-0.0774,0.0313,0.3948,0.1481,0.3998,1.0671,0.0000,0.0000,0.0000,0.0000,0.0000,0.0000,False,0.0086,-0.0250,0.0431,0.0319,-0.0407,0.0165,-0.9659,grasp,0.0000,0.0000,0.0000,0.0000,0.0000,0.0000,False,,0.0500,0.0000,False,0.8020,-0.2600,0.0100,0.8432
386,0.0,1.1491,0.0000,False,False,False,-0.4380,4.7278,-0.2389,-1.2876,-0.1351,1.4829,0.0232,-0.0677,0.1169,0.0865,-0.1104,0.0447,0.4148,0.1481,0.3998,1.0671,0.0000,0.0000,0.0000,0.0000,0.0000,0.0000,False,0.0011,-0.0451,0.0221,0.0313,0.0218,-0.0750,2.7362,grasp,0.0000,0.0000,0.0000,0.0000,0.0000,0.0000,False,,0.0500,0.0000,True,0.8020,-0.2600,0.0100,0.8432
387,0.0,1.1501,0.0000,False,False,False,-0.4380,4.7273,-0.2387,-1.2873,-0.1348,1.4821,0.0009,-0.0445,0.0209,0.0304,0.0229,-0.0754,0.4542,0.1498,0.4021,1.0670,0.0000,0.0000,0.0000,0.0000,0.0000,0.0000,False,-0.0532,0.0249,-0.0686,-0.0258,-0.0498,-0.0281,-0.6972,grasp,0.0000,0.0000,0.0000,0.0000,0.0000,0.0000,False,,0.0500,0.0000,False,0.8020,-0.2600,0.0100,0.8432
388,0.0,1.1501,0.0000,False,False,False,-0.4380,4.7265,-0.2383,-1.2867,-0.1344,1.4807,-0.0000,-0.0000,-0.0000,0.0000,-0.0000,0.0000,0.4939,0.1498,0.4021,1.0670,0.0000,0.0000,0.0000,0.0000,0.0000,0.0000,False,-0.0370,-0.0351,-0.0493,-0.0561,-0.0022,-0.0778,2.5610,grasp,0.0000,0.0000,0.0000,0.0000,0.0000,0.0000,False,,0.0500,0.0000,True,0.8020,-0.2600,0.0100,0.8432
389,0.0,1.1501,0.0000,False,False,False,-0.4383,4.7261,-0.2388,-1.2873,-0.1344,1.4799,-0.0370,-0.0339,-0.0497,-0.0567,-0.0027,-0.0763,0.5136,0.1498,0.4021,1.0670,0.0000,0.0000,0.0000,0.0000,0.0000,0.0000,False,0.0044,-0.0180,0.0123,-0.0091,-0.0003,0.0464,-2.5389,grasp,0.0000,0.0000,0.0000,0.0000,0.0000,0.0000,False,,0.0500,0.0000,False,0.8020,-0.2600,0.0100,0.8432
390,0.0,1.1508,0.0000,False,False,False,-0.4378,4.7274,-0.2389,-1.2863,-0.1366,1.4820,0.0361,0.0855,-0.0076,0.0617,-0.1445,0.1381,0.5936,0.1499,0.4042,1.0670,0.0000,0.0000,0.0000,0.0000,0.0000,0.0000,False,0.0190,0.0449,-0.0040,0.0325,-0.0761,0.0727,-2.2173,grasp,0.0000,0.0000,0.0000,0.0000,0.0000,0.0000,False,,0.0500,0.0000,False,0.8020,-0.2600,0.0100,0.8432
391,0.0,1.1506,0.0000,False,False,False,-0.4368,4.7281,-0.2394,-1.2852,-0.1387,1.4841,0.0490,-0.0745,-0.0450,0.0215,0.0008,0.0125,0.5767,0.1520,0.4033,1.0668,0.0000,0.0000,0.0000,0.0000,0.0000,0.0000,False,0.0495,-0.0719,-0.0451,0.0224,-0.0013,0.0145,-0.2267,grasp,0.0000,0.0000,0.0000,0.0000,0.0000,0.0000,False,,0.0500,0.0000,False,0.8020,-0.2600,0.0100,0.8432
392,0.0,1.1506,0.0000,False,False,False,-0.4359,4.7263,-0.2403,-1.2848,-0.1387,1.4843,-0.0000,-0.0000,-0.0000,0.0000,-0.0000,0.0000,0.5367,0.1520,0.4033,1.0668,0.0000,0.0000,0.0000,0.0000,0.0000,0.0000,False,-0.0654,-0.0400,0.0623,0.0293,-0.0633,-0.0526,-2.6850,grasp,0.0000,0.0000,0.0000,0.0000,0.0000,0.0000,False,,0.0500,0.0000,False,0.8020,-0.2600,0.0100,0.8432
393,0.0,1.1506,0.0000,False,False,False,-0.4359,4.7263,-0.2403,-1.2848,-0.1387,1.4843,-0.0000,-0.0000,-0.0000,0.0000,-0.0000,0.0000,0.5367,0.1520,0.4033,1.0668,0.0000,0.0000,0.0000,0.0000,0.0000,0.0000,False,-0.0408,0.0449,0.0789,0.0266,0.0584,0.0369,-1.4135,grasp,0.0000,0.0000,0.0000,0.0000,0.0000,0.0000,False,,0.0500,0.0000,False,0.8020,-0.2600,0.0100,0.8432
394,0.0,1.1500,0.0000,False,False,False,-0.4400,4.7227,-0.2440,-1.2862,-0.1373,1.4797,-0.1671,-0.1658,-0.2106,-0.0832,0.0980,-0.1965,0.4711,0.1489,0.4032,1.0667,0.0000,0.0000,0.0000,0.0000,0.0000,0.0000,False,-0.0623,-0.0611,-0.0771,-0.0304,0.0355,-0.0730,-0.1245,grasp,0.0000,0.0000,0.0000,0.0000,0.0000,0.0000,False,,0.0500,0.0000,False,0.8020,-0.2600,0.0100,0.8432
395,0.0,1.1500,0.0000,False,False,False,-0.4421,4.7206,-0.2467,-1.2873,-0.1360,1.4772,-0.2120,-0.2103,-0.2672,-0.1055,0.1244,-0.2494,0.4624,0.1489,0.4032,1.0667,0.0000,0.0000,0.0000,0.0000,0.0000,0.0000,False,0.0545,0.0178,0.0144,0.0500,-0.0697,-0.0626,-1.8380,grasp,0.0000,0.0000,0.0000,0.0000,0.0000,0.0000,False,,0.0500,0.0000,False,0.8020,-0.2600,0.0100,0.8432
396,0.0,1.1494,0.0000,False,False,False,-0.4415,4.7198,-0.2465,-1.2868,-0.1367,1.4766,0.0566,0.0318,0.0171,0.0510,-0.0710,-0.0601,0.4224,0.1417,0.4050,1.0663,0.0000,0.0000,0.0000,0.0000,0.0000,0.0000,False,-0.0071,-0.0729,0.0302,-0.0132,0.0729,-0.0367,-1.2510,grasp,0.0000,0.0000,0.0000,0.0000,0.0000,0.0000,False,,0.0500,0.0000,False,0.8020,-0.2600,0.0100,0.8432
397,0.0,1.1494,0.0000,False,False,False,-0.4415,4.7198,-0.2465,-1.2868,-0.1367,1.4766,-0.0000,-0.0000,-0.0000,0.0000,-0.0000,0.0000,0.3843,0.1417,0.4050,1.0663,0.0000,0.0000,0.0000,0.0000,0.0000,0.0000,False,0.0570,-0.0228,-0.0587,-0.0522,-0.0711,-0.0323,-2.6703,grasp,0.0000,0.0000,0.0000,0.0000,0.0000,0.0000,False,,0.0500,0.0000,False,0.8020,-0.2600,0.0100,0.8432
398,0.0,1.1494,0.0000,False,False,False,-0.4410,4.7196,-0.2471,-1.2873,-0.1375,1.4763,0.0570,-0.0228,-0.0587,-0.0522,-0.0711,-0.0323,0.3643,0.1417,0.4050,1.0663,0.0000,0.0000,0.0000,0.0000,0.0000,0.0000,False,-0.0378,0.0159,0.0158,0.0473,-0.0372,0.0085,-0.2865,grasp,0.0000,0.0000,0.0000,0.0000,0.0000,0.0000,False,,0.0500,0.0000,False,0.8020,-0.2600,0.0100,0.8432
399,0.0,1.1490,0.0000,False,False,False,-0.4391,4.7193,-0.2468,-1.2871,-0.1392,1.4753,0.1199,-0.0129,0.0216,0.0106,-0.1131,-0.0644,0.4230,0.1406,0.4043,1.0663,0.0000,0.0000,0.0000,0.0000,0.0000,0.0000,False,0.0631,-0.0068,0.0114,0.0056,-0.0595,-0.0339,1.5019,grasp,0.0000,0.0000,0.0000,0.0000,0.0000,0.0000,False,,0.0500,0.0000,True,0.8020,-0.2600,0.0100,0.8432
400,0.0,1.1491,0.0000,False,False,False,-0.4375,4.7195,-0.2458,-1.2864,-0.1415,1.4743,-0.0099,0.0427,0.0701,0.0610,-0.0701,-0.0106,0.4133,0.1413,0.4045,1.0663,0.0000,0.0000,0.0000,0.0000,0.0000,0.0000,False,-0.0082,0.0426,0.0704,0.0611,-0.0718,-0.0115,-0.7816,grasp,0.0000,0.0000,0.0000,0.0000,0.0000,0.0000,False,,0.0500,0.0000,False,0.8020,-0.2600,0.0100,0.8432
401,0.0,1.1491,0.0000,False,False,False,-0.4377,4.7206,-0.2444,-1.2852,-0.1428,1.4741,-0.0000,-0.0000,-0.0000,0.0000,-0.0000,0.0000,0.3820,0.1413,0.4045,1.0663,0.0000,0.0000,0.0000,0.0000,0.0000,0.0000,False,0.0249,0.0383,0.0769,0.0623,0.0398,-0.0456,-2.1283,grasp,0.0000,0.0000,0.0000,0.0000,0.0000,0.0000,False,,0.0500,0.0000,False,0.8020,-0.2600,0.0100,0.8432
402,0.0,1.1491,0.0000,False,False,False,-0.4377,4.7206,-0.2444,-1.2852,-0.1428,1.4741,-0.0000,-0.0000,-0.0000,0.0000,-0.0000,0.0000,0.3820,0.1413,0.4045,1.0663,0.0000,0.0000,0.0000,0.0000,0.0000,0.0000,False,-0.0522,-0.0490,-0.0759,-0.0226,-0.0601,-0.0481,-1.8942,grasp,0.0000,0.0000,0.0000,0.0000,0.0000,0.0000,False,,0.0500,0.0000,False,0.8020,-0.2600,0.0100,0.8432
403,0.0,1.1489,0.0000,False,False,False,-0.4384,4.7197,-0.2428,-1.2841,-0.1443,1.4735,-0.0616,-0.0818,0.0589,0.0353,-0.1261,-0.0093,0.4219,0.1436,0.4030,1.0663,0.0000,0.0000,0.0000,0.0000,0.0000,0.0000,False,-0.0322,-0.0426,0.0317,0.0192,-0.0660,-0.0053,1.5136,grasp,0.0000,0.0000,0.0000,0.0000,0.0000,0.0000,False,,0.0500,0.0000,True,0.8020,-0.2600,0.0100,0.8432
404,0.0,1.1489,0.0000,False,False,False,-0.4384,4.7197,-0.2428,-1.2841,-0.1443,1.4735,-0.0616,-0.0818,0.0589,0.0353,-0.1261,-0.0093,0.4219,0.1436,0.4030,1.0663,0.0000,0.0000,0.0000,0.0000,0.0000,0.0000,False,-0.0754,0.0747,0.0579,0.0113,0.0178,0.0682,-1.6264,grasp,0.0000,0.0000,0.0000,0.0000,0.0000,0.0000,False,,0.0500,0.0000,False,0.8020,-0.2600,0.0100,0.8432
405,0.0,1.1486,0.0000,False,False,False,-0.4387,4.7187,-0.2418,-1.2832,-0.1454,1.4739,0.0596,0.0227,0.0108,0.0379,0.0750,0.0512,0.3855,0.1436,0.4024,1.0662,0.0000,0.0000,0.0000,0.0000,0.0000,0.0000,False,0.0596,0.0226,0.0108,0.0379,0.0750,0.0512,-1.9890,grasp,0.0000,0.0000,0.0000,0.0000,0.0000,0.0000,False,,0.0500,0.0000,False,0.8020,-0.2600,0.0100,0.8432
406,0.0,1.1486,0.0000,False,False,False,-0.4375,4.7191,-0.2416,-1.2825,-0.1440,1.4749,0.0000,-0.0000,-0.0000,0.0000,0.0000,0.0000,0.3817,0.1436,0.4024,1.0662,0.0000,0.0000,0.0000,0.0000,0.0000,0.0000,False,-0.0536,-0.0506,0.0579,-0.0472,0.0151,-0.0324,1.0014,grasp,0.0000,0.0000,0.0000,0.0000,0.0000,0.0000,False,,0.0500,0.0000,True,0.8020,-0.2600,0.0100,0.8432
407,0.0,1.1486,0.0000,False,False,False,-0.4381,4.7186,-0.2411,-1.2829,-0.1438,1.4745,-0.0547,-0.0510,0.0577,-0.0479,0.0137,-0.0334,0.3962,0.1436,0.4024,1.0662,0.0000,0.0000,0.0000,0.0000,0.0000,0.0000,False,0.0323,-0.0445,0.0159,-0.0553,0.0523,0.0233,-0.9153,grasp,0.0000,0.0000,0.0000,0.0000,0.0000,0.0000,False,,0.0500,0.0000,False,0.8020,-0.2600,0.0100,0.8432
408,0.0,1.1489,0.0000,False,False,False,-0.4375,4.7182,-0.2409,-1.2835,-0.1433,1.4752,0.0571,-0.0425,0.0148,-0.0596,0.0510,0.0654,0.4161,0.1435,0.4030,1.0662,0.0000,0.0000,0.0000,0.0000,0.0000,0.0000,False,0.0571,-0.0425,0.0148,-0.0596,0.0510,0.0654,1.1704,grasp,0.0000,0.0000,0.0000,0.0000,0.0000,0.0000,False,,0.0500,0.0000,True,0.8020,-0.2600,0.0100,0.8432
409,0.0,1.1485,0.0000,False,False,False,-0.4354,4.7169,-0.2411,-1.2825,-0.1434,1.4769,0.0674,-0.0248,-0.0302,0.1430,-0.0715,0.0327,0.3731,0.1405,0.4034,1.0662,0.0000,0.0000,0.0000,0.0000,0.0000,0.0000,False,0.0365,-0.0143,-0.0156,0.0741,-0.0367,0.0185,-1.4270,grasp,0.0000,0.0000,0.0000,0.0000,0.0000,0.0000,False,,0.0500,0.0000,False,0.8020,-0.2600,0.0100,0.8432
410,0.0,1.1485,0.0000,False,False,False,-0.4345,4.7166,-0.2415,-1.2805,-0.1445,1.4774,0.0000,-0.0000,-0.0000,0.0000,0.0000,0.0000,0.3659,0.1405,0.4034,1.0662,0.0000,0.0000,0.0000,0.0000,0.0000,0.0000,False,0.0523,0.0149,0.0766,-0.0370,-0.0695,-0.0006,0.3159,grasp,0.0000,0.0000,0.0000,0.0000,0.0000,0.0000,False,,0.0500,0.0000,False,0.8020,-0.2600,0.0100,0.8432
411,0.0,1.1485,0.0000,False,False,False,-0.4345,4.7166,-0.2415,-1.2805,-0.1445,1.4774,0.0000,-0.0000,-0.0000,0.0000,0.0000,0.0000,0.3659,0.1405,0.4034,1.0662,0.0000,0.0000,0.0000,0.0000,0.0000,0.0000,False,0.0259,0.0144,-0.0508,-0.0175,-0.0546,-0.0576,2.6514,grasp,0.0000,0.0000,0.0000,0.0000,0.0000,0.0000,False,,0.0500,0.0000,True,0.8020,-0.2600,0.0100,0.8432
412,0.0,1.1480,0.0000,False,False,False,-0.4343,4.7186,-0.2417,-1.2813,-0.1470,1.4787,-0.0227,0.1299,-0.0594,-0.0326,-0.1228,0.0825,0.3272,0.1404,0.4021,1.0661,0.0000,0.0000,0.0000,0.0000,0.0000,0.0000,False,-0.0114,0.0684,-0.0305,-0.0175,-0.0653,0.0434,-1.5473,grasp,0.0000,0.0000,0.0000,0.0000,0.0000,0.0000,False,,0.0500,0.0000,False,0.8020,-0.2600,0.0100,0.8432
413,0.0,1.1480,0.0000,False,False,False,-0.4343,4.7186,-0.2417,-1.2813,-0.1470,1.4787,-0.0227,0.1299,-0.0594,-0.0326,-0.1228,0.0825,0.3272,0.1404,0.4021,1.0661,0.0000,0.0000,0.0000,0.0000,0.0000,0.0000,False,0.0687,0.0331,-0.0431,-0.0557,0.0204,0.0054,0.1845,grasp,0.0000,0.0000,0.0000,0.0000,0.0000,0.0000,False,,0.0500,0.0000,False,0.8020,-0.2600,0.0100,0.8432
414,0.0,1.1482,0.0000,False,False,False,-0.4354,4.7214,-0.2433,-1.2823,-0.1486,1.4801,-0.0763,0.0658,-0.0775,-0.0536,0.0152,0.0242,0.3656,0.1444,0.4011,1.0662,0.0000,0.0000,0.0000,0.0000,0.0000,0.0000,False,-0.0767,0.0680,-0.0784,-0.0541,0.0135,0.0254,2.9362,grasp,0.0000,0.0000,0.0000,0.0000,0.0000,0.0000,False,,0.0500,0.0000,True,0.8020,-0.2600,0.0100,0.8432
415,0.0,1.1482,0.0000,False,False,False,-0.4368,4.7227,-0.2448,-1.2834,-0.1483,1.4805,-0.0000,-0.0000,-0.0000,0.0000,-0.0000,0.0000,0.3748,0.1444,0.4011,1.0662,0.0000,0.0000,0.0000,0.0000,0.0000,0.0000,False,-0.0368,-0.0043,0.0548,-0.0532,0.0154,-0.0458,-1.2095,grasp,0.0000,0.0000,0.0000,0.0000,0.0000,0.0000,False,,0.0500,0.0000,False,0.8020,-0.2600,0.0100,0.8432
416,0.0,1.1482,0.0000,False,False,False,-0.4372,4.7227,-0.2442,-1.2839,-0.1482,1.4801,-0.0353,-0.0062,0.0563,-0.0521,0.0151,-0.0462,0.3619,0.1444,0.4011,1.0662,0.0000,0.0000,0.0000,0.0000,0.0000,0.0000,False,0.0054,-0.0626,0.0623,0.0125,-0.0618,0.0312,1.2854,grasp,0.0000,0.0000,0.0000,0.0000,0.0000,0.0000,False,,0.0500,0.0000,True,0.8020,-0.2600,0.0100,0.8432
417,0.0,1.1487,0.0000,False,False,False,-0.4378,4.7232,-0.2436,-1.2837,-0.1489,1.4798,-0.0611,0.0703,0.0565,0.0207,-0.0708,-0.0234,0.4219,0.1461,0.4016,1.0662,0.0000,0.0000,0.0000,0.0000,0.0000,0.0000,False,-0.0611,0.0703,0.0565,0.0207,-0.0708,-0.0234,-2.3758,grasp,0.0000,0.0000,0.0000,0.0000,0.0000,0.0000,False,,0.0500,0.0000,False,0.8020,-0.2600,0.0100,0.8432
418,0.0,1.1487,0.0000,False,False,False,-0.4392,4.7251,-0.2430,-1.2828,-0.1498,1.4788,-0.0279,0.0141,-0.0412,0.0506,0.0395,-0.0638,0.4472,0.1461,0.4016,1.0662,0.0000,0.0000,0.0000,0.0000,0.0000,0.0000,False,-0.0291,0.0204,-0.0401,0.0510,0.0381,-0.0642,0.5155,grasp,0.0000,0.0000,0.0000,0.0000,0.0000,0.0000,False,,0.0500,0.0000,False,0.8020,-0.2600,0.0100,0.8432
419,0.0,1.1490,0.0000,False,False,False,-0.4398,4.7255,-0.2437,-1.2818,-0.1491,1.4775,-0.0000,-0.0000,-0.0000,0.0000,-0.0000,0.0000,0.4290,0.1507,0.4009,1.0662,0.0000,0.0000,0.0000,0.0000,0.0000,0.0000,False,-0.0617,0.0328,0.0554,0.0200,-0.0146,-0.0140,-2.5140,grasp,0.0000,0.0000,0.0000,0.0000,0.0000,0.0000,False,,0.0500,0.0000,False,0.8020,-0.2600,0.0100,0.8432
420,0.0,1.1490,0.0000,False,False,False,-0.4404,4.7257,-0.2432,-1.2816,-0.1492,1.4774,-0.0612,0.0325,0.0562,0.0191,-0.0153,-0.0128,0.4090,0.1507,0.4009,1.0662,0.0000,0.0000,0.0000,0.0000,0.0000,0.0000,False,-0.0360,-0.0687,0.0550,-0.0012,-0.0158,0.0122,-1.6897,grasp,0.0000,0.0000,0.0000,0.0000,0.0000,0.0000,False,,0.0500,0.0000,False,0.8020,-0.2600,0.0100,0.8432
421,0.0,1.1480,0.0000,False,False,False,-0.4409,4.7272,-0.2426,-1.2808,-0.1488,1.4774,0.0646,0.0688,-0.0469,0.0503,0.0691,0.0226,0.3490,0.1515,0.3973,1.0663,0.0000,0.0000,0.0000,0.0000,0.0000,0.0000,False,0.0634,0.0712,-0.0458,0.0507,0.0688,0.0224,-2.1677,grasp,0.0000,0.0000,0.0000,0.0000,0.0000,0.0000,False,,0.0500,0.0000,False,0.8020,-0.2600,0.0100,0.8432
422,0.0,1.1480,0.0000,False,False,False,-0.4397,4.7285,-0.2435,-1.2798,-0.1475,1.4778,0.1227,0.1325,-0.0891,0.0956,0.1314,0.0430,0.3290,0.1515,0.3973,1.0663,0.0000,0.0000,0.0000,0.0000,0.0000,0.0000,False,-0.0072,0.0138,0.0458,0.0773,0.0094,-0.0351,0.6410,grasp,0.0000,0.0000,0.0000,0.0000,0.0000,0.0000,False,,0.0500,0.0000,True,0.8020,-0.2600,0.0100,0.8432
423,0.0,1.1480,0.0000,False,False,False,-0.4379,4.7305,-0.2447,-1.2784,-0.1457,1.4784,-0.0000,-0.0000,-0.0000,0.0000,-0.0000,0.0000,0.3115,0.1515,0.3973,1.0663,0.0000,0.0000,0.0000,0.0000,0.0000,0.0000,False,0.0536,0.0364,0.0785,-0.0714,0.0463,-0.0098,-1.7403,grasp,0.0000,0.0000,0.0000,0.0000,0.0000,0.0000,False,,0.0500,0.0000,False,0.8020,-0.2600,0.0100,0.8432
424,0.0,1.1474,0.0000,False,False,False,-0.4381,4.7311,-0.2438,-1.2797,-0.1451,1.4789,-0.0732,0.0206,0.0170,-0.0505,0.0096,0.0541,0.3053,0.1507,0.3957,1.0664,0.0000,0.0000,0.0000,0.0000,0.0000,0.0000,False,-0.0727,0.0212,0.0177,-0.0513,0.0100,0.0540,-0.5066,grasp,0.0000,0.0000,0.0000,0.0000,0.0000,0.0000,False,,0.0500,0.0000,False,0.8020,-0.2600,0.0100,0.8432
425,0.0,1.1474,0.0000,False,False,False,-0.4395,4.7315,-0.2435,-1.2806,-0.1449,1.4799,-0.1391,0.0395,0.0322,-0.0960,0.0182,0.1028,0.3083,0.1507,0.3957,1.0664,0.0000,0.0000,0.0000,0.0000,0.0000,0.0000,False,0.0195,0.0596,-0.0195,-0.0266,-0.0684,-0.0591,2.3425,grasp,0.0000,0.0000,0.0000,0.0000,0.0000,0.0000,False,,0.0500,0.0000,True,0.8020,-0.2600,0.0100,0.8432
426,0.0,1.1481,0.0000,False,False,False,-0.4389,4.7311,-0.2433,-1.2799,-0.1448,1.4804,0.0596,-0.0473,0.0123,0.0719,0.0085,0.0545,0.3677,0.1531,0.3967,1.0665,0.0000,0.0000,0.0000,0.0000,0.0000,0.0000,False,0.0596,-0.0472,0.0123,0.0719,0.0085,0.0545,1.2412,grasp,0.0000,0.0000,0.0000,0.0000,0.0000,0.0000,False,,0.0500,0.0000,True,0.8020,-0.2600,0.0100,0.8432
427,0.0,1.1481,0.0000,False,False,False,-0.4377,4.7295,-0.2435,-1.2788,-0.1443,1.4813,0.0059,-0.0670,-0.0395,-0.0249,0.0386,-0.0212,0.4260,0.1531,0.3967,1.0665,0.0000,0.0000,0.0000,0.0000,0.0000,0.0000,False,0.0070,-0.0687,-0.0393,-0.0235,0.0388,-0.0202,2.9731,grasp,0.0000,0.0000,0.0000,0.0000,0.0000,0.0000,False,,0.0500,0.0000,True,0.8020,-0.2600,0.0100,0.8432
428,0.0,1.1491,0.0000,False,False,False,-0.4374,4.7281,-0.2438,-1.2787,-0.1443,1.4806,0.0191,0.0191,0.0422,0.0571,-0.0770,-0.0308,0.4855,0.1508,0.4010,1.0663,0.0000,0.0000,0.0000,0.0000,0.0000,0.0000,False,0.0192,0.0145,0.0415,0.0566,-0.0763,-0.0312,-0.9462,grasp,0.0000,0.0000,0.0000,0.0000,0.0000,0.0000,False,,0.0500,0.0000,False,0.8020,-0.2600,0.0100,0.8432
429,0.0,1.1491,0.0000,False,False,False,-0.4374,4.7281,-0.2438,-1.2787,-0.1443,1.4806,0.0191,0.0191,0.0422,0.0571,-0.0770,-0.0308,0.4855,0.1508,0.4010,1.0663,0.0000,0.0000,0.0000,0.0000,0.0000,0.0000,False,0.0079,-0.0131,0.0674,0.0200,-0.0703,0.0548,0.2741,grasp,0.0000,0.0000,0.0000,0.0000,0.0000,0.0000,False,,0.0500,0.0000,False,0.8020,-0.2600,0.0100,0.8432
430,0.0,1.1492,0.0000,False,False,False,-0.4352,4.7301,-0.2428,-1.2792,-0.1454,1.4809,0.1240,0.1069,0.0124,-0.1069,0.0282,0.0624,0.4498,0.1524,0.4007,1.0663,0.0000,0.0000,0.0000,0.0000,0.0000,0.0000,False,0.0656,0.0567,0.0073,-0.0552,0.0134,0.0323,-0.9473,grasp,0.0000,0.0000,0.0000,0.0000,0.0000,0.0000,False,,0.0500,0.0000,False,0.8020,-0.2600,0.0100,0.8432
431,0.0,1.1492,0.0000,False,False,False,-0.4334,4.7316,-0.2427,-1.2808,-0.1450,1.4818,0.1769,0.1526,0.0177,-0.1524,0.0403,0.0890,0.4327,0.1524,0.4007,1.0663,0.0000,0.0000,0.0000,0.0000,0.0000,0.0000,False,0.0401,0.0578,0.0703,0.0610,-0.0334,-0.0729,-0.2368,grasp,0.0000,0.0000,0.0000,0.0000,0.0000,0.0000,False,,0.0500,0.0000,False,0.8020,-0.2600,0.0100,0.8432
432,0.0,1.1492,0.0000,False,False,False,-0.4330,4.7322,-0.2420,-1.2801,-0.1453,1.4811,0.0383,0.0547,0.0701,0.0626,-0.0338,-0.0738,0.4208,0.1524,0.4007,1.0663,0.0000,0.0000,0.0000,0.0000,0.0000,0.0000,False,-0.0286,-0.0764,0.0003,-0.0712,-0.0200,-0.0495,-2.4484,grasp,0.0000,0.0000,0.0000,0.0000,0.0000,0.0000,False,,0.0500,0.0000,False,0.8020,-0.2600,0.0100,0.8432
433,0.0,1.1488,0.0000,False,False,False,-0.4318,4.7331,-0.2413,-1.2788,-0.1458,1.4791,0.0473,-0.0564,-0.0704,0.0118,0.0097,-0.0549,0.4277,0.1545,0.3981,1.0665,0.0000,0.0000,0.0000,0.0000,0.0000,0.0000,False,0.0481,-0.0526,-0.0691,0.0130,0.0091,-0.0563,0.6211,grasp,0.0000,0.0000,0.0000,0.0000,0.0000,0.0000,False,,0.0500,0.0000,False,0.8020,-0.2600,0.0100,0.8432
434,0.0,1.1488,0.0000,False,False,False,-0.4318,4.7331,-0.2413,-1.2788,-0.1458,1.4791,0.0473,-0.0564,-0.0704,0.0118,0.0097,-0.0549,0.4277,0.1545,0.3981,1.0665,0.0000,0.0000,0.0000,0.0000,0.0000,0.0000,False,-0.0525,-0.0346,0.0684,0.0417,0.0245,-0.0737,-2.8434,grasp,0.0000,0.0000,0.0000,0.0000,0.0000,0.0000,False,,0.0500,0.0000,False,0.8020,-0.2600,0.0100,0.8432
435,0.0,1.1493,0.0000,False,False,False,-0.4315,4.7318,-0.2445,-1.2765,-0.1444,1.4802,-0.0364,0.0052,-0.1173,0.1367,0.0841,0.1416,0.4925,0.1523,0.4007,1.0663,0.0000,0.0000,0.0000,0.0000,0.0000,0.0000,False,-0.0183,-0.0001,-0.0631,0.0722,0.0444,0.0735,2.2576,grasp,0.0000,0.0000,0.0000,0.0000,0.0000,0.0000,False,,0.0500,0.0000,True,0.8020,-0.2600,0.0100,0.8432
436,0.0,1.1493,0.0000,False,False,False,-0.4315,4.7317,-0.2456,-1.2743,-0.1425,1.4816,0.0446,-0.0158,0.0558,0.0273,0.0644,-0.0628,0.4718,0.1523,0.4007,1.0663,0.0000,0.0000,0.0000,0.0000,0.0000,0.0000,False,0.0441,-0.0160,0.0541,0.0293,0.0656,-0.0608,-2.6867,grasp,0.0000,0.0000,0.0000,0.0000,0.0000,0.0000,False,,0.0500,0.0000,False,0.8020,-0.2600,0.0100,0.8432
437,0.0,1.1490,0.0000,False,False,False,-0.4301,4.7313,-0.2452,-1.2743,-0.1407,1.4803,0.0616,-0.0125,-0.0732,-0.0486,0.0621,-0.0123,0.4438,0.1504,0.4012,1.0661,0.0000,0.0000,0.0000,0.0000,0.0000,0.0000,False,0.0624,-0.0128,-0.0722,-0.0481,0.0633,-0.0135,0.0753,grasp,0.0000,0.0000,0.0000,0.0000,0.0000,0.0000,False,,0.0500,0.0000,False,0.8020,-0.2600,0.0100,0.8432
438,0.0,1.1490,0.0000,False,False,False,-0.4301,4.7313,-0.2452,-1.2743,-0.1407,1.4803,0.0616,-0.0125,-0.0732,-0.0486,0.0621,-0.0123,0.4438,0.1504,0.4012,1.0661,0.0000,0.0000,0.0000,0.0000,0.0000,0.0000,False,-0.0332,-0.0169,-0.0268,-0.0519,-0.0241,-0.0192,0.4392,grasp,0.0000,0.0000,0.0000,0.0000,0.0000,0.0000,False,,0.0500,0.0000,False,0.8020,-0.2600,0.0100,0.8432
439,0.0,1.1485,0.0000,False,False,False,-0.4307,4.7314,-0.2488,-1.2738,-0.1415,1.4811,-0.1178,0.0335,-0.1399,0.0936,-0.1314,0.0636,0.3804,0.1474,0.4010,1.0661,0.0000,0.0000,0.0000,0.0000,0.0000,0.0000,False,-0.0608,0.0167,-0.0750,0.0484,-0.0680,0.0332,-2.7089,grasp,0.0000,0.0000,0.0000,0.0000,0.0000,0.0000,False,,0.0500,0.0000,False,0.8020,-0.2600,0.0100,0.8432
440,0.0,1.1485,0.0000,False,False,False,-0.4324,4.7319,-0.2508,-1.2724,-0.1434,1.4820,-0.0000,-0.0000,-0.0000,0.0000,-0.0000,0.0000,0.3404,0.1474,0.4010,1.0661,0.0000,0.0000,0.0000,0.0000,0.0000,0.0000,False,-0.0111,0.0635,-0.0171,-0.0275,0.0415,-0.0571,-1.9616,grasp,0.0000,0.0000,0.0000,0.0000,0.0000,0.0000,False,,0.0500,0.0000,False,0.8020,-0.2600,0.0100,0.8432
441,0.0,1.1485,0.0000,False,False,False,-0.4325,4.7325,-0.2509,-1.2727,-0.1430,1.4814,-0.0094,0.0630,-0.0151,-0.0289,0.0434,-0.0580,0.3214,0.1474,0.4010,1.0661,0.0000,0.0000,0.0000,0.0000,0.0000,0.0000,False,-0.0340,-0.0506,-0.0591,0.0552,-0.0405,0.0247,1.8278,grasp,0.0000,0.0000,0.0000,0.0000,0.0000,0.0000,False,,0.0500,0.0000,True,0.8020,-0.2600,0.0100,0.8432
442,0.0,1.1471,0.0000,False,False,False,-0.4326,4.7332,-0.2509,-1.2729,-0.1421,1.4795,0.0095,-0.0641,0.0300,0.0414,-0.0011,-0.0773,0.2813,0.1479,0.3972,1.0660,0.0000,0.0000,0.0000,0.0000,0.0000,0.0000,False,0.0093,-0.0618,0.0297,0.0408,-0.0003,-0.0784,-1.7024,grasp,0.0000,0.0000,0.0000,0.0000,0.0000,0.0000,False,,0.0500,0.0000,False,0.8020,-0.2600,0.0100,0.8432
443,0.0,1.1471,0.0000,False,False,False,-0.4326,4.7332,-0.2509,-1.2729,-0.1421,1.4795,0.0095,-0.0641,0.0300,0.0414,-0.0011,-0.0773,0.2813,0.1479,0.3972,1.0660,0.0000,0.0000,0.0000,0.0000,0.0000,0.0000,False,-0.0331,-0.0731,0.0545,0.0467,0.0344,-0.0420,2.0769,grasp,0.0000,0.0000,0.0000,0.0000,0.0000,0.0000,False,,0.0500,0.0000,True,0.8020,-0.2600,0.0100,0.8432
444,0.0,1.1472,0.0000,False,False,False,-0.4302,4.7326,-0.2496,-1.2708,-0.1411,1.4767,0.1443,0.0497,0.0493,0.0857,0.0725,-0.0870,0.3315,0.1469,0.3980,1.0659,0.0000,0.0000,0.0000,0.0000,0.0000,0.0000,False,0.0761,0.0245,0.0265,0.0459,0.0382,-0.0473,2.0616,grasp,0.0000,0.0000,0.0000,0.0000,0.0000,0.0000,False,,0.0500,0.0000,True,0.8020,-0.2600,0.0100,0.8432
445,0.0,1.1472,0.0000,False,False,False,-0.4283,4.7341,-0.2492,-1.2694,-0.1408,1.4759,-0.0145,0.0752,-0.0301,0.0171,-0.0752,0.0405,0.3912,0.1469,0.3980,1.0659,0.0000,0.0000,0.0000,0.0000,0.0000,0.0000,False,-0.0125,0.0762,-0.0294,0.0183,-0.0741,0.0393,1.7325,grasp,0.0000,0.0000,0.0000,0.0000,0.0000,0.0000,False,,0.0500,0.0000,True,0.8020,-0.2600,0.0100,0.8432
446,0.0,1.1483,0.0000,False,False,False,-0.4280,4.7357,-0.2495,-1.2691,-0.1416,1.4768,0.0572,0.0056,0.0271,-0.0073,0.0651,0.0132,0.4219,0.1507,0.3997,1.0658,0.0000,0.0000,0.0000,0.0000,0.0000,0.0000,False,0.0569,0.0088,0.0265,-0.0070,0.0636,0.0139,0.5006,grasp,0.0000,0.0000,0.0000,0.0000,0.0000,0.0000,False,,0.0500,0.0000,False,0.8020,-0.2600,0.0100,0.8432
447,0.0,1.1483,0.0000,False,False,False,-0.4280,4.7357,-0.2495,-1.2691,-0.1416,1.4768,0.0572,0.0056,0.0271,-0.0073,0.0651,0.0132,0.4219,0.1507,0.3997,1.0658,0.0000,0.0000,0.0000,0.0000,0.0000,0.0000,False,0.0517,0.0503,-0.0540,-0.0028,0.0326,-0.0158,0.9588,grasp,0.0000,0.0000,0.0000,0.0000,0.0000,0.0000,False,,0.0500,0.0000,False,0.8020,-0.2600,0.0100,0.8432
448,0.0,1.1481,0.0000,False,False,False,-0.4276,4.7355,-0.2492,-1.2693,-0.1396,1.4771,-0.0739,-0.0384,-0.0284,-0.0052,0.0757,0.0056,0.3861,0.1495,0.3996,1.0659,0.0000,0.0000,0.0000,0.0000,0.0000,0.0000,False,-0.0728,-0.0383,-0.0279,-0.0054,0.0770,0.0059,-2.6784,grasp,0.0000,0.0000,0.0000,0.0000,0.0000,0.0000,False,,0.0500,0.0000,False,0.8020,-0.2600,0.0100,0.8432
449,0.0,1.1481,0.0000,False,False,False,-0.4290,4.7347,-0.2498,-1.2694,-0.1381,1.4772,0.0000,-0.0000,-0.0000,0.0000,0.0000,0.0000,0.3861,0.1495,0.3996,1.0659,0.0000,0.0000,0.0000,0.0000,0.0000,0.0000,False,0.0152,0.0509,0.0631,-0.0568,0.0420,-0.0784,1.8225,grasp,0.0000,0.0000,0.0000,0.0000,0.0000,0.0000,False,,0.0500,0.0000,True,0.8020,-0.2600,0.0100,0.8432
450,0.0,1.1481,0.0000,False,False,False,-0.4286,4.7361,-0.2479,-1.2710,-0.1369,1.4749,0.0315,0.0989,0.1209,-0.1077,0.0771,-0.1491,0.4261,0.1495,0.3996,1.0659,0.0000,0.0000,0.0000,0.0000,0.0000,0.0000,False,-0.0633,0.0218,-0.0405,0.0716,0.0439,-0.0273,-0.1392,grasp,0.0000,0.0000,0.0000,0.0000,0.0000,0.0000,False,,0.0500,0.0000,False,0.8020,-0.2600,0.0100,0.8432
451,0.0,1.1491,0.0000,False,False,False,-0.4275,4.7376,-0.2464,-1.2730,-0.1358,1.4735,0.0576,-0.0445,-0.0176,-0.0439,0.0018,0.0746,0.4849,0.1524,0.4003,1.0663,0.0000,0.0000,0.0000,0.0000,0.0000,0.0000,False,0.0580,-0.0385,-0.0159,-0.0455,0.0029,0.0725,2.9905,grasp,0.0000,0.0000,0.0000,0.0000,0.0000,0.0000,False,,0.0500,0.0000,True,0.8020,-0.2600,0.0100,0.8432
452,0.0,1.1491,0.0000,False,False,False,-0.4275,4.7376,-0.2464,-1.2730,-0.1358,1.4735,0.0576,-0.0445,-0.0176,-0.0439,0.0018,0.0746,0.4849,0.1524,0.4003,1.0663,0.0000,0.0000,0.0000,0.0000,0.0000,0.0000,False,-0.0029,-0.0203,0.0486,0.0215,0.0720,0.0181,-0.4525,grasp,0.0000,0.0000,0.0000,0.0000,0.0000,0.0000,False,,0.0500,0.0000,False,0.8020,-0.2600,0.0100,0.8432
453,0.0,1.1499,0.0000,False,False,False,-0.4272,4.7372,-0.2461,-1.2732,-0.1363,1.4745,-0.0760,0.0704,0.0637,0.0607,-0.0517,-0.0452,0.5445,0.1529,0.4022,1.0663,0.0000,0.0000,0.0000,0.0000,0.0000,0.0000,False,-0.0749,0.0681,0.0634,0.0599,-0.0516,-0.0438,0.0699,grasp,0.0000,0.0000,0.0000,0.0000,0.0000,0.0000,False,,0.0500,0.0000,False,0.8020,-0.2600,0.0100,0.8432
454,0.0,1.1499,0.0000,False,False,False,-0.4280,4.7382,-0.2433,-1.2739,-0.1387,1.4757,0.0385,-0.0463,0.1046,-0.1160,-0.0934,0.1373,0.5074,0.1529,0.4022,1.0663,0.0000,0.0000,0.0000,0.0000,0.0000,0.0000,False,0.0188,-0.0204,0.0563,-0.0599,-0.0501,0.0714,-2.1443,grasp,0.0000,0.0000,0.0000,0.0000,0.0000,0.0000,False,,0.0500,0.0000,False,0.8020,-0.2600,0.0100,0.8432
455,0.0,1.1495,0.0000,False,False,False,-0.4278,4.7371,-0.2413,-1.2760,-0.1398,1.4780,-0.0326,-0.0532,0.0450,-0.0504,0.0252,0.0321,0.4784,0.1554,0.3997,1.0665,0.0000,0.0000,0.0000,0.0000,0.0000,0.0000,False,-0.0320,-0.0538,0.0465,-0.0521,0.0239,0.0341,0.3152,grasp,0.0000,0.0000,0.0000,0.0000,0.0000,0.0000,False,,0.0500,0.0000,False,0.8020,-0.2600,0.0100,0.8432
456,0.0,1.1495,0.0000,False,False,False,-0.4278,4.7371,-0.2413,-1.2760,-0.1398,1.4780,-0.0326,-0.0532,0.0450,-0.0504,0.0252,0.0321,0.4784,0.1554,0.3997,1.0665,0.0000,0.0000,0.0000,0.0000,0.0000,0.0000,False,-0.0180,0.0375,0.0490,-0.0665,0.0245,-0.0715,0.8765,grasp,0.0000,0.0000,0.0000,0.0000,0.0000,0.0000,False,,0.0500,0.0000,False,0.8020,-0.2600,0.0100,0.8432
457,0.0,1.1496,0.0000,False,False,False,-0.4286,4.7358,-0.2409,-1.2769,-0.1401,1.4790,-0.0205,-0.0214,-0.0415,0.0035,-0.0773,0.0409,0.4868,0.1547,0.4001,1.0666,0.0000,0.0000,0.0000,0.0000,0.0000,0.0000,False,-0.0211,-0.0227,-0.0407,0.0025,-0.0768,0.0415,1.0913,grasp,0.0000,0.0000,0.0000,0.0000,0.0000,0.0000,False,,0.0500,0.0000,False,0.8020,-0.2600,0.0100,0.8432
458,0.0,1.1496,0.0000,False,False,False,-0.4286,4.7358,-0.2409,-1.2769,-0.1401,1.4790,-0.0205,-0.0214,-0.0415,0.0035,-0.0773,0.0409,0.4868,0.1547,0.4001,1.0666,0.0000,0.0000,0.0000,0.0000,0.0000,0.0000,False,0.0026,0.0396,0.0208,0.0605,-0.0049,0.0441,-2.3255,grasp,0.0000,0.0000,0.0000,0.0000,0.0000,0.0000,False,,0.0500,0.0000,False,0.8020,-0.2600,0.0100,0.8432
459,0.0,1.1496,0.0000,False,False,False,-0.4290,4.7365,-0.2411,-1.2751,-0.1417,1.4811,0.0057,0.0765,0.0411,0.1148,-0.0066,0.0822,0.4320,0.1547,0.4001,1.0666,0.0000,0.0000,0.0000,0.0000,0.0000,0.0000,False,0.0143,-0.0084,-0.0572,0.0238,-0.0290,-0.0101,0.7169,grasp,0.0000,0.0000,0.0000,0.0000,0.0000,0.0000,False,,0.0500,0.0000,False,0.8020,-0.2600,0.0100,0.8432
460,0.0,1.1490,0.0000,False,False,False,-0.4295,4.7359,-0.2414,-1.2745,-0.1424,1.4813,-0.0523,-0.0733,-0.0336,0.0664,-0.0739,0.0254,0.4027,0.1553,0.3985,1.0665,0.0000,0.0000,0.0000,0.0000,0.0000,0.0000,False,-0.0523,-0.0732,-0.0336,0.0664,-0.0739,0.0254,-1.1592,grasp,0.0000,0.0000,0.0000,0.0000,0.0000,0.0000,False,,0.0500,0.0000,False,0.8020,-0.2600,0.0100,0.8432
461,0.0,1.1490,0.0000,False,False,False,-0.4295,4.7359,-0.2414,-1.2745,-0.1424,1.4813,-0.0523,-0.0733,-0.0336,0.0664,-0.0739,0.0254,0.4027,0.1553,0.3985,1.0665,0.0000,0.0000,0.0000,0.0000,0.0000,0.0000,False,0.0115,0.0434,-0.0718,0.0537,-0.0752,0.0719,2.7385,grasp,0.0000,0.0000,0.0000,0.0000,0.0000,0.0000,False,,0.0500,0.0000,True,0.8020,-0.2600,0.0100,0.8432
462,0.0,1.1479,0.0000,False,False,False,-0.4300,4.7345,-0.2425,-1.2738,-0.1435,1.4813,0.0498,0.0143,-0.0485,-0.0614,0.0320,-0.0510,0.3477,0.1524,0.3967,1.0663,0.0000,0.0000,0.0000,0.0000,0.0000,0.0000,False,0.0488,0.0107,-0.0491,-0.0601,0.0306,-0.0505,-2.8330,grasp,0.0000,0.0000,0.0000,0.0000,0.0000,0.0000,False,,0.0500,0.0000,False,0.8020,-0.2600,0.0100,0.8432
463,0.0,1.1479,0.0000,False,False,False,-0.4294,4.7349,-0.2437,-1.2749,-0.1421,1.4802,-0.0352,0.0167,-0.0275,0.0066,0.0764,-0.0144,0.3518,0.1524,0.3967,1.0663,0.0000,0.0000,0.0000,0.0000,0.0000,0.0000,False,-0.0342,0.0169,-0.0284,0.0055,0.0770,-0.0153,0.4278,grasp,0.0000,0.0000,0.0000,0.0000,0.0000,0.0000,False,,0.0500,0.0000,False,0.8020,-0.2600,0.0100,0.8432
464,0.0,1.1483,0.0000,False,False,False,-0.4300,4.7352,-0.2442,-1.2748,-0.1407,1.4799,-0.0000,-0.0000,-0.0000,0.0000,-0.0000,0.0000,0.3691,0.1519,0.3979,1.0664,0.0000,0.0000,0.0000,0.0000,0.0000,0.0000,False,0.0300,0.0154,-0.0483,0.0066,-0.0406,0.0751,0.2600,grasp,0.0000,0.0000,0.0000,0.0000,0.0000,0.0000,False,,0.0500,0.0000,False,0.8020,-0.2600,0.0100,0.8432
465,0.0,1.1483,0.0000,False,False,False,-0.4292,4.7356,-0.2456,-1.2746,-0.1419,1.4821,0.0583,0.0287,-0.0908,0.0123,-0.0800,0.1432,0.3813,0.1519,0.3979,1.0664,0.0000,0.0000,0.0000,0.0000,0.0000,0.0000,False,-0.0289,0.0291,-0.0703,-0.0233,-0.0616,-0.0107,-2.7546,grasp,0.0000,0.0000,0.0000,0.0000,0.0000,0.0000,False,,0.0500,0.0000,False,0.8020,-0.2600,0.0100,0.8432
466,0.0,1.1480,0.0000,False,False,False,-0.4276,4.7354,-0.2473,-1.2739,-0.1438,1.4834,0.0756,-0.0751,-0.0361,0.0539,-0.0754,-0.0695,0.3698,0.1506,0.3983,1.0661,0.0000,0.0000,0.0000,0.0000,0.0000,0.0000,False,0.0764,-0.0747,-0.0374,0.0541,-0.0766,-0.0675,-0.7960,grasp,0.0000,0.0000,0.0000,0.0000,0.0000,0.0000,False,,0.0500,0.0000,False,0.8020,-0.2600,0.0100,0.8432
467,0.0,1.1480,0.0000,False,False,False,-0.4261,4.7340,-0.2480,-1.2729,-0.1452,1.4821,0.1437,-0.1436,-0.0686,0.1024,-0.1433,-0.1321,0.3627,0.1506,0.3983,1.0661,0.0000,0.0000,0.0000,0.0000,0.0000,0.0000,False,0.0026,0.0545,0.0115,0.0105,-0.0387,-0.0548,2.7219,grasp,0.0000,0.0000,0.0000,0.0000,0.0000,0.0000,False,,0.0500,0.0000,True,0.8020,-0.2600,0.0100,0.8432
468,0.0,1.1480,0.0000,False,False,False,-0.4261,4.7342,-0.2478,-1.2728,-0.1456,1.4816,0.0012,0.0603,0.0122,0.0095,-0.0373,-0.0535,0.4027,0.1506,0.3983,1.0661,0.0000,0.0000,0.0000,0.0000,0.0000,0.0000,False,-0.0289,-0.0118,-0.0589,-0.0746,0.0174,0.0160,-1.4176,grasp,0.0000,0.0000,0.0000,0.0000,0.0000,0.0000,False,,0.0500,0.0000,False,0.8020,-0.2600,0.0100,0.8432
469,0.0,1.1484,0.0000,False,False,False,-0.4268,4.7339,-0.2470,-1.2710,-0.1454,1.4808,-0.0481,-0.0993,0.0424,0.1010,0.0573,0.0129,0.4098,0.1514,0.3994,1.0660,0.0000,0.0000,0.0000,0.0000,0.0000,0.0000,False,-0.0253,-0.0504,0.0225,0.0533,0.0294,0.0058,-0.2428,grasp,0.0000,0.0000,0.0000,0.0000,0.0000,0.0000,False,,0.0500,0.0000,False,0.8020,-0.2600,0.0100,0.8432
470,0.0,1.1482,0.0000,False,False,False,-0.4271,4.7318,-0.2468,-1.2702,-0.1439,1.4803,0.0455,-0.0645,-0.0464,-0.0560,0.0702,-0.0688,0.4021,0.1486,0.4003,1.0659,0.0000,0.0000,0.0000,0.0000,0.0000,0.0000,False,0.0448,-0.0669,-0.0458,-0.0546,0.0711,-0.0686,-0.1082,grasp,0.0000,0.0000,0.0000,0.0000,0.0000,0.0000,False,,0.0500,0.0000,False,0.8020,-0.2600,0.0100,0.8432
471,0.0,1.1482,0.0000,False,False,False,-0.4271,4.7318,-0.2468,-1.2702,-0.1439,1.4803,0.0455,-0.0645,-0.0464,-0.0560,0.0702,-0.0688,0.4021,0.1486,0.4003,1.0659,0.0000,0.0000,0.0000,0.0000,0.0000,0.0000,False,-0.0784,-0.0729,-0.0569,0.0677,-0.0070,-0.0205,-0.6323,grasp,0.0000,0.0000,0.0000,0.0000,0.0000,0.0000,False,,0.0500,0.0000,False,0.8020,-0.2600,0.0100,0.8432
472,0.0,1.1482,0.0000,False,False,False,-0.4264,4.7302,-0.2474,-1.2706,-0.1418,1.4787,-0.0192,0.0026,0.0321,0.0677,0.0731,-0.0230,0.3854,0.1486,0.4003,1.0659,0.0000,0.0000,0.0000,0.0000,0.0000,0.0000,False,-0.0184,-0.0029,0.0312,0.0666,0.0744,-0.0243,-0.6208,grasp,0.0000,0.0000,0.0000,0.0000,0.0000,0.0000,False,,0.0500,0.0000,False,0.8020,-0.2600,0.0100,0.8432
473,0.0,1.1481,0.0000,False,False,False,-0.4266,4.7304,-0.2470,-1.2687,-0.1407,1.4783,0.0157,0.0172,-0.0204,0.0567,-0.0291,0.0023,0.3878,0.1461,0.4010,1.0658,0.0000,0.0000,0.0000,0.0000,0.0000,0.0000,False,0.0153,0.0172,-0.0198,0.0580,-0.0277,0.0018,0.2028,grasp,0.0000,0.0000,0.0000,0.0000,0.0000,0.0000,False,,0.0500,0.0000,False,0.8020,-0.2600,0.0100,0.8432
474,0.0,1.1481,0.0000,False,False,False,-0.4263,4.7308,-0.2474,-1.2676,-0.1413,1.4784,0.0297,0.0327,-0.0387,0.1077,-0.0553,0.0043,0.3916,0.1461,0.4010,1.0658,0.0000,0.0000,0.0000,0.0000,0.0000,0.0000,False,-0.0113,-0.0368,-0.0479,0.0153,-0.0697,0.0629,2.2671,grasp,0.0000,0.0000,0.0000,0.0000,0.0000,0.0000,False,,0.0500,0.0000,True,0.8020,-0.2600,0.0100,0.8432
475,0.0,1.1477,0.0000,False,False,False,-0.4251,4.7317,-0.2478,-1.2668,-0.1421,1.4777,0.0737,0.0530,0.0073,-0.0673,-0.0009,-0.0700,0.3659,0.1465,0.4000,1.0657,0.0000,0.0000,0.0000,0.0000,0.0000,0.0000,False,0.0741,0.0535,0.0068,-0.0658,-0.0017,-0.0700,-1.2437,grasp,0.0000,0.0000,0.0000,0.0000,0.0000,0.0000,False,,0.0500,0.0000,False,0.8020,-0.2600,0.0100,0.8432
476,0.0,1.1477,0.0000,False,False,False,-0.4237,4.7328,-0.2477,-1.2680,-0.1421,1.4764,0.0000,-0.0000,-0.0000,0.0000,0.0000,0.0000,0.3733,0.1465,0.4000,1.0657,0.0000,0.0000,0.0000,0.0000,0.0000,0.0000,False,-0.0779,0.0345,0.0097,0.0108,-0.0321,-0.0682,1.9320,grasp,0.0000,0.0000,0.0000,0.0000,0.0000,0.0000,False,,0.0500,0.0000,True,0.8020,-0.2600,0.0100,0.8432
477,0.0,1.1477,0.0000,False,False,False,-0.4245,4.7331,-0.2476,-1.2679,-0.1424,1.4757,-0.0793,0.0329,0.0095,0.0121,-0.0320,-0.0668,0.3933,0.1465,0.4000,1.0657,0.0000,0.0000,0.0000,0.0000,0.0000,0.0000,False,-0.0789,-0.0523,0.0505,-0.0285,-0.0652,0.0564,0.3083,grasp,0.0000,0.0000,0.0000,0.0000,0.0000,0.0000,False,,0.0500,0.0000,False,0.8020,-0.2600,0.0100,0.8432
478,0.0,1.1483,0.0000,False,False,False,-0.4260,4.7338,-0.2474,-1.2677,-0.1430,1.4745,0.0000,-0.0000,-0.0000,0.0000,-0.0000,0.0000,0.4281,0.1498,0.4002,1.0658,0.0000,0.0000,0.0000,0.0000,0.0000,0.0000,False,0.0768,0.0439,-0.0307,0.0224,0.0625,0.0690,1.0135,grasp,0.0000,0.0000,0.0000,0.0000,0.0000,0.0000,False,,0.0500,0.0000,False,0.8020,-0.2600,0.0100,0.8432
479,0.0,1.1483,0.0000,False,False,False,-0.4253,4.7343,-0.2477,-1.2675,-0.1424,1.4752,0.0783,0.0432,-0.0309,0.0222,0.0631,0.0702,0.4382,0.1498,0.4002,1.0658,0.0000,0.0000,0.0000,0.0000,0.0000,0.0000,False,0.0649,0.0162,0.0496,0.0076,0.0553,-0.0580,-0.9330,grasp,0.0000,0.0000,0.0000,0.0000,0.0000,0.0000,False,,0.0500,0.0000,False,0.8020,-0.2600,0.0100,0.8432
480,0.0,1.1484,0.0000,False,False,False,-0.4245,4.7340,-0.2471,-1.2669,-0.1421,1.4746,0.0787,-0.0252,0.0657,0.0606,0.0320,-0.0568,0.4305,0.1495,0.4008,1.0658,0.0000,0.0000,0.0000,0.0000,0.0000,0.0000,False,0.0787,-0.0252,0.0657,0.0606,0.0320,-0.0568,0.5079,grasp,0.0000,0.0000,0.0000,0.0000,0.0000,0.0000,False,,0.0500,0.0000,False,0.8020,-0.2600,0.0100,0.8432
481,0.0,1.1484,0.0000,False,False,False,-0.4233,4.7340,-0.2458,-1.2663,-0.1420,1.4742,-0.0333,0.0530,0.0063,-0.0607,-0.0532,0.0685,0.3939,0.1495,0.4008,1.0658,0.0000,0.0000,0.0000,0.0000,0.0000,0.0000,False,-0.0318,0.0525,0.0075,-0.0596,-0.0526,0.0674,-2.9981,grasp,0.0000,0.0000,0.0000,0.0000,0.0000,0.0000,False,,0.0500,0.0000,False,0.8020,-0.2600,0.0100,0.8432
482,0.0,1.1477,0.0000,False,False,False,-0.4238,4.7349,-0.2458,-1.2674,-0.1437,1.4755,0.0090,-0.0233,-0.0194,0.0116,-0.0707,0.0035,0.3477,0.1499,0.3982,1.0659,0.0000,0.0000,0.0000,0.0000,0.0000,0.0000,False,0.0084,-0.0209,-0.0193,0.0104,-0.0717,0.0048,-1.2903,grasp,0.0000,0.0000,0.0000,0.0000,0.0000,0.0000,False,,0.0500,0.0000,False,0.8020,-0.2600,0.0100,0.8432
483,0.0,1.1477,0.0000,False,False,False,-0.4237,4.7345,-0.2462,-1.2671,-0.1451,1.4756,0.0172,-0.0429,-0.0368,0.0220,-0.1343,0.0067,0.3365,0.1499,0.3982,1.0659,0.0000,0.0000,0.0000,0.0000,0.0000,0.0000,False,0.0629,-0.0746,0.0073,0.0169,-0.0166,-0.0767,2.3404,grasp,0.0000,0.0000,0.0000,0.0000,0.0000,0.0000,False,,0.0500,0.0000,True,0.8020,-0.2600,0.0100,0.8432
484,0.0,1.1477,0.0000,False,False,False,-0.4237,4.7345,-0.2462,-1.2671,-0.1451,1.4756,0.0172,-0.0429,-0.0368,0.0220,-0.1343,0.0067,0.3365,0.1499,0.3982,1.0659,0.0000,0.0000,0.0000,0.0000,0.0000,0.0000,False,-0.0790,0.0518,0.0346,-0.0729,-0.0238,0.0447,0.7743,grasp,0.0000,0.0000,0.0000,0.0000,0.0000,0.0000,False,,0.0500,0.0000,True,0.8020,-0.2600,0.0100,0.8432
485,0.0,1.1480,0.0000,False,False,False,-0.4246,4.7353,-0.2464,-1.2641,-0.1421,1.4787,-0.0437,0.0401,-0.0103,0.1458,0.1409,0.1521,0.4565,0.1501,0.3992,1.0658,0.0000,0.0000,0.0000,0.0000,0.0000,0.0000,False,-0.0161,0.0148,-0.0038,0.0538,0.0520,0.0561,2.6523,grasp,0.0000,0.0000,0.0000,0.0000,0.0000,0.0000,False,,0.0500,0.0000,True,0.8020,-0.2600,0.0100,0.8432
486,0.0,1.1480,0.0000,False,False,False,-0.4251,4.7358,-0.2466,-1.2623,-0.1404,1.4807,-0.0555,0.0508,-0.0131,0.1850,0.1788,0.1930,0.4765,0.1501,0.3992,1.0658,0.0000,0.0000,0.0000,0.0000,0.0000,0.0000,False,-0.0680,0.0208,-0.0197,0.0668,-0.0141,0.0174,2.3399,grasp,0.0000,0.0000,0.0000,0.0000,0.0000,0.0000,False,,0.0500,0.0000,True,0.8020,-0.2600,0.0100,0.8432
487,0.0,1.1488,0.0000,False,False,False,-0.4258,4.7360,-0.2468,-1.2616,-0.1405,1.4808,-0.0674,0.0201,-0.0196,0.0650,-0.0159,0.0155,0.5164,0.1523,0.4013,1.0656,0.0000,0.0000,0.0000,0.0000,0.0000,0.0000,False,-0.0118,0.0367,-0.0465,0.0441,0.0759,0.0252,-0.8856,grasp,0.0000,0.0000,0.0000,0.0000,0.0000,0.0000,False,,0.0500,0.0000,False,0.8020,-0.2600,0.0100,0.8432
488,0.0,1.1488,0.0000,False,False,False,-0.4271,4.7364,-0.2471,-1.2604,-0.1408,1.4811,-0.1281,0.0384,-0.0372,0.1234,-0.0302,0.0295,0.5364,0.1523,0.4013,1.0656,0.0000,0.0000,0.0000,0.0000,0.0000,0.0000,False,-0.0545,-0.0413,-0.0556,0.0349,0.0299,0.0165,1.3367,grasp,0.0000,0.0000,0.0000,0.0000,0.0000,0.0000,False,,0.0500,0.0000,False,0.8020,-0.2600,0.0100,0.8432
489,0.0,1.1488,0.0000,False,False,False,-0.4271,4.7364,-0.2471,-1.2604,-0.1408,1.4811,-0.0000,-0.0000,-0.0000,0.0000,-0.0000,0.0000,0.5477,0.1523,0.4013,1.0656,0.0000,0.0000,0.0000,0.0000,0.0000,0.0000,False,-0.0678,0.0691,-0.0082,-0.0023,-0.0168,-0.0644,1.6502,grasp,0.0000,0.0000,0.0000,0.0000,0.0000,0.0000,False,,0.0500,0.0000,False,0.8020,-0.2600,0.0100,0.8432
490,0.0,1.1491,0.0000,False,False,False,-0.4288,4.7381,-0.2468,-1.2612,-0.1417,1.4785,0.0299,-0.0543,0.0538,-0.0782,-0.0393,-0.0752,0.5673,0.1549,0.4012,1.0655,0.0000,0.0000,0.0000,0.0000,0.0000,0.0000,False,0.0286,-0.0506,0.0536,-0.0782,-0.0396,-0.0765,1.5742,grasp,0.0000,0.0000,0.0000,0.0000,0.0000,0.0000,False,,0.0500,0.0000,False,0.8020,-0.2600,0.0100,0.8432
491,0.0,1.1491,0.0000,False,False,False,-0.4279,4.7374,-0.2451,-1.2625,-0.1430,1.4776,0.0263,0.0443,0.0744,0.0181,-0.0516,0.0539,0.5306,0.1558,0.4007,1.0657,0.0000,0.0000,0.0000,0.0000,0.0000,0.0000,False,0.0268,0.0428,0.0754,0.0166,-0.0523,0.0525,-2.0976,grasp,0.0000,0.0000,0.0000,0.0000,0.0000,0.0000,False,,0.0500,0.0000,False,0.8020,-0.2600,0.0100,0.8432
492,0.0,1.1491,0.0000,False,False,False,-0.4274,4.7382,-0.2437,-1.2622,-0.1439,1.4786,0.0499,0.0841,0.1413,0.0343,-0.0980,0.1025,0.5106,0.1558,0.4007,1.0657,0.0000,0.0000,0.0000,0.0000,0.0000,0.0000,False,0.0766,0.0141,-0.0478,-0.0273,0.0477,-0.0368,-0.5144,grasp,0.0000,0.0000,0.0000,0.0000,0.0000,0.0000,False,,0.0500,0.0000,False,0.8020,-0.2600,0.0100,0.8432
493,0.0,1.1491,0.0000,False,False,False,-0.4274,4.7382,-0.2437,-1.2622,-0.1439,1.4786,0.0499,0.0841,0.1413,0.0343,-0.0980,0.1025,0.5106,0.1558,0.4007,1.0657,0.0000,0.0000,0.0000,0.0000,0.0000,0.0000,False,-0.0671,-0.0285,0.0621,-0.0126,0.0484,0.0593,-0.4765,grasp,0.0000,0.0000,0.0000,0.0000,0.0000,0.0000,False,,0.0500,0.0000,False,0.8020,-0.2600,0.0100,0.8432
494,0.0,1.1484,0.0000,False,False,False,-0.4318,4.7387,-0.2459,-1.2616,-0.1410,1.4761,-0.2112,0.0146,-0.1061,0.0280,0.1397,-0.1236,0.3976,0.1570,0.3981,1.0657,0.0000,0.0000,0.0000,0.0000,0.0000,0.0000,False,-0.0779,0.0054,-0.0392,0.0103,0.0516,-0.0456,-2.7862,grasp,0.0000,0.0000,0.0000,0.0000,0.0000,0.0000,False,,0.0500,0.0000,False,0.8020,-0.2600,0.0100,0.8432
495,0.0,1.1484,0.0000,False,False,False,-0.4318,4.7387,-0.2459,-1.2616,-0.1410,1.4761,-0.2112,0.0146,-0.1061,0.0280,0.1397,-0.1236,0.3976,0.1570,0.3981,1.0657,0.0000,0.0000,0.0000,0.0000,0.0000,0.0000,False,0.0254,-0.0594,-0.0382,-0.0467,-0.0703,0.0053,1.3480,grasp,0.0000,0.0000,0.0000,0.0000,0.0000,0.0000,False,,0.0500,0.0000,True,0.8020,-0.2600,0.0100,0.8432
496,0.0,1.1479,0.0000,False,False,False,-0.4345,4.7389,-0.2472,-1.2613,-0.1393,1.4745,0.0000,-0.0000,-0.0000,0.0000,-0.0000,0.0000,0.4072,0.1567,0.3968,1.0657,0.0000,0.0000,0.0000,0.0000,0.0000,0.0000,False,-0.0637,0.0783,0.0765,0.0281,0.0276,-0.0508,0.7739,grasp,0.0000,0.0000,0.0000,0.0000,0.0000,0.0000,False,,0.0500,0.0000,False,0.8020,-0.2600,0.0100,0.8432
497,0.0,1.1479,0.0000,False,False,False,-0.4351,4.7395,-0.2464,-1.2610,-0.1390,1.4740,-0.0637,0.0783,0.0765,0.0281,0.0276,-0.0508,0.4163,0.1567,0.3968,1.0657,0.0000,0.0000,0.0000,0.0000,0.0000,0.0000,False,-0.0478,-0.0441,0.0478,0.0621,-0.0011,0.0207,-1.8759,grasp,0.0000,0.0000,0.0000,0.0000,0.0000,0.0000,False,,0.0500,0.0000,False,0.8020,-0.2600,0.0100,0.8432
498,0.0,1.1479,0.0000,False,False,False,-0.4351,4.7397,-0.2464,-1.2610,-0.1390,1.4740,0.0000,-0.0000,-0.0000,0.0000,-0.0000,0.0000,0.4163,0.1567,0.3968,1.0657,0.0000,0.0000,0.0000,0.0000,0.0000,0.0000,False,-0.0023,0.0341,-0.0466,0.0743,0.0072,0.0589,1.5508,grasp,0.0000,0.0000,0.0000,0.0000,0.0000,0.0000,False,,0.0500,0.0000,True,0.8020,-0.2600,0.0100,0.8432
499,0.0,1.1483,0.0000,False,False,False,-0.4371,4.7421,-0.2483,-1.2585,-0.1380,1.4729,-0.1300,0.1427,-0.0905,0.1109,0.0632,-0.1143,0.4962,0.1586,0.3972,1.0657,0.0000,0.0000,0.0000,0.0000,0.0000,0.0000,False,-0.0685,0.0752,-0.0481,0.0591,0.0333,-0.0596,2.0564,grasp,0.0000,0.0000,0.0000,0.0000,0.0000,0.0000,False,,0.0500,0.0000,True,0.8020,-0.2600,0.0100,0.8432
500,0.0,1.1487,0.0000,False,False,False,-0.4390,4.7441,-0.2495,-1.2569,-0.1367,1.4715,-0.0044,-0.0479,0.0111,0.0031,0.0407,0.0283,0.4893,0.1634,0.3968,1.0656,0.0000,0.0000,0.0000,0.0000,0.0000,0.0000,False,-0.0063,-0.0418,0.0099,0.0047,0.0416,0.0267,-0.3167,grasp,0.0000,0.0000,0.0000,0.0000,0.0000,0.0000,False,,0.0500,0.0000,False,0.8020,-0.2600,0.0100,0.8432
501,0.0,1.1433,-0.0067,False,False,False,-0.4468,4.7459,-0.2341,-1.2728,-0.1128,1.4770,-0.0110,0.0240,0.0207,-0.0283,0.0213,-0.0041,0.0003,0.1548,0.3782,1.0677,0.0000,0.0000,0.0000,0.0000,0.0000,0.0000,False,-0.0127,-0.0464,-0.0583,-0.0631,-0.0204,-0.0180,-1.7742,grasp,0.0000,0.0000,0.0000,0.0000,0.0000,0.0000,False,,0.0500,0.0000,False,0.8020,-0.2600,0.0100,0.8432
502,0.0,1.1445,-0.0160,False,False,False,-0.4464,4.7452,-0.2341,-1.2733,-0.1136,1.4772,0.0384,-0.0689,-0.0006,-0.0472,-0.0776,0.0205,0.0575,0.1567,0.3812,1.0677,0.0000,0.0000,0.0000,0.0000,0.0000,0.0000,False,0.0384,-0.0689,-0.0006,-0.0472,-0.0776,0.0205,0.1898,grasp,0.0000,0.0000,0.0000,0.0000,0.0000,0.0000,False,,0.0500,0.0000,True,0.8020,-0.2600,0.0100,0.8432
503,0.0,1.1445,-0.0018,False,False,False,-0.4457,4.7437,-0.2341,-1.2742,-0.1151,1.4776,0.0000,-0.0000,-0.0000,0.0000,-0.0000,0.0000,0.0974,0.1567,0.3812,1.0677,0.0000,0.0000,0.0000,0.0000,0.0000,0.0000,False,-0.0042,0.0673,-0.0129,-0.0791,0.0505,0.0295,-0.6427,grasp,0.0000,0.0000,0.0000,0.0000,0.0000,0.0000,False,,0.0500,0.0000,False,0.8020,-0.2600,0.0100,0.8432
504,0.0,1.1445,-0.0148,False,False,False,-0.4457,4.7444,-0.2343,-1.2749,-0.1145,1.4779,-0.0049,0.0710,-0.0129,-0.0782,0.0520,0.0292,0.1174,0.1567,0.3812,1.0677,0.0000,0.0000,0.0000,0.0000,0.0000,0.0000,False,0.0462,-0.0221,0.0463,0.0584,-0.0700,0.0244,2.3582,grasp,0.0000,0.0000,0.0000,0.0000,0.0000,0.0000,False,,0.0500,0.0000,True,0.8020,-0.2600,0.0100,0.8432
505,0.0,1.1465,-0.0223,False,False,False,-0.4458,4.7454,-0.2330,-1.2764,-0.1132,1.4790,-0.0080,0.0687,0.0825,-0.0948,0.0853,0.0731,0.1973,0.1587,0.3864,1.0677,0.0000,0.0000,0.0000,0.0000,0.0000,0.0000,False,-0.0042,0.0361,0.0434,-0.0499,0.0449,0.0385,0.1866,grasp,0.0000,0.0000,0.0000,0.0000,0.0000,0.0000,False,,0.0500,0.0000,True,0.8020,-0.2600,0.0100,0.8432
506,0.0,1.1465,-0.0301,False,False,False,-0.4459,4.7464,-0.2318,-1.2777,-0.1120,1.4800,-0.0114,0.0980,0.1176,-0.1352,0.1217,0.1042,0.2173,0.1587,0.3864,1.0677,0.0000,0.0000,0.0000,0.0000,0.0000,0.0000,False,0.0737,-0.0769,0.0078,0.0265,0.0626,-0.0670,2.4609,grasp,0.0000,0.0000,0.0000,0.0000,0.0000,0.0000,False,,0.0500,0.0000,True,0.8020,-0.2600,0.0100,0.8432
507,0.0,1.1484,-0.0170,False,False,False,-0.4452,4.7459,-0.2318,-1.2775,-0.1114,1.4793,0.0738,-0.0801,0.0066,0.0278,0.0613,-0.0681,0.2562,0.1623,0.3899,1.0680,0.0000,0.0000,0.0000,0.0000,0.0000,0.0000,False,0.0314,0.0700,-0.0157,0.0638,0.0768,-0.0087,-0.5444,grasp,0.0000,0.0000,0.0000,0.0000,0.0000,0.0000,False,,0.0500,0.0000,False,0.8020,-0.2600,0.0100,0.8432
508,0.0,1.1484,-0.0038,False,False,False,-0.4438,4.7441,-0.2316,-1.2769,-0.1103,1.4780,0.0000,-0.0000,-0.0000,0.0000,-0.0000,0.0000,0.2956,0.1623,0.3899,1.0680,0.0000,0.0000,0.0000,0.0000,0.0000,0.0000,False,-0.0581,-0.0008,0.0681,0.0650,-0.0307,-0.0376,-1.9581,grasp,0.0000,0.0000,0.0000,0.0000,0.0000,0.0000,False,,0.0500,0.0000,False,0.8020,-0.2600,0.0100,0.8432
509,0.0,1.1484,-0.0142,False,False,False,-0.4444,4.7441,-0.2310,-1.2763,-0.1106,1.4777,-0.0595,0.0042,0.0680,0.0644,-0.0318,-0.0363,0.3156,0.1623,0.3899,1.0680,0.0000,0.0000,0.0000,0.0000,0.0000,0.0000,False,0.0171,0.0685,0.0134,0.0662,0.0118,0.0164,-0.9046,grasp,0.0000,0.0000,0.0000,0.0000,0.0000,0.0000,False,,0.0500,0.0000,False,0.8020,-0.2600,0.0100,0.8432
510,0.0,1.1495,-0.0239,False,False,False,-0.4429,4.7450,-0.2297,-1.2775,-0.1094,1.4769,0.0989,0.0589,0.0805,-0.0788,0.0763,-0.0517,0.3740,0.1624,0.3933,1.0679,0.0000,0.0000,0.0000,0.0000,0.0000,0.0000,False,0.0520,0.0310,0.0424,-0.0415,0.0402,-0.0272,2.1150,grasp,0.0000,0.0000,0.0000,0.0000,0.0000,0.0000,False,,0.0500,0.0000,True,0.8020,-0.2600,0.0100,0.8432
511,0.0,1.1501,-0.0106,False,False,False,-0.4413,4.7458,-0.2289,-1.2792,-0.1091,1.4762,0.0211,-0.0181,-0.0367,-0.0577,-0.0776,0.0097,0.3617,0.1633,0.3939,1.0682,0.0000,0.0000,0.0000,0.0000,0.0000,0.0000,False,0.0225,-0.0163,-0.0356,-0.0588,-0.0765,0.0090,-1.8256,grasp,0.0000,0.0000,0.0000,0.0000,0.0000,0.0000,False,,0.0500,0.0000,False,0.8020,-0.2600,0.0100,0.8432
512,0.0,1.1501,-0.0213,False,False,False,-0.4409,4.7454,-0.2296,-1.2803,-0.1106,1.4764,0.0401,-0.0335,-0.0698,-0.1096,-0.1474,0.0185,0.3423,0.1633,0.3939,1.0682,0.0000,0.0000,0.0000,0.0000,0.0000,0.0000,False,-0.0742,0.0503,-0.0310,0.0156,-0.0659,-0.0299,0.0530,grasp,0.0000,0.0000,0.0000,0.0000,0.0000,0.0000,False,,0.0500,0.0000,False,0.8020,-0.2600,0.0100,0.8432
513,0.0,1.1501,-0.0026,False,False,False,-0.4409,4.7454,-0.2296,-1.2803,-0.1106,1.4764,0.0000,-0.0000,-0.0000,0.0000,-0.0000,0.0000,0.3488,0.1633,0.3939,1.0682,0.0000,0.0000,0.0000,0.0000,0.0000,0.0000,False,0.0721,-0.0298,0.0662,0.0654,0.0663,-0.0288,-1.9920,grasp,0.0000,0.0000,0.0000,0.0000,0.0000,0.0000,False,,0.0500,0.0000,False,0.8020,-0.2600,0.0100,0.8432
514,0.0,1.1495,-0.0250,False,False,False,-0.4441,4.7438,-0.2255,-1.2791,-0.1094,1.4727,-0.1225,-0.1034,0.2137,0.0491,0.0879,-0.1637,0.2746,0.1628,0.3922,1.0681,0.0000,0.0000,0.0000,0.0000,0.0000,0.0000,False,-0.0460,-0.0376,0.0785,0.0183,0.0318,-0.0607,-2.6105,grasp,0.0000,0.0000,0.0000,0.0000,0.0000,0.0000,False,,0.0500,0.0000,False,0.8020,-0.2600,0.0100,0.8432
515,0.0,1.1495,-0.0377,False,False,False,-0.4441,4.7438,-0.2255,-1.2791,-0.1094,1.4727,-0.1225,-0.1034,0.2137,0.0491,0.0879,-0.1637,0.2746,0.1628,0.3922,1.0681,0.0000,0.0000,0.0000,0.0000,0.0000,0.0000,False,-0.0022,-0.0047,0.0415,-0.0463,0.0416,-0.0442,0.9197,grasp,0.0000,0.0000,0.0000,0.0000,0.0000,0.0000,False,,0.0500,0.0000,True,0.8020,-0.2600,0.0100,0.8432
516,0.0,1.1494,-0.0123,False,False,False,-0.4456,4.7432,-0.2232,-1.2779,-0.1084,1.4713,0.0072,0.0782,-0.0391,0.0603,-0.0097,0.0597,0.2946,0.1641,0.3910,1.0683,0.0000,0.0000,0.0000,0.0000,0.0000,0.0000,False,0.0056,0.0769,-0.0364,0.0609,-0.0086,0.0576,1.1505,grasp,0.0000,0.0000,0.0000,0.0000,0.0000,0.0000,False,,0.0500,0.0000,True,0.8020,-0.2600,0.0100,0.8432
517,0.0,1.1494,-0.0014,False,False,False,-0.4455,4.7448,-0.2239,-1.2767,-0.1086,1.4724,-0.0000,-0.0000,-0.0000,0.0000,-0.0000,0.0000,0.2983,0.1641,0.3910,1.0683,0.0000,0.0000,0.0000,0.0000,0.0000,0.0000,False,-0.0016,0.0015,0.0050,0.0758,0.0204,-0.0154,-2.5623,grasp,0.0000,0.0000,0.0000,0.0000,0.0000,0.0000,False,,0.0500,0.0000,False,0.8020,-0.2600,0.0100,0.8432
518,0.0,1.1494,-0.0058,False,False,False,-0.4455,4.7448,-0.2239,-1.2760,-0.1084,1.4722,-0.0017,-0.0015,0.0058,0.0746,0.0206,-0.0166,0.2783,0.1641,0.3910,1.0683,0.0000,0.0000,0.0000,0.0000,0.0000,0.0000,False,0.0699,-0.0276,0.0105,0.0414,-0.0735,-0.0084,0.8932,grasp,0.0000,0.0000,0.0000,0.0000,0.0000,0.0000,False,,0.0500,0.0000,True,0.8020,-0.2600,0.0100,0.8432
519,0.0,1.1496,-0.0117,False,False,False,-0.4452,4.7446,-0.2235,-1.2766,-0.1087,1.4727,0.0316,-0.0198,0.0404,-0.0588,-0.0380,0.0493,0.3383,0.1657,0.3912,1.0682,0.0000,0.0000,0.0000,0.0000,0.0000,0.0000,False,0.0316,-0.0198,0.0404,-0.0588,-0.0380,0.0493,2.4594,grasp,0.0000,0.0000,0.0000,0.0000,0.0000,0.0000,False,,0.0500,0.0000,True,0.8020,-0.2600,0.0100,0.8432
520,0.0,1.1509,-0.0220,False,False,False,-0.4439,4.7462,-0.2210,-1.2780,-0.1090,1.4724,0.0464,0.1407,0.1091,-0.0227,0.0296,-0.0808,0.4182,0.1691,0.3931,1.0684,0.0000,0.0000,0.0000,0.0000,0.0000,0.0000,False,0.0250,0.0732,0.0582,-0.0130,0.0149,-0.0416,-0.5461,grasp,0.0000,0.0000,0.0000,0.0000,0.0000,0.0000,False,,0.0500,0.0000,False,0.8020,-0.2600,0.0100,0.8432
521,0.0,1.1509,-0.0220,False,False,False,-0.4439,4.7462,-0.2210,-1.2780,-0.1090,1.4724,0.0464,0.1407,0.1091,-0.0227,0.0296,-0.0808,0.4182,0.1691,0.3931,1.0684,0.0000,0.0000,0.0000,0.0000,0.0000,0.0000,False,-0.0007,0.0604,-0.0725,0.0732,-0.0303,0.0670,-1.1693,grasp,0.0000,0.0000,0.0000,0.0000,0.0000,0.0000,False,,0.0500,0.0000,False,0.8020,-0.2600,0.0100,0.8432
522,0.0,1.1509,-0.0027,False,False,False,-0.4432,4.7490,-0.2195,-1.2784,-0.1086,1.4713,-0.0000,-0.0000,-0.0000,0.0000,-0.0000,0.0000,0.4232,0.1691,0.3931,1.0684,0.0000,0.0000,0.0000,0.0000,0.0000,0.0000,False,0.0201,0.0339,0.0134,-0.0153,-0.0050,0.0519,-1.7408,grasp,0.0000,0.0000,0.0000,0.0000,0.0000,0.0000,False,,0.0500,0.0000,False,0.8020,-0.2600,0.0100,0.8432
523,0.0,1.1509,-0.0033,False,False,False,-0.4432,4.7490,-0.2195,-1.2784,-0.1086,1.4713,-0.0000,-0.0000,-0.0000,0.0000,-0.0000,0.0000,0.3832,0.1691,0.3931,1.0684,0.0000,0.0000,0.0000,0.0000,0.0000,0.0000,False,0.0422,0.0336,-0.0004,0.0184,-0.0394,-0.0148,-2.2751,grasp,0.0000,0.0000,0.0000,0.0000,0.0000,0.0000,False,,0.0500,0.0000,False,0.8020,-0.2600,0.0100,0.8432
524,0.0,1.1503,-0.0141,False,False,False,-0.4420,4.7500,-0.2195,-1.2778,-0.1097,1.4708,0.0802,0.0639,-0.0007,0.0349,-0.0748,-0.0281,0.3432,0.1710,0.3903,1.0685,0.0000,0.0000,0.0000,0.0000,0.0000,0.0000,False,-0.0629,0.0628,0.0148,-0.0121,0.0263,-0.0494,-2.7893,grasp,0.0000,0.0000,0.0000,0.0000,0.0000,0.0000,False,,0.0500,0.0000,False,0.8020,-0.2600,0.0100,0.8432
525,0.0,1.1504,-0.0265,False,False,False,-0.4429,4.7495,-0.2181,-1.2762,-0.1118,1.4715,-0.1314,-0.0910,0.0910,0.0728,-0.0659,0.0669,0.3830,0.1730,0.3900,1.0683,0.0000,0.0000,0.0000,0.0000,0.0000,0.0000,False,-0.0680,-0.0467,0.0479,0.0388,-0.0357,0.0348,2.8048,grasp,0.0000,0.0000,0.0000,0.0000,0.0000,0.0000,False,,0.0500,0.0000,True,0.8020,-0.2600,0.0100,0.8432
526,0.0,1.1504,-0.0018,False,False,False,-0.4447,4.7482,-0.2168,-1.2752,-0.1127,1.4724,-0.0000,-0.0000,-0.0000,0.0000,-0.0000,0.0000,0.4029,0.1730,0.3900,1.0683,0.0000,0.0000,0.0000,0.0000,0.0000,0.0000,False,0.0204,0.0486,0.0638,0.0544,0.0149,-0.0638,-0.1158,grasp,0.0000,0.0000,0.0000,0.0000,0.0000,0.0000,False,,0.0500,0.0000,False,0.8020,-0.2600,0.0100,0.8432
527,0.0,1.1504,-0.0148,False,False,False,-0.4445,4.7487,-0.2162,-1.2746,-0.1126,1.4718,0.0223,0.0499,0.0625,0.0534,0.0159,-0.0647,0.4011,0.1730,0.3900,1.0683,0.0000,0.0000,0.0000,0.0000,0.0000,0.0000,False,0.0200,-0.0144,0.0731,-0.0354,0.0615,0.0766,-0.5878,grasp,0.0000,0.0000,0.0000,0.0000,0.0000,0.0000,False,,0.0500,0.0000,False,0.8020,-0.2600,0.0100,0.8432
528,0.0,1.1503,-0.0124,False,False,False,-0.4440,4.7486,-0.2167,-1.2754,-0.1122,1.4726,0.0498,-0.0198,-0.0488,-0.0742,0.0339,0.0786,0.3647,0.1741,0.3893,1.0683,0.0000,0.0000,0.0000,0.0000,0.0000,0.0000,False,0.0498,-0.0197,-0.0488,-0.0742,0.0339,0.0786,-1.2430,grasp,0.0000,0.0000,0.0000,0.0000,0.0000,0.0000,False,,0.0500,0.0000,False,0.8020,-0.2600,0.0100,0.8432
529,0.0,1.1503,-0.0020,False,False,False,-0.4431,4.7481,-0.2176,-1.2768,-0.1116,1.4740,0.0000,-0.0000,-0.0000,0.0000,-0.0000,0.0000,0.3452,0.1741,0.3893,1.0683,0.0000,0.0000,0.0000,0.0000,0.0000,0.0000,False,0.0025,0.0118,-0.0559,-0.0772,0.0227,0.0182,-0.9356,grasp,0.0000,0.0000,0.0000,0.0000,0.0000,0.0000,False,,0.0500,0.0000,False,0.8020,-0.2600,0.0100,0.8432
530,0.0,1.1499,-0.0157,False,False,False,-0.4430,4.7485,-0.2192,-1.2790,-0.1110,1.4745,0.0029,0.0241,-0.1045,-0.1441,0.0419,0.0318,0.3330,0.1704,0.3894,1.0685,0.0000,0.0000,0.0000,0.0000,0.0000,0.0000,False,0.0431,0.0345,-0.0272,0.0467,-0.0033,-0.0183,1.8458,grasp,0.0000,0.0000,0.0000,0.0000,0.0000,0.0000,False,,0.0500,0.0000,True,0.8020,-0.2600,0.0100,0.8432
531,0.0,1.1499,-0.0009,False,False,False,-0.4430,4.7485,-0.2192,-1.2790,-0.1110,1.4745,-0.0000,-0.0000,-0.0000,0.0000,-0.0000,0.0000,0.3166,0.1704,0.3894,1.0685,0.0000,0.0000,0.0000,0.0000,0.0000,0.0000,False,-0.0131,-0.0276,-0.0593,0.0778,0.0489,-0.0599,-1.4473,grasp,0.0000,0.0000,0.0000,0.0000,0.0000,0.0000,False,,0.0500,0.0000,False,0.8020,-0.2600,0.0100,0.8432
532,0.0,1.1499,-0.0133,False,False,False,-0.4432,4.7482,-0.2198,-1.2782,-0.1105,1.4739,-0.0131,-0.0276,-0.0593,0.0778,0.0489,-0.0599,0.3065,0.1704,0.3894,1.0685,0.0000,0.0000,0.0000,0.0000,0.0000,0.0000,False,0.0288,-0.0793,0.0382,-0.0474,0.0029,0.0372,2.7611,grasp,0.0000,0.0000,0.0000,0.0000,0.0000,0.0000,False,,0.0500,0.0000,True,0.8020,-0.2600,0.0100,0.8432
533,0.0,1.1500,-0.0123,False,False,False,-0.4429,4.7488,-0.2193,-1.2789,-0.1104,1.4737,0.0245,0.0666,0.0468,-0.0651,0.0055,-0.0215,0.3665,0.1702,0.3901,1.0684,0.0000,0.0000,0.0000,0.0000,0.0000,0.0000,False,0.0245,0.0666,0.0468,-0.0651,0.0055,-0.0215,1.3785,grasp,0.0000,0.0000,0.0000,0.0000,0.0000,0.0000,False,,0.0500,0.0000,True,0.8020,-0.2600,0.0100,0.8432
534,0.0,1.1500,-0.0075,False,False,False,-0.4422,4.7501,-0.2186,-1.2800,-0.1109,1.4727,0.0208,-0.0147,-0.0140,0.0071,-0.0611,-0.0604,0.3503,0.1702,0.3901,1.0684,0.0000,0.0000,0.0000,0.0000,0.0000,0.0000,False,0.0212,-0.0109,-0.0131,0.0058,-0.0610,-0.0608,-1.8323,grasp,0.0000,0.0000,0.0000,0.0000,0.0000,0.0000,False,,0.0500,0.0000,False,0.8020,-0.2600,0.0100,0.8432
535,0.0,1.1499,-0.0126,False,False,False,-0.4425,4.7493,-0.2182,-1.2801,-0.1123,1.4714,-0.0687,-0.0620,0.0690,-0.0211,-0.0184,-0.0136,0.3401,0.1714,0.3888,1.0685,0.0000,0.0000,0.0000,0.0000,0.0000,0.0000,False,-0.0683,-0.0623,0.0687,-0.0210,-0.0196,-0.0148,-0.1982,grasp,0.0000,0.0000,0.0000,0.0000,0.0000,0.0000,False,,0.0500,0.0000,False,0.8020,-0.2600,0.0100,0.8432
536,0.0,1.1499,-0.0120,False,False,False,-0.4425,4.7493,-0.2182,-1.2801,-0.1123,1.4714,-0.0687,-0.0620,0.0690,-0.0211,-0.0184,-0.0136,0.3401,0.1714,0.3888,1.0685,0.0000,0.0000,0.0000,0.0000,0.0000,0.0000,False,0.0551,-0.0589,0.0211,0.0103,-0.0326,0.0766,2.6167,grasp,0.0000,0.0000,0.0000,0.0000,0.0000,0.0000,False,,0.0500,0.0000,True,0.8020,-0.2600,0.0100,0.8432
537,0.0,1.1506,-0.0327,False,False,False,-0.4426,4.7461,-0.2147,-1.2826,-0.1141,1.4721,0.0828,-0.1333,0.1401,-0.1370,-0.0946,0.0614,0.4032,0.1722,0.3903,1.0685,0.0000,0.0000,0.0000,0.0000,0.0000,0.0000,False,0.0423,-0.0713,0.0750,-0.0725,-0.0501,0.0321,1.4937,grasp,0.0000,0.0000,0.0000,0.0000,0.0000,0.0000,False,,0.0500,0.0000,True,0.8020,-0.2600,0.0100,0.8432
538,0.0,1.1506,-0.0466,False,False,False,-0.4414,4.7442,-0.2127,-1.2846,-0.1154,1.4730,0.1182,-0.1902,0.1998,-0.1955,-0.1349,0.0876,0.4218,0.1722,0.3903,1.0685,0.0000,0.0000,0.0000,0.0000,0.0000,0.0000,False,0.0064,0.0731,0.0353,-0.0764,-0.0679,-0.0044,0.4071,grasp,0.0000,0.0000,0.0000,0.0000,0.0000,0.0000,False,,0.0500,0.0000,False,0.8020,-0.2600,0.0100,0.8432
539,0.0,1.1506,-0.0136,False,False,False,-0.4413,4.7447,-0.2124,-1.2853,-0.1161,1.4729,0.0052,0.0770,0.0333,-0.0744,-0.0665,-0.0053,0.4275,0.1722,0.3903,1.0685,0.0000,0.0000,0.0000,0.0000,0.0000,0.0000,False,-0.0026,0.0047,0.0194,-0.0564,0.0560,0.0129,-2.2556,grasp,0.0000,0.0000,0.0000,0.0000,0.0000,0.0000,False,,0.0500,0.0000,False,0.8020,-0.2600,0.0100,0.8432
540,0.0,1.1512,-0.0134,False,False,False,-0.4420,4.7457,-0.2122,-1.2871,-0.1171,1.4728,-0.0777,-0.0759,-0.0463,-0.0379,0.0266,-0.0012,0.3899,0.1735,0.3910,1.0687,0.0000,0.0000,0.0000,0.0000,0.0000,0.0000,False,-0.0776,-0.0713,-0.0457,-0.0393,0.0253,-0.0013,-2.9706,grasp,0.0000,0.0000,0.0000,0.0000,0.0000,0.0000,False,,0.0500,0.0000,False,0.8020,-0.2600,0.0100,0.8432
541,0.0,1.1512,-0.0256,False,False,False,-0.4435,4.7443,-0.2131,-1.2878,-0.1166,1.4728,-0.1476,-0.1416,-0.0880,-0.0720,0.0505,-0.0022,0.3699,0.1735,0.3910,1.0687,0.0000,0.0000,0.0000,0.0000,0.0000,0.0000,False,0.0021,0.0719,0.0031,0.0082,0.0770,0.0653,-2.3366,grasp,0.0000,0.0000,0.0000,0.0000,0.0000,0.0000,False,,0.0500,0.0000,False,0.8020,-0.2600,0.0100,0.8432
542,0.0,1.1505,-0.0133,False,False,False,-0.4429,4.7442,-0.2133,-1.2885,-0.1160,1.4734,0.0555,0.0178,-0.0253,-0.0650,0.0558,0.0653,0.3681,0.1707,0.3901,1.0688,0.0000,0.0000,0.0000,0.0000,0.0000,0.0000,False,0.0555,0.0175,-0.0253,-0.0650,0.0558,0.0653,0.3600,grasp,0.0000,0.0000,0.0000,0.0000,0.0000,0.0000,False,,0.0500,0.0000,False,0.8020,-0.2600,0.0100,0.8432
543,0.0,1.1505,-0.0142,False,False,False,-0.4415,4.7450,-0.2146,-1.2896,-0.1153,1.4753,0.0430,0.0511,-0.0722,0.0095,-0.0313,0.0649,0.4159,0.1707,0.3901,1.0688,0.0000,0.0000,0.0000,0.0000,0.0000,0.0000,False,0.0440,0.0514,-0.0727,0.0083,-0.0302,0.0662,2.4501,grasp,0.0000,0.0000,0.0000,0.0000,0.0000,0.0000,False,,0.0500,0.0000,True,0.8020,-0.2600,0.0100,0.8432
544,0.0,1.1513,-0.0176,False,False,False,-0.4411,4.7453,-0.2157,-1.2891,-0.1151,1.4772,-0.0482,-0.0721,0.0239,0.0348,0.0744,0.0619,0.4175,0.1709,0.3925,1.0688,0.0000,0.0000,0.0000,0.0000,0.0000,0.0000,False,-0.0474,-0.0712,0.0225,0.0350,0.0738,0.0632,-0.5928,grasp,0.0000,0.0000,0.0000,0.0000,0.0000,0.0000,False,,0.0500,0.0000,False,0.8020,-0.2600,0.0100,0.8432
545,0.0,1.1513,-0.0173,False,False,False,-0.4411,4.7453,-0.2157,-1.2891,-0.1151,1.4772,-0.0482,-0.0721,0.0239,0.0348,0.0744,0.0619,0.4175,0.1709,0.3925,1.0688,0.0000,0.0000,0.0000,0.0000,0.0000,0.0000,False,0.0448,-0.0645,0.0257,-0.0332,-0.0435,0.0035,0.1357,grasp,0.0000,0.0000,0.0000,0.0000,0.0000,0.0000,False,,0.0500,0.0000,False,0.8020,-0.2600,0.0100,0.8432
546,0.0,1.1515,-0.0313,False,False,False,-0.4404,4.7432,-0.2164,-1.2870,-0.1116,1.4761,0.1086,-0.0473,-0.0780,0.0953,0.1397,-0.1505,0.4671,0.1689,0.3939,1.0688,0.0000,0.0000,0.0000,0.0000,0.0000,0.0000,False,0.0562,-0.0267,-0.0406,0.0508,0.0749,-0.0780,2.8890,grasp,0.0000,0.0000,0.0000,0.0000,0.0000,0.0000,False,,0.0500,0.0000,True,0.8020,-0.2600,0.0100,0.8432
547,0.0,1.1515,-0.0169,False,False,False,-0.4389,4.7426,-0.2169,-1.2862,-0.1103,1.4747,-0.0036,0.0373,0.0588,-0.0593,-0.0738,0.0771,0.5266,0.1689,0.3939,1.0688,0.0000,0.0000,0.0000,0.0000,0.0000,0.0000,False,-0.0021,0.0344,0.0577,-0.0580,-0.0719,0.0750,0.6658,grasp,0.0000,0.0000,0.0000,0.0000,0.0000,0.0000,False,,0.0500,0.0000,False,0.8020,-0.2600,0.0100,0.8432
548,0.0,1.1515,-0.0143,False,False,False,-0.4389,4.7426,-0.2169,-1.2862,-0.1103,1.4747,-0.0036,0.0373,0.0588,-0.0593,-0.0738,0.0771,0.5266,0.1689,0.3939,1.0688,0.0000,0.0000,0.0000,0.0000,0.0000,0.0000,False,-0.0449,0.0576,-0.0480,0.0254,0.0591,0.0064,0.7365,grasp,0.0000,0.0000,0.0000,0.0000,0.0000,0.0000,False,,0.0500,0.0000,False,0.8020,-0.2600,0.0100,0.8432
549,0.0,1.1522,-0.0157,False,False,False,-0.4394,4.7440,-0.2154,-1.2876,-0.1111,1.4766,-0.0515,0.0710,0.0427,-0.0321,0.0627,0.0457,0.5662,0.1684,0.3964,1.0687,0.0000,0.0000,0.0000,0.0000,0.0000,0.0000,False,-0.0516,0.0731,0.0438,-0.0332,0.0613,0.0472,1.9575,grasp,0.0000,0.0000,0.0000,0.0000,0.0000,0.0000,False,,0.0500,0.0000,False,0.8020,-0.2600,0.0100,0.8432
550,0.0,1.1522,-0.0141,False,False,False,-0.4394,4.7440,-0.2154,-1.2876,-0.1111,1.4766,-0.0515,0.0710,0.0427,-0.0321,0.0627,0.0457,0.5662,0.1684,0.3964,1.0687,0.0000,0.0000,0.0000,0.0000,0.0000,0.0000,False,-0.0550,-0.0191,-0.0737,-0.0779,-0.0404,0.0248,0.7926,grasp,0.0000,0.0000,0.0000,0.0000,0.0000,0.0000,False,,0.0500,0.0000,False,0.8020,-0.2600,0.0100,0.8432
551,0.0,1.1523,-0.0303,False,False,False,-0.4424,4.7471,-0.2134,-1.2864,-0.1095,1.4792,-0.1321,0.0991,0.0804,0.1238,0.0279,0.1095,0.5145,0.1717,0.3947,1.0689,0.0000,0.0000,0.0000,0.0000,0.0000,0.0000,False,-0.0705,0.0550,0.0431,0.0645,0.0159,0.0585,-1.1008,grasp,0.0000,0.0000,0.0000,0.0000,0.0000,0.0000,False,,0.0500,0.0000,False,0.8020,-0.2600,0.0100,0.8432
552,0.0,1.1523,-0.0122,False,False,False,-0.4444,4.7493,-0.2126,-1.2854,-0.1098,1.4803,-0.0069,0.0133,-0.0352,-0.0806,-0.0716,-0.0415,0.4776,0.1717,0.3947,1.0689,0.0000,0.0000,0.0000,0.0000,0.0000,0.0000,False,-0.0088,0.0215,-0.0341,-0.0788,-0.0712,-0.0400,0.0434,grasp,0.0000,0.0000,0.0000,0.0000,0.0000,0.0000,False,,0.0500,0.0000,False,0.8020,-0.2600,0.0100,0.8432
553,0.0,1.1518,-0.0094,False,False,False,-0.4449,4.7493,-0.2134,-1.2873,-0.1105,1.4794,-0.0412,-0.0359,-0.0138,-0.0410,0.0616,-0.0138,0.4304,0.1760,0.3912,1.0689,0.0000,0.0000,0.0000,0.0000,0.0000,0.0000,False,-0.0413,-0.0356,-0.0145,-0.0425,0.0603,-0.0146,-1.9097,grasp,0.0000,0.0000,0.0000,0.0000,0.0000,0.0000,False,,0.0500,0.0000,False,0.8020,-0.2600,0.0100,0.8432
554,0.0,1.1518,-0.0113,False,False,False,-0.4449,4.7493,-0.2134,-1.2873,-0.1105,1.4794,-0.0412,-0.0359,-0.0138,-0.0410,0.0616,-0.0138,0.4304,0.1760,0.3912,1.0689,0.0000,0.0000,0.0000,0.0000,0.0000,0.0000,False,-0.0706,-0.0055,-0.0431,-0.0704,-0.0078,0.0555,-1.5351,grasp,0.0000,0.0000,0.0000,0.0000,0.0000,0.0000,False,,0.0500,0.0000,False,0.8020,-0.2600,0.0100,0.8432
555,0.0,1.1517,-0.0204,False,False,False,-0.4447,4.7488,-0.2142,-1.2861,-0.1087,1.4810,0.0657,0.0178,-0.0383,0.1302,0.0419,0.1209,0.4702,0.1745,0.3915,1.0690,0.0000,0.0000,0.0000,0.0000,0.0000,0.0000,False,0.0338,0.0085,-0.0204,0.0678,0.0232,0.0634,2.6174,grasp,0.0000,0.0000,0.0000,0.0000,0.0000,0.0000,False,,0.0500,0.0000,True,0.8020,-0.2600,0.0100,0.8432
556,0.0,1.1517,-0.0102,False,False,False,-0.4436,4.7488,-0.2145,-1.2848,-0.1077,1.4828,0.0174,-0.0247,0.0267,-0.0563,0.0423,0.0137,0.5241,0.1745,0.3915,1.0690,0.0000,0.0000,0.0000,0.0000,0.0000,0.0000,False,0.0184,-0.0244,0.0261,-0.0545,0.0429,0.0154,1.9450,grasp,0.0000,0.0000,0.0000,0.0000,0.0000,0.0000,False,,0.0500,0.0000,False,0.8020,-0.2600,0.0100,0.8432
557,0.0,1.1517,-0.0085,False,False,False,-0.4436,4.7488,-0.2145,-1.2848,-0.1077,1.4828,0.0174,-0.0247,0.0267,-0.0563,0.0423,0.0137,0.5241,0.1745,0.3915,1.0690,0.0000,0.0000,0.0000,0.0000,0.0000,0.0000,False,-0.0014,0.0097,-0.0617,-0.0640,-0.0368,-0.0625,0.6542,grasp,0.0000,0.0000,0.0000,0.0000,0.0000,0.0000,False,,0.0500,0.0000,False,0.8020,-0.2600,0.0100,0.8432
558,0.0,1.1524,-0.0022,False,False,False,-0.4433,4.7483,-0.2140,-1.2859,-0.1069,1.4831,-0.0000,-0.0000,-0.0000,0.0000,-0.0000,0.0000,0.5247,0.1739,0.3938,1.0690,0.0000,0.0000,0.0000,0.0000,0.0000,0.0000,False,-0.0305,-0.0210,-0.0561,0.0121,-0.0746,0.0611,0.5241,grasp,0.0000,0.0000,0.0000,0.0000,0.0000,0.0000,False,,0.0500,0.0000,False,0.8020,-0.2600,0.0100,0.8432
559,0.0,1.1520,-0.0119,False,False,False,-0.4434,4.7462,-0.2150,-1.2854,-0.1055,1.4825,0.0152,-0.1366,-0.0282,0.0234,0.1379,-0.0795,0.4589,0.1724,0.3933,1.0689,0.0000,0.0000,0.0000,0.0000,0.0000,0.0000,False,0.0077,-0.0718,-0.0154,0.0125,0.0718,-0.0412,-2.7114,grasp,0.0000,0.0000,0.0000,0.0000,0.0000,0.0000,False,,0.0500,0.0000,False,0.8020,-0.2600,0.0100,0.8432
560,0.0,1.1520,-0.0211,False,False,False,-0.4434,4.7462,-0.2150,-1.2854,-0.1055,1.4825,0.0152,-0.1366,-0.0282,0.0234,0.1379,-0.0795,0.4589,0.1724,0.3933,1.0689,0.0000,0.0000,0.0000,0.0000,0.0000,0.0000,False,-0.0198,0.0141,-0.0573,0.0789,0.0592,-0.0216,-2.2776,grasp,0.0000,0.0000,0.0000,0.0000,0.0000,0.0000,False,,0.0500,0.0000,False,0.8020,-0.2600,0.0100,0.8432
561,0.0,1.1520,-0.0136,False,False,False,-0.4436,4.7434,-0.2157,-1.2858,-0.1040,1.4818,-0.0423,-0.0251,-0.0321,-0.0675,-0.0402,0.0415,0.4788,0.1724,0.3933,1.0689,0.0000,0.0000,0.0000,0.0000,0.0000,0.0000,False,-0.0421,-0.0331,-0.0325,-0.0672,-0.0383,0.0404,2.9583,grasp,0.0000,0.0000,0.0000,0.0000,0.0000,0.0000,False,,0.0500,0.0000,True,0.8020,-0.2600,0.0100,0.8432
562,0.0,1.1522,-0.0111,False,False,False,-0.4439,4.7429,-0.2156,-1.2876,-0.1049,1.4829,0.0427,0.0051,0.0687,-0.0596,-0.0206,0.0404,0.5386,0.1678,0.3961,1.0689,0.0000,0.0000,0.0000,0.0000,0.0000,0.0000,False,0.0419,0.0042,0.0681,-0.0609,-0.0214,0.0412,-2.6230,grasp,0.0000,0.0000,0.0000,0.0000,0.0000,0.0000,False,,0.0500,0.0000,False,0.8020,-0.2600,0.0100,0.8432
563,0.0,1.1522,-0.0130,False,False,False,-0.4439,4.7429,-0.2156,-1.2876,-0.1049,1.4829,0.0427,0.0051,0.0687,-0.0596,-0.0206,0.0404,0.5386,0.1678,0.3961,1.0689,0.0000,0.0000,0.0000,0.0000,0.0000,0.0000,False,0.0403,0.0037,-0.0154,-0.0015,0.0405,0.0721,-0.7942,grasp,0.0000,0.0000,0.0000,0.0000,0.0000,0.0000,False,,0.0500,0.0000,False,0.8020,-0.2600,0.0100,0.8432
564,0.0,1.1528,-0.0153,False,False,False,-0.4437,4.7436,-0.2143,-1.2891,-0.1051,1.4829,-0.0583,0.0764,0.0034,-0.0283,0.0220,-0.0771,0.5900,0.1697,0.3967,1.0691,0.0000,0.0000,0.0000,0.0000,0.0000,0.0000,False,-0.0574,0.0766,0.0047,-0.0294,0.0216,-0.0764,2.5423,grasp,0.0000,0.0000,0.0000,0.0000,0.0000,0.0000,False,,0.0500,0.0000,True,0.8020,-0.2600,0.0100,0.8432
565,0.0,1.1528,-0.0254,False,False,False,-0.4432,4.7441,-0.2153,-1.2917,-0.1036,1.4814,0.1071,-0.0875,-0.0676,-0.1358,0.0706,-0.0027,0.5433,0.1697,0.3967,1.0691,0.0000,0.0000,0.0000,0.0000,0.0000,0.0000,False,0.0553,-0.0429,-0.0355,-0.0720,0.0376,-0.0029,-2.9023,grasp,0.0000,0.0000,0.0000,0.0000,0.0000,0.0000,False,,0.0500,0.0000,False,0.8020,-0.2600,0.0100,0.8432
566,0.0,1.1528,-0.0234,False,False,False,-0.4432,4.7441,-0.2153,-1.2917,-0.1036,1.4814,0.1071,-0.0875,-0.0676,-0.1358,0.0706,-0.0027,0.5433,0.1697,0.3967,1.0691,0.0000,0.0000,0.0000,0.0000,0.0000,0.0000,False,-0.0620,0.0657,-0.0419,-0.0556,-0.0280,0.0754,-1.6359,grasp,0.0000,0.0000,0.0000,0.0000,0.0000,0.0000,False,,0.0500,0.0000,False,0.8020,-0.2600,0.0100,0.8432
567,0.0,1.1527,-0.0103,False,False,False,-0.4410,4.7425,-0.2166,-1.2935,-0.1033,1.4814,0.0694,0.0079,-0.0379,0.0107,-0.0679,-0.0035,0.5202,0.1659,0.3975,1.0692,0.0000,0.0000,0.0000,0.0000,0.0000,0.0000,False,0.0710,0.0016,-0.0388,0.0088,-0.0669,-0.0036,0.8410,grasp,0.0000,0.0000,0.0000,0.0000,0.0000,0.0000,False,,0.0500,0.0000,False,0.8020,-0.2600,0.0100,0.8432
568,0.0,1.1527,-0.0103,False,False,False,-0.4410,4.7425,-0.2166,-1.2935,-0.1033,1.4814,0.0694,0.0079,-0.0379,0.0107,-0.0679,-0.0035,0.5202,0.1659,0.3975,1.0692,0.0000,0.0000,0.0000,0.0000,0.0000,0.0000,False,0.0323,-0.0187,-0.0490,-0.0433,-0.0049,0.0320,0.0907,grasp,0.0000,0.0000,0.0000,0.0000,0.0000,0.0000,False,,0.0500,0.0000,False,0.8020,-0.2600,0.0100,0.8432
569,0.0,1.1524,-0.0077,False,False,False,-0.4393,4.7424,-0.2178,-1.2937,-0.1046,1.4816,0.0309,-0.0188,-0.0483,-0.0435,-0.0036,0.0321,0.4985,0.1641,0.3977,1.0691,0.0000,0.0000,0.0000,0.0000,0.0000,0.0000,False,0.0479,-0.0731,0.0629,0.0248,-0.0288,-0.0068,2.8105,grasp,0.0000,0.0000,0.0000,0.0000,0.0000,0.0000,False,,0.0500,0.0000,True,0.8020,-0.2600,0.0100,0.8432
570,0.0,1.1524,-0.0175,False,False,False,-0.4396,4.7444,-0.2186,-1.2942,-0.1034,1.4823,-0.0167,0.1362,-0.0548,-0.0302,0.0794,0.0436,0.5785,0.1641,0.3977,1.0691,0.0000,0.0000,0.0000,0.0000,0.0000,0.0000,False,-0.0088,0.0715,-0.0289,-0.0159,0.0418,0.0229,-0.7562,grasp,0.0000,0.0000,0.0000,0.0000,0.0000,0.0000,False,,0.0500,0.0000,False,0.8020,-0.2600,0.0100,0.8432
571,0.0,1.1531,-0.0145,False,False,False,-0.4405,4.7471,-0.2194,-1.2953,-0.1028,1.4828,-0.0715,0.0527,0.0068,-0.0682,-0.0510,-0.0131,0.6332,0.1670,0.3981,1.0692,0.0000,0.0000,0.0000,0.0000,0.0000,0.0000,False,-0.0717,0.0576,0.0060,-0.0686,-0.0499,-0.0125,2.9938,grasp,0.0000,0.0000,0.0000,0.0000,0.0000,0.0000,False,,0.0500,0.0000,True,0.8020,-0.2600,0.0100,0.8432
572,0.0,1.1531,-0.0136,False,False,False,-0.4405,4.7471,-0.2194,-1.2953,-0.1028,1.4828,-0.0715,0.0527,0.0068,-0.0682,-0.0510,-0.0131,0.6332,0.1670,0.3981,1.0692,0.0000,0.0000,0.0000,0.0000,0.0000,0.0000,False,0.0317,-0.0123,0.0177,0.0674,-0.0174,0.0172,-2.4345,grasp,0.0000,0.0000,0.0000,0.0000,0.0000,0.0000,False,,0.0500,0.0000,False,0.8020,-0.2600,0.0100,0.8432
573,0.0,1.1532,-0.0165,False,False,False,-0.4413,4.7477,-0.2199,-1.2970,-0.1042,1.4820,0.0597,-0.0730,-0.0652,-0.0390,-0.0454,-0.0520,0.6101,0.1688,0.3973,1.0693,0.0000,0.0000,0.0000,0.0000,0.0000,0.0000,False,0.0583,-0.0702,-0.0650,-0.0403,-0.0464,-0.0522,0.3811,grasp,0.0000,0.0000,0.0000,0.0000,0.0000,0.0000,False,,0.0500,0.0000,False,0.8020,-0.2600,0.0100,0.8432
574,0.0,1.1532,-0.0022,False,False,False,-0.4402,4.7458,-0.2211,-1.2977,-0.1051,1.4810,0.0000,-0.0000,-0.0000,0.0000,-0.0000,0.0000,0.5857,0.1688,0.3973,1.0693,0.0000,0.0000,0.0000,0.0000,0.0000,0.0000,False,-0.0047,0.0025,0.0278,0.0062,0.0706,-0.0685,0.8774,grasp,0.0000,0.0000,0.0000,0.0000,0.0000,0.0000,False,,0.0500,0.0000,False,0.8020,-0.2600,0.0100,0.8432
575,0.0,1.1532,-0.0164,False,False,False,-0.4403,4.7461,-0.2203,-1.2975,-0.1030,1.4791,-0.0110,0.0123,0.0551,0.0131,0.1358,-0.1284,0.5717,0.1688,0.3973,1.0693,0.0000,0.0000,0.0000,0.0000,0.0000,0.0000,False,-0.0168,0.0212,0.0510,-0.0765,0.0734,-0.0199,0.8911,grasp,0.0000,0.0000,0.0000,0.0000,0.0000,0.0000,False,,0.0500,0.0000,False,0.8020,-0.2600,0.0100,0.8432
576,0.0,1.1531,-0.0160,False,False,False,-0.4412,4.7469,-0.2195,-1.2980,-0.1008,1.4765,-0.0669,0.0741,0.0035,-0.0668,0.0243,-0.0689,0.5257,0.1664,0.3980,1.0694,0.0000,0.0000,0.0000,0.0000,0.0000,0.0000,False,-0.0670,0.0744,0.0043,-0.0666,0.0263,-0.0707,-1.8663,grasp,0.0000,0.0000,0.0000,0.0000,0.0000,0.0000,False,,0.0500,0.0000,False,0.8020,-0.2600,0.0100,0.8432
577,0.0,1.1531,-0.0159,False,False,False,-0.4412,4.7469,-0.2195,-1.2980,-0.1008,1.4765,-0.0669,0.0741,0.0035,-0.0668,0.0243,-0.0689,0.5257,0.1664,0.3980,1.0694,0.0000,0.0000,0.0000,0.0000,0.0000,0.0000,False,-0.0156,-0.0660,-0.0574,0.0006,-0.0552,0.0064,-2.0133,grasp,0.0000,0.0000,0.0000,0.0000,0.0000,0.0000,False,,0.0500,0.0000,False,0.8020,-0.2600,0.0100,0.8432
578,0.0,1.1527,-0.0093,False,False,False,-0.4423,4.7488,-0.2199,-1.2996,-0.1000,1.4747,0.0165,0.0275,-0.0507,-0.0285,0.0336,-0.0491,0.4805,0.1678,0.3957,1.0695,0.0000,0.0000,0.0000,0.0000,0.0000,0.0000,False,0.0152,0.0319,-0.0507,-0.0298,0.0340,-0.0504,-0.2109,grasp,0.0000,0.0000,0.0000,0.0000,0.0000,0.0000,False,,0.0500,0.0000,False,0.8020,-0.2600,0.0100,0.8432
579,0.0,1.1527,-0.0090,False,False,False,-0.4419,4.7489,-0.2208,-1.3000,-0.0989,1.4744,0.0055,-0.0450,0.0053,0.0104,0.0476,0.0632,0.5094,0.1678,0.3957,1.0695,0.0000,0.0000,0.0000,0.0000,0.0000,0.0000,False,0.0059,-0.0445,0.0044,0.0098,0.0482,0.0622,2.5542,grasp,0.0000,0.0000,0.0000,0.0000,0.0000,0.0000,False,,0.0500,0.0000,True,0.8020,-0.2600,0.0100,0.8432
580,0.0,1.1532,-0.0037,False,False,False,-0.4418,4.7480,-0.2207,-1.2998,-0.0980,1.4756,0.0000,-0.0000,-0.0000,0.0000,-0.0000,0.0000,0.5490,0.1667,0.3977,1.0696,0.0000,0.0000,0.0000,0.0000,0.0000,0.0000,False,0.0646,-0.0009,0.0716,0.0537,-0.0269,0.0149,-1.9976,grasp,0.0000,0.0000,0.0000,0.0000,0.0000,0.0000,False,,0.0500,0.0000,False,0.8020,-0.2600,0.0100,0.8432
581,0.0,1.1532,-0.0225,False,False,False,-0.4399,4.7480,-0.2186,-1.2983,-0.0988,1.4760,0.1226,0.0006,0.1358,0.1016,-0.0528,0.0261,0.5890,0.1667,0.3977,1.0696,0.0000,0.0000,0.0000,0.0000,0.0000,0.0000,False,-0.0613,0.0699,0.0513,0.0622,-0.0695,0.0051,2.7846,grasp,0.0000,0.0000,0.0000,0.0000,0.0000,0.0000,False,,0.0500,0.0000,True,0.8020,-0.2600,0.0100,0.8432
582,0.0,1.1534,-0.0148,False,False,False,-0.4389,4.7486,-0.2164,-1.2972,-0.1000,1.4760,-0.0756,0.0647,0.0304,-0.0409,-0.0412,-0.0396,0.5973,0.1690,0.3972,1.0695,0.0000,0.0000,0.0000,0.0000,0.0000,0.0000,False,-0.0738,0.0650,0.0324,-0.0394,-0.0419,-0.0392,1.0699,grasp,0.0000,0.0000,0.0000,0.0000,0.0000,0.0000,False,,0.0500,0.0000,False,0.8020,-0.2600,0.0100,0.8432
583,0.0,1.1534,-0.0021,False,False,False,-0.4404,4.7502,-0.2158,-1.2980,-0.1008,1.4753,0.0000,-0.0000,-0.0000,0.0000,-0.0000,0.0000,0.5933,0.1690,0.3972,1.0695,0.0000,0.0000,0.0000,0.0000,0.0000,0.0000,False,0.0537,0.0281,0.0202,-0.0227,-0.0226,0.0125,1.6676,grasp,0.0000,0.0000,0.0000,0.0000,0.0000,0.0000,False,,0.0500,0.0000,False,0.8020,-0.2600,0.0100,0.8432
584,0.0,1.1534,-0.0082,False,False,False,-0.4398,4.7504,-0.2156,-1.2982,-0.1010,1.4754,0.0551,0.0235,0.0196,-0.0220,-0.0218,0.0133,0.5952,0.1690,0.3972,1.0695,0.0000,0.0000,0.0000,0.0000,0.0000,0.0000,False,0.0120,-0.0652,-0.0493,0.0720,0.0453,-0.0323,-0.3995,grasp,0.0000,0.0000,0.0000,0.0000,0.0000,0.0000,False,,0.0500,0.0000,False,0.8020,-0.2600,0.0100,0.8432
585,0.0,1.1533,-0.0265,False,False,False,-0.4400,4.7529,-0.2150,-1.2965,-0.1022,1.4741,-0.0831,0.1386,0.0166,0.1385,-0.0516,-0.1034,0.5369,0.1714,0.3958,1.0696,0.0000,0.0000,0.0000,0.0000,0.0000,0.0000,False,-0.0427,0.0731,0.0091,0.0725,-0.0276,-0.0542,-2.7256,grasp,0.0000,0.0000,0.0000,0.0000,0.0000,0.0000,False,,0.0500,0.0000,False,0.8020,-0.2600,0.0100,0.8432
586,0.0,1.1530,-0.0092,False,False,False,-0.4411,4.7553,-0.2150,-1.2947,-0.1026,1.4734,0.0119,-0.0232,-0.0274,-0.0134,0.0264,0.0771,0.5445,0.1765,0.3929,1.0695,0.0000,0.0000,0.0000,0.0000,0.0000,0.0000,False,0.0107,-0.0138,-0.0271,-0.0114,0.0257,0.0756,2.0597,grasp,0.0000,0.0000,0.0000,0.0000,0.0000,0.0000,False,,0.0500,0.0000,False,0.8020,-0.2600,0.0100,0.8432
587,0.0,1.1530,-0.0080,False,False,False,-0.4411,4.7553,-0.2150,-1.2947,-0.1026,1.4734,0.0119,-0.0232,-0.0274,-0.0134,0.0264,0.0771,0.5445,0.1765,0.3929,1.0695,0.0000,0.0000,0.0000,0.0000,0.0000,0.0000,False,-0.0789,-0.0622,-0.0651,-0.0754,-0.0323,-0.0211,2.1973,grasp,0.0000,0.0000,0.0000,0.0000,0.0000,0.0000,False,,0.0500,0.0000,True,0.8020,-0.2600,0.0100,0.8432
588,0.0,1.1530,-0.0137,False,False,False,-0.4414,4.7542,-0.2153,-1.2946,-0.1018,1.4744,-0.0483,-0.0720,0.0279,0.0326,0.0393,-0.0376,0.5266,0.1765,0.3929,1.0695,0.0000,0.0000,0.0000,0.0000,0.0000,0.0000,False,-0.0481,-0.0727,0.0274,0.0324,0.0398,-0.0361,0.0018,grasp,0.0000,0.0000,0.0000,0.0000,0.0000,0.0000,False,,0.0500,0.0000,False,0.8020,-0.2600,0.0100,0.8432
589,0.0,1.1529,-0.0259,False,False,False,-0.4417,4.7544,-0.2126,-1.2951,-0.1029,1.4747,0.0370,0.1150,0.1434,-0.0751,-0.1212,0.0644,0.5740,0.1745,0.3937,1.0695,0.0000,0.0000,0.0000,0.0000,0.0000,0.0000,False,0.0185,0.0583,0.0760,-0.0389,-0.0630,0.0332,2.9787,grasp,0.0000,0.0000,0.0000,0.0000,0.0000,0.0000,False,,0.0500,0.0000,True,0.8020,-0.2600,0.0100,0.8432
590,0.0,1.1529,-0.0289,False,False,False,-0.4417,4.7544,-0.2126,-1.2951,-0.1029,1.4747,0.0370,0.1150,0.1434,-0.0751,-0.1212,0.0644,0.5740,0.1745,0.3937,1.0695,0.0000,0.0000,0.0000,0.0000,0.0000,0.0000,False,-0.0196,0.0585,-0.0773,0.0489,-0.0348,0.0704,-2.2861,grasp,0.0000,0.0000,0.0000,0.0000,0.0000,0.0000,False,,0.0500,0.0000,False,0.8020,-0.2600,0.0100,0.8432
591,0.0,1.1530,-0.0152,False,False,False,-0.4414,4.7572,-0.2113,-1.2957,-0.1049,1.4763,-0.0201,0.0497,-0.0794,0.0499,-0.0331,0.0695,0.5573,0.1804,0.3912,1.0696,0.0000,0.0000,0.0000,0.0000,0.0000,0.0000,False,0.0431,-0.0756,0.0548,-0.0382,0.0582,-0.0561,-1.2913,grasp,0.0000,0.0000,0.0000,0.0000,0.0000,0.0000,False,,0.0500,0.0000,False,0.8020,-0.2600,0.0100,0.8432
592,0.0,1.1530,-0.0122,False,False,False,-0.4416,4.7568,-0.2119,-1.2956,-0.1043,1.4757,-0.0256,-0.0459,-0.0568,0.0089,0.0600,-0.0599,0.4973,0.1804,0.3912,1.0696,0.0000,0.0000,0.0000,0.0000,0.0000,0.0000,False,-0.0256,-0.0459,-0.0568,0.0089,0.0600,-0.0599,-1.8341,grasp,0.0000,0.0000,0.0000,0.0000,0.0000,0.0000,False,,0.0500,0.0000,False,0.8020,-0.2600,0.0100,0.8432
593,0.0,1.1530,-0.0114,False,False,False,-0.4416,4.7568,-0.2119,-1.2956,-0.1043,1.4757,-0.0256,-0.0459,-0.0568,0.0089,0.0600,-0.0599,0.4973,0.1804,0.3912,1.0696,0.0000,0.0000,0.0000,0.0000,0.0000,0.0000,False,0.0409,-0.0524,-0.0165,0.0607,0.0326,-0.0525,-2.2538,grasp,0.0000,0.0000,0.0000,0.0000,0.0000,0.0000,False,,0.0500,0.0000,False,0.8020,-0.2600,0.0100,0.8432
594,0.0,1.1526,-0.0124,False,False,False,-0.4425,4.7562,-0.2125,-1.2960,-0.1030,1.4753,-0.0422,0.0567,0.0428,-0.0553,0.0185,0.0703,0.4888,0.1776,0.3910,1.0696,0.0000,0.0000,0.0000,0.0000,0.0000,0.0000,False,-0.0427,0.0541,0.0417,-0.0551,0.0196,0.0692,1.0824,grasp,0.0000,0.0000,0.0000,0.0000,0.0000,0.0000,False,,0.0500,0.0000,False,0.8020,-0.2600,0.0100,0.8432
595,0.0,1.1526,-0.0274,False,False,False,-0.4433,4.7573,-0.2117,-1.2970,-0.1026,1.4766,-0.0802,0.1065,0.0813,-0.1050,0.0352,0.1336,0.4937,0.1776,0.3910,1.0696,0.0000,0.0000,0.0000,0.0000,0.0000,0.0000,False,-0.0417,0.0474,0.0611,-0.0160,-0.0179,0.0192,2.4836,grasp,0.0000,0.0000,0.0000,0.0000,0.0000,0.0000,False,,0.0500,0.0000,True,0.8020,-0.2600,0.0100,0.8432
596,0.0,1.1526,-0.0274,False,False,False,-0.4433,4.7573,-0.2117,-1.2970,-0.1026,1.4766,-0.0802,0.1065,0.0813,-0.1050,0.0352,0.1336,0.4937,0.1776,0.3910,1.0696,0.0000,0.0000,0.0000,0.0000,0.0000,0.0000,False,-0.0278,0.0767,-0.0604,0.0306,0.0730,0.0253,1.2192,grasp,0.0000,0.0000,0.0000,0.0000,0.0000,0.0000,False,,0.0500,0.0000,False,0.8020,-0.2600,0.0100,0.8432
597,0.0,1.1532,-0.0283,False,False,False,-0.4420,4.7564,-0.2109,-1.2957,-0.1009,1.4750,0.1039,-0.1271,0.0903,0.0665,0.0639,-0.1211,0.5396,0.1808,0.3910,1.0697,0.0000,0.0000,0.0000,0.0000,0.0000,0.0000,False,0.0544,-0.0659,0.0469,0.0353,0.0344,-0.0635,0.7500,grasp,0.0000,0.0000,0.0000,0.0000,0.0000,0.0000,False,,0.0500,0.0000,False,0.8020,-0.2600,0.0100,0.8432
598,0.0,1.1530,-0.0014,False,False,False,-0.4406,4.7543,-0.2096,-1.2948,-0.1000,1.4733,-0.0000,-0.0000,-0.0000,0.0000,-0.0000,0.0000,0.5151,0.1769,0.3922,1.0697,0.0000,0.0000,0.0000,0.0000,0.0000,0.0000,False,0.0278,0.0506,-0.0561,0.0766,0.0102,0.0682,-2.7207,grasp,0.0000,0.0000,0.0000,0.0000,0.0000,0.0000,False,,0.0500,0.0000,False,0.8020,-0.2600,0.0100,0.8432
599,0.0,1.1530,-0.0143,False,False,False,-0.4403,4.7549,-0.2102,-1.2940,-0.0999,1.4740,0.0263,0.0551,-0.0574,0.0756,0.0093,0.0700,0.4951,0.1769,0.3922,1.0697,0.0000,0.0000,0.0000,0.0000,0.0000,0.0000,False,0.0530,0.0601,0.0211,0.0680,0.0364,-0.0636,0.3059,grasp,0.0000,0.0000,0.0000,0.0000,0.0000,0.0000,False,,0.0500,0.0000,False,0.8020,-0.2600,0.0100,0.8432
600,0.0,1.1530,-0.0281,False,False,False,-0.4398,4.7559,-0.2113,-1.2926,-0.0998,1.4753,0.0499,0.1020,-0.1091,0.1437,0.0177,0.1329,0.4751,0.1769,0.3922,1.0697,0.0000,0.0000,0.0000,0.0000,0.0000,0.0000,False,0.0749,0.0652,-0.0035,-0.0422,-0.0386,-0.0163,-3.0097,grasp,0.0000,0.0000,0.0000,0.0000,0.0000,0.0000,False,,0.0500,0.0000,False,0.8020,-0.2600,0.0100,0.8432
601,0.0,1.1520,-0.0093,False,False,False,-0.4391,4.7553,-0.2113,-1.2924,-0.0996,1.4750,0.0673,-0.0645,0.0038,0.0156,0.0126,-0.0290,0.4151,0.1753,0.3903,1.0696,0.0000,0.0000,0.0000,0.0000,0.0000,0.0000,False,0.0673,-0.0645,0.0038,0.0156,0.0126,-0.0290,-1.8283,grasp,0.0000,0.0000,0.0000,0.0000,0.0000,0.0000,False,,0.0500,0.0000,False,0.8020,-0.2600,0.0100,0.8432
602,0.0,1.1520,-0.0103,False,False,False,-0.4382,4.7546,-0.2114,-1.2918,-0.0995,1.4742,-0.0333,0.0751,-0.0159,0.0374,-0.0158,-0.0285,0.4112,0.1753,0.3903,1.0696,0.0000,0.0000,0.0000,0.0000,0.0000,0.0000,False,-0.0320,0.0717,-0.0158,0.0377,-0.0155,-0.0290,0.6261,grasp,0.0000,0.0000,0.0000,0.0000,0.0000,0.0000,False,,0.0500,0.0000,False,0.8020,-0.2600,0.0100,0.8432
603,0.0,1.1518,-0.0078,False,False,False,-0.4385,4.7562,-0.2110,-1.2909,-0.0997,1.4735,0.0332,-0.0001,0.0647,0.0137,0.0176,-0.0174,0.3786,0.1757,0.3896,1.0696,0.0000,0.0000,0.0000,0.0000,0.0000,0.0000,False,0.0326,0.0035,0.0644,0.0144,0.0173,-0.0180,-1.5417,grasp,0.0000,0.0000,0.0000,0.0000,0.0000,0.0000,False,,0.0500,0.0000,False,0.8020,-0.2600,0.0100,0.8432
604,0.0,1.1518,-0.0143,False,False,False,-0.4378,4.7562,-0.2098,-1.2906,-0.0993,1.4732,0.0631,0.0020,0.1229,0.0261,0.0334,-0.0331,0.3611,0.1757,0.3896,1.0696,0.0000,0.0000,0.0000,0.0000,0.0000,0.0000,False,0.0711,-0.0289,0.0036,-0.0607,0.0312,-0.0123,-0.9436,grasp,0.0000,0.0000,0.0000,0.0000,0.0000,0.0000,False,,0.0500,0.0000,False,0.8020,-0.2600,0.0100,0.8432
605,0.0,1.1518,-0.0131,False,False,False,-0.4378,4.7562,-0.2098,-1.2906,-0.0993,1.4732,0.0631,0.0020,0.1229,0.0261,0.0334,-0.0331,0.3611,0.1757,0.3896,1.0696,0.0000,0.0000,0.0000,0.0000,0.0000,0.0000,False,0.0766,-0.0113,0.0670,-0.0260,0.0546,0.0678,-0.4886,grasp,0.0000,0.0000,0.0000,0.0000,0.0000,0.0000,False,,0.0500,0.0000,False,0.8020,-0.2600,0.0100,0.8432
606,0.0,1.1515,-0.0296,False,False,False,-0.4372,4.7549,-0.2094,-1.2884,-0.0954,1.4760,0.0288,-0.0618,0.0186,0.1069,0.1912,0.1366,0.4306,0.1756,0.3887,1.0696,0.0000,0.0000,0.0000,0.0000,0.0000,0.0000,False,0.0106,-0.0228,0.0069,0.0394,0.0706,0.0504,3.1155,grasp,0.0000,0.0000,0.0000,0.0000,0.0000,0.0000,False,,0.0500,0.0000,True,0.8020,-0.2600,0.0100,0.8432
607,0.0,1.1515,-0.0347,False,False,False,-0.4369,4.7542,-0.2092,-1.2871,-0.0930,1.4777,0.0366,-0.0784,0.0236,0.1356,0.2426,0.1733,0.4503,0.1756,0.3887,1.0696,0.0000,0.0000,0.0000,0.0000,0.0000,0.0000,False,-0.0397,-0.0665,-0.0783,0.0359,0.0354,0.0048,-0.4439,grasp,0.0000,0.0000,0.0000,0.0000,0.0000,0.0000,False,,0.0500,0.0000,False,0.8020,-0.2600,0.0100,0.8432
608,0.0,1.1527,-0.0127,False,False,False,-0.4373,4.7535,-0.2100,-1.2867,-0.0926,1.4778,-0.0401,-0.0652,-0.0785,0.0346,0.0329,0.0031,0.4605,0.1739,0.3928,1.0697,0.0000,0.0000,0.0000,0.0000,0.0000,0.0000,False,-0.0470,0.0742,0.0597,0.0743,-0.0388,-0.0662,1.8564,grasp,0.0000,0.0000,0.0000,0.0000,0.0000,0.0000,False,,0.0500,0.0000,True,0.8020,-0.2600,0.0100,0.8432
609,0.0,1.1527,-0.0251,False,False,False,-0.4380,4.7524,-0.2114,-1.2861,-0.0920,1.4778,-0.0761,-0.1251,-0.1492,0.0657,0.0626,0.0059,0.4488,0.1739,0.3928,1.0697,0.0000,0.0000,0.0000,0.0000,0.0000,0.0000,False,-0.0517,-0.0650,0.0486,-0.0078,-0.0014,0.0414,2.5933,grasp,0.0000,0.0000,0.0000,0.0000,0.0000,0.0000,False,,0.0500,0.0000,True,0.8020,-0.2600,0.0100,0.8432
610,0.0,1.1527,-0.0028,False,False,False,-0.4380,4.7520,-0.2114,-1.2861,-0.0920,1.4778,0.0000,-0.0000,-0.0000,0.0000,-0.0000,0.0000,0.4884,0.1739,0.3928,1.0697,0.0000,0.0000,0.0000,0.0000,0.0000,0.0000,False,-0.0391,-0.0508,0.0060,-0.0063,-0.0249,-0.0767,-0.2705,grasp,0.0000,0.0000,0.0000,0.0000,0.0000,0.0000,False,,0.0500,0.0000,False,0.8020,-0.2600,0.0100,0.8432
611,0.0,1.1527,-0.0238,False,False,False,-0.4371,4.7536,-0.2115,-1.2872,-0.0929,1.4793,0.0859,0.1430,-0.0095,-0.0706,-0.0415,0.1454,0.4279,0.1714,0.3942,1.0696,0.0000,0.0000,0.0000,0.0000,0.0000,0.0000,False,0.0448,0.0746,-0.0049,-0.0372,-0.0221,0.0758,-2.6561,grasp,0.0000,0.0000,0.0000,0.0000,0.0000,0.0000,False,,0.0500,0.0000,False,0.8020,-0.2600,0.0100,0.8432
612,0.0,1.1523,-0.0140,False,False,False,-0.4364,4.7554,-0.2118,-1.2889,-0.0927,1.4818,-0.0470,-0.0635,-0.0181,-0.0671,0.0767,0.0421,0.4471,0.1734,0.3918,1.0697,0.0000,0.0000,0.0000,0.0000,0.0000,0.0000,False,-0.0458,-0.0578,-0.0182,-0.0681,0.0761,0.0442,2.4735,grasp,0.0000,0.0000,0.0000,0.0000,0.0000,0.0000,False,,0.0500,0.0000,True,0.8020,-0.2600,0.0100,0.8432
613,0.0,1.1523,-0.0310,False,False,False,-0.4373,4.7543,-0.2122,-1.2902,-0.0912,1.4826,-0.0894,-0.1173,-0.0344,-0.1275,0.1456,0.0799,0.4667,0.1734,0.3918,1.0697,0.0000,0.0000,0.0000,0.0000,0.0000,0.0000,False,0.0700,-0.0343,-0.0073,-0.0668,-0.0448,-0.0445,1.2866,grasp,0.0000,0.0000,0.0000,0.0000,0.0000,0.0000,False,,0.0500,0.0000,False,0.8020,-0.2600,0.0100,0.8432
614,0.0,1.1523,-0.0291,False,False,False,-0.4373,4.7543,-0.2122,-1.2902,-0.0912,1.4826,-0.0894,-0.1173,-0.0344,-0.1275,0.1456,0.0799,0.4667,0.1734,0.3918,1.0697,0.0000,0.0000,0.0000,0.0000,0.0000,0.0000,False,-0.0344,-0.0235,-0.0116,0.0467,0.0488,-0.0038,2.1386,grasp,0.0000,0.0000,0.0000,0.0000,0.0000,0.0000,False,,0.0500,0.0000,True,0.8020,-0.2600,0.0100,0.8432
615,0.0,1.1532,-0.0306,False,False,False,-0.4363,4.7554,-0.2142,-1.2904,-0.0930,1.4838,0.0877,0.1038,-0.1225,-0.0464,-0.1479,0.0819,0.5248,0.1723,0.3948,1.0697,0.0000,0.0000,0.0000,0.0000,0.0000,0.0000,False,0.0458,0.0544,-0.0646,-0.0240,-0.0773,0.0431,1.0114,grasp,0.0000,0.0000,0.0000,0.0000,0.0000,0.0000,False,,0.0500,0.0000,False,0.8020,-0.2600,0.0100,0.8432
616,0.0,1.1532,-0.0415,False,False,False,-0.4350,4.7569,-0.2159,-1.2911,-0.0951,1.4849,0.1251,0.1481,-0.1748,-0.0662,-0.2109,0.1168,0.5252,0.1723,0.3948,1.0697,0.0000,0.0000,0.0000,0.0000,0.0000,0.0000,False,-0.0146,0.0763,0.0731,0.0317,0.0697,0.0296,2.5817,grasp,0.0000,0.0000,0.0000,0.0000,0.0000,0.0000,False,,0.0500,0.0000,True,0.8020,-0.2600,0.0100,0.8432
617,0.0,1.1531,-0.0150,False,False,False,-0.4352,4.7576,-0.2152,-1.2907,-0.0944,1.4852,-0.0158,0.0745,0.0749,0.0323,0.0718,0.0284,0.5651,0.1734,0.3945,1.0696,0.0000,0.0000,0.0000,0.0000,0.0000,0.0000,False,0.0097,-0.0281,-0.0199,0.0460,-0.0360,-0.0036,0.1122,grasp,0.0000,0.0000,0.0000,0.0000,0.0000,0.0000,False,,0.0500,0.0000,False,0.8020,-0.2600,0.0100,0.8432
618,0.0,1.1531,-0.0291,False,False,False,-0.4355,4.7589,-0.2138,-1.2901,-0.0930,1.4858,-0.0300,0.1431,0.1422,0.0614,0.1365,0.0540,0.5851,0.1734,0.3945,1.0696,0.0000,0.0000,0.0000,0.0000,0.0000,0.0000,False,-0.0482,-0.0019,-0.0432,0.0772,0.0630,0.0763,-2.9403,grasp,0.0000,0.0000,0.0000,0.0000,0.0000,0.0000,False,,0.0500,0.0000,False,0.8020,-0.2600,0.0100,0.8432
619,0.0,1.1531,-0.0010,False,False,False,-0.4355,4.7594,-0.2138,-1.2901,-0.0930,1.4858,-0.0000,-0.0000,-0.0000,0.0000,-0.0000,0.0000,0.5489,0.1734,0.3945,1.0696,0.0000,0.0000,0.0000,0.0000,0.0000,0.0000,False,-0.0109,-0.0390,-0.0793,0.0256,-0.0282,0.0625,-2.0761,grasp,0.0000,0.0000,0.0000,0.0000,0.0000,0.0000,False,,0.0500,0.0000,False,0.8020,-0.2600,0.0100,0.8432
620,0.0,1.1531,-0.0211,False,False,False,-0.4344,4.7611,-0.2133,-1.2893,-0.0952,1.4866,0.0745,0.1431,0.0812,0.0391,-0.1226,0.0157,0.5889,0.1755,0.3933,1.0696,0.0000,0.0000,0.0000,0.0000,0.0000,0.0000,False,0.0391,0.0744,0.0419,0.0209,-0.0648,0.0089,2.8965,grasp,0.0000,0.0000,0.0000,0.0000,0.0000,0.0000,False,,0.0500,0.0000,True,0.8020,-0.2600,0.0100,0.8432
621,0.0,1.1533,-0.0141,False,False,False,-0.4326,4.7640,-0.2119,-1.2895,-0.0964,1.4872,0.0772,0.0178,0.0235,-0.0774,0.0584,0.0379,0.5722,0.1811,0.3916,1.0695,0.0000,0.0000,0.0000,0.0000,0.0000,0.0000,False,0.0783,0.0272,0.0247,-0.0769,0.0567,0.0381,-0.7290,grasp,0.0000,0.0000,0.0000,0.0000,0.0000,0.0000,False,,0.0500,0.0000,False,0.8020,-0.2600,0.0100,0.8432
622,0.0,1.1533,-0.0260,False,False,False,-0.4311,4.7644,-0.2115,-1.2910,-0.0952,1.4880,0.1467,0.0413,0.0447,-0.1472,0.1110,0.0720,0.5522,0.1811,0.3916,1.0695,0.0000,0.0000,0.0000,0.0000,0.0000,0.0000,False,0.0504,-0.0627,0.0429,0.0477,0.0190,0.0225,-2.1759,grasp,0.0000,0.0000,0.0000,0.0000,0.0000,0.0000,False,,0.0500,0.0000,False,0.8020,-0.2600,0.0100,0.8432
623,0.0,1.1533,-0.0285,False,False,False,-0.4311,4.7644,-0.2115,-1.2910,-0.0952,1.4880,0.1467,0.0413,0.0447,-0.1472,0.1110,0.0720,0.5522,0.1811,0.3916,1.0695,0.0000,0.0000,0.0000,0.0000,0.0000,0.0000,False,0.0689,-0.0300,0.0021,0.0607,-0.0015,0.0684,-2.5444,grasp,0.0000,0.0000,0.0000,0.0000,0.0000,0.0000,False,,0.0500,0.0000,False,0.8020,-0.2600,0.0100,0.8432
624,0.0,1.1528,-0.0302,False,False,False,-0.4329,4.7648,-0.2151,-1.2907,-0.0989,1.4858,-0.0857,0.0179,-0.1779,0.0117,-0.1747,-0.1027,0.4598,0.1796,0.3905,1.0697,0.0000,0.0000,0.0000,0.0000,0.0000,0.0000,False,-0.0316,0.0066,-0.0656,0.0043,-0.0645,-0.0379,-0.6391,grasp,0.0000,0.0000,0.0000,0.0000,0.0000,0.0000,False,,0.0500,0.0000,False,0.8020,-0.2600,0.0100,0.8432
625,0.0,1.1528,-0.0369,False,False,False,-0.4340,4.7650,-0.2174,-1.2906,-0.1011,1.4845,-0.1087,0.0227,-0.2257,0.0148,-0.2217,-0.1303,0.4457,0.1796,0.3905,1.0697,0.0000,0.0000,0.0000,0.0000,0.0000,0.0000,False,-0.0107,-0.0442,-0.0029,0.0745,-0.0642,0.0638,-0.9323,grasp,0.0000,0.0000,0.0000,0.0000,0.0000,0.0000,False,,0.0500,0.0000,False,0.8020,-0.2600,0.0100,0.8432
626,0.0,1.1517,-0.0216,False,False,False,-0.4343,4.7637,-0.2174,-1.2884,-0.1029,1.4864,-0.0182,-0.0842,-0.0013,0.1413,-0.1178,0.1238,0.4011,0.1790,0.3885,1.0693,0.0000,0.0000,0.0000,0.0000,0.0000,0.0000,False,-0.0418,-0.0491,0.0408,-0.0389,-0.0333,0.0779,2.2030,grasp,0.0000,0.0000,0.0000,0.0000,0.0000,0.0000,False,,0.0500,0.0000,True,0.8020,-0.2600,0.0100,0.8432
627,0.0,1.1517,-0.0027,False,False,False,-0.4343,4.7637,-0.2174,-1.2884,-0.1029,1.4864,0.0000,-0.0000,-0.0000,0.0000,-0.0000,0.0000,0.4211,0.1790,0.3885,1.0693,0.0000,0.0000,0.0000,0.0000,0.0000,0.0000,False,-0.0372,0.0327,0.0632,-0.0522,0.0717,-0.0225,0.9229,grasp,0.0000,0.0000,0.0000,0.0000,0.0000,0.0000,False,,0.0500,0.0000,False,0.8020,-0.2600,0.0100,0.8432
628,0.0,1.1523,-0.0116,False,False,False,-0.4347,4.7641,-0.2170,-1.2889,-0.1028,1.4858,-0.0407,0.0431,0.0427,-0.0477,0.0129,-0.0590,0.4811,0.1802,0.3898,1.0693,0.0000,0.0000,0.0000,0.0000,0.0000,0.0000,False,-0.0407,0.0431,0.0427,-0.0477,0.0129,-0.0590,1.4702,grasp,0.0000,0.0000,0.0000,0.0000,0.0000,0.0000,False,,0.0500,0.0000,False,0.8020,-0.2600,0.0100,0.8432
629,0.0,1.1523,-0.0340,False,False,False,-0.4366,4.7660,-0.2150,-1.2911,-0.1022,1.4831,-0.1103,0.1172,0.1158,-0.1293,0.0351,-0.1599,0.5096,0.1802,0.3898,1.0693,0.0000,0.0000,0.0000,0.0000,0.0000,0.0000,False,0.0477,-0.0328,0.0675,0.0539,-0.0613,-0.0165,-1.6341,grasp,0.0000,0.0000,0.0000,0.0000,0.0000,0.0000,False,,0.0500,0.0000,False,0.8020,-0.2600,0.0100,0.8432
630,0.0,1.1524,-0.0308,False,False,False,-0.4395,4.7675,-0.2148,-1.2906,-0.1035,1.4798,-0.0984,-0.0400,-0.0821,0.1418,-0.1178,-0.0864,0.4626,0.1857,0.3871,1.0695,0.0000,0.0000,0.0000,0.0000,0.0000,0.0000,False,-0.0532,-0.0166,-0.0417,0.0730,-0.0616,-0.0475,-0.6741,grasp,0.0000,0.0000,0.0000,0.0000,0.0000,0.0000,False,,0.0500,0.0000,False,0.8020,-0.2600,0.0100,0.8432
631,0.0,1.1524,-0.0383,False,False,False,-0.4409,4.7669,-0.2160,-1.2886,-0.1052,1.4785,-0.1403,-0.0541,-0.1170,0.2023,-0.1681,-0.1232,0.4477,0.1857,0.3871,1.0695,0.0000,0.0000,0.0000,0.0000,0.0000,0.0000,False,-0.0624,-0.0026,0.0740,0.0650,-0.0482,-0.0214,3.1155,grasp,0.0000,0.0000,0.0000,0.0000,0.0000,0.0000,False,,0.0500,0.0000,True,0.8020,-0.2600,0.0100,0.8432
632,0.0,1.1524,-0.0401,False,False,False,-0.4409,4.7669,-0.2160,-1.2886,-0.1052,1.4785,-0.1403,-0.0541,-0.1170,0.2023,-0.1681,-0.1232,0.4477,0.1857,0.3871,1.0695,0.0000,0.0000,0.0000,0.0000,0.0000,0.0000,False,-0.0635,-0.0407,0.0302,0.0352,0.0750,-0.0055,-3.0648,grasp,0.0000,0.0000,0.0000,0.0000,0.0000,0.0000,False,,0.0500,0.0000,False,0.8020,-0.2600,0.0100,0.8432
633,0.0,1.1523,-0.0306,False,False,False,-0.4393,4.7687,-0.2150,-1.2857,-0.1085,1.4761,0.0742,0.0870,0.0479,0.1393,-0.1601,-0.1183,0.5457,0.1868,0.3872,1.0691,0.0000,0.0000,0.0000,0.0000,0.0000,0.0000,False,0.0274,0.0320,0.0177,0.0514,-0.0591,-0.0436,1.0548,grasp,0.0000,0.0000,0.0000,0.0000,0.0000,0.0000,False,,0.0500,0.0000,False,0.8020,-0.2600,0.0100,0.8432
634,0.0,1.1523,-0.0387,False,False,False,-0.4384,4.7700,-0.2144,-1.2839,-0.1105,1.4746,0.0000,-0.0000,-0.0000,0.0000,-0.0000,0.0000,0.5512,0.1868,0.3872,1.0691,0.0000,0.0000,0.0000,0.0000,0.0000,0.0000,False,0.0398,-0.0552,-0.0303,0.0372,0.0561,-0.0066,1.6560,grasp,0.0000,0.0000,0.0000,0.0000,0.0000,0.0000,False,,0.0500,0.0000,False,0.8020,-0.2600,0.0100,0.8432
635,0.0,1.1523,-0.0219,False,False,False,-0.4373,4.7684,-0.2153,-1.2829,-0.1088,1.4744,0.0738,-0.1094,-0.0588,0.0674,0.1104,-0.0096,0.5625,0.1900,0.3865,1.0688,0.0000,0.0000,0.0000,0.0000,0.0000,0.0000,False,0.0087,-0.0150,-0.0534,0.0495,0.0731,0.0736,2.9797,grasp,0.0000,0.0000,0.0000,0.0000,0.0000,0.0000,False,,0.0500,0.0000,True,0.8020,-0.2600,0.0100,0.8432
636,0.0,1.1523,-0.0028,False,False,False,-0.4373,4.7682,-0.2153,-1.2829,-0.1088,1.4744,0.0000,-0.0000,-0.0000,0.0000,-0.0000,0.0000,0.5825,0.1900,0.3865,1.0688,0.0000,0.0000,0.0000,0.0000,0.0000,0.0000,False,-0.0413,0.0560,-0.0528,0.0016,-0.0606,0.0204,-1.8206,grasp,0.0000,0.0000,0.0000,0.0000,0.0000,0.0000,False,,0.0500,0.0000,False,0.8020,-0.2600,0.0100,0.8432
637,0.0,1.1523,-0.0025,False,False,False,-0.4373,4.7682,-0.2153,-1.2829,-0.1088,1.4744,0.0000,-0.0000,-0.0000,0.0000,-0.0000,0.0000,0.6225,0.1900,0.3865,1.0688,0.0000,0.0000,0.0000,0.0000,0.0000,0.0000,False,-0.0760,0.0463,0.0423,0.0416,0.0730,-0.0345,-0.3616,grasp,0.0000,0.0000,0.0000,0.0000,0.0000,0.0000,False,,0.0500,0.0000,False,0.8020,-0.2600,0.0100,0.8432
638,0.0,1.1526,-0.0170,False,False,False,-0.4386,4.7680,-0.2145,-1.2825,-0.1088,1.4749,-0.0580,-0.0619,0.0316,-0.0092,-0.0650,0.0776,0.6681,0.1892,0.3878,1.0688,0.0000,0.0000,0.0000,0.0000,0.0000,0.0000,False,-0.0588,-0.0610,0.0321,-0.0088,-0.0643,0.0772,2.9640,grasp,0.0000,0.0000,0.0000,0.0000,0.0000,0.0000,False,,0.0500,0.0000,False,0.8020,-0.2600,0.0100,0.8432
639,0.0,1.1525,-0.0109,False,False,False,-0.4400,4.7675,-0.2142,-1.2825,-0.1099,1.4770,-0.0290,0.0754,-0.0283,0.0179,0.0097,0.0663,0.6390,0.1899,0.3874,1.0687,0.0000,0.0000,0.0000,0.0000,0.0000,0.0000,False,-0.0301,0.0738,-0.0277,0.0178,0.0085,0.0678,-0.9270,grasp,0.0000,0.0000,0.0000,0.0000,0.0000,0.0000,False,,0.0500,0.0000,False,0.8020,-0.2600,0.0100,0.8432
640,0.0,1.1525,-0.0030,False,False,False,-0.4405,4.7691,-0.2148,-1.2822,-0.1097,1.4783,0.0000,-0.0000,-0.0000,0.0000,-0.0000,0.0000,0.6277,0.1899,0.3874,1.0687,0.0000,0.0000,0.0000,0.0000,0.0000,0.0000,False,0.0529,0.0614,-0.0369,0.0178,-0.0568,0.0296,2.4048,grasp,0.0000,0.0000,0.0000,0.0000,0.0000,0.0000,False,,0.0500,0.0000,False,0.8020,-0.2600,0.0100,0.8432
641,0.0,1.1525,-0.0023,False,False,False,-0.4405,4.7691,-0.2148,-1.2822,-0.1097,1.4783,0.0000,-0.0000,-0.0000,0.0000,-0.0000,0.0000,0.6277,0.1899,0.3874,1.0687,0.0000,0.0000,0.0000,0.0000,0.0000,0.0000,False,-0.0753,0.0674,0.0250,-0.0455,-0.0271,-0.0433,-1.5147,grasp,0.0000,0.0000,0.0000,0.0000,0.0000,0.0000,False,,0.0500,0.0000,False,0.8020,-0.2600,0.0100,0.8432
642,0.0,1.1525,-0.0349,False,False,False,-0.4440,4.7735,-0.2156,-1.2801,-0.1101,1.4748,-0.1920,0.1931,-0.0223,0.0914,0.0113,-0.1798,0.6621,0.1922,0.3864,1.0686,0.0000,0.0000,0.0000,0.0000,0.0000,0.0000,False,-0.0703,0.0715,-0.0086,0.0339,0.0036,-0.0661,2.4564,grasp,0.0000,0.0000,0.0000,0.0000,0.0000,0.0000,False,,0.0500,0.0000,False,0.8020,-0.2600,0.0100,0.8432
643,0.0,1.1525,-0.0444,False,False,False,-0.4464,4.7760,-0.2159,-1.2790,-0.1099,1.4725,-0.2437,0.2450,-0.0283,0.1160,0.0143,-0.2282,0.6672,0.1922,0.3864,1.0686,0.0000,0.0000,0.0000,0.0000,0.0000,0.0000,False,0.0434,-0.0649,-0.0095,-0.0325,0.0245,0.0349,1.9981,grasp,0.0000,0.0000,0.0000,0.0000,0.0000,0.0000,False,,0.0500,0.0000,False,0.8020,-0.2600,0.0100,0.8432
644,0.0,1.1524,-0.0142,False,False,False,-0.4460,4.7763,-0.2160,-1.2793,-0.1097,1.4729,0.0458,-0.0776,-0.0092,-0.0336,0.0243,0.0372,0.6648,0.1989,0.3832,1.0685,0.0000,0.0000,0.0000,0.0000,0.0000,0.0000,False,0.0667,-0.0306,0.0479,0.0346,0.0334,0.0648,1.7215,grasp,0.0000,0.0000,0.0000,0.0000,0.0000,0.0000,False,,0.0500,0.0000,False,0.8020,-0.2600,0.0100,0.8432
645,0.0,1.1524,-0.0028,False,False,False,-0.4451,4.7746,-0.2161,-1.2800,-0.1092,1.4736,-0.0000,0.0000,-0.0000,0.0000,-0.0000,0.0000,0.6593,0.1989,0.3832,1.0685,0.0000,0.0000,0.0000,0.0000,0.0000,0.0000,False,-0.0313,-0.0090,0.0152,-0.0696,0.0671,0.0437,1.1663,grasp,0.0000,0.0000,0.0000,0.0000,0.0000,0.0000,False,,0.0500,0.0000,False,0.8020,-0.2600,0.0100,0.8432
646,0.0,1.1524,-0.0095,False,False,False,-0.4453,4.7743,-0.2154,-1.2796,-0.1094,1.4736,-0.0225,-0.0357,0.0687,0.0341,-0.0236,-0.0043,0.6530,0.1971,0.3841,1.0685,0.0000,0.0000,0.0000,0.0000,0.0000,0.0000,False,-0.0225,-0.0357,0.0687,0.0341,-0.0236,-0.0043,2.1477,grasp,0.0000,0.0000,0.0000,0.0000,0.0000,0.0000,False,,0.0500,0.0000,False,0.8020,-0.2600,0.0100,0.8432
647,0.0,1.1524,-0.0265,False,False,False,-0.4464,4.7726,-0.2123,-1.2780,-0.1105,1.4734,-0.0609,-0.0966,0.1862,0.0925,-0.0639,-0.0116,0.6569,0.1971,0.3841,1.0685,0.0000,0.0000,0.0000,0.0000,0.0000,0.0000,False,-0.0573,-0.0193,0.0425,0.0160,0.0798,0.0130,1.1421,grasp,0.0000,0.0000,0.0000,0.0000,0.0000,0.0000,False,,0.0500,0.0000,False,0.8020,-0.2600,0.0100,0.8432
648,0.0,1.1523,-0.0062,False,False,False,-0.4472,4.7714,-0.2104,-1.2768,-0.1108,1.4732,-0.0051,-0.0071,-0.0519,0.0060,0.0507,-0.0055,0.6197,0.1981,0.3833,1.0685,0.0000,0.0000,0.0000,0.0000,0.0000,0.0000,False,-0.0059,-0.0083,-0.0495,0.0072,0.0499,-0.0057,0.3978,grasp,0.0000,0.0000,0.0000,0.0000,0.0000,0.0000,False,,0.0500,0.0000,False,0.8020,-0.2600,0.0100,0.8432
649,0.0,1.1523,-0.0026,False,False,False,-0.4473,4.7712,-0.2114,-1.2767,-0.1099,1.4731,-0.0000,0.0000,-0.0000,0.0000,-0.0000,0.0000,0.5828,0.1981,0.3833,1.0685,0.0000,0.0000,0.0000,0.0000,0.0000,0.0000,False,-0.0611,0.0449,0.0479,-0.0570,-0.0741,-0.0566,-1.2053,grasp,0.0000,0.0000,0.0000,0.0000,0.0000,0.0000,False,,0.0500,0.0000,False,0.8020,-0.2600,0.0100,0.8432
650,0.0,1.1523,-0.0159,False,False,False,-0.4479,4.7716,-0.2109,-1.2773,-0.1106,1.4725,-0.0610,0.0453,0.0488,-0.0571,-0.0750,-0.0565,0.5628,0.1981,0.3833,1.0685,0.0000,0.0000,0.0000,0.0000,0.0000,0.0000,False,-0.0363,-0.0691,0.0692,-0.0613,0.0741,0.0677,-1.7317,grasp,0.0000,0.0000,0.0000,0.0000,0.0000,0.0000,False,,0.0500,0.0000,False,0.8020,-0.2600,0.0100,0.8432
651,0.0,1.1520,-0.0232,False,False,False,-0.4478,4.7706,-0.2097,-1.2786,-0.1127,1.4704,0.0040,-0.0670,0.0837,-0.0890,-0.1364,-0.1387,0.5687,0.1979,0.3825,1.0685,0.0000,0.0000,0.0000,0.0000,0.0000,0.0000,False,0.0021,-0.0352,0.0440,-0.0468,-0.0718,-0.0730,1.8722,grasp,0.0000,0.0000,0.0000,0.0000,0.0000,0.0000,False,,0.0500,0.0000,False,0.8020,-0.2600,0.0100,0.8432
652,0.0,1.1520,-0.0022,False,False,False,-0.4478,4.7697,-0.2085,-1.2799,-0.1146,1.4684,-0.0000,-0.0000,-0.0000,0.0000,-0.0000,0.0000,0.5780,0.1979,0.3825,1.0685,0.0000,0.0000,0.0000,0.0000,0.0000,0.0000,False,0.0142,-0.0099,0.0486,-0.0422,-0.0392,0.0324,1.5580,grasp,0.0000,0.0000,0.0000,0.0000,0.0000,0.0000,False,,0.0500,0.0000,False,0.8020,-0.2600,0.0100,0.8432
653,0.0,1.1521,-0.0105,False,False,False,-0.4476,4.7696,-0.2080,-1.2803,-0.1150,1.4688,0.0142,-0.0088,0.0474,-0.0410,-0.0373,0.0343,0.5800,0.1984,0.3825,1.0685,0.0000,0.0000,0.0000,0.0000,0.0000,0.0000,False,-0.0784,-0.0644,-0.0295,0.0222,-0.0116,-0.0678,-1.0784,grasp,0.0000,0.0000,0.0000,0.0000,0.0000,0.0000,False,,0.0500,0.0000,False,0.8020,-0.2600,0.0100,0.8432
654,0.0,1.1521,-0.0031,False,False,False,-0.4474,4.7694,-0.2071,-1.2811,-0.1157,1.4694,-0.0000,0.0000,-0.0000,0.0000,-0.0000,0.0000,0.5618,0.1984,0.3825,1.0685,0.0000,0.0000,0.0000,0.0000,0.0000,0.0000,False,0.0114,0.0597,0.0688,-0.0335,0.0573,-0.0761,0.1799,grasp,0.0000,0.0000,0.0000,0.0000,0.0000,0.0000,False,,0.0500,0.0000,False,0.8020,-0.2600,0.0100,0.8432
655,0.0,1.1521,-0.0018,False,False,False,-0.4474,4.7694,-0.2071,-1.2811,-0.1157,1.4694,0.0000,-0.0000,-0.0000,0.0000,-0.0000,0.0000,0.5640,0.1984,0.3825,1.0685,0.0000,0.0000,0.0000,0.0000,0.0000,0.0000,False,-0.0174,-0.0007,-0.0770,0.0598,0.0675,0.0671,2.4253,grasp,0.0000,0.0000,0.0000,0.0000,0.0000,0.0000,False,,0.0500,0.0000,True,0.8020,-0.2600,0.0100,0.8432
656,0.0,1.1521,-0.0013,False,False,False,-0.4479,4.7694,-0.2093,-1.2793,-0.1138,1.4713,-0.0000,0.0000,-0.0000,0.0000,-0.0000,0.0000,0.5715,0.1982,0.3826,1.0685,0.0000,0.0000,0.0000,0.0000,0.0000,0.0000,False,-0.0668,-0.0304,0.0758,0.0343,-0.0228,-0.0650,-1.9601,grasp,0.0000,0.0000,0.0000,0.0000,0.0000,0.0000,False,,0.0500,0.0000,False,0.8020,-0.2600,0.0100,0.8432
657,0.0,1.1521,-0.0146,False,False,False,-0.4479,4.7689,-0.2093,-1.2789,-0.1132,1.4701,0.0653,-0.0171,-0.0769,0.0070,0.0780,-0.0549,0.5812,0.1970,0.3832,1.0685,0.0000,0.0000,0.0000,0.0000,0.0000,0.0000,False,0.0647,-0.0174,-0.0761,0.0073,0.0777,-0.0556,2.4158,grasp,0.0000,0.0000,0.0000,0.0000,0.0000,0.0000,False,,0.0500,0.0000,False,0.8020,-0.2600,0.0100,0.8432
658,0.0,1.1521,-0.0020,False,False,False,-0.4466,4.7684,-0.2108,-1.2788,-0.1118,1.4691,-0.0000,0.0000,-0.0000,0.0000,-0.0000,0.0000,0.5793,0.1970,0.3832,1.0685,0.0000,0.0000,0.0000,0.0000,0.0000,0.0000,False,-0.0272,-0.0469,0.0581,-0.0019,0.0407,0.0681,0.3841,grasp,0.0000,0.0000,0.0000,0.0000,0.0000,0.0000,False,,0.0500,0.0000,False,0.8020,-0.2600,0.0100,0.8432
659,0.0,1.1521,-0.0105,False,False,False,-0.4469,4.7680,-0.2102,-1.2788,-0.1114,1.4698,-0.0285,-0.0450,0.0595,-0.0021,0.0392,0.0691,0.5663,0.1970,0.3832,1.0685,0.0000,0.0000,0.0000,0.0000,0.0000,0.0000,False,0.0561,0.0031,0.0119,-0.0762,-0.0430,-0.0362,-0.8423,grasp,0.0000,0.0000,0.0000,0.0000,0.0000,0.0000,False,,0.0500,0.0000,False,0.8020,-0.2600,0.0100,0.8432
660,0.0,1.1519,-0.0285,False,False,False,-0.4486,4.7695,-0.2085,-1.2778,-0.1108,1.4719,-0.1083,0.1106,0.1081,0.0646,0.0364,0.1380,0.5029,0.1947,0.3836,1.0686,0.0000,0.0000,0.0000,0.0000,0.0000,0.0000,False,-0.0570,0.0577,0.0569,0.0340,0.0192,0.0726,-0.1083,grasp,0.0000,0.0000,0.0000,0.0000,0.0000,0.0000,False,,0.0500,0.0000,False,0.8020,-0.2600,0.0100,0.8432
661,0.0,1.1519,-0.0286,False,False,False,-0.4486,4.7695,-0.2085,-1.2778,-0.1108,1.4719,-0.1083,0.1106,0.1081,0.0646,0.0364,0.1380,0.5029,0.1947,0.3836,1.0686,0.0000,0.0000,0.0000,0.0000,0.0000,0.0000,False,0.0170,0.0362,0.0486,0.0703,0.0465,0.0532,1.0100,grasp,0.0000,0.0000,0.0000,0.0000,0.0000,0.0000,False,,0.0500,0.0000,False,0.8020,-0.2600,0.0100,0.8432
662,0.0,1.1517,-0.0151,False,False,False,-0.4499,4.7721,-0.2065,-1.2762,-0.1098,1.4744,0.0185,0.0263,0.0471,0.0694,0.0460,0.0513,0.4983,0.2003,0.3803,1.0685,0.0000,0.0000,0.0000,0.0000,0.0000,0.0000,False,0.0441,-0.0309,0.0332,0.0028,0.0638,0.0485,-0.4154,grasp,0.0000,0.0000,0.0000,0.0000,0.0000,0.0000,False,,0.0500,0.0000,False,0.8020,-0.2600,0.0100,0.8432
663,0.0,1.1517,-0.0029,False,False,False,-0.4499,4.7721,-0.2065,-1.2762,-0.1098,1.4744,-0.0000,0.0000,-0.0000,0.0000,-0.0000,0.0000,0.4632,0.2003,0.3803,1.0685,0.0000,0.0000,0.0000,0.0000,0.0000,0.0000,False,0.0513,-0.0049,0.0137,-0.0024,0.0690,0.0417,-3.0785,grasp,0.0000,0.0000,0.0000,0.0000,0.0000,0.0000,False,,0.0500,0.0000,False,0.8020,-0.2600,0.0100,0.8432
664,0.0,1.1517,-0.0107,False,False,False,-0.4494,4.7721,-0.2064,-1.2763,-0.1091,1.4748,0.0513,-0.0049,0.0137,-0.0024,0.0690,0.0417,0.4432,0.2003,0.3803,1.0685,0.0000,0.0000,0.0000,0.0000,0.0000,0.0000,False,0.0110,-0.0537,0.0472,-0.0669,0.0399,0.0180,-1.3244,grasp,0.0000,0.0000,0.0000,0.0000,0.0000,0.0000,False,,0.0500,0.0000,False,0.8020,-0.2600,0.0100,0.8432
665,0.0,1.1513,-0.0324,False,False,False,-0.4478,4.7737,-0.2051,-1.2750,-0.1071,1.4725,0.1060,0.1078,0.0816,0.0818,0.1354,-0.1489,0.4832,0.1993,0.3794,1.0686,0.0000,0.0000,0.0000,0.0000,0.0000,0.0000,False,0.0558,0.0566,0.0430,0.0431,0.0713,-0.0784,2.7504,grasp,0.0000,0.0000,0.0000,0.0000,0.0000,0.0000,False,,0.0500,0.0000,True,0.8020,-0.2600,0.0100,0.8432
666,0.0,1.1522,-0.0152,False,False,False,-0.4456,4.7751,-0.2047,-1.2746,-0.1045,1.4703,0.0717,-0.0632,-0.0703,-0.0749,0.0626,-0.0079,0.5370,0.2011,0.3810,1.0686,0.0000,0.0000,0.0000,0.0000,0.0000,0.0000,False,0.0732,-0.0578,-0.0692,-0.0738,0.0645,-0.0100,2.2032,grasp,0.0000,0.0000,0.0000,0.0000,0.0000,0.0000,False,,0.0500,0.0000,True,0.8020,-0.2600,0.0100,0.8432
667,0.0,1.1522,-0.0014,False,False,False,-0.4442,4.7735,-0.2060,-1.2760,-0.1033,1.4702,-0.0000,0.0000,-0.0000,0.0000,-0.0000,0.0000,0.5314,0.2011,0.3810,1.0686,0.0000,0.0000,0.0000,0.0000,0.0000,0.0000,False,-0.0485,0.0658,-0.0118,-0.0792,-0.0745,-0.0606,-2.0517,grasp,0.0000,0.0000,0.0000,0.0000,0.0000,0.0000,False,,0.0500,0.0000,False,0.8020,-0.2600,0.0100,0.8432
668,0.0,1.1522,-0.0024,False,False,False,-0.4442,4.7735,-0.2060,-1.2760,-0.1033,1.4702,-0.0000,0.0000,-0.0000,0.0000,-0.0000,0.0000,0.5314,0.2011,0.3810,1.0686,0.0000,0.0000,0.0000,0.0000,0.0000,0.0000,False,-0.0674,0.0477,-0.0689,-0.0700,-0.0346,-0.0247,3.0894,grasp,0.0000,0.0000,0.0000,0.0000,0.0000,0.0000,False,,0.0500,0.0000,True,0.8020,-0.2600,0.0100,0.8432
669,0.0,1.1518,-0.0165,False,False,False,-0.4432,4.7734,-0.2062,-1.2774,-0.1041,1.4677,0.0996,-0.0540,-0.0047,-0.0428,-0.0009,-0.1185,0.4514,0.1979,0.3811,1.0688,0.0000,0.0000,0.0000,0.0000,0.0000,0.0000,False,0.0519,-0.0275,-0.0026,-0.0233,-0.0012,-0.0630,-2.3825,grasp,0.0000,0.0000,0.0000,0.0000,0.0000,0.0000,False,,0.0500,0.0000,False,0.8020,-0.2600,0.0100,0.8432
670,0.0,1.1518,-0.0166,False,False,False,-0.4432,4.7734,-0.2062,-1.2774,-0.1041,1.4677,0.0996,-0.0540,-0.0047,-0.0428,-0.0009,-0.1185,0.4514,0.1979,0.3811,1.0688,0.0000,0.0000,0.0000,0.0000,0.0000,0.0000,False,0.0654,0.0119,-0.0366,-0.0633,-0.0404,0.0471,-1.0204,grasp,0.0000,0.0000,0.0000,0.0000,0.0000,0.0000,False,,0.0500,0.0000,False,0.8020,-0.2600,0.0100,0.8432
671,0.0,1.1513,-0.0013,False,False,False,-0.4411,4.7726,-0.2066,-1.2787,-0.1045,1.4665,0.0000,-0.0000,-0.0000,0.0000,-0.0000,0.0000,0.4125,0.1947,0.3810,1.0689,0.0000,0.0000,0.0000,0.0000,0.0000,0.0000,False,-0.0396,0.0305,0.0574,0.0130,0.0546,0.0009,0.9309,grasp,0.0000,0.0000,0.0000,0.0000,0.0000,0.0000,False,,0.0500,0.0000,False,0.8020,-0.2600,0.0100,0.8432
672,0.0,1.1513,-0.0007,False,False,False,-0.4415,4.7729,-0.2060,-1.2785,-0.1040,1.4665,-0.0000,0.0000,-0.0000,0.0000,-0.0000,0.0000,0.4031,0.1947,0.3810,1.0689,0.0000,0.0000,0.0000,0.0000,0.0000,0.0000,False,-0.0537,-0.0610,-0.0661,0.0629,0.0334,0.0708,-1.4666,grasp,0.0000,0.0000,0.0000,0.0000,0.0000,0.0000,False,,0.0500,0.0000,False,0.8020,-0.2600,0.0100,0.8432
673,0.0,1.1513,-0.0160,False,False,False,-0.4421,4.7724,-0.2067,-1.2779,-0.1036,1.4673,-0.0533,-0.0615,-0.0666,0.0628,0.0328,0.0708,0.3841,0.1947,0.3810,1.0689,0.0000,0.0000,0.0000,0.0000,0.0000,0.0000,False,-0.0567,-0.0595,0.0426,0.0416,-0.0066,0.0225,-1.9092,grasp,0.0000,0.0000,0.0000,0.0000,0.0000,0.0000,False,,0.0500,0.0000,False,0.8020,-0.2600,0.0100,0.8432
674,0.0,1.1508,-0.0096,False,False,False,-0.4420,4.7716,-0.2069,-1.2778,-0.1030,1.4677,0.0111,-0.0763,-0.0137,0.0109,0.0586,0.0482,0.3565,0.1938,0.3796,1.0689,0.0000,0.0000,0.0000,0.0000,0.0000,0.0000,False,0.0111,-0.0764,-0.0137,0.0109,0.0586,0.0482,-0.5948,grasp,0.0000,0.0000,0.0000,0.0000,0.0000,0.0000,False,,0.0500,0.0000,False,0.8020,-0.2600,0.0100,0.8432
675,0.0,1.1499,-0.0224,False,False,False,-0.4409,4.7717,-0.2092,-1.2788,-0.1029,1.4684,0.0552,0.1188,-0.1398,-0.0801,-0.0637,-0.0148,0.2933,0.1902,0.3787,1.0690,0.0000,0.0000,0.0000,0.0000,0.0000,0.0000,False,0.0293,0.0596,-0.0738,-0.0419,-0.0324,-0.0068,-2.2534,grasp,0.0000,0.0000,0.0000,0.0000,0.0000,0.0000,False,,0.0500,0.0000,False,0.8020,-0.2600,0.0100,0.8432
676,0.0,1.1499,-0.0035,False,False,False,-0.4401,4.7734,-0.2112,-1.2800,-0.1038,1.4682,-0.0000,0.0000,-0.0000,0.0000,-0.0000,0.0000,0.2553,0.1902,0.3787,1.0690,0.0000,0.0000,0.0000,0.0000,0.0000,0.0000,False,0.0114,-0.0201,0.0494,-0.0761,0.0287,-0.0681,-2.6074,grasp,0.0000,0.0000,0.0000,0.0000,0.0000,0.0000,False,,0.0500,0.0000,False,0.8020,-0.2600,0.0100,0.8432
677,0.0,1.1499,-0.0015,False,False,False,-0.4401,4.7734,-0.2112,-1.2800,-0.1038,1.4682,-0.0000,0.0000,-0.0000,0.0000,-0.0000,0.0000,0.2553,0.1902,0.3787,1.0690,0.0000,0.0000,0.0000,0.0000,0.0000,0.0000,False,0.0076,0.0256,-0.0576,0.0279,-0.0391,0.0456,-1.2059,grasp,0.0000,0.0000,0.0000,0.0000,0.0000,0.0000,False,,0.0500,0.0000,False,0.8020,-0.2600,0.0100,0.8432
678,0.0,1.1494,-0.0075,False,False,False,-0.4404,4.7732,-0.2106,-1.2809,-0.1041,1.4676,-0.0411,0.0020,0.0153,-0.0200,-0.0564,0.0092,0.2776,0.1897,0.3773,1.0690,0.0000,0.0000,0.0000,0.0000,0.0000,0.0000,False,-0.0411,0.0020,0.0153,-0.0200,-0.0564,0.0092,0.4330,grasp,0.0000,0.0000,0.0000,0.0000,0.0000,0.0000,False,,0.0500,0.0000,True,0.8020,-0.2600,0.0100,0.8432
679,0.0,1.1494,-0.0129,False,False,False,-0.4412,4.7733,-0.2103,-1.2813,-0.1051,1.4678,-0.0780,0.0038,0.0291,-0.0381,-0.1072,0.0174,0.2976,0.1897,0.3773,1.0690,0.0000,0.0000,0.0000,0.0000,0.0000,0.0000,False,-0.0506,-0.0690,0.0367,0.0516,0.0300,-0.0275,2.9513,grasp,0.0000,0.0000,0.0000,0.0000,0.0000,0.0000,False,,0.0500,0.0000,True,0.8020,-0.2600,0.0100,0.8432
680,0.0,1.1507,-0.0261,False,False,False,-0.4426,4.7713,-0.2092,-1.2798,-0.1042,1.4670,-0.0947,-0.1312,0.0692,0.0987,0.0591,-0.0525,0.3565,0.1920,0.3803,1.0690,0.0000,0.0000,0.0000,0.0000,0.0000,0.0000,False,-0.0603,0.0486,0.0213,0.0611,0.0377,0.0166,-1.5616,grasp,0.0000,0.0000,0.0000,0.0000,0.0000,0.0000,False,,0.0500,0.0000,False,0.8020,-0.2600,0.0100,0.8432
681,0.0,1.1507,-0.0020,False,False,False,-0.4426,4.7712,-0.2092,-1.2798,-0.1042,1.4670,0.0000,-0.0000,-0.0000,0.0000,-0.0000,0.0000,0.3609,0.1920,0.3803,1.0690,0.0000,0.0000,0.0000,0.0000,0.0000,0.0000,False,0.0692,0.0430,0.0019,0.0436,-0.0089,0.0634,1.3861,grasp,0.0000,0.0000,0.0000,0.0000,0.0000,0.0000,False,,0.0500,0.0000,True,0.8020,-0.2600,0.0100,0.8432
682,0.0,1.1507,-0.0132,False,False,False,-0.4420,4.7716,-0.2092,-1.2794,-0.1043,1.4676,0.0692,0.0431,0.0019,0.0436,-0.0089,0.0634,0.3805,0.1920,0.3803,1.0690,0.0000,0.0000,0.0000,0.0000,0.0000,0.0000,False,-0.0151,-0.0547,0.0462,0.0774,-0.0595,-0.0014,0.4868,grasp,0.0000,0.0000,0.0000,0.0000,0.0000,0.0000,False,,0.0500,0.0000,False,0.8020,-0.2600,0.0100,0.8432
683,0.0,1.1510,-0.0164,False,False,False,-0.4413,4.7721,-0.2085,-1.2796,-0.1049,1.4680,0.0683,0.0493,0.0711,-0.0235,-0.0578,0.0319,0.3829,0.1926,0.3811,1.0689,0.0000,0.0000,0.0000,0.0000,0.0000,0.0000,False,0.0683,0.0493,0.0711,-0.0235,-0.0578,0.0319,-0.3623,grasp,0.0000,0.0000,0.0000,0.0000,0.0000,0.0000,False,,0.0500,0.0000,False,0.8020,-0.2600,0.0100,0.8432
684,0.0,1.1510,-0.0129,False,False,False,-0.4405,4.7725,-0.2070,-1.2794,-0.1061,1.4685,-0.0554,-0.0772,0.0172,0.0667,-0.0137,-0.0043,0.4195,0.1926,0.3811,1.0689,0.0000,0.0000,0.0000,0.0000,0.0000,0.0000,False,-0.0541,-0.0744,0.0186,0.0663,-0.0148,-0.0037,2.6154,grasp,0.0000,0.0000,0.0000,0.0000,0.0000,0.0000,False,,0.0500,0.0000,True,0.8020,-0.2600,0.0100,0.8432
685,0.0,1.1515,-0.0125,False,False,False,-0.4411,4.7714,-0.2063,-1.2777,-0.1061,1.4691,0.0527,0.0533,0.0306,0.0384,0.0300,0.0668,0.4792,0.1945,0.3818,1.0688,0.0000,0.0000,0.0000,0.0000,0.0000,0.0000,False,0.0517,0.0507,0.0310,0.0396,0.0298,0.0667,3.1069,grasp,0.0000,0.0000,0.0000,0.0000,0.0000,0.0000,False,,0.0500,0.0000,True,0.8020,-0.2600,0.0100,0.8432
686,0.0,1.1515,-0.0149,False,False,False,-0.4411,4.7714,-0.2063,-1.2777,-0.1061,1.4691,0.0527,0.0533,0.0306,0.0384,0.0300,0.0668,0.4792,0.1945,0.3818,1.0688,0.0000,0.0000,0.0000,0.0000,0.0000,0.0000,False,-0.0524,-0.0017,0.0414,0.0736,-0.0369,-0.0502,-1.8434,grasp,0.0000,0.0000,0.0000,0.0000,0.0000,0.0000,False,,0.0500,0.0000,False,0.8020,-0.2600,0.0100,0.8432
687,0.0,1.1519,-0.0159,False,False,False,-0.4406,4.7732,-0.2051,-1.2773,-0.1055,1.4698,-0.0593,0.0780,0.0621,-0.0358,0.0062,-0.0534,0.4900,0.1959,0.3824,1.0688,0.0000,0.0000,0.0000,0.0000,0.0000,0.0000,False,-0.0593,0.0781,0.0621,-0.0358,0.0062,-0.0534,0.9360,grasp,0.0000,0.0000,0.0000,0.0000,0.0000,0.0000,False,,0.0500,0.0000,False,0.8020,-0.2600,0.0100,0.8432
688,0.0,1.1519,-0.0029,False,False,False,-0.4418,4.7751,-0.2040,-1.2780,-0.1054,1.4688,-0.0000,0.0000,-0.0000,0.0000,-0.0000,0.0000,0.4729,0.1959,0.3824,1.0688,0.0000,0.0000,0.0000,0.0000,0.0000,0.0000,False,-0.0728,0.0737,-0.0464,-0.0296,0.0592,-0.0607,-0.9916,grasp,0.0000,0.0000,0.0000,0.0000,0.0000,0.0000,False,,0.0500,0.0000,False,0.8020,-0.2600,0.0100,0.8432
689,0.0,1.1519,-0.0174,False,False,False,-0.4425,4.7758,-0.2044,-1.2783,-0.1048,1.4682,-0.0717,0.0665,-0.0476,-0.0290,0.0591,-0.0597,0.4530,0.1959,0.3824,1.0688,0.0000,0.0000,0.0000,0.0000,0.0000,0.0000,False,-0.0385,-0.0198,0.0581,0.0769,0.0516,-0.0135,1.8331,grasp,0.0000,0.0000,0.0000,0.0000,0.0000,0.0000,False,,0.0500,0.0000,True,0.8020,-0.2600,0.0100,0.8432
690,0.0,1.1516,-0.0099,False,False,False,-0.4440,4.7770,-0.2056,-1.2793,-0.1035,1.4676,-0.0106,-0.0225,-0.0311,-0.0436,0.0133,0.0547,0.4745,0.2000,0.3791,1.0689,0.0000,0.0000,0.0000,0.0000,0.0000,0.0000,False,-0.0119,-0.0198,-0.0320,-0.0442,0.0144,0.0536,2.3917,grasp,0.0000,0.0000,0.0000,0.0000,0.0000,0.0000,False,,0.0500,0.0000,True,0.8020,-0.2600,0.0100,0.8432
691,0.0,1.1516,-0.0181,False,False,False,-0.4442,4.7766,-0.2062,-1.2801,-0.1033,1.4687,-0.0201,-0.0413,-0.0590,-0.0829,0.0253,0.1040,0.4942,0.2000,0.3791,1.0689,0.0000,0.0000,0.0000,0.0000,0.0000,0.0000,False,-0.0390,-0.0771,0.0052,-0.0207,-0.0687,-0.0305,-1.9438,grasp,0.0000,0.0000,0.0000,0.0000,0.0000,0.0000,False,,0.0500,0.0000,False,0.8020,-0.2600,0.0100,0.8432
692,0.0,1.1524,-0.0152,False,False,False,-0.4435,4.7761,-0.2060,-1.2800,-0.1040,1.4681,0.0608,-0.0472,0.0196,0.0119,-0.0696,-0.0595,0.5538,0.2002,0.3814,1.0689,0.0000,0.0000,0.0000,0.0000,0.0000,0.0000,False,0.0608,-0.0472,0.0196,0.0119,-0.0696,-0.0595,2.6681,grasp,0.0000,0.0000,0.0000,0.0000,0.0000,0.0000,False,,0.0500,0.0000,True,0.8020,-0.2600,0.0100,0.8432
693,0.0,1.1524,-0.0185,False,False,False,-0.4417,4.7756,-0.2064,-1.2805,-0.1059,1.4675,0.0722,0.0425,-0.0699,-0.0722,-0.0672,0.0570,0.5951,0.2002,0.3814,1.0689,0.0000,0.0000,0.0000,0.0000,0.0000,0.0000,False,0.0734,0.0408,-0.0696,-0.0720,-0.0685,0.0559,2.2980,grasp,0.0000,0.0000,0.0000,0.0000,0.0000,0.0000,False,,0.0500,0.0000,False,0.8020,-0.2600,0.0100,0.8432
694,0.0,1.1526,-0.0350,False,False,False,-0.4403,4.7764,-0.2077,-1.2819,-0.1072,1.4686,0.1372,0.0799,-0.1329,-0.1373,-0.1277,0.1083,0.6049,0.1993,0.3828,1.0688,0.0000,0.0000,0.0000,0.0000,0.0000,0.0000,False,0.0349,0.0080,-0.0385,-0.0727,-0.0561,-0.0474,1.1521,grasp,0.0000,0.0000,0.0000,0.0000,0.0000,0.0000,False,,0.0500,0.0000,False,0.8020,-0.2600,0.0100,0.8432
695,0.0,1.1526,-0.0120,False,False,False,-0.4400,4.7764,-0.2081,-1.2826,-0.1078,1.4681,0.0336,0.0072,-0.0372,-0.0713,-0.0548,-0.0485,0.5938,0.1993,0.3828,1.0688,0.0000,0.0000,0.0000,0.0000,0.0000,0.0000,False,-0.0218,0.0285,0.0064,-0.0198,-0.0633,0.0105,-1.6697,grasp,0.0000,0.0000,0.0000,0.0000,0.0000,0.0000,False,,0.0500,0.0000,False,0.8020,-0.2600,0.0100,0.8432
696,0.0,1.1526,-0.0016,False,False,False,-0.4393,4.7766,-0.2088,-1.2839,-0.1088,1.4672,0.0000,0.0000,-0.0000,0.0000,-0.0000,0.0000,0.5980,0.1993,0.3828,1.0688,0.0000,0.0000,0.0000,0.0000,0.0000,0.0000,False,-0.0540,0.0687,0.0220,0.0004,0.0766,0.0232,2.1844,grasp,0.0000,0.0000,0.0000,0.0000,0.0000,0.0000,False,,0.0500,0.0000,False,0.8020,-0.2600,0.0100,0.8432
697,0.0,1.1527,-0.0252,False,False,False,-0.4409,4.7784,-0.2081,-1.2839,-0.1066,1.4679,-0.1038,0.1310,0.0431,0.0032,0.1475,0.0459,0.6132,0.1995,0.3827,1.0688,0.0000,0.0000,0.0000,0.0000,0.0000,0.0000,False,0.0792,0.0440,-0.0272,-0.0006,-0.0406,-0.0726,2.7786,grasp,0.0000,0.0000,0.0000,0.0000,0.0000,0.0000,False,,0.0500,0.0000,True,0.8020,-0.2600,0.0100,0.8432
698,0.0,1.1527,-0.0020,False,False,False,-0.4424,4.7810,-0.2075,-1.2839,-0.1045,1.4686,0.0000,0.0000,-0.0000,0.0000,-0.0000,0.0000,0.6449,0.1995,0.3827,1.0688,0.0000,0.0000,0.0000,0.0000,0.0000,0.0000,False,0.0426,0.0593,-0.0312,0.0645,-0.0543,0.0207,2.7596,grasp,0.0000,0.0000,0.0000,0.0000,0.0000,0.0000,False,,0.0500,0.0000,False,0.8020,-0.2600,0.0100,0.8432
699,0.0,1.1529,-0.0207,False,False,False,-0.4426,4.7822,-0.2086,-1.2827,-0.1058,1.4684,-0.0679,0.0644,-0.0771,0.0529,-0.0751,-0.0386,0.6156,0.2036,0.3812,1.0688,0.0000,0.0000,0.0000,0.0000,0.0000,0.0000,False,-0.0675,0.0651,-0.0775,0.0536,-0.0756,-0.0384,-0.9231,grasp,0.0000,0.0000,0.0000,0.0000,0.0000,0.0000,False,,0.0500,0.0000,False,0.8020,-0.2600,0.0100,0.8432
700,0.0,1.1529,-0.0205,False,False,False,-0.4426,4.7822,-0.2086,-1.2827,-0.1058,1.4684,-0.0679,0.0644,-0.0771,0.0529,-0.0751,-0.0386,0.6156,0.2036,0.3812,1.0688,0.0000,0.0000,0.0000,0.0000,0.0000,0.0000,False,-0.0721,0.0325,-0.0570,-0.0438,-0.0661,0.0327,2.3815,grasp,0.0000,0.0000,0.0000,0.0000,0.0000,0.0000,False,,0.0500,0.0000,False,0.8020,-0.2600,0.0100,0.8432
701,0.0,1.1524,-0.0194,False,False,False,-0.4435,4.7845,-0.2091,-1.2800,-0.1072,1.4662,0.0285,0.0726,0.0646,0.1128,-0.0009,-0.0947,0.5666,0.2057,0.3793,1.0686,0.0000,0.0000,0.0000,0.0000,0.0000,0.0000,False,0.0137,0.0397,0.0325,0.0604,-0.0019,-0.0506,0.6957,grasp,0.0000,0.0000,0.0000,0.0000,0.0000,0.0000,False,,0.0500,0.0000,False,0.8020,-0.2600,0.0100,0.8432
702,0.0,1.1524,-0.0160,False,False,False,-0.4433,4.7863,-0.2074,-1.2776,-0.1078,1.4644,-0.0241,0.0612,0.0751,0.0751,-0.0591,-0.0487,0.5188,0.2057,0.3793,1.0686,0.0000,0.0000,0.0000,0.0000,0.0000,0.0000,False,-0.0237,0.0646,0.0761,0.0768,-0.0591,-0.0500,-0.5422,grasp,0.0000,0.0000,0.0000,0.0000,0.0000,0.0000,False,,0.0500,0.0000,False,0.8020,-0.2600,0.0100,0.8432
703,0.0,1.1517,-0.0340,False,False,False,-0.4438,4.7874,-0.2060,-1.2762,-0.1089,1.4634,-0.0459,0.1196,0.1427,0.1428,-0.1123,-0.0924,0.5000,0.2105,0.3756,1.0682,0.0000,0.0000,0.0000,0.0000,0.0000,0.0000,False,0.0349,-0.0197,-0.0610,0.0068,0.0664,0.0469,0.9165,grasp,0.0000,0.0000,0.0000,0.0000,0.0000,0.0000,False,,0.0500,0.0000,False,0.8020,-0.2600,0.0100,0.8432
704,0.0,1.1517,-0.0138,False,False,False,-0.4434,4.7877,-0.2066,-1.2761,-0.1083,1.4639,0.0354,-0.0257,-0.0624,0.0054,0.0675,0.0478,0.5032,0.2105,0.3756,1.0682,0.0000,0.0000,0.0000,0.0000,0.0000,0.0000,False,-0.0379,0.0130,0.0538,-0.0522,0.0226,0.0750,0.5827,grasp,0.0000,0.0000,0.0000,0.0000,0.0000,0.0000,False,,0.0500,0.0000,False,0.8020,-0.2600,0.0100,0.8432
705,0.0,1.1517,-0.0029,False,False,False,-0.4427,4.7871,-0.2078,-1.2760,-0.1070,1.4648,0.0000,0.0000,-0.0000,0.0000,-0.0000,0.0000,0.5194,0.2105,0.3756,1.0682,0.0000,0.0000,0.0000,0.0000,0.0000,0.0000,False,0.0522,0.0201,0.0389,0.0633,-0.0423,-0.0553,1.9898,grasp,0.0000,0.0000,0.0000,0.0000,0.0000,0.0000,False,,0.0500,0.0000,True,0.8020,-0.2600,0.0100,0.8432
706,0.0,1.1520,-0.0273,False,False,False,-0.4413,4.7878,-0.2066,-1.2742,-0.1082,1.4632,0.0979,0.0402,0.0763,0.1200,-0.0828,-0.1067,0.5449,0.2093,0.3770,1.0683,0.0000,0.0000,0.0000,0.0000,0.0000,0.0000,False,0.0359,0.0697,0.0001,0.0764,-0.0538,0.0404,2.1784,grasp,0.0000,0.0000,0.0000,0.0000,0.0000,0.0000,False,,0.0500,0.0000,True,0.8020,-0.2600,0.0100,0.8432
707,0.0,1.1520,-0.0100,False,False,False,-0.4406,4.7883,-0.2053,-1.2721,-0.1094,1.4622,-0.0773,-0.0081,0.0260,0.0362,0.0005,0.0565,0.5157,0.2093,0.3770,1.0683,0.0000,0.0000,0.0000,0.0000,0.0000,0.0000,False,-0.0759,-0.0067,0.0271,0.0379,-0.0007,0.0550,-2.5305,grasp,0.0000,0.0000,0.0000,0.0000,0.0000,0.0000,False,,0.0500,0.0000,False,0.8020,-0.2600,0.0100,0.8432
708,0.0,1.1515,-0.0067,False,False,False,-0.4422,4.7877,-0.2048,-1.2713,-0.1097,1.4629,-0.0104,-0.0516,-0.0066,0.0079,-0.0303,-0.0398,0.5312,0.2115,0.3751,1.0680,0.0000,0.0000,0.0000,0.0000,0.0000,0.0000,False,-0.0118,-0.0517,-0.0061,0.0086,-0.0303,-0.0387,2.2181,grasp,0.0000,0.0000,0.0000,0.0000,0.0000,0.0000,False,,0.0500,0.0000,True,0.8020,-0.2600,0.0100,0.8432
709,0.0,1.1515,-0.0093,False,False,False,-0.4422,4.7877,-0.2048,-1.2713,-0.1097,1.4629,-0.0104,-0.0516,-0.0066,0.0079,-0.0303,-0.0398,0.5312,0.2115,0.3751,1.0680,0.0000,0.0000,0.0000,0.0000,0.0000,0.0000,False,-0.0371,0.0290,-0.0283,-0.0446,0.0119,0.0771,1.0699,grasp,0.0000,0.0000,0.0000,0.0000,0.0000,0.0000,False,,0.0500,0.0000,False,0.8020,-0.2600,0.0100,0.8432
710,0.0,1.1518,-0.0236,False,False,False,-0.4439,4.7868,-0.2032,-1.2693,-0.1082,1.4620,-0.0995,0.0157,0.1131,0.1212,0.1385,-0.0102,0.5391,0.2113,0.3760,1.0679,0.0000,0.0000,0.0000,0.0000,0.0000,0.0000,False,-0.0525,0.0068,0.0594,0.0640,0.0723,-0.0061,0.9393,grasp,0.0000,0.0000,0.0000,0.0000,0.0000,0.0000,False,,0.0500,0.0000,False,0.8020,-0.2600,0.0100,0.8432
711,0.0,1.1518,-0.0155,False,False,False,-0.4448,4.7877,-0.2017,-1.2669,-0.1054,1.4624,0.0554,0.0488,-0.0055,0.0689,0.0761,0.0519,0.5227,0.2113,0.3760,1.0679,0.0000,0.0000,0.0000,0.0000,0.0000,0.0000,False,0.0540,0.0505,-0.0039,0.0707,0.0781,0.0517,0.4804,grasp,0.0000,0.0000,0.0000,0.0000,0.0000,0.0000,False,,0.0500,0.0000,False,0.8020,-0.2600,0.0100,0.8432
712,0.0,1.1517,-0.0036,False,False,False,-0.4437,4.7887,-0.2018,-1.2656,-0.1040,1.4634,0.0000,0.0000,-0.0000,0.0000,-0.0000,0.0000,0.5363,0.2131,0.3749,1.0679,0.0000,0.0000,0.0000,0.0000,0.0000,0.0000,False,-0.0577,-0.0688,0.0594,-0.0173,-0.0755,-0.0326,2.6766,grasp,0.0000,0.0000,0.0000,0.0000,0.0000,0.0000,False,,0.0500,0.0000,True,0.8020,-0.2600,0.0100,0.8432
713,0.0,1.1517,-0.0136,False,False,False,-0.4443,4.7880,-0.2012,-1.2658,-0.1048,1.4630,-0.0588,-0.0703,0.0595,-0.0186,-0.0770,-0.0336,0.5563,0.2131,0.3749,1.0679,0.0000,0.0000,0.0000,0.0000,0.0000,0.0000,False,-0.0013,-0.0349,-0.0694,-0.0203,0.0362,-0.0715,1.6269,grasp,0.0000,0.0000,0.0000,0.0000,0.0000,0.0000,False,,0.0500,0.0000,False,0.8020,-0.2600,0.0100,0.8432
714,0.0,1.1520,-0.0132,False,False,False,-0.4454,4.7871,-0.2001,-1.2667,-0.1070,1.4632,-0.0004,0.0479,0.0004,-0.0506,-0.0751,0.0787,0.5886,0.2145,0.3753,1.0679,0.0000,0.0000,0.0000,0.0000,0.0000,0.0000,False,-0.0016,0.0462,0.0016,-0.0510,-0.0766,0.0780,1.8951,grasp,0.0000,0.0000,0.0000,0.0000,0.0000,0.0000,False,,0.0500,0.0000,False,0.8020,-0.2600,0.0100,0.8432
715,0.0,1.1520,-0.0138,False,False,False,-0.4454,4.7880,-0.2000,-1.2676,-0.1084,1.4647,-0.0008,0.0908,0.0008,-0.0962,-0.1427,0.1495,0.5939,0.2145,0.3753,1.0679,0.0000,0.0000,0.0000,0.0000,0.0000,0.0000,False,0.0748,-0.0710,-0.0750,0.0631,-0.0162,-0.0420,2.4442,grasp,0.0000,0.0000,0.0000,0.0000,0.0000,0.0000,False,,0.0500,0.0000,False,0.8020,-0.2600,0.0100,0.8432
716,0.0,1.1520,-0.0019,False,False,False,-0.4447,4.7873,-0.2008,-1.2670,-0.1086,1.4642,-0.0000,0.0000,-0.0000,0.0000,-0.0000,0.0000,0.6257,0.2145,0.3753,1.0679,0.0000,0.0000,0.0000,0.0000,0.0000,0.0000,False,-0.0674,0.0774,0.0078,0.0075,-0.0129,0.0291,2.5009,grasp,0.0000,0.0000,0.0000,0.0000,0.0000,0.0000,False,,0.0500,0.0000,False,0.8020,-0.2600,0.0100,0.8432
717,0.0,1.1521,-0.0105,False,False,False,-0.4449,4.7878,-0.2010,-1.2674,-0.1090,1.4649,0.0438,-0.0410,-0.0296,-0.0524,-0.0316,0.0399,0.5949,0.2156,0.3751,1.0677,0.0000,0.0000,0.0000,0.0000,0.0000,0.0000,False,0.0432,-0.0395,-0.0296,-0.0523,-0.0317,0.0402,-2.6787,grasp,0.0000,0.0000,0.0000,0.0000,0.0000,0.0000,False,,0.0500,0.0000,False,0.8020,-0.2600,0.0100,0.8432
718,0.0,1.1521,-0.0107,False,False,False,-0.4449,4.7878,-0.2010,-1.2674,-0.1090,1.4649,0.0438,-0.0410,-0.0296,-0.0524,-0.0316,0.0399,0.5949,0.2156,0.3751,1.0677,0.0000,0.0000,0.0000,0.0000,0.0000,0.0000,False,-0.0110,-0.0074,-0.0777,0.0222,0.0659,-0.0505,-0.3997,grasp,0.0000,0.0000,0.0000,0.0000,0.0000,0.0000,False,,0.0500,0.0000,False,0.8020,-0.2600,0.0100,0.8432
719,0.0,1.1519,-0.0141,False,False,False,-0.4439,4.7864,-0.2014,-1.2689,-0.1102,1.4650,0.0161,-0.0447,0.0220,-0.0485,-0.0634,-0.0671,0.5834,0.2134,0.3756,1.0678,0.0000,0.0000,0.0000,0.0000,0.0000,0.0000,False,0.0169,-0.0469,0.0214,-0.0495,-0.0640,-0.0664,1.7237,grasp,0.0000,0.0000,0.0000,0.0000,0.0000,0.0000,False,,0.0500,0.0000,False,0.8020,-0.2600,0.0100,0.8432
720,0.0,1.1519,-0.0202,False,False,False,-0.4419,4.7836,-0.2018,-1.2708,-0.1103,1.4633,0.1111,-0.1391,-0.0586,-0.0656,0.0742,-0.0290,0.5487,0.2134,0.3756,1.0678,0.0000,0.0000,0.0000,0.0000,0.0000,0.0000,False,0.0588,-0.0738,-0.0304,-0.0355,0.0378,-0.0165,0.3583,grasp,0.0000,0.0000,0.0000,0.0000,0.0000,0.0000,False,,0.0500,0.0000,False,0.8020,-0.2600,0.0100,0.8432
721,0.0,1.1519,-0.0236,False,False,False,-0.4419,4.7836,-0.2018,-1.2708,-0.1103,1.4633,0.1111,-0.1391,-0.0586,-0.0656,0.0742,-0.0290,0.5487,0.2134,0.3756,1.0678,0.0000,0.0000,0.0000,0.0000,0.0000,0.0000,False,-0.0655,0.0571,0.0370,-0.0162,-0.0127,0.0094,-2.8181,grasp,0.0000,0.0000,0.0000,0.0000,0.0000,0.0000,False,,0.0500,0.0000,False,0.8020,-0.2600,0.0100,0.8432
722,0.0,1.1519,-0.0109,False,False,False,-0.4410,4.7813,-0.2023,-1.2719,-0.1094,1.4630,-0.0671,0.0684,0.0378,-0.0152,-0.0138,0.0098,0.4984,0.2068,0.3782,1.0682,0.0000,0.0000,0.0000,0.0000,0.0000,0.0000,False,0.0656,-0.0686,-0.0478,0.0188,-0.0678,-0.0597,-1.1853,grasp,0.0000,0.0000,0.0000,0.0000,0.0000,0.0000,False,,0.0500,0.0000,False,0.8020,-0.2600,0.0100,0.8432
723,0.0,1.1511,-0.0119,False,False,False,-0.4417,4.7828,-0.2012,-1.2716,-0.1098,1.4637,0.0604,-0.0004,0.0350,0.0580,-0.0152,0.0573,0.4384,0.2079,0.3753,1.0681,0.0000,0.0000,0.0000,0.0000,0.0000,0.0000,False,0.0591,0.0044,0.0358,0.0577,-0.0154,0.0574,-2.6655,grasp,0.0000,0.0000,0.0000,0.0000,0.0000,0.0000,False,,0.0500,0.0000,False,0.8020,-0.2600,0.0100,0.8432
724,0.0,1.1511,-0.0103,False,False,False,-0.4417,4.7828,-0.2012,-1.2716,-0.1098,1.4637,0.0604,-0.0004,0.0350,0.0580,-0.0152,0.0573,0.4384,0.2079,0.3753,1.0681,0.0000,0.0000,0.0000,0.0000,0.0000,0.0000,False,0.0695,-0.0528,-0.0023,-0.0555,-0.0672,0.0347,2.7690,grasp,0.0000,0.0000,0.0000,0.0000,0.0000,0.0000,False,,0.0500,0.0000,True,0.8020,-0.2600,0.0100,0.8432
725,0.0,1.1511,-0.0155,False,False,False,-0.4399,4.7822,-0.2011,-1.2702,-0.1107,1.4650,0.0691,-0.0732,-0.0524,0.0303,-0.0606,0.0139,0.4421,0.2079,0.3753,1.0681,0.0000,0.0000,0.0000,0.0000,0.0000,0.0000,False,0.0691,-0.0732,-0.0524,0.0303,-0.0606,0.0139,-3.0249,grasp,0.0000,0.0000,0.0000,0.0000,0.0000,0.0000,False,,0.0500,0.0000,False,0.8020,-0.2600,0.0100,0.8432
726,0.0,1.1507,-0.0186,False,False,False,-0.4392,4.7810,-0.2018,-1.2704,-0.1111,1.4656,-0.0667,0.0592,0.0268,-0.0782,0.0728,0.0420,0.3915,0.2052,0.3761,1.0680,0.0000,0.0000,0.0000,0.0000,0.0000,0.0000,False,-0.0654,0.0530,0.0258,-0.0777,0.0717,0.0423,-1.0886,grasp,0.0000,0.0000,0.0000,0.0000,0.0000,0.0000,False,,0.0500,0.0000,False,0.8020,-0.2600,0.0100,0.8432
727,0.0,1.1507,-0.0167,False,False,False,-0.4392,4.7810,-0.2018,-1.2704,-0.1111,1.4656,-0.0667,0.0592,0.0268,-0.0782,0.0728,0.0420,0.3915,0.2052,0.3761,1.0680,0.0000,0.0000,0.0000,0.0000,0.0000,0.0000,False,0.0699,-0.0212,-0.0757,-0.0673,-0.0107,-0.0547,0.1277,grasp,0.0000,0.0000,0.0000,0.0000,0.0000,0.0000,False,,0.0500,0.0000,False,0.8020,-0.2600,0.0100,0.8432
728,0.0,1.1502,-0.0132,False,False,False,-0.4402,4.7828,-0.2007,-1.2725,-0.1099,1.4668,0.0248,0.0587,0.0614,-0.0628,-0.0184,0.0383,0.3479,0.2061,0.3732,1.0682,0.0000,0.0000,0.0000,0.0000,0.0000,0.0000,False,0.0236,0.0621,0.0619,-0.0643,-0.0170,0.0391,-1.4357,grasp,0.0000,0.0000,0.0000,0.0000,0.0000,0.0000,False,,0.0500,0.0000,False,0.8020,-0.2600,0.0100,0.8432
729,0.0,1.1502,-0.0097,False,False,False,-0.4397,4.7844,-0.1998,-1.2734,-0.1109,1.4679,0.0047,0.0292,-0.0281,0.0290,-0.0678,0.0378,0.2948,0.2061,0.3732,1.0682,0.0000,0.0000,0.0000,0.0000,0.0000,0.0000,False,0.0052,0.0330,-0.0269,0.0278,-0.0682,0.0385,-2.8867,grasp,0.0000,0.0000,0.0000,0.0000,0.0000,0.0000,False,,0.0500,0.0000,False,0.8020,-0.2600,0.0100,0.8432
730,0.0,1.1493,-0.0014,False,False,False,-0.4396,4.7850,-0.2003,-1.2729,-0.1122,1.4686,0.0000,0.0000,-0.0000,0.0000,-0.0000,0.0000,0.2948,0.2073,0.3703,1.0681,0.0000,0.0000,0.0000,0.0000,0.0000,0.0000,False,0.0435,0.0008,-0.0234,-0.0277,0.0427,0.0782,2.9746,grasp,0.0000,0.0000,0.0000,0.0000,0.0000,0.0000,False,,0.0500,0.0000,True,0.8020,-0.2600,0.0100,0.8432
731,0.0,1.1493,-0.0199,False,False,False,-0.4384,4.7850,-0.2010,-1.2737,-0.1110,1.4709,0.0824,0.0003,-0.0434,-0.0537,0.0836,0.1472,0.3341,0.2073,0.3703,1.0681,0.0000,0.0000,0.0000,0.0000,0.0000,0.0000,False,0.0444,0.0347,0.0268,0.0534,-0.0667,0.0679,-2.5887,grasp,0.0000,0.0000,0.0000,0.0000,0.0000,0.0000,False,,0.0500,0.0000,False,0.8020,-0.2600,0.0100,0.8432
732,0.0,1.1507,-0.0203,False,False,False,-0.4377,4.7843,-0.2022,-1.2737,-0.1091,1.4736,-0.0504,-0.0774,-0.0588,0.0778,0.0656,0.0612,0.3933,0.2062,0.3749,1.0683,0.0000,0.0000,0.0000,0.0000,0.0000,0.0000,False,-0.0492,-0.0775,-0.0594,0.0770,0.0668,0.0633,1.6108,grasp,0.0000,0.0000,0.0000,0.0000,0.0000,0.0000,False,,0.0500,0.0000,True,0.8020,-0.2600,0.0100,0.8432
733,0.0,1.1507,-0.0195,False,False,False,-0.4377,4.7843,-0.2022,-1.2737,-0.1091,1.4736,-0.0504,-0.0774,-0.0588,0.0778,0.0656,0.0612,0.3933,0.2062,0.3749,1.0683,0.0000,0.0000,0.0000,0.0000,0.0000,0.0000,False,-0.0179,-0.0577,0.0642,-0.0330,-0.0778,-0.0623,-1.1740,grasp,0.0000,0.0000,0.0000,0.0000,0.0000,0.0000,False,,0.0500,0.0000,False,0.8020,-0.2600,0.0100,0.8432
734,0.0,1.1507,-0.0038,False,False,False,-0.4387,4.7825,-0.2033,-1.2722,-0.1079,1.4748,0.0000,0.0000,-0.0000,0.0000,-0.0000,0.0000,0.3995,0.2062,0.3749,1.0683,0.0000,0.0000,0.0000,0.0000,0.0000,0.0000,False,0.0431,-0.0305,-0.0371,-0.0253,0.0022,0.0203,0.1857,grasp,0.0000,0.0000,0.0000,0.0000,0.0000,0.0000,False,,0.0500,0.0000,False,0.8020,-0.2600,0.0100,0.8432
735,0.0,1.1507,-0.0236,False,False,False,-0.4387,4.7804,-0.2035,-1.2717,-0.1100,1.4734,-0.0310,-0.1235,0.0148,0.0514,-0.1435,-0.1044,0.3622,0.2037,0.3758,1.0683,0.0000,0.0000,0.0000,0.0000,0.0000,0.0000,False,-0.0159,-0.0652,0.0074,0.0268,-0.0755,-0.0547,-1.1347,grasp,0.0000,0.0000,0.0000,0.0000,0.0000,0.0000,False,,0.0500,0.0000,False,0.8020,-0.2600,0.0100,0.8432
736,0.0,1.1496,-0.0144,False,False,False,-0.4384,4.7785,-0.2039,-1.2714,-0.1114,1.4724,0.0723,0.0128,-0.0605,-0.0389,0.0630,0.0460,0.3136,0.2003,0.3745,1.0682,0.0000,0.0000,0.0000,0.0000,0.0000,0.0000,False,0.0719,0.0084,-0.0603,-0.0382,0.0610,0.0445,-1.9486,grasp,0.0000,0.0000,0.0000,0.0000,0.0000,0.0000,False,,0.0500,0.0000,False,0.8020,-0.2600,0.0100,0.8432
737,0.0,1.1496,-0.0131,False,False,False,-0.4384,4.7785,-0.2039,-1.2714,-0.1114,1.4724,0.0723,0.0128,-0.0605,-0.0389,0.0630,0.0460,0.3136,0.2003,0.3745,1.0682,0.0000,0.0000,0.0000,0.0000,0.0000,0.0000,False,0.0746,-0.0775,-0.0715,-0.0636,-0.0778,0.0037,-0.4831,grasp,0.0000,0.0000,0.0000,0.0000,0.0000,0.0000,False,,0.0500,0.0000,False,0.8020,-0.2600,0.0100,0.8432
738,0.0,1.1496,-0.0132,False,False,False,-0.4375,4.7790,-0.2056,-1.2719,-0.1099,1.4730,-0.0439,0.0269,-0.0596,0.0196,0.0374,-0.0268,0.3374,0.2003,0.3745,1.0682,0.0000,0.0000,0.0000,0.0000,0.0000,0.0000,False,-0.0425,0.0269,-0.0608,0.0188,0.0386,-0.0259,1.9955,grasp,0.0000,0.0000,0.0000,0.0000,0.0000,0.0000,False,,0.0500,0.0000,True,0.8020,-0.2600,0.0100,0.8432
739,0.0,1.1496,-0.0217,False,False,False,-0.4383,4.7795,-0.2067,-1.2715,-0.1092,1.4724,-0.0834,0.0509,-0.1133,0.0372,0.0710,-0.0509,0.3574,0.2003,0.3745,1.0682,0.0000,0.0000,0.0000,0.0000,0.0000,0.0000,False,-0.0296,0.0186,0.0722,-0.0666,0.0529,-0.0166,-2.4946,grasp,0.0000,0.0000,0.0000,0.0000,0.0000,0.0000,False,,0.0500,0.0000,False,0.8020,-0.2600,0.0100,0.8432
740,0.0,1.1500,-0.0237,False,False,False,-0.4392,4.7800,-0.2046,-1.2735,-0.1076,1.4720,-0.0546,0.0345,0.1394,-0.1272,0.0992,-0.0306,0.3013,0.1998,0.3760,1.0683,0.0000,0.0000,0.0000,0.0000,0.0000,0.0000,False,-0.0182,0.0677,-0.0736,0.0045,-0.0709,-0.0053,-1.7003,grasp,0.0000,0.0000,0.0000,0.0000,0.0000,0.0000,False,,0.0500,0.0000,False,0.8020,-0.2600,0.0100,0.8432
741,0.0,1.1496,-0.0118,False,False,False,-0.4393,4.7807,-0.2050,-1.2742,-0.1082,1.4723,-0.0153,0.0605,-0.0350,-0.0700,-0.0577,0.0303,0.3018,0.2007,0.3739,1.0685,0.0000,0.0000,0.0000,0.0000,0.0000,0.0000,False,-0.0153,0.0606,-0.0350,-0.0700,-0.0577,0.0303,-0.3631,grasp,0.0000,0.0000,0.0000,0.0000,0.0000,0.0000,False,,0.0500,0.0000,False,0.8020,-0.2600,0.0100,0.8432
742,0.0,1.1496,-0.0129,False,False,False,-0.4393,4.7807,-0.2050,-1.2742,-0.1082,1.4723,-0.0153,0.0605,-0.0350,-0.0700,-0.0577,0.0303,0.3018,0.2007,0.3739,1.0685,0.0000,0.0000,0.0000,0.0000,0.0000,0.0000,False,0.0315,-0.0713,-0.0646,0.0182,-0.0311,0.0593,2.7630,grasp,0.0000,0.0000,0.0000,0.0000,0.0000,0.0000,False,,0.0500,0.0000,True,0.8020,-0.2600,0.0100,0.8432
743,0.0,1.1496,-0.0024,False,False,False,-0.4396,4.7819,-0.2056,-1.2755,-0.1093,1.4729,0.0000,0.0000,-0.0000,0.0000,-0.0000,0.0000,0.3467,0.2007,0.3739,1.0685,0.0000,0.0000,0.0000,0.0000,0.0000,0.0000,False,-0.0197,-0.0388,-0.0458,-0.0461,-0.0038,-0.0175,-2.7699,grasp,0.0000,0.0000,0.0000,0.0000,0.0000,0.0000,False,,0.0500,0.0000,False,0.8020,-0.2600,0.0100,0.8432
744,0.0,1.1500,-0.0147,False,False,False,-0.4395,4.7809,-0.2058,-1.2763,-0.1087,1.4721,0.0321,-0.0629,0.0305,-0.0333,0.0648,-0.0630,0.3256,0.2017,0.3745,1.0684,0.0000,0.0000,0.0000,0.0000,0.0000,0.0000,False,0.0319,-0.0635,0.0300,-0.0337,0.0648,-0.0632,-0.7480,grasp,0.0000,0.0000,0.0000,0.0000,0.0000,0.0000,False,,0.0500,0.0000,False,0.8020,-0.2600,0.0100,0.8432
745,0.0,1.1500,-0.0261,False,False,False,-0.4389,4.7797,-0.2052,-1.2769,-0.1075,1.4709,0.0610,-0.1199,0.0579,-0.0632,0.1232,-0.1197,0.3235,0.2017,0.3745,1.0684,0.0000,0.0000,0.0000,0.0000,0.0000,0.0000,False,0.0365,0.0220,-0.0154,0.0348,-0.0020,-0.0195,-1.2184,grasp,0.0000,0.0000,0.0000,0.0000,0.0000,0.0000,False,,0.0500,0.0000,False,0.8020,-0.2600,0.0100,0.8432
746,0.0,1.1500,-0.0268,False,False,False,-0.4389,4.7797,-0.2052,-1.2769,-0.1075,1.4709,0.0610,-0.1199,0.0579,-0.0632,0.1232,-0.1197,0.3235,0.2017,0.3745,1.0684,0.0000,0.0000,0.0000,0.0000,0.0000,0.0000,False,0.0632,0.0076,-0.0165,0.0147,-0.0280,0.0425,-3.0334,grasp,0.0000,0.0000,0.0000,0.0000,0.0000,0.0000,False,,0.0500,0.0000,False,0.8020,-0.2600,0.0100,0.8432
747,0.0,1.1494,-0.0485,False,False,False,-0.4340,4.7851,-0.1997,-1.2783,-0.1112,1.4758,0.1864,0.2157,0.2085,-0.0539,-0.1414,0.1864,0.2156,0.1992,0.3735,1.0686,0.0000,0.0000,0.0000,0.0000,0.0000,0.0000,False,0.0542,0.0623,0.0606,-0.0157,-0.0411,0.0542,-2.9673,grasp,0.0000,0.0000,0.0000,0.0000,0.0000,0.0000,False,,0.0500,0.0000,False,0.8020,-0.2600,0.0100,0.8432
748,0.0,1.1494,-0.0592,False,False,False,-0.4317,4.7876,-0.1972,-1.2790,-0.1129,1.4780,0.2220,0.2568,0.2482,-0.0642,-0.1683,0.2219,0.1963,0.1992,0.3735,1.0686,0.0000,0.0000,0.0000,0.0000,0.0000,0.0000,False,-0.0438,0.0351,0.0776,0.0693,0.0320,0.0107,0.1981,grasp,0.0000,0.0000,0.0000,0.0000,0.0000,0.0000,False,,0.0500,0.0000,True,0.8020,-0.2600,0.0100,0.8432
749,0.0,1.1484,-0.0109,False,False,False,-0.4322,4.7892,-0.1965,-1.2783,-0.1125,1.4781,-0.0460,0.0181,0.0752,0.0699,0.0337,0.0085,0.2353,0.2070,0.3670,1.0683,0.0000,0.0000,0.0000,0.0000,0.0000,0.0000,False,-0.0467,-0.0272,-0.0391,0.0588,0.0744,-0.0154,-0.7739,grasp,0.0000,0.0000,0.0000,0.0000,0.0000,0.0000,False,,0.0500,0.0000,False,0.8020,-0.2600,0.0100,0.8432
750,0.0,1.1484,-0.0229,False,False,False,-0.4331,4.7897,-0.1950,-1.2770,-0.1119,1.4782,-0.0875,0.0491,0.1428,0.1329,0.0640,0.0162,0.2553,0.2070,0.3670,1.0683,0.0000,0.0000,0.0000,0.0000,0.0000,0.0000,False,0.0760,0.0556,-0.0653,0.0025,-0.0520,0.0499,-1.2036,grasp,0.0000,0.0000,0.0000,0.0000,0.0000,0.0000,False,,0.0500,0.0000,False,0.8020,-0.2600,0.0100,0.8432
751,0.0,1.1495,-0.0150,False,False,False,-0.4325,4.7893,-0.1944,-1.2769,-0.1120,1.4789,0.0565,-0.0625,0.0646,0.0073,-0.0089,0.0641,0.2855,0.2102,0.3689,1.0682,0.0000,0.0000,0.0000,0.0000,0.0000,0.0000,False,0.0565,-0.0623,0.0646,0.0073,-0.0089,0.0641,0.0845,grasp,0.0000,0.0000,0.0000,0.0000,0.0000,0.0000,False,,0.0500,0.0000,False,0.8020,-0.2600,0.0100,0.8432
752,0.0,1.1495,-0.0124,False,False,False,-0.4313,4.7884,-0.1936,-1.2769,-0.1116,1.4795,0.0177,0.0341,-0.0469,-0.0177,0.0609,-0.0571,0.3378,0.2102,0.3689,1.0682,0.0000,0.0000,0.0000,0.0000,0.0000,0.0000,False,0.0187,0.0322,-0.0457,-0.0176,0.0607,-0.0559,2.7195,grasp,0.0000,0.0000,0.0000,0.0000,0.0000,0.0000,False,,0.0500,0.0000,True,0.8020,-0.2600,0.0100,0.8432
753,0.0,1.1507,-0.0061,False,False,False,-0.4311,4.7886,-0.1943,-1.2770,-0.1102,1.4788,-0.0135,-0.0382,0.0229,0.0297,0.0197,0.0329,0.3783,0.2105,0.3723,1.0682,0.0000,0.0000,0.0000,0.0000,0.0000,0.0000,False,-0.0132,-0.0376,0.0220,0.0294,0.0208,0.0318,0.3542,grasp,0.0000,0.0000,0.0000,0.0000,0.0000,0.0000,False,,0.0500,0.0000,False,0.8020,-0.2600,0.0100,0.8432
754,0.0,1.1507,-0.0139,False,False,False,-0.4313,4.7879,-0.1939,-1.2764,-0.1098,1.4794,-0.0257,-0.0726,0.0435,0.0564,0.0374,0.0625,0.3850,0.2105,0.3723,1.0682,0.0000,0.0000,0.0000,0.0000,0.0000,0.0000,False,-0.0090,0.0388,-0.0074,0.0489,-0.0367,-0.0525,-2.8975,grasp,0.0000,0.0000,0.0000,0.0000,0.0000,0.0000,False,,0.0500,0.0000,False,0.8020,-0.2600,0.0100,0.8432
755,0.0,1.1507,-0.0155,False,False,False,-0.4313,4.7879,-0.1939,-1.2764,-0.1098,1.4794,-0.0257,-0.0726,0.0435,0.0564,0.0374,0.0625,0.3850,0.2105,0.3723,1.0682,0.0000,0.0000,0.0000,0.0000,0.0000,0.0000,False,0.0679,-0.0146,0.0349,0.0319,-0.0108,0.0547,0.2092,grasp,0.0000,0.0000,0.0000,0.0000,0.0000,0.0000,False,,0.0500,0.0000,False,0.8020,-0.2600,0.0100,0.8432
756,0.0,1.1509,-0.0314,False,False,False,-0.4347,4.7882,-0.1910,-1.2738,-0.1079,1.4778,-0.1640,0.0185,0.1385,0.1266,0.0944,-0.0781,0.4457,0.2103,0.3731,1.0682,0.0000,0.0000,0.0000,0.0000,0.0000,0.0000,False,-0.0605,0.0068,0.0511,0.0467,0.0349,-0.0288,1.4599,grasp,0.0000,0.0000,0.0000,0.0000,0.0000,0.0000,False,,0.0500,0.0000,True,0.8020,-0.2600,0.0100,0.8432
757,0.0,1.1509,-0.0312,False,False,False,-0.4347,4.7882,-0.1910,-1.2738,-0.1079,1.4778,-0.1640,0.0185,0.1385,0.1266,0.0944,-0.0781,0.4457,0.2103,0.3731,1.0682,0.0000,0.0000,0.0000,0.0000,0.0000,0.0000,False,0.0723,-0.0613,0.0665,0.0395,0.0684,0.0297,-0.7374,grasp,0.0000,0.0000,0.0000,0.0000,0.0000,0.0000,False,,0.0500,0.0000,False,0.8020,-0.2600,0.0100,0.8432
758,0.0,1.1514,-0.0028,False,False,False,-0.4368,4.7887,-0.1892,-1.2722,-0.1067,1.4768,-0.0000,0.0000,-0.0000,0.0000,-0.0000,0.0000,0.4243,0.2154,0.3723,1.0681,0.0000,0.0000,0.0000,0.0000,0.0000,0.0000,False,-0.0718,0.0210,0.0641,0.0072,0.0193,0.0686,-1.5666,grasp,0.0000,0.0000,0.0000,0.0000,0.0000,0.0000,False,,0.0500,0.0000,False,0.8020,-0.2600,0.0100,0.8432
759,0.0,1.1514,-0.0113,False,False,False,-0.4375,4.7889,-0.1886,-1.2721,-0.1065,1.4775,-0.0718,0.0208,0.0641,0.0072,0.0193,0.0686,0.4043,0.2154,0.3723,1.0681,0.0000,0.0000,0.0000,0.0000,0.0000,0.0000,False,0.0515,0.0255,-0.0076,0.0590,0.0311,-0.0699,-1.1104,grasp,0.0000,0.0000,0.0000,0.0000,0.0000,0.0000,False,,0.0500,0.0000,False,0.8020,-0.2600,0.0100,0.8432
760,0.0,1.1514,-0.0020,False,False,False,-0.4375,4.7889,-0.1886,-1.2721,-0.1065,1.4775,0.0000,0.0000,-0.0000,0.0000,-0.0000,0.0000,0.3765,0.2154,0.3723,1.0681,0.0000,0.0000,0.0000,0.0000,0.0000,0.0000,False,0.0269,0.0136,0.0127,0.0264,0.0046,-0.0760,-1.1197,grasp,0.0000,0.0000,0.0000,0.0000,0.0000,0.0000,False,,0.0500,0.0000,False,0.8020,-0.2600,0.0100,0.8432
761,0.0,1.1506,-0.0246,False,False,False,-0.4393,4.7871,-0.1878,-1.2735,-0.1074,1.4770,-0.1333,-0.1282,0.0470,-0.1073,-0.0619,0.0192,0.3120,0.2149,0.3699,1.0681,0.0000,0.0000,0.0000,0.0000,0.0000,0.0000,False,-0.0699,-0.0673,0.0249,-0.0562,-0.0325,0.0093,-1.8043,grasp,0.0000,0.0000,0.0000,0.0000,0.0000,0.0000,False,,0.0500,0.0000,False,0.8020,-0.2600,0.0100,0.8432
762,0.0,1.1501,-0.0113,False,False,False,-0.4406,4.7847,-0.1877,-1.2746,-0.1088,1.4774,0.0575,-0.0403,-0.0587,0.0441,-0.0537,0.0099,0.3375,0.2131,0.3687,1.0684,0.0000,0.0000,0.0000,0.0000,0.0000,0.0000,False,0.0556,-0.0439,-0.0580,0.0425,-0.0545,0.0102,2.6243,grasp,0.0000,0.0000,0.0000,0.0000,0.0000,0.0000,False,,0.0500,0.0000,True,0.8020,-0.2600,0.0100,0.8432
763,0.0,1.1501,-0.0251,False,False,False,-0.4395,4.7840,-0.1888,-1.2737,-0.1098,1.4776,0.1093,-0.0788,-0.1115,0.0837,-0.1019,0.0189,0.3572,0.2131,0.3687,1.0684,0.0000,0.0000,0.0000,0.0000,0.0000,0.0000,False,-0.0468,-0.0346,-0.0377,-0.0695,-0.0197,-0.0089,0.0234,grasp,0.0000,0.0000,0.0000,0.0000,0.0000,0.0000,False,,0.0500,0.0000,False,0.8020,-0.2600,0.0100,0.8432
764,0.0,1.1501,-0.0019,False,False,False,-0.4395,4.7838,-0.1888,-1.2737,-0.1098,1.4776,0.0000,0.0000,-0.0000,0.0000,-0.0000,0.0000,0.3817,0.2131,0.3687,1.0684,0.0000,0.0000,0.0000,0.0000,0.0000,0.0000,False,-0.0796,-0.0005,0.0375,-0.0291,0.0394,0.0119,1.5943,grasp,0.0000,0.0000,0.0000,0.0000,0.0000,0.0000,False,,0.0500,0.0000,True,0.8020,-0.2600,0.0100,0.8432
765,0.0,1.1510,-0.0150,False,False,False,-0.4408,4.7840,-0.1889,-1.2737,-0.1109,1.4791,-0.0307,0.0155,-0.0286,0.0213,-0.0953,0.0919,0.4298,0.2129,0.3719,1.0683,0.0000,0.0000,0.0000,0.0000,0.0000,0.0000,False,-0.0170,0.0081,-0.0147,0.0109,-0.0498,0.0485,0.8114,grasp,0.0000,0.0000,0.0000,0.0000,0.0000,0.0000,False,,0.0500,0.0000,False,0.8020,-0.2600,0.0100,0.8432
766,0.0,1.1513,-0.0077,False,False,False,-0.4411,4.7844,-0.1893,-1.2731,-0.1121,1.4809,0.0145,0.0183,-0.0078,0.0240,0.0153,0.0559,0.4771,0.2148,0.3725,1.0680,0.0000,0.0000,0.0000,0.0000,0.0000,0.0000,False,0.0141,0.0186,-0.0082,0.0243,0.0140,0.0572,2.2197,grasp,0.0000,0.0000,0.0000,0.0000,0.0000,0.0000,False,,0.0500,0.0000,True,0.8020,-0.2600,0.0100,0.8432
767,0.0,1.1513,-0.0148,False,False,False,-0.4408,4.7848,-0.1895,-1.2727,-0.1118,1.4820,0.0275,0.0349,-0.0148,0.0457,0.0292,0.1062,0.4970,0.2148,0.3725,1.0680,0.0000,0.0000,0.0000,0.0000,0.0000,0.0000,False,0.0330,0.0670,0.0653,-0.0160,0.0442,0.0145,-0.1648,grasp,0.0000,0.0000,0.0000,0.0000,0.0000,0.0000,False,,0.0500,0.0000,False,0.8020,-0.2600,0.0100,0.8432
768,0.0,1.1513,-0.0025,False,False,False,-0.4408,4.7848,-0.1895,-1.2727,-0.1118,1.4820,-0.0000,0.0000,-0.0000,0.0000,-0.0000,0.0000,0.4835,0.2148,0.3725,1.0680,0.0000,0.0000,0.0000,0.0000,0.0000,0.0000,False,-0.0483,-0.0680,-0.0157,-0.0507,-0.0528,-0.0684,0.3158,grasp,0.0000,0.0000,0.0000,0.0000,0.0000,0.0000,False,,0.0500,0.0000,False,0.8020,-0.2600,0.0100,0.8432
769,0.0,1.1515,-0.0174,False,False,False,-0.4418,4.7836,-0.1893,-1.2715,-0.1136,1.4805,-0.0315,-0.0319,0.0240,0.1143,-0.0866,-0.0540,0.4191,0.2149,0.3730,1.0680,0.0000,0.0000,0.0000,0.0000,0.0000,0.0000,False,-0.0171,-0.0176,0.0125,0.0596,-0.0461,-0.0291,-2.9818,grasp,0.0000,0.0000,0.0000,0.0000,0.0000,0.0000,False,,0.0500,0.0000,False,0.8020,-0.2600,0.0100,0.8432
770,0.0,1.1503,-0.0105,False,False,False,-0.4419,4.7832,-0.1882,-1.2693,-0.1144,1.4797,0.0300,0.0064,0.0709,0.0536,0.0437,-0.0041,0.3591,0.2142,0.3702,1.0678,0.0000,0.0000,0.0000,0.0000,0.0000,0.0000,False,0.0296,0.0059,0.0712,0.0552,0.0425,-0.0049,-2.9246,grasp,0.0000,0.0000,0.0000,0.0000,0.0000,0.0000,False,,0.0500,0.0000,False,0.8020,-0.2600,0.0100,0.8432
771,0.0,1.1503,-0.0186,False,False,False,-0.4413,4.7833,-0.1869,-1.2683,-0.1136,1.4796,0.0570,0.0121,0.1346,0.1018,0.0831,-0.0078,0.3391,0.2142,0.3702,1.0678,0.0000,0.0000,0.0000,0.0000,0.0000,0.0000,False,-0.0655,-0.0447,0.0212,0.0783,0.0149,0.0531,-0.6547,grasp,0.0000,0.0000,0.0000,0.0000,0.0000,0.0000,False,,0.0500,0.0000,False,0.8020,-0.2600,0.0100,0.8432
772,0.0,1.1503,-0.0222,False,False,False,-0.4413,4.7833,-0.1869,-1.2683,-0.1136,1.4796,0.0570,0.0121,0.1346,0.1018,0.0831,-0.0078,0.3391,0.2142,0.3702,1.0678,0.0000,0.0000,0.0000,0.0000,0.0000,0.0000,False,0.0291,0.0784,0.0721,0.0776,0.0693,-0.0401,-0.3667,grasp,0.0000,0.0000,0.0000,0.0000,0.0000,0.0000,False,,0.0500,0.0000,False,0.8020,-0.2600,0.0100,0.8432
773,0.0,1.1503,-0.0034,False,False,False,-0.4413,4.7833,-0.1869,-1.2683,-0.1136,1.4796,0.0000,0.0000,-0.0000,0.0000,-0.0000,0.0000,0.3302,0.2142,0.3702,1.0678,0.0000,0.0000,0.0000,0.0000,0.0000,0.0000,False,0.0578,-0.0382,-0.0676,-0.0487,0.0401,-0.0404,-1.0203,grasp,0.0000,0.0000,0.0000,0.0000,0.0000,0.0000,False,,0.0500,0.0000,False,0.8020,-0.2600,0.0100,0.8432
774,0.0,1.1497,-0.0375,False,False,False,-0.4381,4.7813,-0.1907,-1.2710,-0.1114,1.4773,0.1567,-0.1046,-0.1831,-0.1319,0.1086,-0.1094,0.3139,0.2129,0.3689,1.0679,0.0000,0.0000,0.0000,0.0000,0.0000,0.0000,False,0.0631,-0.0726,-0.0711,-0.0504,0.0481,0.0420,2.5530,grasp,0.0000,0.0000,0.0000,0.0000,0.0000,0.0000,False,,0.0500,0.0000,True,0.8020,-0.2600,0.0100,0.8432
775,0.0,1.1502,-0.0289,False,False,False,-0.4349,4.7802,-0.1907,-1.2705,-0.1118,1.4756,0.0813,0.0769,0.1480,0.1423,-0.1177,-0.0209,0.3695,0.2056,0.3736,1.0683,0.0000,0.0000,0.0000,0.0000,0.0000,0.0000,False,0.0448,0.0342,0.0756,0.0732,-0.0605,-0.0124,1.8703,grasp,0.0000,0.0000,0.0000,0.0000,0.0000,0.0000,False,,0.0500,0.0000,True,0.8020,-0.2600,0.0100,0.8432
776,0.0,1.1502,-0.0409,False,False,False,-0.4337,4.7812,-0.1886,-1.2685,-0.1135,1.4753,0.1160,0.1049,0.2110,0.2030,-0.1678,-0.0298,0.3894,0.2056,0.3736,1.0683,0.0000,0.0000,0.0000,0.0000,0.0000,0.0000,False,0.0234,-0.0602,0.0785,0.0214,-0.0131,-0.0482,0.7868,grasp,0.0000,0.0000,0.0000,0.0000,0.0000,0.0000,False,,0.0500,0.0000,False,0.8020,-0.2600,0.0100,0.8432
777,0.0,1.1502,-0.0427,False,False,False,-0.4337,4.7817,-0.1886,-1.2685,-0.1135,1.4753,-0.0000,0.0000,-0.0000,0.0000,-0.0000,0.0000,0.4007,0.2056,0.3736,1.0683,0.0000,0.0000,0.0000,0.0000,0.0000,0.0000,False,0.0548,0.0717,0.0132,0.0537,0.0170,0.0045,2.9929,grasp,0.0000,0.0000,0.0000,0.0000,0.0000,0.0000,False,,0.0500,0.0000,True,0.8020,-0.2600,0.0100,0.8432
778,0.0,1.1509,-0.0131,False,False,False,-0.4330,4.7818,-0.1882,-1.2687,-0.1129,1.4748,0.0135,-0.0550,0.0323,-0.0790,0.0402,-0.0560,0.4139,0.2111,0.3741,1.0678,0.0000,0.0000,0.0000,0.0000,0.0000,0.0000,False,0.0141,-0.0540,0.0324,-0.0784,0.0403,-0.0560,-0.7873,grasp,0.0000,0.0000,0.0000,0.0000,0.0000,0.0000,False,,0.0500,0.0000,False,0.8020,-0.2600,0.0100,0.8432
779,0.0,1.1510,-0.0197,False,False,False,-0.4307,4.7819,-0.1881,-1.2699,-0.1121,1.4757,0.1362,0.0796,-0.0358,0.0201,0.0009,0.1272,0.4486,0.2094,0.3747,1.0680,0.0000,0.0000,0.0000,0.0000,0.0000,0.0000,False,0.0719,0.0405,-0.0182,0.0091,0.0012,0.0659,1.3579,grasp,0.0000,0.0000,0.0000,0.0000,0.0000,0.0000,False,,0.0500,0.0000,False,0.8020,-0.2600,0.0100,0.8432
780,0.0,1.1510,-0.0207,False,False,False,-0.4307,4.7819,-0.1881,-1.2699,-0.1121,1.4757,0.1362,0.0796,-0.0358,0.0201,0.0009,0.1272,0.4486,0.2094,0.3747,1.0680,0.0000,0.0000,0.0000,0.0000,0.0000,0.0000,False,0.0203,-0.0409,-0.0275,0.0140,-0.0109,0.0057,-0.6421,grasp,0.0000,0.0000,0.0000,0.0000,0.0000,0.0000,False,,0.0500,0.0000,False,0.8020,-0.2600,0.0100,0.8432
781,0.0,1.1510,-0.0308,False,False,False,-0.4287,4.7831,-0.1886,-1.2696,-0.1121,1.4775,0.1943,0.1131,-0.0510,0.0286,0.0013,0.1814,0.4611,0.2094,0.3747,1.0680,0.0000,0.0000,0.0000,0.0000,0.0000,0.0000,False,0.0647,0.0284,0.0434,0.0159,-0.0020,0.0488,1.6080,grasp,0.0000,0.0000,0.0000,0.0000,0.0000,0.0000,False,,0.0500,0.0000,True,0.8020,-0.2600,0.0100,0.8432
782,0.0,1.1515,-0.0221,False,False,False,-0.4288,4.7795,-0.1910,-1.2689,-0.1085,1.4801,-0.0024,-0.1834,-0.1176,0.0335,0.1750,0.1234,0.5251,0.2093,0.3763,1.0679,0.0000,0.0000,0.0000,0.0000,0.0000,0.0000,False,-0.0009,-0.0672,-0.0434,0.0124,0.0646,0.0455,2.4339,grasp,0.0000,0.0000,0.0000,0.0000,0.0000,0.0000,False,,0.0500,0.0000,True,0.8020,-0.2600,0.0100,0.8432
783,0.0,1.1515,-0.0320,False,False,False,-0.4288,4.7795,-0.1910,-1.2689,-0.1085,1.4801,-0.0024,-0.1834,-0.1176,0.0335,0.1750,0.1234,0.5251,0.2093,0.3763,1.0679,0.0000,0.0000,0.0000,0.0000,0.0000,0.0000,False,0.0456,-0.0678,0.0047,-0.0191,0.0710,-0.0491,0.6751,grasp,0.0000,0.0000,0.0000,0.0000,0.0000,0.0000,False,,0.0500,0.0000,False,0.8020,-0.2600,0.0100,0.8432
784,0.0,1.1519,-0.0100,False,False,False,-0.4288,4.7764,-0.1928,-1.2683,-0.1067,1.4813,0.0003,0.0444,-0.0274,0.0253,-0.0488,-0.0329,0.4976,0.2015,0.3807,1.0683,0.0000,0.0000,0.0000,0.0000,0.0000,0.0000,False,0.0003,0.0433,-0.0274,0.0253,-0.0488,-0.0329,-0.7219,grasp,0.0000,0.0000,0.0000,0.0000,0.0000,0.0000,False,,0.0500,0.0000,False,0.8020,-0.2600,0.0100,0.8432
785,0.0,1.1519,-0.0175,False,False,False,-0.4288,4.7773,-0.1933,-1.2678,-0.1077,1.4807,0.0006,0.0844,-0.0521,0.0480,-0.0927,-0.0626,0.4786,0.2015,0.3807,1.0683,0.0000,0.0000,0.0000,0.0000,0.0000,0.0000,False,-0.0388,-0.0142,0.0474,0.0069,-0.0573,0.0631,-3.1384,grasp,0.0000,0.0000,0.0000,0.0000,0.0000,0.0000,False,,0.0500,0.0000,False,0.8020,-0.2600,0.0100,0.8432
786,0.0,1.1519,-0.0024,False,False,False,-0.4288,4.7773,-0.1933,-1.2678,-0.1077,1.4807,0.0000,0.0000,-0.0000,0.0000,-0.0000,0.0000,0.4786,0.2015,0.3807,1.0683,0.0000,0.0000,0.0000,0.0000,0.0000,0.0000,False,-0.0724,0.0556,-0.0502,0.0761,0.0595,-0.0252,2.9205,grasp,0.0000,0.0000,0.0000,0.0000,0.0000,0.0000,False,,0.0500,0.0000,True,0.8020,-0.2600,0.0100,0.8432
787,0.0,1.1516,-0.0163,False,False,False,-0.4301,4.7773,-0.1942,-1.2664,-0.1066,1.4810,-0.0577,-0.0647,-0.0389,0.0667,0.0436,0.0581,0.4624,0.2029,0.3796,1.0682,0.0000,0.0000,0.0000,0.0000,0.0000,0.0000,False,-0.0584,-0.0640,-0.0394,0.0674,0.0442,0.0579,-2.5078,grasp,0.0000,0.0000,0.0000,0.0000,0.0000,0.0000,False,,0.0500,0.0000,False,0.8020,-0.2600,0.0100,0.8432
788,0.0,1.1514,-0.0128,False,False,False,-0.4311,4.7761,-0.1957,-1.2644,-0.1060,1.4826,0.0068,0.0263,-0.0725,0.0694,-0.0236,0.0511,0.4824,0.2011,0.3801,1.0681,0.0000,0.0000,0.0000,0.0000,0.0000,0.0000,False,0.0057,0.0233,-0.0732,0.0707,-0.0228,0.0522,2.0945,grasp,0.0000,0.0000,0.0000,0.0000,0.0000,0.0000,False,,0.0500,0.0000,True,0.8020,-0.2600,0.0100,0.8432
789,0.0,1.1514,-0.0019,False,False,False,-0.4310,4.7766,-0.1971,-1.2631,-0.1065,1.4836,-0.0000,0.0000,-0.0000,0.0000,-0.0000,0.0000,0.5067,0.2011,0.3801,1.0681,0.0000,0.0000,0.0000,0.0000,0.0000,0.0000,False,0.0635,0.0234,0.0077,0.0272,-0.0759,0.0289,1.2456,grasp,0.0000,0.0000,0.0000,0.0000,0.0000,0.0000,False,,0.0500,0.0000,False,0.8020,-0.2600,0.0100,0.8432
790,0.0,1.1514,-0.0101,False,False,False,-0.4304,4.7768,-0.1970,-1.2628,-0.1072,1.4839,0.0633,0.0230,0.0091,0.0259,-0.0755,0.0279,0.5119,0.2011,0.3801,1.0681,0.0000,0.0000,0.0000,0.0000,0.0000,0.0000,False,0.0747,0.0229,0.0746,-0.0310,-0.0445,0.0564,3.0514,grasp,0.0000,0.0000,0.0000,0.0000,0.0000,0.0000,False,,0.0500,0.0000,True,0.8020,-0.2600,0.0100,0.8432
791,0.0,1.1517,-0.0140,False,False,False,-0.4301,4.7764,-0.1958,-1.2638,-0.1077,1.4851,-0.0445,-0.0663,0.0405,-0.0656,-0.0047,0.0662,0.5186,0.2022,0.3810,1.0680,0.0000,0.0000,0.0000,0.0000,0.0000,0.0000,False,-0.0437,-0.0660,0.0413,-0.0659,-0.0052,0.0667,-0.1821,grasp,0.0000,0.0000,0.0000,0.0000,0.0000,0.0000,False,,0.0500,0.0000,False,0.8020,-0.2600,0.0100,0.8432
792,0.0,1.1517,-0.0023,False,False,False,-0.4309,4.7751,-0.1951,-1.2650,-0.1078,1.4864,-0.0000,0.0000,-0.0000,0.0000,-0.0000,0.0000,0.4844,0.2022,0.3810,1.0680,0.0000,0.0000,0.0000,0.0000,0.0000,0.0000,False,-0.0729,0.0131,0.0332,0.0698,-0.0077,0.0142,-2.6734,grasp,0.0000,0.0000,0.0000,0.0000,0.0000,0.0000,False,,0.0500,0.0000,False,0.8020,-0.2600,0.0100,0.8432
793,0.0,1.1512,-0.0099,False,False,False,-0.4317,4.7752,-0.1947,-1.2643,-0.1079,1.4865,-0.0721,0.0150,0.0324,0.0710,-0.0076,0.0129,0.4644,0.2012,0.3795,1.0681,0.0000,0.0000,0.0000,0.0000,0.0000,0.0000,False,0.0137,-0.0698,-0.0416,0.0190,-0.0010,-0.0308,2.1521,grasp,0.0000,0.0000,0.0000,0.0000,0.0000,0.0000,False,,0.0500,0.0000,True,0.8020,-0.2600,0.0100,0.8432
794,0.0,1.1512,-0.0025,False,False,False,-0.4330,4.7756,-0.1941,-1.2630,-0.1080,1.4867,0.0000,0.0000,-0.0000,0.0000,-0.0000,0.0000,0.4642,0.2012,0.3795,1.0681,0.0000,0.0000,0.0000,0.0000,0.0000,0.0000,False,-0.0160,-0.0010,0.0315,-0.0540,0.0144,0.0086,-1.2057,grasp,0.0000,0.0000,0.0000,0.0000,0.0000,0.0000,False,,0.0500,0.0000,False,0.8020,-0.2600,0.0100,0.8432
795,0.0,1.1516,-0.0159,False,False,False,-0.4326,4.7760,-0.1946,-1.2627,-0.1075,1.4875,0.0439,0.0419,-0.0531,0.0316,0.0550,0.0789,0.5239,0.2029,0.3801,1.0680,0.0000,0.0000,0.0000,0.0000,0.0000,0.0000,False,0.0439,0.0419,-0.0531,0.0316,0.0550,0.0789,2.6638,grasp,0.0000,0.0000,0.0000,0.0000,0.0000,0.0000,False,,0.0500,0.0000,True,0.8020,-0.2600,0.0100,0.8432
796,0.0,1.1516,-0.0419,False,False,False,-0.4306,4.7779,-0.1971,-1.2612,-0.1050,1.4912,0.1190,0.1135,-0.1440,0.0857,0.1490,0.2138,0.5632,0.2029,0.3801,1.0680,0.0000,0.0000,0.0000,0.0000,0.0000,0.0000,False,-0.0136,-0.0190,0.0393,0.0439,-0.0486,-0.0353,2.4763,grasp,0.0000,0.0000,0.0000,0.0000,0.0000,0.0000,False,,0.0500,0.0000,True,0.8020,-0.2600,0.0100,0.8432
797,0.0,1.1517,-0.0108,False,False,False,-0.4292,4.7795,-0.1996,-1.2602,-0.1037,1.4945,-0.0138,0.0078,-0.0693,-0.0128,-0.0587,0.0621,0.5408,0.2016,0.3812,1.0680,0.0000,0.0000,0.0000,0.0000,0.0000,0.0000,False,-0.0123,0.0093,-0.0711,-0.0117,-0.0568,0.0648,-1.0019,grasp,0.0000,0.0000,0.0000,0.0000,0.0000,0.0000,False,,0.0500,0.0000,False,0.8020,-0.2600,0.0100,0.8432
798,0.0,1.1517,-0.0024,False,False,False,-0.4294,4.7796,-0.2009,-1.2605,-0.1048,1.4957,0.0000,0.0000,-0.0000,0.0000,-0.0000,0.0000,0.5191,0.2016,0.3812,1.0680,0.0000,0.0000,0.0000,0.0000,0.0000,0.0000,False,-0.0613,-0.0520,0.0704,0.0580,-0.0435,0.0655,0.8194,grasp,0.0000,0.0000,0.0000,0.0000,0.0000,0.0000,False,,0.0500,0.0000,False,0.8020,-0.2600,0.0100,0.8432
799,0.0,1.1517,-0.0188,False,False,False,-0.4301,4.7791,-0.2002,-1.2599,-0.1052,1.4963,-0.0610,-0.0521,0.0717,0.0583,-0.0424,0.0643,0.5176,0.2016,0.3812,1.0680,0.0000,0.0000,0.0000,0.0000,0.0000,0.0000,False,-0.0136,-0.0243,-0.0373,-0.0266,-0.0768,-0.0323,-1.8498,grasp,0.0000,0.0000,0.0000,0.0000,0.0000,0.0000,False,,0.0500,0.0000,False,0.8020,-0.2600,0.0100,0.8432
800,0.0,1.1514,-0.0133,False,False,False,-0.4310,4.7785,-0.2021,-1.2594,-0.1060,1.4960,-0.0626,-0.0354,-0.1218,0.0343,-0.0497,-0.0203,0.5311,0.2015,0.3805,1.0679,0.0000,0.0000,0.0000,0.0000,0.0000,0.0000,False,-0.0329,-0.0186,-0.0641,0.0181,-0.0262,-0.0107,1.7378,grasp,0.0000,0.0000,0.0000,0.0000,0.0000,0.0000,False,,0.0500,0.0000,False,0.8020,-0.2600,0.0100,0.8432
801,0.0,1.1514,-0.0227,False,False,False,-0.4319,4.7780,-0.2038,-1.2589,-0.1067,1.4957,-0.0893,-0.0504,-0.1737,0.0489,-0.0709,-0.0290,0.5402,0.2015,0.3805,1.0679,0.0000,0.0000,0.0000,0.0000,0.0000,0.0000,False,-0.0040,0.0462,0.0421,0.0166,0.0224,0.0395,-1.0780,grasp,0.0000,0.0000,0.0000,0.0000,0.0000,0.0000,False,,0.0500,0.0000,False,0.8020,-0.2600,0.0100,0.8432
802,0.0,1.1512,-0.0099,False,False,False,-0.4319,4.7784,-0.2034,-1.2587,-0.1064,1.4961,-0.0031,0.0478,0.0439,0.0161,0.0232,0.0398,0.5002,0.2006,0.3807,1.0678,0.0000,0.0000,0.0000,0.0000,0.0000,0.0000,False,-0.0433,0.0142,0.0083,0.0740,0.0611,-0.0736,0.9900,grasp,0.0000,0.0000,0.0000,0.0000,0.0000,0.0000,False,,0.0500,0.0000,False,0.8020,-0.2600,0.0100,0.8432
803,0.0,1.1512,-0.0015,False,False,False,-0.4320,4.7794,-0.2025,-1.2584,-0.1060,1.4969,-0.0000,0.0000,-0.0000,0.0000,-0.0000,0.0000,0.4602,0.2006,0.3807,1.0678,0.0000,0.0000,0.0000,0.0000,0.0000,0.0000,False,-0.0462,0.0596,0.0748,0.0553,0.0625,0.0218,-1.5300,grasp,0.0000,0.0000,0.0000,0.0000,0.0000,0.0000,False,,0.0500,0.0000,False,0.8020,-0.2600,0.0100,0.8432
804,0.0,1.1512,-0.0149,False,False,False,-0.4325,4.7799,-0.2018,-1.2579,-0.1054,1.4971,-0.0461,0.0570,0.0740,0.0550,0.0621,0.0211,0.4402,0.2006,0.3807,1.0678,0.0000,0.0000,0.0000,0.0000,0.0000,0.0000,False,0.0084,-0.0465,0.0610,-0.0615,-0.0115,-0.0514,0.3011,grasp,0.0000,0.0000,0.0000,0.0000,0.0000,0.0000,False,,0.0500,0.0000,False,0.8020,-0.2600,0.0100,0.8432
805,0.0,1.1509,-0.0240,False,False,False,-0.4308,4.7802,-0.2039,-1.2575,-0.1069,1.4954,0.1059,0.0140,-0.1404,0.0262,-0.1034,-0.1088,0.4934,0.2022,0.3790,1.0678,0.0000,0.0000,0.0000,0.0000,0.0000,0.0000,False,0.0558,0.0075,-0.0739,0.0138,-0.0544,-0.0573,1.8635,grasp,0.0000,0.0000,0.0000,0.0000,0.0000,0.0000,False,,0.0500,0.0000,True,0.8020,-0.2600,0.0100,0.8432
806,0.0,1.1511,-0.0102,False,False,False,-0.4292,4.7797,-0.2056,-1.2568,-0.1080,1.4938,0.0138,-0.0627,0.0298,0.0264,0.0450,-0.0033,0.5203,0.2004,0.3812,1.0675,0.0000,0.0000,0.0000,0.0000,0.0000,0.0000,False,0.0154,-0.0632,0.0278,0.0268,0.0436,-0.0049,1.3641,grasp,0.0000,0.0000,0.0000,0.0000,0.0000,0.0000,False,,0.0500,0.0000,False,0.8020,-0.2600,0.0100,0.8432
807,0.0,1.1511,-0.0088,False,False,False,-0.4289,4.7786,-0.2051,-1.2563,-0.1071,1.4938,0.0263,-0.1200,0.0566,0.0502,0.0855,-0.0063,0.5257,0.2004,0.3812,1.0675,0.0000,0.0000,0.0000,0.0000,0.0000,0.0000,False,0.0099,0.0285,-0.0020,0.0055,0.0652,-0.0462,1.7430,grasp,0.0000,0.0000,0.0000,0.0000,0.0000,0.0000,False,,0.0500,0.0000,False,0.8020,-0.2600,0.0100,0.8432
808,0.0,1.1511,-0.0021,False,False,False,-0.4289,4.7785,-0.2051,-1.2563,-0.1071,1.4938,0.0000,0.0000,-0.0000,0.0000,-0.0000,0.0000,0.5353,0.2004,0.3812,1.0675,0.0000,0.0000,0.0000,0.0000,0.0000,0.0000,False,-0.0170,0.0423,-0.0677,-0.0710,0.0743,0.0076,-2.7572,grasp,0.0000,0.0000,0.0000,0.0000,0.0000,0.0000,False,,0.0500,0.0000,False,0.8020,-0.2600,0.0100,0.8432
809,0.0,1.1515,-0.0141,False,False,False,-0.4311,4.7768,-0.2060,-1.2561,-0.1050,1.4937,-0.1487,-0.1317,-0.0585,0.0089,0.0998,0.0253,0.5912,0.1993,0.3827,1.0676,0.0000,0.0000,0.0000,0.0000,0.0000,0.0000,False,-0.0781,-0.0688,-0.0308,0.0047,0.0532,0.0129,2.5008,grasp,0.0000,0.0000,0.0000,0.0000,0.0000,0.0000,False,,0.0500,0.0000,False,0.8020,-0.2600,0.0100,0.8432
810,0.0,1.1515,-0.0353,False,False,False,-0.4332,4.7750,-0.2068,-1.2560,-0.1035,1.4941,-0.2120,-0.1879,-0.0835,0.0127,0.1424,0.0361,0.6040,0.1993,0.3827,1.0676,0.0000,0.0000,0.0000,0.0000,0.0000,0.0000,False,-0.0736,-0.0740,-0.0337,0.0547,0.0048,0.0457,2.4097,grasp,0.0000,0.0000,0.0000,0.0000,0.0000,0.0000,False,,0.0500,0.0000,False,0.8020,-0.2600,0.0100,0.8432
811,0.0,1.1518,-0.0099,False,False,False,-0.4362,4.7716,-0.2080,-1.2556,-0.1015,1.4939,-0.0311,-0.0284,-0.0110,0.0211,0.0194,-0.0598,0.5963,0.1944,0.3853,1.0679,0.0000,0.0000,0.0000,0.0000,0.0000,0.0000,False,-0.0338,-0.0383,-0.0121,0.0213,0.0212,-0.0594,0.9001,grasp,0.0000,0.0000,0.0000,0.0000,0.0000,0.0000,False,,0.0500,0.0000,False,0.8020,-0.2600,0.0100,0.8432
812,0.0,1.1518,-0.0038,False,False,False,-0.4368,4.7709,-0.2082,-1.2552,-0.1012,1.4928,-0.0000,0.0000,-0.0000,0.0000,-0.0000,0.0000,0.5681,0.1944,0.3853,1.0679,0.0000,0.0000,0.0000,0.0000,0.0000,0.0000,False,0.0562,-0.0164,-0.0508,0.0426,-0.0129,0.0027,-0.4201,grasp,0.0000,0.0000,0.0000,0.0000,0.0000,0.0000,False,,0.0500,0.0000,False,0.8020,-0.2600,0.0100,0.8432
813,0.0,1.1518,-0.0088,False,False,False,-0.4362,4.7708,-0.2087,-1.2548,-0.1013,1.4928,0.0568,-0.0155,-0.0506,0.0422,-0.0132,0.0038,0.5481,0.1944,0.3853,1.0679,0.0000,0.0000,0.0000,0.0000,0.0000,0.0000,False,-0.0309,0.0502,0.0652,-0.0474,0.0427,-0.0563,1.7174,grasp,0.0000,0.0000,0.0000,0.0000,0.0000,0.0000,False,,0.0500,0.0000,False,0.8020,-0.2600,0.0100,0.8432
814,0.0,1.1517,-0.0292,False,False,False,-0.4352,4.7687,-0.2094,-1.2563,-0.0994,1.4945,0.0670,-0.1449,-0.0469,-0.0947,0.1206,0.1080,0.5968,0.1933,0.3854,1.0679,0.0000,0.0000,0.0000,0.0000,0.0000,0.0000,False,0.0352,-0.0758,-0.0247,-0.0499,0.0635,0.0569,2.4270,grasp,0.0000,0.0000,0.0000,0.0000,0.0000,0.0000,False,,0.0500,0.0000,False,0.8020,-0.2600,0.0100,0.8432
815,0.0,1.1519,-0.0156,False,False,False,-0.4336,4.7653,-0.2107,-1.2571,-0.0975,1.4954,0.0675,-0.0538,-0.0604,0.0527,0.0221,-0.0611,0.5681,0.1858,0.3890,1.0682,0.0000,0.0000,0.0000,0.0000,0.0000,0.0000,False,0.0684,-0.0648,-0.0611,0.0513,0.0238,-0.0596,-2.6091,grasp,0.0000,0.0000,0.0000,0.0000,0.0000,0.0000,False,,0.0500,0.0000,False,0.8020,-0.2600,0.0100,0.8432
816,0.0,1.1519,-0.0305,False,False,False,-0.4323,4.7643,-0.2119,-1.2561,-0.0971,1.4942,0.1282,-0.1120,-0.1148,0.1001,0.0420,-0.1162,0.5481,0.1858,0.3890,1.0682,0.0000,0.0000,0.0000,0.0000,0.0000,0.0000,False,0.0280,-0.0003,0.0462,0.0068,-0.0204,0.0000,2.3932,grasp,0.0000,0.0000,0.0000,0.0000,0.0000,0.0000,False,,0.0500,0.0000,True,0.8020,-0.2600,0.0100,0.8432
817,0.0,1.1519,-0.0021,False,False,False,-0.4323,4.7639,-0.2119,-1.2561,-0.0971,1.4942,0.0000,-0.0000,-0.0000,0.0000,-0.0000,0.0000,0.5637,0.1858,0.3890,1.0682,0.0000,0.0000,0.0000,0.0000,0.0000,0.0000,False,-0.0041,-0.0386,-0.0406,-0.0314,-0.0051,0.0317,2.8930,grasp,0.0000,0.0000,0.0000,0.0000,0.0000,0.0000,False,,0.0500,0.0000,True,0.8020,-0.2600,0.0100,0.8432
818,0.0,1.1517,-0.0005,False,False,False,-0.4301,4.7641,-0.2132,-1.2572,-0.0964,1.4930,0.1275,0.0069,-0.1161,-0.0739,0.0587,-0.0833,0.5178,0.1830,0.3899,1.0682,0.0000,0.0000,0.0000,0.0000,0.0000,0.0000,False,0.0674,0.0037,-0.0606,-0.0388,0.0307,-0.0438,-0.5691,grasp,0.0000,0.0000,0.0000,0.0000,0.0000,0.0000,False,,0.0500,0.0000,False,0.8020,-0.2600,0.0100,0.8432
819,0.0,1.1517,0.0000,False,False,False,-0.4301,4.7641,-0.2132,-1.2572,-0.0964,1.4930,0.1275,0.0069,-0.1161,-0.0739,0.0587,-0.0833,0.5178,0.1830,0.3899,1.0682,0.0000,0.0000,0.0000,0.0000,0.0000,0.0000,False,0.0181,-0.0757,-0.0064,-0.0587,-0.0568,0.0405,-2.9352,grasp,0.0000,0.0000,0.0000,0.0000,0.0000,0.0000,False,,0.0500,0.0000,False,0.8020,-0.2600,0.0100,0.8432
820,0.0,1.1516,0.0000,False,False,False,-0.4282,4.7646,-0.2148,-1.2589,-0.0956,1.4914,0.0064,0.0539,0.0034,-0.0663,-0.0076,-0.0344,0.5025,0.1801,0.3905,1.0683,0.0000,0.0000,0.0000,0.0000,0.0000,0.0000,False,0.0064,0.0538,0.0034,-0.0663,-0.0076,-0.0344,1.5985,grasp,0.0000,0.0000,0.0000,0.0000,0.0000,0.0000,False,,0.0500,0.0000,False,0.8020,-0.2600,0.0100,0.8432
821,0.0,1.1516,0.0000,False,False,False,-0.4281,4.7657,-0.2147,-1.2601,-0.0958,1.4908,-0.0000,-0.0000,-0.0000,0.0000,-0.0000,0.0000,0.5006,0.1801,0.3905,1.0683,0.0000,0.0000,0.0000,0.0000,0.0000,0.0000,False,-0.0633,-0.0203,-0.0496,0.0088,0.0681,-0.0197,-0.0560,grasp,0.0000,0.0000,0.0000,0.0000,0.0000,0.0000,False,,0.0500,0.0000,False,0.8020,-0.2600,0.0100,0.8432
822,0.0,1.1516,0.0000,False,False,False,-0.4287,4.7655,-0.2152,-1.2600,-0.0951,1.4906,-0.0634,-0.0222,-0.0497,0.0100,0.0682,-0.0190,0.4898,0.1801,0.3905,1.0683,0.0000,0.0000,0.0000,0.0000,0.0000,0.0000,False,-0.0359,0.0094,0.0195,0.0182,0.0350,0.0445,2.5661,grasp,0.0000,0.0000,0.0000,0.0000,0.0000,0.0000,False,,0.0500,0.0000,True,0.8020,-0.2600,0.0100,0.8432
823,0.0,1.1519,0.0000,False,False,False,-0.4281,4.7661,-0.2159,-1.2598,-0.0957,1.4899,0.0586,0.0600,-0.0658,0.0271,-0.0586,-0.0745,0.5498,0.1809,0.3908,1.0684,0.0000,0.0000,0.0000,0.0000,0.0000,0.0000,False,0.0586,0.0600,-0.0658,0.0271,-0.0586,-0.0745,-3.0579,grasp,0.0000,0.0000,0.0000,0.0000,0.0000,0.0000,False,,0.0500,0.0000,False,0.8020,-0.2600,0.0100,0.8432
824,0.0,1.1515,0.0000,False,False,False,-0.4276,4.7694,-0.2186,-1.2613,-0.0973,1.4892,-0.0364,0.1442,-0.0995,-0.1325,-0.0343,0.0510,0.4898,0.1822,0.3892,1.0682,0.0000,0.0000,0.0000,0.0000,0.0000,0.0000,False,-0.0181,0.0770,-0.0536,-0.0692,-0.0191,0.0254,-1.0420,grasp,0.0000,0.0000,0.0000,0.0000,0.0000,0.0000,False,,0.0500,0.0000,False,0.8020,-0.2600,0.0100,0.8432
825,0.0,1.1515,0.0000,False,False,False,-0.4276,4.7694,-0.2186,-1.2613,-0.0973,1.4892,-0.0364,0.1442,-0.0995,-0.1325,-0.0343,0.0510,0.4898,0.1822,0.3892,1.0682,0.0000,0.0000,0.0000,0.0000,0.0000,0.0000,False,0.0109,-0.0434,0.0216,-0.0007,0.0694,0.0105,2.3691,grasp,0.0000,0.0000,0.0000,0.0000,0.0000,0.0000,False,,0.0500,0.0000,True,0.8020,-0.2600,0.0100,0.8432
826,0.0,1.1515,0.0000,False,False,False,-0.4281,4.7717,-0.2201,-1.2632,-0.0978,1.4899,0.0000,-0.0000,-0.0000,0.0000,-0.0000,0.0000,0.4893,0.1822,0.3892,1.0682,0.0000,0.0000,0.0000,0.0000,0.0000,0.0000,False,-0.0561,0.0579,0.0441,-0.0374,0.0612,-0.0047,-1.7489,grasp,0.0000,0.0000,0.0000,0.0000,0.0000,0.0000,False,,0.0500,0.0000,False,0.8020,-0.2600,0.0100,0.8432
827,0.0,1.1515,0.0000,False,False,False,-0.4275,4.7720,-0.2201,-1.2630,-0.0981,1.4892,0.0589,0.0336,-0.0053,0.0148,-0.0257,-0.0703,0.5408,0.1822,0.3892,1.0682,0.0000,0.0000,0.0000,0.0000,0.0000,0.0000,False,0.0589,0.0336,-0.0053,0.0148,-0.0257,-0.0703,0.9119,grasp,0.0000,0.0000,0.0000,0.0000,0.0000,0.0000,False,,0.0500,0.0000,False,0.8020,-0.2600,0.0100,0.8432
828,0.0,1.1518,0.0000,False,False,False,-0.4264,4.7727,-0.2202,-1.2627,-0.0986,1.4879,0.1118,0.0638,-0.0101,0.0281,-0.0489,-0.1335,0.5383,0.1843,0.3893,1.0682,0.0000,0.0000,0.0000,0.0000,0.0000,0.0000,False,-0.0454,-0.0168,0.0215,-0.0386,-0.0071,0.0734,2.8831,grasp,0.0000,0.0000,0.0000,0.0000,0.0000,0.0000,False,,0.0500,0.0000,True,0.8020,-0.2600,0.0100,0.8432
829,0.0,1.1512,0.0000,False,False,False,-0.4243,4.7727,-0.2220,-1.2641,-0.1011,1.4857,0.0312,-0.0618,-0.1109,-0.1128,-0.1217,-0.0227,0.4761,0.1828,0.3885,1.0681,0.0000,0.0000,0.0000,0.0000,0.0000,0.0000,False,0.0180,-0.0313,-0.0585,-0.0590,-0.0648,-0.0138,-1.2900,grasp,0.0000,0.0000,0.0000,0.0000,0.0000,0.0000,False,,0.0500,0.0000,False,0.8020,-0.2600,0.0100,0.8432
830,0.0,1.1512,0.0000,False,False,False,-0.4239,4.7715,-0.2236,-1.2657,-0.1029,1.4853,-0.0000,-0.0000,-0.0000,0.0000,-0.0000,0.0000,0.4361,0.1828,0.3885,1.0681,0.0000,0.0000,0.0000,0.0000,0.0000,0.0000,False,-0.0011,0.0384,0.0511,0.0147,-0.0705,0.0584,-1.6110,grasp,0.0000,0.0000,0.0000,0.0000,0.0000,0.0000,False,,0.0500,0.0000,False,0.8020,-0.2600,0.0100,0.8432
831,0.0,1.1512,0.0000,False,False,False,-0.4239,4.7719,-0.2231,-1.2655,-0.1035,1.4859,-0.0015,0.0425,0.0526,0.0163,-0.0688,0.0587,0.4161,0.1828,0.3885,1.0681,0.0000,0.0000,0.0000,0.0000,0.0000,0.0000,False,0.0442,-0.0415,0.0106,0.0474,-0.0593,-0.0448,-0.0863,grasp,0.0000,0.0000,0.0000,0.0000,0.0000,0.0000,False,,0.0500,0.0000,False,0.8020,-0.2600,0.0100,0.8432
832,0.0,1.1504,0.0000,False,False,False,-0.4236,4.7720,-0.2233,-1.2657,-0.1029,1.4867,0.0321,0.0032,-0.0174,-0.0238,0.0650,0.0783,0.3857,0.1810,0.3871,1.0681,0.0000,0.0000,0.0000,0.0000,0.0000,0.0000,False,0.0321,0.0032,-0.0174,-0.0238,0.0650,0.0783,-1.0406,grasp,0.0000,0.0000,0.0000,0.0000,0.0000,0.0000,False,,0.0500,0.0000,False,0.8020,-0.2600,0.0100,0.8432
833,0.0,1.1504,0.0000,False,False,False,-0.4231,4.7723,-0.2242,-1.2661,-0.1023,1.4879,-0.0094,0.0250,-0.0572,0.0137,-0.0644,-0.0338,0.3338,0.1810,0.3871,1.0681,0.0000,0.0000,0.0000,0.0000,0.0000,0.0000,False,-0.0088,0.0251,-0.0576,0.0133,-0.0631,-0.0323,-2.6585,grasp,0.0000,0.0000,0.0000,0.0000,0.0000,0.0000,False,,0.0500,0.0000,False,0.8020,-0.2600,0.0100,0.8432
834,0.0,1.1504,0.0000,False,False,False,-0.4231,4.7723,-0.2242,-1.2661,-0.1023,1.4879,-0.0094,0.0250,-0.0572,0.0137,-0.0644,-0.0338,0.3338,0.1810,0.3871,1.0681,0.0000,0.0000,0.0000,0.0000,0.0000,0.0000,False,-0.0257,-0.0058,-0.0311,0.0550,0.0377,0.0227,0.7116,grasp,0.0000,0.0000,0.0000,0.0000,0.0000,0.0000,False,,0.0500,0.0000,True,0.8020,-0.2600,0.0100,0.8432
835,0.0,1.1493,0.0000,False,False,False,-0.4232,4.7728,-0.2253,-1.2658,-0.1035,1.4872,-0.0000,0.0000,-0.0000,0.0000,-0.0000,0.0000,0.3115,0.1790,0.3848,1.0681,0.0000,0.0000,0.0000,0.0000,0.0000,0.0000,False,-0.0083,0.0108,-0.0709,0.0658,0.0113,0.0654,-2.8067,grasp,0.0000,0.0000,0.0000,0.0000,0.0000,0.0000,False,,0.0500,0.0000,False,0.8020,-0.2600,0.0100,0.8432
836,0.0,1.1493,0.0000,False,False,False,-0.4233,4.7729,-0.2260,-1.2651,-0.1034,1.4879,-0.0083,0.0108,-0.0709,0.0658,0.0113,0.0654,0.2915,0.1790,0.3848,1.0681,0.0000,0.0000,0.0000,0.0000,0.0000,0.0000,False,-0.0296,-0.0436,0.0660,-0.0758,-0.0206,0.0790,2.6295,grasp,0.0000,0.0000,0.0000,0.0000,0.0000,0.0000,False,,0.0500,0.0000,True,0.8020,-0.2600,0.0100,0.8432
837,0.0,1.1495,0.0000,False,False,False,-0.4233,4.7730,-0.2264,-1.2645,-0.1038,1.4883,0.0059,0.0091,-0.0400,0.0651,-0.0406,0.0418,0.3515,0.1792,0.3855,1.0681,0.0000,0.0000,0.0000,0.0000,0.0000,0.0000,False,0.0059,0.0091,-0.0400,0.0651,-0.0406,0.0418,-2.2163,grasp,0.0000,0.0000,0.0000,0.0000,0.0000,0.0000,False,,0.0500,0.0000,False,0.8020,-0.2600,0.0100,0.8432
838,0.0,1.1495,0.0000,False,False,False,-0.4238,4.7732,-0.2272,-1.2629,-0.1049,1.4895,-0.0677,0.0024,-0.0056,0.0385,-0.0285,0.0459,0.3994,0.1792,0.3855,1.0681,0.0000,0.0000,0.0000,0.0000,0.0000,0.0000,False,-0.0676,0.0026,-0.0064,0.0398,-0.0293,0.0467,2.8948,grasp,0.0000,0.0000,0.0000,0.0000,0.0000,0.0000,False,,0.0500,0.0000,True,0.8020,-0.2600,0.0100,0.8432
839,0.0,1.1503,0.0000,False,False,False,-0.4251,4.7732,-0.2273,-1.2621,-0.1054,1.4904,-0.1286,0.0046,-0.0107,0.0732,-0.0542,0.0872,0.4194,0.1817,0.3873,1.0678,0.0000,0.0000,0.0000,0.0000,0.0000,0.0000,False,0.0612,-0.0286,0.0520,0.0505,0.0669,0.0469,2.1157,grasp,0.0000,0.0000,0.0000,0.0000,0.0000,0.0000,False,,0.0500,0.0000,True,0.8020,-0.2600,0.0100,0.8432
840,0.0,1.1503,0.0000,False,False,False,-0.4245,4.7729,-0.2268,-1.2616,-0.1047,1.4909,0.0625,-0.0287,0.0521,0.0498,0.0674,0.0461,0.4582,0.1817,0.3873,1.0678,0.0000,0.0000,0.0000,0.0000,0.0000,0.0000,False,0.0588,0.0520,0.0400,0.0062,0.0762,-0.0685,-2.4029,grasp,0.0000,0.0000,0.0000,0.0000,0.0000,0.0000,False,,0.0500,0.0000,False,0.8020,-0.2600,0.0100,0.8432
841,0.0,1.1503,0.0000,False,False,False,-0.4233,4.7724,-0.2258,-1.2607,-0.1035,1.4917,-0.0000,0.0000,-0.0000,0.0000,-0.0000,0.0000,0.4806,0.1817,0.3873,1.0678,0.0000,0.0000,0.0000,0.0000,0.0000,0.0000,False,-0.0150,-0.0632,0.0323,0.0170,-0.0560,-0.0732,-0.0680,grasp,0.0000,0.0000,0.0000,0.0000,0.0000,0.0000,False,,0.0500,0.0000,False,0.8020,-0.2600,0.0100,0.8432
842,0.0,1.1508,0.0000,False,False,False,-0.4238,4.7706,-0.2249,-1.2602,-0.1051,1.4896,-0.0307,-0.1192,0.0596,0.0305,-0.1089,-0.1408,0.4636,0.1812,0.3891,1.0678,0.0000,0.0000,0.0000,0.0000,0.0000,0.0000,False,0.0139,0.0299,0.0013,-0.0209,0.0656,-0.0664,-2.0700,grasp,0.0000,0.0000,0.0000,0.0000,0.0000,0.0000,False,,0.0500,0.0000,False,0.8020,-0.2600,0.0100,0.8432
843,0.0,1.1508,0.0000,False,False,False,-0.4240,4.7681,-0.2241,-1.2593,-0.1061,1.4881,0.0198,-0.0732,-0.0108,0.0438,0.0583,0.0547,0.4954,0.1812,0.3891,1.0678,0.0000,0.0000,0.0000,0.0000,0.0000,0.0000,False,0.0194,-0.0765,-0.0099,0.0442,0.0567,0.0527,2.8315,grasp,0.0000,0.0000,0.0000,0.0000,0.0000,0.0000,False,,0.0500,0.0000,True,0.8020,-0.2600,0.0100,0.8432
844,0.0,1.1510,0.0000,False,False,False,-0.4232,4.7662,-0.2237,-1.2581,-0.1051,1.4892,0.0476,-0.0228,0.0629,0.0397,-0.0093,0.0014,0.5200,0.1784,0.3913,1.0677,0.0000,0.0000,0.0000,0.0000,0.0000,0.0000,False,0.0480,-0.0271,0.0627,0.0406,-0.0082,0.0025,-0.4206,grasp,0.0000,0.0000,0.0000,0.0000,0.0000,0.0000,False,,0.0500,0.0000,False,0.8020,-0.2600,0.0100,0.8432
845,0.0,1.1510,0.0000,False,False,False,-0.4232,4.7662,-0.2237,-1.2581,-0.1051,1.4892,0.0476,-0.0228,0.0629,0.0397,-0.0093,0.0014,0.5200,0.1784,0.3913,1.0677,0.0000,0.0000,0.0000,0.0000,0.0000,0.0000,False,0.0443,-0.0200,0.0671,0.0180,-0.0142,0.0744,-1.7328,grasp,0.0000,0.0000,0.0000,0.0000,0.0000,0.0000,False,,0.0500,0.0000,False,0.8020,-0.2600,0.0100,0.8432
846,0.0,1.1506,0.0000,False,False,False,-0.4213,4.7644,-0.2222,-1.2595,-0.1057,1.4870,0.0645,-0.0849,0.0219,-0.1380,-0.0313,-0.1423,0.4477,0.1770,0.3907,1.0677,0.0000,0.0000,0.0000,0.0000,0.0000,0.0000,False,0.0349,-0.0451,0.0127,-0.0719,-0.0166,-0.0748,-0.7954,grasp,0.0000,0.0000,0.0000,0.0000,0.0000,0.0000,False,,0.0500,0.0000,False,0.8020,-0.2600,0.0100,0.8432
847,0.0,1.1506,0.0000,False,False,False,-0.4203,4.7630,-0.2219,-1.2614,-0.1062,1.4850,-0.0000,-0.0000,-0.0000,0.0000,-0.0000,0.0000,0.4128,0.1770,0.3907,1.0677,0.0000,0.0000,0.0000,0.0000,0.0000,0.0000,False,0.0479,-0.0615,-0.0169,0.0216,0.0687,-0.0069,-2.8730,grasp,0.0000,0.0000,0.0000,0.0000,0.0000,0.0000,False,,0.0500,0.0000,False,0.8020,-0.2600,0.0100,0.8432
848,0.0,1.1506,0.0000,False,False,False,-0.4199,4.7625,-0.2220,-1.2612,-0.1055,1.4850,0.0470,-0.0583,-0.0173,0.0236,0.0691,-0.0049,0.3928,0.1770,0.3907,1.0677,0.0000,0.0000,0.0000,0.0000,0.0000,0.0000,False,0.0503,0.0247,0.0642,-0.0711,0.0099,0.0020,-0.7809,grasp,0.0000,0.0000,0.0000,0.0000,0.0000,0.0000,False,,0.0500,0.0000,False,0.8020,-0.2600,0.0100,0.8432
849,0.0,1.1499,0.0000,False,False,False,-0.4195,4.7609,-0.2218,-1.2606,-0.1047,1.4848,-0.0504,-0.0302,0.0609,0.0139,-0.0540,-0.0080,0.4042,0.1709,0.3907,1.0679,0.0000,0.0000,0.0000,0.0000,0.0000,0.0000,False,-0.0495,-0.0336,0.0605,0.0143,-0.0526,-0.0081,1.0860,grasp,0.0000,0.0000,0.0000,0.0000,0.0000,0.0000,False,,0.0500,0.0000,True,0.8020,-0.2600,0.0100,0.8432
850,0.0,1.1499,0.0000,False,False,False,-0.4195,4.7609,-0.2218,-1.2606,-0.1047,1.4848,-0.0504,-0.0302,0.0609,0.0139,-0.0540,-0.0080,0.4042,0.1709,0.3907,1.0679,0.0000,0.0000,0.0000,0.0000,0.0000,0.0000,False,0.0478,-0.0193,0.0578,0.0516,0.0726,0.0239,2.1987,grasp,0.0000,0.0000,0.0000,0.0000,0.0000,0.0000,False,,0.0500,0.0000,True,0.8020,-0.2600,0.0100,0.8432
851,0.0,1.1503,0.0000,False,False,False,-0.4199,4.7608,-0.2227,-1.2591,-0.1080,1.4836,0.0354,0.0367,-0.1357,0.0843,-0.1486,-0.0679,0.4182,0.1724,0.3914,1.0678,0.0000,0.0000,0.0000,0.0000,0.0000,0.0000,False,0.0177,0.0187,-0.0702,0.0446,-0.0792,-0.0359,0.1541,grasp,0.0000,0.0000,0.0000,0.0000,0.0000,0.0000,False,,0.0500,0.0000,False,0.8020,-0.2600,0.0100,0.8432
852,0.0,1.1503,0.0000,False,False,False,-0.4202,4.7608,-0.2253,-1.2576,-0.1094,1.4820,-0.0784,-0.0592,-0.0655,0.0246,0.0677,-0.0585,0.4331,0.1724,0.3914,1.0678,0.0000,0.0000,0.0000,0.0000,0.0000,0.0000,False,-0.0779,-0.0587,-0.0675,0.0258,0.0656,-0.0594,0.7561,grasp,0.0000,0.0000,0.0000,0.0000,0.0000,0.0000,False,,0.0500,0.0000,False,0.8020,-0.2600,0.0100,0.8432
853,0.0,1.1502,0.0000,False,False,False,-0.4217,4.7597,-0.2265,-1.2571,-0.1082,1.4809,-0.1489,-0.1130,-0.1245,0.0467,0.1286,-0.1111,0.4394,0.1710,0.3926,1.0675,0.0000,0.0000,0.0000,0.0000,0.0000,0.0000,False,-0.0483,-0.0403,0.0321,-0.0463,-0.0109,0.0158,1.8743,grasp,0.0000,0.0000,0.0000,0.0000,0.0000,0.0000,False,,0.0500,0.0000,True,0.8020,-0.2600,0.0100,0.8432
854,0.0,1.1502,0.0000,False,False,False,-0.4221,4.7591,-0.2262,-1.2576,-0.1083,1.4811,-0.0468,-0.0369,0.0333,-0.0467,-0.0122,0.0169,0.4794,0.1710,0.3926,1.0675,0.0000,0.0000,0.0000,0.0000,0.0000,0.0000,False,-0.0006,-0.0697,0.0608,0.0162,-0.0099,0.0671,0.7572,grasp,0.0000,0.0000,0.0000,0.0000,0.0000,0.0000,False,,0.0500,0.0000,False,0.8020,-0.2600,0.0100,0.8432
855,0.0,1.1502,0.0000,False,False,False,-0.4224,4.7591,-0.2257,-1.2589,-0.1078,1.4816,0.0611,0.0760,-0.0150,-0.0382,0.0726,0.0172,0.4735,0.1710,0.3926,1.0675,0.0000,0.0000,0.0000,0.0000,0.0000,0.0000,False,0.0602,0.0752,-0.0143,-0.0391,0.0724,0.0175,-0.1680,grasp,0.0000,0.0000,0.0000,0.0000,0.0000,0.0000,False,,0.0500,0.0000,False,0.8020,-0.2600,0.0100,0.8432
856,0.0,1.1506,0.0000,False,False,False,-0.4213,4.7606,-0.2260,-1.2596,-0.1064,1.4819,0.1161,0.1445,-0.0284,-0.0727,0.1379,0.0326,0.4640,0.1713,0.3934,1.0675,0.0000,0.0000,0.0000,0.0000,0.0000,0.0000,False,-0.0770,0.0565,-0.0310,0.0607,-0.0115,-0.0754,-2.8305,grasp,0.0000,0.0000,0.0000,0.0000,0.0000,0.0000,False,,0.0500,0.0000,False,0.8020,-0.2600,0.0100,0.8432
857,0.0,1.1506,0.0000,False,False,False,-0.4189,4.7633,-0.2262,-1.2607,-0.1050,1.4822,0.0692,0.0460,0.0134,-0.0021,-0.0518,-0.0196,0.4425,0.1713,0.3934,1.0675,0.0000,0.0000,0.0000,0.0000,0.0000,0.0000,False,0.0709,0.0507,0.0130,-0.0031,-0.0499,-0.0192,-0.1018,grasp,0.0000,0.0000,0.0000,0.0000,0.0000,0.0000,False,,0.0500,0.0000,False,0.8020,-0.2600,0.0100,0.8432
858,0.0,1.1504,0.0000,False,False,False,-0.4171,4.7649,-0.2261,-1.2602,-0.1066,1.4819,0.0532,0.0632,-0.0111,0.0528,-0.0688,0.0057,0.4039,0.1724,0.3920,1.0677,0.0000,0.0000,0.0000,0.0000,0.0000,0.0000,False,0.0545,0.0647,-0.0108,0.0528,-0.0698,0.0054,-1.0735,grasp,0.0000,0.0000,0.0000,0.0000,0.0000,0.0000,False,,0.0500,0.0000,False,0.8020,-0.2600,0.0100,0.8432
859,0.0,1.1504,0.0000,False,False,False,-0.4171,4.7649,-0.2261,-1.2602,-0.1066,1.4819,0.0532,0.0632,-0.0111,0.0528,-0.0688,0.0057,0.4039,0.1724,0.3920,1.0677,0.0000,0.0000,0.0000,0.0000,0.0000,0.0000,False,0.0353,-0.0472,0.0000,-0.0174,-0.0728,-0.0116,-0.7266,grasp,0.0000,0.0000,0.0000,0.0000,0.0000,0.0000,False,,0.0500,0.0000,False,0.8020,-0.2600,0.0100,0.8432
860,0.0,1.1496,0.0000,False,False,False,-0.4178,4.7649,-0.2281,-1.2590,-0.1063,1.4832,-0.1180,-0.0877,-0.1142,0.0128,0.1091,0.0790,0.3661,0.1725,0.3899,1.0676,0.0000,0.0000,0.0000,0.0000,0.0000,0.0000,False,-0.0611,-0.0443,-0.0603,0.0077,0.0561,0.0417,-0.7679,grasp,0.0000,0.0000,0.0000,0.0000,0.0000,0.0000,False,,0.0500,0.0000,False,0.8020,-0.2600,0.0100,0.8432
861,0.0,1.1496,0.0000,False,False,False,-0.4195,4.7637,-0.2297,-1.2588,-0.1047,1.4843,-0.1682,-0.1246,-0.1629,0.0183,0.1556,0.1127,0.3597,0.1725,0.3899,1.0676,0.0000,0.0000,0.0000,0.0000,0.0000,0.0000,False,0.0310,-0.0439,0.0113,0.0106,0.0603,-0.0209,2.2977,grasp,0.0000,0.0000,0.0000,0.0000,0.0000,0.0000,False,,0.0500,0.0000,True,0.8020,-0.2600,0.0100,0.8432
862,0.0,1.1496,0.0000,False,False,False,-0.4192,4.7630,-0.2296,-1.2587,-0.1041,1.4841,0.0327,-0.0394,0.0130,0.0104,0.0588,-0.0220,0.3993,0.1725,0.3899,1.0676,0.0000,0.0000,0.0000,0.0000,0.0000,0.0000,False,0.0638,0.0274,0.0627,-0.0357,-0.0773,0.0711,-2.1889,grasp,0.0000,0.0000,0.0000,0.0000,0.0000,0.0000,False,,0.0500,0.0000,False,0.8020,-0.2600,0.0100,0.8432
863,0.0,1.1502,0.0000,False,False,False,-0.4190,4.7619,-0.2296,-1.2581,-0.1038,1.4831,-0.0409,-0.0177,-0.0333,0.0388,-0.0742,-0.0626,0.4587,0.1689,0.3931,1.0677,0.0000,0.0000,0.0000,0.0000,0.0000,0.0000,False,-0.0403,-0.0191,-0.0331,0.0390,-0.0731,-0.0630,2.3182,grasp,0.0000,0.0000,0.0000,0.0000,0.0000,0.0000,False,,0.0500,0.0000,True,0.8020,-0.2600,0.0100,0.8432
864,0.0,1.1502,0.0000,False,False,False,-0.4190,4.7619,-0.2296,-1.2581,-0.1038,1.4831,-0.0409,-0.0177,-0.0333,0.0388,-0.0742,-0.0626,0.4587,0.1689,0.3931,1.0677,0.0000,0.0000,0.0000,0.0000,0.0000,0.0000,False,-0.0149,-0.0253,-0.0675,-0.0663,-0.0712,0.0570,-0.3223,grasp,0.0000,0.0000,0.0000,0.0000,0.0000,0.0000,False,,0.0500,0.0000,False,0.8020,-0.2600,0.0100,0.8432
865,0.0,1.1503,0.0000,False,False,False,-0.4198,4.7616,-0.2303,-1.2574,-0.1052,1.4819,-0.0000,-0.0000,-0.0000,0.0000,-0.0000,0.0000,0.4496,0.1695,0.3937,1.0675,0.0000,0.0000,0.0000,0.0000,0.0000,0.0000,False,-0.0423,0.0074,0.0074,-0.0141,-0.0320,-0.0203,-1.2198,grasp,0.0000,0.0000,0.0000,0.0000,0.0000,0.0000,False,,0.0500,0.0000,False,0.8020,-0.2600,0.0100,0.8432
866,0.0,1.1503,0.0000,False,False,False,-0.4224,4.7608,-0.2289,-1.2556,-0.1044,1.4810,-0.1422,-0.0563,0.0824,0.1254,0.0734,-0.0439,0.3696,0.1695,0.3937,1.0675,0.0000,0.0000,0.0000,0.0000,0.0000,0.0000,False,-0.0753,-0.0295,0.0435,0.0659,0.0383,-0.0233,-2.8929,grasp,0.0000,0.0000,0.0000,0.0000,0.0000,0.0000,False,,0.0500,0.0000,False,0.8020,-0.2600,0.0100,0.8432
867,0.0,1.1493,0.0000,False,False,False,-0.4239,4.7598,-0.2285,-1.2531,-0.1038,1.4808,0.0463,-0.0244,-0.0712,0.0737,-0.0515,0.0410,0.3254,0.1694,0.3906,1.0675,0.0000,0.0000,0.0000,0.0000,0.0000,0.0000,False,0.0443,-0.0252,-0.0700,0.0754,-0.0505,0.0403,-1.3954,grasp,0.0000,0.0000,0.0000,0.0000,0.0000,0.0000,False,,0.0500,0.0000,False,0.8020,-0.2600,0.0100,0.8432
868,0.0,1.1493,0.0000,False,False,False,-0.4239,4.7598,-0.2285,-1.2531,-0.1038,1.4808,0.0463,-0.0244,-0.0712,0.0737,-0.0515,0.0410,0.3254,0.1694,0.3906,1.0675,0.0000,0.0000,0.0000,0.0000,0.0000,0.0000,False,-0.0436,0.0706,-0.0277,0.0590,-0.0301,-0.0514,1.0764,grasp,0.0000,0.0000,0.0000,0.0000,0.0000,0.0000,False,,0.0500,0.0000,True,0.8020,-0.2600,0.0100,0.8432
869,0.0,1.1480,0.0000,False,False,False,-0.4233,4.7590,-0.2303,-1.2510,-0.1052,1.4813,-0.0229,-0.0198,-0.0501,0.0646,-0.0370,-0.0214,0.2751,0.1663,0.3888,1.0673,0.0000,0.0000,0.0000,0.0000,0.0000,0.0000,False,-0.0221,-0.0216,-0.0515,0.0660,-0.0379,-0.0206,-2.9392,grasp,0.0000,0.0000,0.0000,0.0000,0.0000,0.0000,False,,0.0500,0.0000,False,0.8020,-0.2600,0.0100,0.8432
870,0.0,1.1480,0.0000,False,False,False,-0.4233,4.7590,-0.2303,-1.2510,-0.1052,1.4813,-0.0229,-0.0198,-0.0501,0.0646,-0.0370,-0.0214,0.2751,0.1663,0.3888,1.0673,0.0000,0.0000,0.0000,0.0000,0.0000,0.0000,False,0.0064,0.0526,0.0320,-0.0355,-0.0438,0.0604,2.5208,grasp,0.0000,0.0000,0.0000,0.0000,0.0000,0.0000,False,,0.0500,0.0000,True,0.8020,-0.2600,0.0100,0.8432
871,0.0,1.1480,0.0000,False,False,False,-0.4237,4.7588,-0.2315,-1.2505,-0.1066,1.4810,0.0017,0.0181,-0.0199,-0.0715,-0.0738,0.0051,0.3151,0.1663,0.3888,1.0673,0.0000,0.0000,0.0000,0.0000,0.0000,0.0000,False,0.0017,0.0181,-0.0199,-0.0715,-0.0738,0.0051,-1.1071,grasp,0.0000,0.0000,0.0000,0.0000,0.0000,0.0000,False,,0.0500,0.0000,False,0.8020,-0.2600,0.0100,0.8432
872,0.0,1.1487,0.0000,False,False,False,-0.4235,4.7599,-0.2324,-1.2520,-0.1086,1.4812,0.0127,0.0751,-0.0487,-0.0148,-0.0548,0.0154,0.3746,0.1677,0.3906,1.0671,0.0000,0.0000,0.0000,0.0000,0.0000,0.0000,False,0.0127,0.0755,-0.0491,-0.0162,-0.0562,0.0155,1.3955,grasp,0.0000,0.0000,0.0000,0.0000,0.0000,0.0000,False,,0.0500,0.0000,True,0.8020,-0.2600,0.0100,0.8432
873,0.0,1.1487,0.0000,False,False,False,-0.4235,4.7599,-0.2324,-1.2520,-0.1086,1.4812,0.0127,0.0751,-0.0487,-0.0148,-0.0548,0.0154,0.3746,0.1677,0.3906,1.0671,0.0000,0.0000,0.0000,0.0000,0.0000,0.0000,False,-0.0389,0.0615,-0.0358,-0.0091,-0.0330,-0.0688,-1.4893,grasp,0.0000,0.0000,0.0000,0.0000,0.0000,0.0000,False,,0.0500,0.0000,False,0.8020,-0.2600,0.0100,0.8432
874,0.0,1.1495,0.0000,False,False,False,-0.4228,4.7618,-0.2335,-1.2522,-0.1089,1.4817,0.0470,0.0434,-0.0217,0.0062,0.0752,0.0147,0.4116,0.1703,0.3921,1.0670,0.0000,0.0000,0.0000,0.0000,0.0000,0.0000,False,0.0472,0.0458,-0.0226,0.0059,0.0741,0.0150,0.6352,grasp,0.0000,0.0000,0.0000,0.0000,0.0000,0.0000,False,,0.0500,0.0000,False,0.8020,-0.2600,0.0100,0.8432
875,0.0,1.1495,0.0000,False,False,False,-0.4233,4.7615,-0.2329,-1.2502,-0.1074,1.4841,-0.0870,-0.0760,0.0671,0.1232,0.0025,0.1409,0.4782,0.1703,0.3921,1.0670,0.0000,0.0000,0.0000,0.0000,0.0000,0.0000,False,-0.0449,-0.0391,0.0349,0.0650,0.0028,0.0744,1.9113,grasp,0.0000,0.0000,0.0000,0.0000,0.0000,0.0000,False,,0.0500,0.0000,True,0.8020,-0.2600,0.0100,0.8432
876,0.0,1.1502,0.0000,False,False,False,-0.4245,4.7604,-0.2319,-1.2485,-0.1074,1.4861,-0.1241,-0.1083,0.0958,0.1757,0.0036,0.2010,0.4947,0.1715,0.3939,1.0669,0.0000,0.0000,0.0000,0.0000,0.0000,0.0000,False,0.0565,-0.0075,0.0066,0.0266,-0.0652,-0.0424,-0.9024,grasp,0.0000,0.0000,0.0000,0.0000,0.0000,0.0000,False,,0.0500,0.0000,False,0.8020,-0.2600,0.0100,0.8432
877,0.0,1.1502,0.0000,False,False,False,-0.4239,4.7603,-0.2319,-1.2482,-0.1080,1.4857,0.0577,-0.0063,0.0057,0.0248,-0.0652,-0.0444,0.4557,0.1715,0.3939,1.0669,0.0000,0.0000,0.0000,0.0000,0.0000,0.0000,False,-0.0783,0.0503,-0.0037,-0.0012,0.0517,0.0155,-1.7610,grasp,0.0000,0.0000,0.0000,0.0000,0.0000,0.0000,False,,0.0500,0.0000,False,0.8020,-0.2600,0.0100,0.8432
878,0.0,1.1492,0.0000,False,False,False,-0.4225,4.7602,-0.2313,-1.2473,-0.1085,1.4841,0.0315,-0.0044,0.0437,0.0465,0.0718,-0.0764,0.3987,0.1700,0.3919,1.0669,0.0000,0.0000,0.0000,0.0000,0.0000,0.0000,False,0.0326,-0.0046,0.0438,0.0470,0.0706,-0.0773,-2.4889,grasp,0.0000,0.0000,0.0000,0.0000,0.0000,0.0000,False,,0.0500,0.0000,False,0.8020,-0.2600,0.0100,0.8432
879,0.0,1.1492,0.0000,False,False,False,-0.4225,4.7602,-0.2313,-1.2473,-0.1085,1.4841,0.0315,-0.0044,0.0437,0.0465,0.0718,-0.0764,0.3987,0.1700,0.3919,1.0669,0.0000,0.0000,0.0000,0.0000,0.0000,0.0000,False,0.0717,-0.0698,-0.0794,-0.0229,-0.0520,0.0292,-0.5155,grasp,0.0000,0.0000,0.0000,0.0000,0.0000,0.0000,False,,0.0500,0.0000,False,0.8020,-0.2600,0.0100,0.8432
880,0.0,1.1492,0.0000,False,False,False,-0.4219,4.7601,-0.2305,-1.2464,-0.1072,1.4826,0.0000,-0.0000,-0.0000,0.0000,-0.0000,0.0000,0.3705,0.1700,0.3919,1.0669,0.0000,0.0000,0.0000,0.0000,0.0000,0.0000,False,-0.0487,0.0103,0.0400,0.0255,-0.0702,-0.0273,-0.4974,grasp,0.0000,0.0000,0.0000,0.0000,0.0000,0.0000,False,,0.0500,0.0000,False,0.8020,-0.2600,0.0100,0.8432
881,0.0,1.1487,0.0000,False,False,False,-0.4244,4.7622,-0.2297,-1.2464,-0.1100,1.4814,-0.1312,0.1399,0.0260,-0.0176,-0.1417,-0.0589,0.3229,0.1696,0.3904,1.0669,0.0000,0.0000,0.0000,0.0000,0.0000,0.0000,False,-0.0696,0.0733,0.0141,-0.0090,-0.0753,-0.0313,-1.5393,grasp,0.0000,0.0000,0.0000,0.0000,0.0000,0.0000,False,,0.0500,0.0000,False,0.8020,-0.2600,0.0100,0.8432
882,0.0,1.1487,0.0000,False,False,False,-0.4244,4.7622,-0.2297,-1.2464,-0.1100,1.4814,-0.1312,0.1399,0.0260,-0.0176,-0.1417,-0.0589,0.3229,0.1696,0.3904,1.0669,0.0000,0.0000,0.0000,0.0000,0.0000,0.0000,False,0.0107,-0.0766,-0.0369,0.0173,-0.0628,-0.0781,-0.6546,grasp,0.0000,0.0000,0.0000,0.0000,0.0000,0.0000,False,,0.0500,0.0000,False,0.8020,-0.2600,0.0100,0.8432
883,0.0,1.1484,0.0000,False,False,False,-0.4264,4.7654,-0.2288,-1.2473,-0.1126,1.4812,-0.0094,0.0536,0.0485,-0.0572,-0.0568,0.0593,0.3417,0.1770,0.3865,1.0668,0.0000,0.0000,0.0000,0.0000,0.0000,0.0000,False,-0.0112,0.0638,0.0488,-0.0575,-0.0588,0.0584,0.5689,grasp,0.0000,0.0000,0.0000,0.0000,0.0000,0.0000,False,,0.0500,0.0000,True,0.8020,-0.2600,0.0100,0.8432
884,0.0,1.1484,0.0000,False,False,False,-0.4261,4.7668,-0.2272,-1.2481,-0.1142,1.4827,0.0457,0.0033,0.0707,0.0230,-0.0448,0.0356,0.3650,0.1770,0.3865,1.0668,0.0000,0.0000,0.0000,0.0000,0.0000,0.0000,False,0.0455,0.0069,0.0716,0.0220,-0.0459,0.0367,0.0679,grasp,0.0000,0.0000,0.0000,0.0000,0.0000,0.0000,False,,0.0500,0.0000,False,0.8020,-0.2600,0.0100,0.8432
885,0.0,1.1484,0.0000,False,False,False,-0.4261,4.7668,-0.2272,-1.2481,-0.1142,1.4827,0.0457,0.0033,0.0707,0.0230,-0.0448,0.0356,0.3650,0.1770,0.3865,1.0668,0.0000,0.0000,0.0000,0.0000,0.0000,0.0000,False,0.0232,0.0645,-0.0707,0.0008,0.0299,-0.0385,0.3230,grasp,0.0000,0.0000,0.0000,0.0000,0.0000,0.0000,False,,0.0500,0.0000,False,0.8020,-0.2600,0.0100,0.8432
886,0.0,1.1488,0.0000,False,False,False,-0.4248,4.7663,-0.2256,-1.2483,-0.1154,1.4826,0.0399,-0.0575,0.0318,-0.0670,-0.0384,-0.0727,0.3428,0.1802,0.3863,1.0668,0.0000,0.0000,0.0000,0.0000,0.0000,0.0000,False,0.0399,-0.0575,0.0318,-0.0670,-0.0384,-0.0727,-1.5781,grasp,0.0000,0.0000,0.0000,0.0000,0.0000,0.0000,False,,0.0500,0.0000,False,0.8020,-0.2600,0.0100,0.8432
887,0.0,1.1483,0.0000,False,False,False,-0.4241,4.7657,-0.2245,-1.2503,-0.1166,1.4805,-0.0059,0.0671,0.0450,-0.0642,-0.0438,-0.0736,0.3343,0.1788,0.3853,1.0669,0.0000,0.0000,0.0000,0.0000,0.0000,0.0000,False,-0.0051,0.0650,0.0456,-0.0655,-0.0445,-0.0750,-0.3188,grasp,0.0000,0.0000,0.0000,0.0000,0.0000,0.0000,False,,0.0500,0.0000,False,0.8020,-0.2600,0.0100,0.8432
888,0.0,1.1483,0.0000,False,False,False,-0.4241,4.7657,-0.2245,-1.2503,-0.1166,1.4805,-0.0059,0.0671,0.0450,-0.0642,-0.0438,-0.0736,0.3343,0.1788,0.3853,1.0669,0.0000,0.0000,0.0000,0.0000,0.0000,0.0000,False,-0.0172,-0.0004,0.0117,-0.0272,-0.0407,0.0490,2.4418,grasp,0.0000,0.0000,0.0000,0.0000,0.0000,0.0000,False,,0.0500,0.0000,True,0.8020,-0.2600,0.0100,0.8432
889,0.0,1.1483,0.0000,False,False,False,-0.4235,4.7675,-0.2238,-1.2515,-0.1168,1.4792,0.0765,0.0235,-0.0164,0.0010,0.0611,0.0054,0.3761,0.1788,0.3853,1.0669,0.0000,0.0000,0.0000,0.0000,0.0000,0.0000,False,0.0764,0.0278,-0.0155,-0.0002,0.0603,0.0040,1.2536,grasp,0.0000,0.0000,0.0000,0.0000,0.0000,0.0000,False,,0.0500,0.0000,True,0.8020,-0.2600,0.0100,0.8432
890,0.0,1.1489,0.0000,False,False,False,-0.4238,4.7686,-0.2257,-1.2521,-0.1173,1.4773,-0.1193,0.0419,-0.1009,-0.0398,-0.1093,-0.1322,0.3343,0.1804,0.3861,1.0669,0.0000,0.0000,0.0000,0.0000,0.0000,0.0000,False,-0.0614,0.0225,-0.0534,-0.0209,-0.0563,-0.0695,-2.2972,grasp,0.0000,0.0000,0.0000,0.0000,0.0000,0.0000,False,,0.0500,0.0000,False,0.8020,-0.2600,0.0100,0.8432
891,0.0,1.1489,0.0000,False,False,False,-0.4255,4.7692,-0.2271,-1.2526,-0.1188,1.4754,0.0000,-0.0000,-0.0000,0.0000,-0.0000,0.0000,0.3343,0.1804,0.3861,1.0669,0.0000,0.0000,0.0000,0.0000,0.0000,0.0000,False,0.0372,0.0630,0.0232,0.0587,-0.0607,-0.0615,2.2985,grasp,0.0000,0.0000,0.0000,0.0000,0.0000,0.0000,False,,0.0500,0.0000,True,0.8020,-0.2600,0.0100,0.8432
892,0.0,1.1484,0.0000,False,False,False,-0.4252,4.7698,-0.2268,-1.2520,-0.1194,1.4748,0.0389,0.0624,0.0246,0.0592,-0.0591,-0.0597,0.3543,0.1825,0.3843,1.0668,0.0000,0.0000,0.0000,0.0000,0.0000,0.0000,False,0.0722,-0.0514,0.0749,0.0014,0.0616,0.0229,-2.0977,grasp,0.0000,0.0000,0.0000,0.0000,0.0000,0.0000,False,,0.0500,0.0000,False,0.8020,-0.2600,0.0100,0.8432
893,0.0,1.1484,0.0000,False,False,False,-0.4248,4.7705,-0.2265,-1.2502,-0.1210,1.4732,-0.0383,-0.0649,-0.0088,0.0656,-0.0453,-0.0449,0.4135,0.1825,0.3843,1.0668,0.0000,0.0000,0.0000,0.0000,0.0000,0.0000,False,-0.0375,-0.0617,-0.0083,0.0667,-0.0464,-0.0461,2.2737,grasp,0.0000,0.0000,0.0000,0.0000,0.0000,0.0000,False,,0.0500,0.0000,True,0.8020,-0.2600,0.0100,0.8432
894,0.0,1.1484,0.0000,False,False,False,-0.4248,4.7705,-0.2265,-1.2502,-0.1210,1.4732,-0.0383,-0.0649,-0.0088,0.0656,-0.0453,-0.0449,0.4135,0.1825,0.3843,1.0668,0.0000,0.0000,0.0000,0.0000,0.0000,0.0000,False,0.0563,0.0428,0.0674,-0.0716,0.0605,0.0776,-1.0697,grasp,0.0000,0.0000,0.0000,0.0000,0.0000,0.0000,False,,0.0500,0.0000,False,0.8020,-0.2600,0.0100,0.8432
895,0.0,1.1489,0.0000,False,False,False,-0.4250,4.7696,-0.2260,-1.2497,-0.1213,1.4731,0.0570,0.0452,0.0676,-0.0728,0.0614,0.0784,0.4043,0.1841,0.3856,1.0665,0.0000,0.0000,0.0000,0.0000,0.0000,0.0000,False,-0.0010,-0.0206,0.0443,0.0588,-0.0303,-0.0589,-2.2288,grasp,0.0000,0.0000,0.0000,0.0000,0.0000,0.0000,False,,0.0500,0.0000,False,0.8020,-0.2600,0.0100,0.8432
896,0.0,1.1489,0.0000,False,False,False,-0.4250,4.7697,-0.2260,-1.2497,-0.1213,1.4731,-0.0000,-0.0000,-0.0000,0.0000,-0.0000,0.0000,0.3843,0.1841,0.3856,1.0665,0.0000,0.0000,0.0000,0.0000,0.0000,0.0000,False,-0.0380,-0.0079,0.0261,0.0498,-0.0373,0.0043,-0.3865,grasp,0.0000,0.0000,0.0000,0.0000,0.0000,0.0000,False,,0.0500,0.0000,False,0.8020,-0.2600,0.0100,0.8432
897,0.0,1.1490,0.0000,False,False,False,-0.4252,4.7696,-0.2267,-1.2498,-0.1206,1.4731,-0.0280,-0.0037,-0.0757,-0.0028,0.0682,0.0021,0.4205,0.1840,0.3858,1.0666,0.0000,0.0000,0.0000,0.0000,0.0000,0.0000,False,-0.0280,-0.0037,-0.0757,-0.0028,0.0682,0.0021,2.3453,grasp,0.0000,0.0000,0.0000,0.0000,0.0000,0.0000,False,,0.0500,0.0000,True,0.8020,-0.2600,0.0100,0.8432
898,0.0,1.1490,0.0000,False,False,False,-0.4255,4.7692,-0.2279,-1.2491,-0.1191,1.4724,0.0315,-0.0330,0.0294,0.0681,0.0219,-0.0734,0.4789,0.1840,0.3858,1.0666,0.0000,0.0000,0.0000,0.0000,0.0000,0.0000,False,0.0310,-0.0334,0.0280,0.0681,0.0232,-0.0733,1.9590,grasp,0.0000,0.0000,0.0000,0.0000,0.0000,0.0000,False,,0.0500,0.0000,True,0.8020,-0.2600,0.0100,0.8432
899,0.0,1.1497,0.0000,False,False,False,-0.4247,4.7691,-0.2271,-1.2482,-0.1179,1.4706,0.0178,0.0608,0.0158,-0.0383,0.0722,-0.0444,0.4975,0.1833,0.3882,1.0665,0.0000,0.0000,0.0000,0.0000,0.0000,0.0000,False,0.0184,0.0601,0.0163,-0.0370,0.0727,-0.0458,0.8192,grasp,0.0000,0.0000,0.0000,0.0000,0.0000,0.0000,False,,0.0500,0.0000,False,0.8020,-0.2600,0.0100,0.8432
900,0.0,1.1497,0.0000,False,False,False,-0.4243,4.7703,-0.2268,-1.2489,-0.1165,1.4698,0.0337,0.1157,0.0300,-0.0728,0.1373,-0.0844,0.4982,0.1833,0.3882,1.0665,0.0000,0.0000,0.0000,0.0000,0.0000,0.0000,False,0.0218,0.0453,0.0003,0.0433,0.0552,0.0366,0.2351,grasp,0.0000,0.0000,0.0000,0.0000,0.0000,0.0000,False,,0.0500,0.0000,False,0.8020,-0.2600,0.0100,0.8432
901,0.0,1.1497,0.0000,False,False,False,-0.4243,4.7703,-0.2268,-1.2489,-0.1165,1.4698,0.0337,0.1157,0.0300,-0.0728,0.1373,-0.0844,0.4982,0.1833,0.3882,1.0665,0.0000,0.0000,0.0000,0.0000,0.0000,0.0000,False,-0.0753,0.0418,-0.0396,0.0652,-0.0167,0.0602,2.5179,grasp,0.0000,0.0000,0.0000,0.0000,0.0000,0.0000,False,,0.0500,0.0000,True,0.8020,-0.2600,0.0100,0.8432
902,0.0,1.1495,0.0000,False,False,False,-0.4240,4.7708,-0.2280,-1.2468,-0.1149,1.4719,0.0202,0.0230,-0.0775,0.1393,0.1053,0.1413,0.4314,0.1835,0.3871,1.0667,0.0000,0.0000,0.0000,0.0000,0.0000,0.0000,False,0.0106,0.0123,-0.0408,0.0733,0.0554,0.0744,-2.6833,grasp,0.0000,0.0000,0.0000,0.0000,0.0000,0.0000,False,,0.0500,0.0000,False,0.8020,-0.2600,0.0100,0.8432
903,0.0,1.1495,0.0000,False,False,False,-0.4234,4.7715,-0.2305,-1.2423,-0.1115,1.4765,0.0365,0.0417,-0.1403,0.2521,0.1906,0.2558,0.3914,0.1835,0.3871,1.0667,0.0000,0.0000,0.0000,0.0000,0.0000,0.0000,False,0.0169,0.0519,0.0198,-0.0394,-0.0463,-0.0481,-2.0368,grasp,0.0000,0.0000,0.0000,0.0000,0.0000,0.0000,False,,0.0500,0.0000,False,0.8020,-0.2600,0.0100,0.8432
904,0.0,1.1487,0.0000,False,False,False,-0.4228,4.7717,-0.2323,-1.2392,-0.1091,1.4802,0.0181,-0.0301,-0.0137,0.0073,0.0206,0.0709,0.4110,0.1803,0.3870,1.0665,0.0000,0.0000,0.0000,0.0000,0.0000,0.0000,False,0.0185,-0.0296,-0.0154,0.0103,0.0229,0.0740,2.0847,grasp,0.0000,0.0000,0.0000,0.0000,0.0000,0.0000,False,,0.0500,0.0000,True,0.8020,-0.2600,0.0100,0.8432
905,0.0,1.1487,0.0000,False,False,False,-0.4224,4.7711,-0.2326,-1.2391,-0.1087,1.4816,0.0343,-0.0573,-0.0261,0.0139,0.0392,0.1348,0.4307,0.1803,0.3870,1.0665,0.0000,0.0000,0.0000,0.0000,0.0000,0.0000,False,-0.0173,-0.0409,0.0609,-0.0076,-0.0254,0.0695,-2.5522,grasp,0.0000,0.0000,0.0000,0.0000,0.0000,0.0000,False,,0.0500,0.0000,False,0.8020,-0.2600,0.0100,0.8432
906,0.0,1.1487,0.0000,False,False,False,-0.4224,4.7711,-0.2326,-1.2391,-0.1087,1.4816,0.0343,-0.0573,-0.0261,0.0139,0.0392,0.1348,0.4307,0.1803,0.3870,1.0665,0.0000,0.0000,0.0000,0.0000,0.0000,0.0000,False,0.0687,-0.0209,0.0659,0.0537,0.0741,-0.0521,0.2737,grasp,0.0000,0.0000,0.0000,0.0000,0.0000,0.0000,False,,0.0500,0.0000,False,0.8020,-0.2600,0.0100,0.8432
907,0.0,1.1488,0.0000,False,False,False,-0.4225,4.7713,-0.2334,-1.2384,-0.1084,1.4818,-0.0094,0.0204,-0.0748,0.0687,0.0247,0.0192,0.4026,0.1790,0.3879,1.0664,0.0000,0.0000,0.0000,0.0000,0.0000,0.0000,False,-0.0094,0.0204,-0.0748,0.0687,0.0247,0.0192,-1.7762,grasp,0.0000,0.0000,0.0000,0.0000,0.0000,0.0000,False,,0.0500,0.0000,False,0.8020,-0.2600,0.0100,0.8432
908,0.0,1.1488,0.0000,False,False,False,-0.4233,4.7729,-0.2394,-1.2329,-0.1064,1.4833,-0.0322,0.0703,-0.2574,0.2363,0.0849,0.0662,0.3438,0.1790,0.3879,1.0664,0.0000,0.0000,0.0000,0.0000,0.0000,0.0000,False,0.0554,-0.0051,-0.0659,-0.0348,0.0462,-0.0199,1.5498,grasp,0.0000,0.0000,0.0000,0.0000,0.0000,0.0000,False,,0.0500,0.0000,True,0.8020,-0.2600,0.0100,0.8432
909,0.0,1.1484,0.0000,False,False,False,-0.4236,4.7723,-0.2389,-1.2336,-0.1060,1.4830,-0.0310,-0.0606,0.0460,-0.0706,0.0384,-0.0351,0.4001,0.1777,0.3879,1.0661,0.0000,0.0000,0.0000,0.0000,0.0000,0.0000,False,-0.0310,-0.0606,0.0460,-0.0706,0.0384,-0.0351,1.1460,grasp,0.0000,0.0000,0.0000,0.0000,0.0000,0.0000,False,,0.0500,0.0000,True,0.8020,-0.2600,0.0100,0.8432
910,0.0,1.1484,0.0000,False,False,False,-0.4242,4.7712,-0.2380,-1.2349,-0.1053,1.4823,-0.0589,-0.1152,0.0873,-0.1341,0.0731,-0.0668,0.4147,0.1777,0.3879,1.0661,0.0000,0.0000,0.0000,0.0000,0.0000,0.0000,False,-0.0285,-0.0711,-0.0633,-0.0500,0.0606,-0.0664,-0.5244,grasp,0.0000,0.0000,0.0000,0.0000,0.0000,0.0000,False,,0.0500,0.0000,False,0.8020,-0.2600,0.0100,0.8432
911,0.0,1.1484,0.0000,False,False,False,-0.4242,4.7712,-0.2380,-1.2349,-0.1053,1.4823,-0.0589,-0.1152,0.0873,-0.1341,0.0731,-0.0668,0.4147,0.1777,0.3879,1.0661,0.0000,0.0000,0.0000,0.0000,0.0000,0.0000,False,-0.0418,0.0398,0.0119,-0.0502,0.0502,-0.0590,2.6234,grasp,0.0000,0.0000,0.0000,0.0000,0.0000,0.0000,False,,0.0500,0.0000,True,0.8020,-0.2600,0.0100,0.8432
912,0.0,1.1492,0.0000,False,False,False,-0.4218,4.7721,-0.2356,-1.2386,-0.1079,1.4792,0.1133,0.0439,0.1192,-0.1796,-0.1257,-0.1511,0.4185,0.1776,0.3900,1.0663,0.0000,0.0000,0.0000,0.0000,0.0000,0.0000,False,0.0418,0.0162,0.0440,-0.0663,-0.0464,-0.0558,-2.7737,grasp,0.0000,0.0000,0.0000,0.0000,0.0000,0.0000,False,,0.0500,0.0000,False,0.8020,-0.2600,0.0100,0.8432
913,0.0,1.1492,0.0000,False,False,False,-0.4204,4.7726,-0.2341,-1.2409,-0.1095,1.4773,0.1438,0.0557,0.1512,-0.2279,-0.1595,-0.1918,0.3985,0.1776,0.3900,1.0663,0.0000,0.0000,0.0000,0.0000,0.0000,0.0000,False,-0.0726,0.0431,-0.0494,-0.0331,0.0077,0.0507,2.4274,grasp,0.0000,0.0000,0.0000,0.0000,0.0000,0.0000,False,,0.0500,0.0000,True,0.8020,-0.2600,0.0100,0.8432
914,0.0,1.1490,0.0000,False,False,False,-0.4211,4.7731,-0.2346,-1.2412,-0.1094,1.4778,-0.0741,0.0418,-0.0510,-0.0308,0.0092,0.0526,0.4383,0.1793,0.3882,1.0665,0.0000,0.0000,0.0000,0.0000,0.0000,0.0000,False,0.0224,-0.0693,-0.0037,0.0225,0.0092,-0.0198,-0.7272,grasp,0.0000,0.0000,0.0000,0.0000,0.0000,0.0000,False,,0.0500,0.0000,False,0.8020,-0.2600,0.0100,0.8432
915,0.0,1.1490,0.0000,False,False,False,-0.4225,4.7739,-0.2355,-1.2418,-0.1092,1.4788,-0.1407,0.0801,-0.0968,-0.0585,0.0176,0.1000,0.4583,0.1793,0.3882,1.0665,0.0000,0.0000,0.0000,0.0000,0.0000,0.0000,False,-0.0331,0.0575,0.0429,-0.0342,-0.0767,0.0663,2.4575,grasp,0.0000,0.0000,0.0000,0.0000,0.0000,0.0000,False,,0.0500,0.0000,True,0.8020,-0.2600,0.0100,0.8432
916,0.0,1.1490,0.0000,False,False,False,-0.4225,4.7739,-0.2355,-1.2418,-0.1092,1.4788,-0.0000,0.0000,-0.0000,0.0000,-0.0000,0.0000,0.4813,0.1793,0.3882,1.0665,0.0000,0.0000,0.0000,0.0000,0.0000,0.0000,False,0.0765,0.0183,-0.0123,-0.0410,-0.0749,0.0085,0.3386,grasp,0.0000,0.0000,0.0000,0.0000,0.0000,0.0000,False,,0.0500,0.0000,False,0.8020,-0.2600,0.0100,0.8432
917,0.0,1.1496,0.0000,False,False,False,-0.4182,4.7750,-0.2362,-1.2441,-0.1134,1.4793,-0.0000,-0.0000,-0.0000,0.0000,-0.0000,0.0000,0.4510,0.1811,0.3890,1.0665,0.0000,0.0000,0.0000,0.0000,0.0000,0.0000,False,0.0042,0.0361,0.0560,0.0284,0.0775,0.0265,-1.6703,grasp,0.0000,0.0000,0.0000,0.0000,0.0000,0.0000,False,,0.0500,0.0000,False,0.8020,-0.2600,0.0100,0.8432
918,0.0,1.1489,0.0000,False,False,False,-0.4185,4.7749,-0.2353,-1.2439,-0.1124,1.4802,-0.0249,-0.0395,0.0359,-0.0113,0.0292,0.0645,0.3919,0.1804,0.3874,1.0664,0.0000,0.0000,0.0000,0.0000,0.0000,0.0000,False,-0.0249,-0.0390,0.0365,-0.0110,0.0300,0.0648,-1.4108,grasp,0.0000,0.0000,0.0000,0.0000,0.0000,0.0000,False,,0.0500,0.0000,False,0.8020,-0.2600,0.0100,0.8432
919,0.0,1.1489,0.0000,False,False,False,-0.4189,4.7742,-0.2346,-1.2441,-0.1118,1.4814,-0.0474,-0.0749,0.0682,-0.0215,0.0555,0.1226,0.3747,0.1804,0.3874,1.0664,0.0000,0.0000,0.0000,0.0000,0.0000,0.0000,False,-0.0351,-0.0156,0.0029,-0.0236,0.0653,-0.0055,2.3025,grasp,0.0000,0.0000,0.0000,0.0000,0.0000,0.0000,False,,0.0500,0.0000,True,0.8020,-0.2600,0.0100,0.8432
920,0.0,1.1489,0.0000,False,False,False,-0.4189,4.7742,-0.2346,-1.2441,-0.1118,1.4814,-0.0474,-0.0749,0.0682,-0.0215,0.0555,0.1226,0.3747,0.1804,0.3874,1.0664,0.0000,0.0000,0.0000,0.0000,0.0000,0.0000,False,0.0583,-0.0466,-0.0686,-0.0667,0.0115,-0.0369,1.6724,grasp,0.0000,0.0000,0.0000,0.0000,0.0000,0.0000,False,,0.0500,0.0000,True,0.8020,-0.2600,0.0100,0.8432
921,0.0,1.1492,0.0000,False,False,False,-0.4161,4.7763,-0.2307,-1.2430,-0.1109,1.4800,0.1383,0.1047,0.1899,0.0553,0.0461,-0.0679,0.4688,0.1803,0.3882,1.0665,0.0000,0.0000,0.0000,0.0000,0.0000,0.0000,False,0.0510,0.0385,0.0701,0.0204,0.0170,-0.0250,1.1083,grasp,0.0000,0.0000,0.0000,0.0000,0.0000,0.0000,False,,0.0500,0.0000,False,0.8020,-0.2600,0.0100,0.8432
922,0.0,1.1492,0.0000,False,False,False,-0.4161,4.7763,-0.2307,-1.2430,-0.1109,1.4800,0.1383,0.1047,0.1899,0.0553,0.0461,-0.0679,0.4688,0.1803,0.3882,1.0665,0.0000,0.0000,0.0000,0.0000,0.0000,0.0000,False,0.0227,0.0382,-0.0441,-0.0099,-0.0545,0.0753,-0.0809,grasp,0.0000,0.0000,0.0000,0.0000,0.0000,0.0000,False,,0.0500,0.0000,False,0.8020,-0.2600,0.0100,0.8432
923,0.0,1.1496,0.0000,False,False,False,-0.4148,4.7778,-0.2283,-1.2416,-0.1107,1.4786,-0.0529,-0.0307,-0.0020,0.0658,-0.0449,-0.0532,0.4836,0.1847,0.3873,1.0665,0.0000,0.0000,0.0000,0.0000,0.0000,0.0000,False,-0.0511,-0.0241,0.0004,0.0665,-0.0443,-0.0540,1.7978,grasp,0.0000,0.0000,0.0000,0.0000,0.0000,0.0000,False,,0.0500,0.0000,True,0.8020,-0.2600,0.0100,0.8432
924,0.0,1.1496,0.0000,False,False,False,-0.4159,4.7773,-0.2283,-1.2404,-0.1116,1.4776,-0.1005,-0.0530,-0.0039,0.1251,-0.0852,-0.1010,0.4981,0.1847,0.3873,1.0665,0.0000,0.0000,0.0000,0.0000,0.0000,0.0000,False,-0.0777,0.0675,-0.0625,-0.0352,-0.0565,0.0264,2.7807,grasp,0.0000,0.0000,0.0000,0.0000,0.0000,0.0000,False,,0.0500,0.0000,True,0.8020,-0.2600,0.0100,0.8432
925,0.0,1.1496,0.0000,False,False,False,-0.4159,4.7773,-0.2283,-1.2404,-0.1116,1.4776,-0.0000,0.0000,-0.0000,0.0000,-0.0000,0.0000,0.5260,0.1847,0.3873,1.0665,0.0000,0.0000,0.0000,0.0000,0.0000,0.0000,False,-0.0778,-0.0613,0.0065,0.0488,0.0324,-0.0610,-2.5093,grasp,0.0000,0.0000,0.0000,0.0000,0.0000,0.0000,False,,0.0500,0.0000,False,0.8020,-0.2600,0.0100,0.8432
926,0.0,1.1497,0.0000,False,False,False,-0.4169,4.7769,-0.2279,-1.2407,-0.1117,1.4773,-0.0277,0.0232,0.0388,-0.0761,-0.0498,0.0330,0.5460,0.1853,0.3878,1.0664,0.0000,0.0000,0.0000,0.0000,0.0000,0.0000,False,-0.0285,0.0225,0.0389,-0.0756,-0.0494,0.0324,2.6480,grasp,0.0000,0.0000,0.0000,0.0000,0.0000,0.0000,False,,0.0500,0.0000,True,0.8020,-0.2600,0.0100,0.8432
927,0.0,1.1501,0.0000,False,False,False,-0.4165,4.7758,-0.2294,-1.2425,-0.1131,1.4759,0.0640,-0.1181,-0.1482,-0.0275,-0.0267,-0.1352,0.5721,0.1865,0.3884,1.0664,0.0000,0.0000,0.0000,0.0000,0.0000,0.0000,False,0.0332,-0.0609,-0.0772,-0.0159,-0.0150,-0.0705,1.4807,grasp,0.0000,0.0000,0.0000,0.0000,0.0000,0.0000,False,,0.0500,0.0000,False,0.8020,-0.2600,0.0100,0.8432
928,0.0,1.1501,0.0000,False,False,False,-0.4155,4.7741,-0.2315,-1.2429,-0.1135,1.4740,0.0913,-0.1685,-0.2113,-0.0393,-0.0381,-0.1929,0.5737,0.1865,0.3884,1.0664,0.0000,0.0000,0.0000,0.0000,0.0000,0.0000,False,0.0225,0.0676,0.0342,0.0494,0.0050,0.0347,-2.0099,grasp,0.0000,0.0000,0.0000,0.0000,0.0000,0.0000,False,,0.0500,0.0000,False,0.8020,-0.2600,0.0100,0.8432
929,0.0,1.1501,0.0000,False,False,False,-0.4155,4.7741,-0.2315,-1.2429,-0.1135,1.4740,0.0913,-0.1685,-0.2113,-0.0393,-0.0381,-0.1929,0.5737,0.1865,0.3884,1.0664,0.0000,0.0000,0.0000,0.0000,0.0000,0.0000,False,-0.0765,0.0238,0.0270,0.0783,0.0539,-0.0607,-0.1576,grasp,0.0000,0.0000,0.0000,0.0000,0.0000,0.0000,False,,0.0500,0.0000,False,0.8020,-0.2600,0.0100,0.8432
930,0.0,1.1498,0.0000,False,False,False,-0.4161,4.7698,-0.2279,-1.2395,-0.1177,1.4703,-0.0249,-0.1623,0.1740,0.1672,-0.2044,-0.1765,0.5043,0.1811,0.3900,1.0663,0.0000,0.0000,0.0000,0.0000,0.0000,0.0000,False,-0.0092,-0.0609,0.0642,0.0617,-0.0754,-0.0651,0.0795,grasp,0.0000,0.0000,0.0000,0.0000,0.0000,0.0000,False,,0.0500,0.0000,False,0.8020,-0.2600,0.0100,0.8432
931,0.0,1.1498,0.0000,False,False,False,-0.4161,4.7698,-0.2279,-1.2395,-0.1177,1.4703,-0.0249,-0.1623,0.1740,0.1672,-0.2044,-0.1765,0.5043,0.1811,0.3900,1.0663,0.0000,0.0000,0.0000,0.0000,0.0000,0.0000,False,-0.0084,0.0373,0.0178,0.0676,-0.0131,-0.0573,-2.3208,grasp,0.0000,0.0000,0.0000,0.0000,0.0000,0.0000,False,,0.0500,0.0000,False,0.8020,-0.2600,0.0100,0.8432
932,0.0,1.1488,0.0000,False,False,False,-0.4144,4.7660,-0.2260,-1.2388,-0.1202,1.4676,0.1312,-0.1163,-0.0173,-0.0968,0.0045,-0.0297,0.4349,0.1800,0.3886,1.0660,0.0000,0.0000,0.0000,0.0000,0.0000,0.0000,False,0.0687,-0.0634,-0.0069,-0.0488,-0.0002,-0.0179,-1.7646,grasp,0.0000,0.0000,0.0000,0.0000,0.0000,0.0000,False,,0.0500,0.0000,False,0.8020,-0.2600,0.0100,0.8432
933,0.0,1.1488,0.0000,False,False,False,-0.4125,4.7643,-0.2262,-1.2402,-0.1202,1.4672,0.1872,-0.1665,-0.0246,-0.1381,0.0064,-0.0423,0.4149,0.1800,0.3886,1.0660,0.0000,0.0000,0.0000,0.0000,0.0000,0.0000,False,-0.0657,0.0263,0.0618,-0.0394,-0.0008,0.0261,1.4706,grasp,0.0000,0.0000,0.0000,0.0000,0.0000,0.0000,False,,0.0500,0.0000,True,0.8020,-0.2600,0.0100,0.8432
934,0.0,1.1488,0.0000,False,False,False,-0.4125,4.7638,-0.2262,-1.2402,-0.1202,1.4672,-0.0000,-0.0000,-0.0000,0.0000,-0.0000,0.0000,0.4122,0.1800,0.3886,1.0660,0.0000,0.0000,0.0000,0.0000,0.0000,0.0000,False,0.0750,-0.0265,0.0716,-0.0502,0.0467,-0.0095,-1.9371,grasp,0.0000,0.0000,0.0000,0.0000,0.0000,0.0000,False,,0.0500,0.0000,False,0.8020,-0.2600,0.0100,0.8432
935,0.0,1.1484,0.0000,False,False,False,-0.4112,4.7630,-0.2262,-1.2405,-0.1198,1.4664,0.0520,-0.0576,-0.0714,0.0225,-0.0105,-0.0653,0.3522,0.1743,0.3893,1.0662,0.0000,0.0000,0.0000,0.0000,0.0000,0.0000,False,0.0528,-0.0579,-0.0707,0.0220,-0.0101,-0.0654,-2.2235,grasp,0.0000,0.0000,0.0000,0.0000,0.0000,0.0000,False,,0.0500,0.0000,False,0.8020,-0.2600,0.0100,0.8432
936,0.0,1.1470,0.0000,False,False,False,-0.4091,4.7603,-0.2295,-1.2380,-0.1181,1.4673,0.0761,-0.0942,-0.1276,0.1341,0.1250,0.1407,0.2722,0.1687,0.3879,1.0662,0.0000,0.0000,0.0000,0.0000,0.0000,0.0000,False,0.0410,-0.0522,-0.0685,0.0710,0.0656,0.0728,-2.8698,grasp,0.0000,0.0000,0.0000,0.0000,0.0000,0.0000,False,,0.0500,0.0000,False,0.8020,-0.2600,0.0100,0.8432
937,0.0,1.1470,0.0000,False,False,False,-0.4091,4.7603,-0.2295,-1.2380,-0.1181,1.4673,0.0761,-0.0942,-0.1276,0.1341,0.1250,0.1407,0.2722,0.1687,0.3879,1.0662,0.0000,0.0000,0.0000,0.0000,0.0000,0.0000,False,0.0638,-0.0482,0.0745,0.0299,-0.0271,-0.0102,1.5259,grasp,0.0000,0.0000,0.0000,0.0000,0.0000,0.0000,False,,0.0500,0.0000,True,0.8020,-0.2600,0.0100,0.8432
938,0.0,1.1470,0.0000,False,False,False,-0.4080,4.7583,-0.2314,-1.2361,-0.1163,1.4694,0.0000,-0.0000,-0.0000,0.0000,-0.0000,0.0000,0.2922,0.1687,0.3879,1.0662,0.0000,0.0000,0.0000,0.0000,0.0000,0.0000,False,0.0237,0.0195,0.0739,-0.0143,-0.0448,0.0319,2.4334,grasp,0.0000,0.0000,0.0000,0.0000,0.0000,0.0000,False,,0.0500,0.0000,True,0.8020,-0.2600,0.0100,0.8432
939,0.0,1.1473,0.0000,False,False,False,-0.4075,4.7579,-0.2305,-1.2360,-0.1174,1.4690,0.0297,-0.0626,0.0151,0.0247,-0.0597,-0.0718,0.2953,0.1646,0.3906,1.0661,0.0000,0.0000,0.0000,0.0000,0.0000,0.0000,False,0.0299,-0.0623,0.0158,0.0245,-0.0601,-0.0715,-1.4867,grasp,0.0000,0.0000,0.0000,0.0000,0.0000,0.0000,False,,0.0500,0.0000,False,0.8020,-0.2600,0.0100,0.8432
940,0.0,1.1473,0.0000,False,False,False,-0.4069,4.7566,-0.2302,-1.2355,-0.1185,1.4676,-0.0000,-0.0000,-0.0000,0.0000,-0.0000,0.0000,0.2739,0.1646,0.3906,1.0661,0.0000,0.0000,0.0000,0.0000,0.0000,0.0000,False,-0.0281,-0.0479,0.0030,0.0303,-0.0619,-0.0479,-1.9050,grasp,0.0000,0.0000,0.0000,0.0000,0.0000,0.0000,False,,0.0500,0.0000,False,0.8020,-0.2600,0.0100,0.8432
941,0.0,1.1464,0.0000,False,False,False,-0.4072,4.7561,-0.2301,-1.2352,-0.1191,1.4671,-0.0287,-0.0454,0.0027,0.0298,-0.0607,-0.0466,0.2622,0.1623,0.3894,1.0660,0.0000,0.0000,0.0000,0.0000,0.0000,0.0000,False,-0.0131,-0.0498,0.0001,-0.0389,-0.0647,0.0520,-2.4415,grasp,0.0000,0.0000,0.0000,0.0000,0.0000,0.0000,False,,0.0500,0.0000,False,0.8020,-0.2600,0.0100,0.8432
942,0.0,1.1464,0.0000,False,False,False,-0.4077,4.7552,-0.2301,-1.2347,-0.1203,1.4662,-0.0000,-0.0000,-0.0000,0.0000,-0.0000,0.0000,0.2355,0.1623,0.3894,1.0660,0.0000,0.0000,0.0000,0.0000,0.0000,0.0000,False,0.0384,0.0197,0.0322,0.0299,-0.0399,0.0626,-2.9255,grasp,0.0000,0.0000,0.0000,0.0000,0.0000,0.0000,False,,0.0500,0.0000,False,0.8020,-0.2600,0.0100,0.8432
943,0.0,1.1464,0.0000,False,False,False,-0.4077,4.7552,-0.2301,-1.2347,-0.1203,1.4662,0.0000,-0.0000,-0.0000,0.0000,-0.0000,0.0000,0.2355,0.1623,0.3894,1.0660,0.0000,0.0000,0.0000,0.0000,0.0000,0.0000,False,0.0271,-0.0521,0.0337,-0.0530,-0.0637,0.0441,2.0492,grasp,0.0000,0.0000,0.0000,0.0000,0.0000,0.0000,False,,0.0500,0.0000,True,0.8020,-0.2600,0.0100,0.8432
944,0.0,1.1462,0.0000,False,False,False,-0.4070,4.7550,-0.2292,-1.2351,-0.1207,1.4673,0.0502,0.0308,0.0551,0.0064,0.0166,0.0626,0.2953,0.1617,0.3892,1.0659,0.0000,0.0000,0.0000,0.0000,0.0000,0.0000,False,0.0505,0.0302,0.0554,0.0059,0.0159,0.0631,-0.4020,grasp,0.0000,0.0000,0.0000,0.0000,0.0000,0.0000,False,,0.0500,0.0000,False,0.8020,-0.2600,0.0100,0.8432
945,0.0,1.1465,0.0000,False,False,False,-0.4062,4.7562,-0.2282,-1.2347,-0.1206,1.4682,-0.0152,0.0601,-0.0052,0.0316,-0.0199,-0.0259,0.2764,0.1636,0.3894,1.0659,0.0000,0.0000,0.0000,0.0000,0.0000,0.0000,False,-0.0143,0.0614,-0.0041,0.0317,-0.0195,-0.0247,-2.1741,grasp,0.0000,0.0000,0.0000,0.0000,0.0000,0.0000,False,,0.0500,0.0000,False,0.8020,-0.2600,0.0100,0.8432
946,0.0,1.1465,0.0000,False,False,False,-0.4064,4.7575,-0.2283,-1.2341,-0.1210,1.4677,0.0000,-0.0000,-0.0000,0.0000,-0.0000,0.0000,0.2808,0.1636,0.3894,1.0659,0.0000,0.0000,0.0000,0.0000,0.0000,0.0000,False,0.0751,0.0765,-0.0518,0.0175,0.0060,-0.0721,1.2087,grasp,0.0000,0.0000,0.0000,0.0000,0.0000,0.0000,False,,0.0500,0.0000,True,0.8020,-0.2600,0.0100,0.8432
947,0.0,1.1465,0.0000,False,False,False,-0.4064,4.7575,-0.2283,-1.2341,-0.1210,1.4677,0.0000,-0.0000,-0.0000,0.0000,-0.0000,0.0000,0.2808,0.1636,0.3894,1.0659,0.0000,0.0000,0.0000,0.0000,0.0000,0.0000,False,0.0766,0.0564,0.0217,0.0172,-0.0389,-0.0629,0.6531,grasp,0.0000,0.0000,0.0000,0.0000,0.0000,0.0000,False,,0.0500,0.0000,True,0.8020,-0.2600,0.0100,0.8432
948,0.0,1.1472,0.0000,False,False,False,-0.4054,4.7588,-0.2292,-1.2341,-0.1210,1.4659,-0.0467,0.0001,-0.0562,-0.0407,0.0340,-0.0520,0.3393,0.1665,0.3906,1.0658,0.0000,0.0000,0.0000,0.0000,0.0000,0.0000,False,-0.0459,0.0008,-0.0559,-0.0405,0.0336,-0.0526,-0.3513,grasp,0.0000,0.0000,0.0000,0.0000,0.0000,0.0000,False,,0.0500,0.0000,False,0.8020,-0.2600,0.0100,0.8432
949,0.0,1.1472,0.0000,False,False,False,-0.4054,4.7588,-0.2292,-1.2341,-0.1210,1.4659,-0.0467,0.0001,-0.0562,-0.0407,0.0340,-0.0520,0.3393,0.1665,0.3906,1.0658,0.0000,0.0000,0.0000,0.0000,0.0000,0.0000,False,0.0170,0.0532,-0.0457,-0.0041,-0.0609,0.0197,-2.4568,grasp,0.0000,0.0000,0.0000,0.0000,0.0000,0.0000,False,,0.0500,0.0000,False,0.8020,-0.2600,0.0100,0.8432
950,0.0,1.1468,0.0000,False,False,False,-0.4061,4.7593,-0.2307,-1.2350,-0.1209,1.4651,0.0179,0.0532,-0.0446,-0.0033,-0.0616,0.0207,0.3009,0.1656,0.3896,1.0658,0.0000,0.0000,0.0000,0.0000,0.0000,0.0000,False,-0.0570,0.0314,0.0341,-0.0639,-0.0600,0.0494,-1.7188,grasp,0.0000,0.0000,0.0000,0.0000,0.0000,0.0000,False,,0.0500,0.0000,False,0.8020,-0.2600,0.0100,0.8432
951,0.0,1.1468,0.0000,False,False,False,-0.4061,4.7593,-0.2307,-1.2350,-0.1209,1.4651,-0.0000,-0.0000,-0.0000,0.0000,-0.0000,0.0000,0.2689,0.1656,0.3896,1.0658,0.0000,0.0000,0.0000,0.0000,0.0000,0.0000,False,0.0105,-0.0756,-0.0672,0.0139,0.0708,0.0122,-2.8573,grasp,0.0000,0.0000,0.0000,0.0000,0.0000,0.0000,False,,0.0500,0.0000,False,0.8020,-0.2600,0.0100,0.8432
952,0.0,1.1468,0.0000,False,False,False,-0.4060,4.7587,-0.2314,-1.2348,-0.1202,1.4652,0.0105,-0.0756,-0.0672,0.0139,0.0708,0.0122,0.2489,0.1656,0.3896,1.0658,0.0000,0.0000,0.0000,0.0000,0.0000,0.0000,False,0.0332,-0.0037,0.0021,0.0102,0.0760,-0.0081,0.2454,grasp,0.0000,0.0000,0.0000,0.0000,0.0000,0.0000,False,,0.0500,0.0000,True,0.8020,-0.2600,0.0100,0.8432
953,0.0,1.1467,0.0000,False,False,False,-0.4040,4.7568,-0.2330,-1.2329,-0.1182,1.4632,0.1305,-0.1286,-0.1109,0.1260,0.1346,-0.1314,0.3256,0.1642,0.3896,1.0659,0.0000,0.0000,0.0000,0.0000,0.0000,0.0000,False,0.0687,-0.0673,-0.0584,0.0663,0.0708,-0.0691,2.6810,grasp,0.0000,0.0000,0.0000,0.0000,0.0000,0.0000,False,,0.0500,0.0000,True,0.8020,-0.2600,0.0100,0.8432
954,0.0,1.1478,0.0000,False,False,False,-0.4025,4.7535,-0.2342,-1.2310,-0.1164,1.4613,-0.0332,-0.0526,0.0399,0.0085,-0.0177,-0.0035,0.3778,0.1583,0.3958,1.0657,0.0000,0.0000,0.0000,0.0000,0.0000,0.0000,False,-0.0313,-0.0647,0.0383,0.0103,-0.0157,-0.0054,0.6791,grasp,0.0000,0.0000,0.0000,0.0000,0.0000,0.0000,False,,0.0500,0.0000,False,0.8020,-0.2600,0.0100,0.8432
955,0.0,1.1478,0.0000,False,False,False,-0.4025,4.7535,-0.2342,-1.2310,-0.1164,1.4613,-0.0332,-0.0526,0.0399,0.0085,-0.0177,-0.0035,0.3778,0.1583,0.3958,1.0657,0.0000,0.0000,0.0000,0.0000,0.0000,0.0000,False,-0.0009,-0.0314,-0.0192,0.0397,0.0416,-0.0330,-2.2060,grasp,0.0000,0.0000,0.0000,0.0000,0.0000,0.0000,False,,0.0500,0.0000,False,0.8020,-0.2600,0.0100,0.8432
956,0.0,1.1478,0.0000,False,False,False,-0.4031,4.7523,-0.2335,-1.2308,-0.1168,1.4612,-0.0000,-0.0000,-0.0000,0.0000,-0.0000,0.0000,0.3686,0.1583,0.3958,1.0657,0.0000,0.0000,0.0000,0.0000,0.0000,0.0000,False,0.0718,0.0685,-0.0129,-0.0111,-0.0575,0.0647,2.2468,grasp,0.0000,0.0000,0.0000,0.0000,0.0000,0.0000,False,,0.0500,0.0000,True,0.8020,-0.2600,0.0100,0.8432
957,0.0,1.1478,0.0000,False,False,False,-0.4031,4.7523,-0.2335,-1.2308,-0.1168,1.4612,0.0000,-0.0000,-0.0000,0.0000,-0.0000,0.0000,0.3886,0.1583,0.3958,1.0657,0.0000,0.0000,0.0000,0.0000,0.0000,0.0000,False,-0.0662,0.0767,-0.0697,-0.0295,-0.0768,0.0778,1.0352,grasp,0.0000,0.0000,0.0000,0.0000,0.0000,0.0000,False,,0.0500,0.0000,True,0.8020,-0.2600,0.0100,0.8432
958,0.0,1.1483,0.0000,False,False,False,-0.4047,4.7534,-0.2312,-1.2325,-0.1154,1.4621,-0.1025,0.0730,0.1487,-0.1093,0.0931,0.0551,0.4685,0.1588,0.3972,1.0656,0.0000,0.0000,0.0000,0.0000,0.0000,0.0000,False,-0.0540,0.0381,0.0783,-0.0575,0.0490,0.0290,1.4567,grasp,0.0000,0.0000,0.0000,0.0000,0.0000,0.0000,False,,0.0500,0.0000,False,0.8020,-0.2600,0.0100,0.8432
959,0.0,1.1489,0.0000,False,False,False,-0.4058,4.7553,-0.2297,-1.2340,-0.1137,1.4633,0.0330,0.0366,-0.0644,0.0047,0.0363,0.0434,0.4468,0.1631,0.3960,1.0660,0.0000,0.0000,0.0000,0.0000,0.0000,0.0000,False,0.0315,0.0429,-0.0623,0.0031,0.0377,0.0442,-1.9697,grasp,0.0000,0.0000,0.0000,0.0000,0.0000,0.0000,False,,0.0500,0.0000,False,0.8020,-0.2600,0.0100,0.8432
960,0.0,1.1489,0.0000,False,False,False,-0.4052,4.7560,-0.2309,-1.2339,-0.1130,1.4641,0.0000,-0.0000,-0.0000,0.0000,-0.0000,0.0000,0.4405,0.1631,0.3960,1.0660,0.0000,0.0000,0.0000,0.0000,0.0000,0.0000,False,0.0005,-0.0279,-0.0246,-0.0388,-0.0653,-0.0145,1.2833,grasp,0.0000,0.0000,0.0000,0.0000,0.0000,0.0000,False,,0.0500,0.0000,False,0.8020,-0.2600,0.0100,0.8432
961,0.0,1.1489,0.0000,False,False,False,-0.4052,4.7560,-0.2309,-1.2339,-0.1130,1.4641,0.0000,-0.0000,-0.0000,0.0000,-0.0000,0.0000,0.4405,0.1631,0.3960,1.0660,0.0000,0.0000,0.0000,0.0000,0.0000,0.0000,False,-0.0501,0.0362,-0.0765,0.0517,-0.0739,0.0111,1.2661,grasp,0.0000,0.0000,0.0000,0.0000,0.0000,0.0000,False,,0.0500,0.0000,False,0.8020,-0.2600,0.0100,0.8432
962,0.0,1.1487,0.0000,False,False,False,-0.4053,4.7556,-0.2307,-1.2338,-0.1130,1.4644,-0.0106,-0.0139,0.0522,0.0535,0.0590,0.0471,0.4283,0.1624,0.3958,1.0660,0.0000,0.0000,0.0000,0.0000,0.0000,0.0000,False,-0.0106,-0.0142,0.0520,0.0531,0.0583,0.0469,-0.5966,grasp,0.0000,0.0000,0.0000,0.0000,0.0000,0.0000,False,,0.0500,0.0000,False,0.8020,-0.2600,0.0100,0.8432
963,0.0,1.1487,0.0000,False,False,False,-0.4058,4.7550,-0.2283,-1.2313,-0.1103,1.4666,-0.0286,-0.0377,0.1415,0.1450,0.1598,0.1276,0.4085,0.1624,0.3958,1.0660,0.0000,0.0000,0.0000,0.0000,0.0000,0.0000,False,0.0733,-0.0292,0.0009,-0.0181,-0.0021,0.0194,-2.2172,grasp,0.0000,0.0000,0.0000,0.0000,0.0000,0.0000,False,,0.0500,0.0000,False,0.8020,-0.2600,0.0100,0.8432
964,0.0,1.1490,0.0000,False,False,False,-0.4058,4.7548,-0.2258,-1.2298,-0.1076,1.4676,0.0302,0.0348,0.0664,-0.0334,0.0675,-0.0669,0.4399,0.1632,0.3960,1.0662,0.0000,0.0000,0.0000,0.0000,0.0000,0.0000,False,0.0299,0.0344,0.0682,-0.0316,0.0696,-0.0653,2.3076,grasp,0.0000,0.0000,0.0000,0.0000,0.0000,0.0000,False,,0.0500,0.0000,True,0.8020,-0.2600,0.0100,0.8432
965,0.0,1.1490,0.0000,False,False,False,-0.4053,4.7556,-0.2245,-1.2305,-0.1063,1.4663,-0.0000,-0.0000,-0.0000,0.0000,-0.0000,0.0000,0.4477,0.1632,0.3960,1.0662,0.0000,0.0000,0.0000,0.0000,0.0000,0.0000,False,-0.0083,-0.0742,-0.0604,-0.0464,0.0382,-0.0685,-2.7227,grasp,0.0000,0.0000,0.0000,0.0000,0.0000,0.0000,False,,0.0500,0.0000,False,0.8020,-0.2600,0.0100,0.8432
966,0.0,1.1490,0.0000,False,False,False,-0.4053,4.7556,-0.2245,-1.2305,-0.1063,1.4663,-0.0000,-0.0000,-0.0000,0.0000,-0.0000,0.0000,0.4477,0.1632,0.3960,1.0662,0.0000,0.0000,0.0000,0.0000,0.0000,0.0000,False,0.0301,0.0632,0.0046,-0.0753,-0.0012,0.0661,2.5083,grasp,0.0000,0.0000,0.0000,0.0000,0.0000,0.0000,False,,0.0500,0.0000,True,0.8020,-0.2600,0.0100,0.8432
967,0.0,1.1494,0.0000,False,False,False,-0.4061,4.7535,-0.2266,-1.2300,-0.1067,1.4636,-0.0469,-0.0892,-0.0930,0.0585,-0.0487,-0.1335,0.4879,0.1631,0.3968,1.0663,0.0000,0.0000,0.0000,0.0000,0.0000,0.0000,False,-0.0247,-0.0469,-0.0489,0.0308,-0.0257,-0.0703,1.3401,grasp,0.0000,0.0000,0.0000,0.0000,0.0000,0.0000,False,,0.0500,0.0000,False,0.8020,-0.2600,0.0100,0.8432
968,0.0,1.1494,0.0000,False,False,False,-0.4067,4.7522,-0.2279,-1.2292,-0.1074,1.4617,-0.0668,-0.1273,-0.1326,0.0834,-0.0695,-0.1904,0.4962,0.1631,0.3968,1.0663,0.0000,0.0000,0.0000,0.0000,0.0000,0.0000,False,-0.0533,-0.0223,0.0030,-0.0282,-0.0746,-0.0377,-2.2852,grasp,0.0000,0.0000,0.0000,0.0000,0.0000,0.0000,False,,0.0500,0.0000,False,0.8020,-0.2600,0.0100,0.8432
969,0.0,1.1491,0.0000,False,False,False,-0.4073,4.7517,-0.2279,-1.2295,-0.1081,1.4613,-0.0526,-0.0176,0.0043,-0.0291,-0.0739,-0.0358,0.4562,0.1607,0.3975,1.0661,0.0000,0.0000,0.0000,0.0000,0.0000,0.0000,False,0.0559,-0.0052,-0.0391,0.0602,-0.0199,-0.0674,-2.7851,grasp,0.0000,0.0000,0.0000,0.0000,0.0000,0.0000,False,,0.0500,0.0000,False,0.8020,-0.2600,0.0100,0.8432
970,0.0,1.1491,0.0000,False,False,False,-0.4083,4.7514,-0.2278,-1.2300,-0.1096,1.4606,-0.0000,-0.0000,-0.0000,0.0000,-0.0000,0.0000,0.4162,0.1607,0.3975,1.0661,0.0000,0.0000,0.0000,0.0000,0.0000,0.0000,False,-0.0128,-0.0402,0.0618,-0.0379,-0.0156,0.0548,-0.0067,grasp,0.0000,0.0000,0.0000,0.0000,0.0000,0.0000,False,,0.0500,0.0000,False,0.8020,-0.2600,0.0100,0.8432
971,0.0,1.1491,0.0000,False,False,False,-0.4083,4.7514,-0.2278,-1.2300,-0.1096,1.4606,-0.0000,-0.0000,-0.0000,0.0000,-0.0000,0.0000,0.3945,0.1607,0.3975,1.0661,0.0000,0.0000,0.0000,0.0000,0.0000,0.0000,False,-0.0664,0.0638,-0.0121,-0.0581,0.0116,0.0238,-2.0729,grasp,0.0000,0.0000,0.0000,0.0000,0.0000,0.0000,False,,0.0500,0.0000,False,0.8020,-0.2600,0.0100,0.8432
972,0.0,1.1482,0.0000,False,False,False,-0.4102,4.7531,-0.2281,-1.2317,-0.1092,1.4613,-0.1261,0.1215,-0.0230,-0.1104,0.0220,0.0452,0.3545,0.1606,0.3950,1.0661,0.0000,0.0000,0.0000,0.0000,0.0000,0.0000,False,-0.0374,0.0478,0.0528,0.0557,-0.0257,-0.0223,-2.4761,grasp,0.0000,0.0000,0.0000,0.0000,0.0000,0.0000,False,,0.0500,0.0000,False,0.8020,-0.2600,0.0100,0.8432
973,0.0,1.1484,0.0000,False,False,False,-0.4112,4.7546,-0.2298,-1.2331,-0.1111,1.4618,-0.0666,0.0834,-0.1077,-0.0896,-0.1264,0.0286,0.3945,0.1634,0.3945,1.0661,0.0000,0.0000,0.0000,0.0000,0.0000,0.0000,False,-0.0351,0.0441,-0.0567,-0.0472,-0.0665,0.0151,1.2993,grasp,0.0000,0.0000,0.0000,0.0000,0.0000,0.0000,False,,0.0500,0.0000,True,0.8020,-0.2600,0.0100,0.8432
974,0.0,1.1484,0.0000,False,False,False,-0.4122,4.7558,-0.2313,-1.2344,-0.1129,1.4622,0.0000,-0.0000,-0.0000,0.0000,-0.0000,0.0000,0.4337,0.1634,0.3945,1.0661,0.0000,0.0000,0.0000,0.0000,0.0000,0.0000,False,0.0181,-0.0686,-0.0286,-0.0184,0.0545,-0.0245,2.1409,grasp,0.0000,0.0000,0.0000,0.0000,0.0000,0.0000,False,,0.0500,0.0000,True,0.8020,-0.2600,0.0100,0.8432
975,0.0,1.1484,0.0000,False,False,False,-0.4122,4.7558,-0.2313,-1.2344,-0.1129,1.4622,0.0000,-0.0000,-0.0000,0.0000,-0.0000,0.0000,0.4337,0.1634,0.3945,1.0661,0.0000,0.0000,0.0000,0.0000,0.0000,0.0000,False,-0.0307,0.0363,-0.0090,-0.0401,-0.0267,0.0309,2.4122,grasp,0.0000,0.0000,0.0000,0.0000,0.0000,0.0000,False,,0.0500,0.0000,True,0.8020,-0.2600,0.0100,0.8432
976,0.0,1.1490,0.0000,False,False,False,-0.4117,4.7547,-0.2316,-1.2342,-0.1123,1.4618,0.0233,-0.0484,-0.0066,0.0352,0.0062,-0.0150,0.4369,0.1644,0.3958,1.0661,0.0000,0.0000,0.0000,0.0000,0.0000,0.0000,False,0.0233,-0.0484,-0.0066,0.0352,0.0062,-0.0150,-1.3115,grasp,0.0000,0.0000,0.0000,0.0000,0.0000,0.0000,False,,0.0500,0.0000,False,0.8020,-0.2600,0.0100,0.8432
977,0.0,1.1490,0.0000,False,False,False,-0.4113,4.7536,-0.2318,-1.2335,-0.1122,1.4615,0.0000,-0.0000,-0.0000,0.0000,-0.0000,0.0000,0.4220,0.1644,0.3958,1.0661,0.0000,0.0000,0.0000,0.0000,0.0000,0.0000,False,0.0268,-0.0179,0.0339,0.0687,-0.0299,0.0413,0.5330,grasp,0.0000,0.0000,0.0000,0.0000,0.0000,0.0000,False,,0.0500,0.0000,False,0.8020,-0.2600,0.0100,0.8432
978,0.0,1.1486,0.0000,False,False,False,-0.4105,4.7532,-0.2308,-1.2315,-0.1131,1.4627,0.0500,-0.0314,0.0647,0.1292,-0.0570,0.0790,0.4307,0.1627,0.3958,1.0659,0.0000,0.0000,0.0000,0.0000,0.0000,0.0000,False,0.0711,-0.0272,0.0647,-0.0694,-0.0742,0.0758,-1.3724,grasp,0.0000,0.0000,0.0000,0.0000,0.0000,0.0000,False,,0.0500,0.0000,False,0.8020,-0.2600,0.0100,0.8432
979,0.0,1.1486,0.0000,False,False,False,-0.4098,4.7527,-0.2299,-1.2297,-0.1139,1.4638,-0.0000,-0.0000,-0.0000,0.0000,-0.0000,0.0000,0.4144,0.1627,0.3958,1.0659,0.0000,0.0000,0.0000,0.0000,0.0000,0.0000,False,-0.0114,0.0294,0.0129,-0.0717,0.0748,-0.0242,2.1746,grasp,0.0000,0.0000,0.0000,0.0000,0.0000,0.0000,False,,0.0500,0.0000,True,0.8020,-0.2600,0.0100,0.8432
980,0.0,1.1486,0.0000,False,False,False,-0.4099,4.7530,-0.2297,-1.2304,-0.1131,1.4636,-0.0000,-0.0000,-0.0000,0.0000,-0.0000,0.0000,0.4340,0.1627,0.3958,1.0659,0.0000,0.0000,0.0000,0.0000,0.0000,0.0000,False,-0.0006,-0.0246,0.0649,0.0491,-0.0207,-0.0368,0.0625,grasp,0.0000,0.0000,0.0000,0.0000,0.0000,0.0000,False,,0.0500,0.0000,False,0.8020,-0.2600,0.0100,0.8432
981,0.0,1.1486,0.0000,False,False,False,-0.4099,4.7523,-0.2279,-1.2290,-0.1138,1.4625,-0.0009,-0.0473,0.1231,0.0947,-0.0407,-0.0695,0.4291,0.1630,0.3957,1.0659,0.0000,0.0000,0.0000,0.0000,0.0000,0.0000,False,0.0745,-0.0735,0.0473,-0.0288,0.0613,-0.0249,-0.8131,grasp,0.0000,0.0000,0.0000,0.0000,0.0000,0.0000,False,,0.0500,0.0000,False,0.8020,-0.2600,0.0100,0.8432
982,0.0,1.1480,0.0000,False,False,False,-0.4077,4.7531,-0.2256,-1.2291,-0.1126,1.4636,0.1493,0.1011,0.0336,-0.0989,0.1140,0.1359,0.3669,0.1629,0.3936,1.0660,0.0000,0.0000,0.0000,0.0000,0.0000,0.0000,False,0.0786,0.0525,0.0194,-0.0507,0.0594,0.0706,-2.0893,grasp,0.0000,0.0000,0.0000,0.0000,0.0000,0.0000,False,,0.0500,0.0000,False,0.8020,-0.2600,0.0100,0.8432
983,0.0,1.1480,0.0000,False,False,False,-0.4056,4.7547,-0.2251,-1.2306,-0.1110,1.4655,0.0000,-0.0000,-0.0000,0.0000,-0.0000,0.0000,0.3667,0.1629,0.3936,1.0660,0.0000,0.0000,0.0000,0.0000,0.0000,0.0000,False,-0.0653,-0.0347,0.0712,-0.0376,0.0056,-0.0059,2.2640,grasp,0.0000,0.0000,0.0000,0.0000,0.0000,0.0000,False,,0.0500,0.0000,True,0.8020,-0.2600,0.0100,0.8432
984,0.0,1.1480,0.0000,False,False,False,-0.4056,4.7547,-0.2251,-1.2306,-0.1110,1.4655,0.0000,-0.0000,-0.0000,0.0000,-0.0000,0.0000,0.3667,0.1629,0.3936,1.0660,0.0000,0.0000,0.0000,0.0000,0.0000,0.0000,False,0.0752,-0.0349,0.0211,-0.0720,-0.0208,-0.0463,2.1705,grasp,0.0000,0.0000,0.0000,0.0000,0.0000,0.0000,False,,0.0500,0.0000,True,0.8020,-0.2600,0.0100,0.8432
985,0.0,1.1488,0.0000,False,False,False,-0.4060,4.7536,-0.2243,-1.2317,-0.1106,1.4658,0.0202,-0.0778,0.0144,-0.0780,0.0344,0.0349,0.4443,0.1642,0.3951,1.0661,0.0000,0.0000,0.0000,0.0000,0.0000,0.0000,False,0.0202,-0.0778,0.0144,-0.0780,0.0344,0.0349,1.6283,grasp,0.0000,0.0000,0.0000,0.0000,0.0000,0.0000,False,,0.0500,0.0000,True,0.8020,-0.2600,0.0100,0.8432
986,0.0,1.1488,0.0000,False,False,False,-0.4056,4.7522,-0.2240,-1.2332,-0.1099,1.4665,0.0384,-0.1484,0.0273,-0.1481,0.0653,0.0663,0.4606,0.1642,0.3951,1.0661,0.0000,0.0000,0.0000,0.0000,0.0000,0.0000,False,0.0260,0.0398,-0.0462,-0.0548,-0.0437,-0.0069,-2.7245,grasp,0.0000,0.0000,0.0000,0.0000,0.0000,0.0000,False,,0.0500,0.0000,False,0.8020,-0.2600,0.0100,0.8432
987,0.0,1.1488,0.0000,False,False,False,-0.4054,4.7524,-0.2244,-1.2337,-0.1104,1.4664,0.0256,0.0441,-0.0464,-0.0534,-0.0443,-0.0076,0.4206,0.1642,0.3951,1.0661,0.0000,0.0000,0.0000,0.0000,0.0000,0.0000,False,0.0174,0.0770,0.0642,0.0688,0.0184,0.0525,2.4931,grasp,0.0000,0.0000,0.0000,0.0000,0.0000,0.0000,False,,0.0500,0.0000,True,0.8020,-0.2600,0.0100,0.8432
988,0.0,1.1487,0.0000,False,False,False,-0.4050,4.7527,-0.2259,-1.2345,-0.1116,1.4662,-0.0085,-0.0532,-0.0553,0.0187,-0.0355,-0.0072,0.4404,0.1617,0.3954,1.0663,0.0000,0.0000,0.0000,0.0000,0.0000,0.0000,False,-0.0080,-0.0524,-0.0562,0.0177,-0.0363,-0.0073,2.9423,grasp,0.0000,0.0000,0.0000,0.0000,0.0000,0.0000,False,,0.0500,0.0000,True,0.8020,-0.2600,0.0100,0.8432
989,0.0,1.1487,0.0000,False,False,False,-0.4051,4.7517,-0.2269,-1.2342,-0.1122,1.4660,-0.0161,-0.1016,-0.1050,0.0355,-0.0674,-0.0136,0.4602,0.1617,0.3954,1.0663,0.0000,0.0000,0.0000,0.0000,0.0000,0.0000,False,0.0157,0.0372,0.0167,-0.0189,-0.0008,0.0590,0.2805,grasp,0.0000,0.0000,0.0000,0.0000,0.0000,0.0000,False,,0.0500,0.0000,False,0.8020,-0.2600,0.0100,0.8432
990,0.0,1.1494,0.0000,False,False,False,-0.4052,4.7521,-0.2274,-1.2348,-0.1125,1.4667,-0.0035,0.0638,-0.0494,-0.0596,-0.0216,0.0647,0.5105,0.1611,0.3982,1.0661,0.0000,0.0000,0.0000,0.0000,0.0000,0.0000,False,-0.0035,0.0635,-0.0494,-0.0596,-0.0216,0.0647,1.8345,grasp,0.0000,0.0000,0.0000,0.0000,0.0000,0.0000,False,,0.0500,0.0000,False,0.8020,-0.2600,0.0100,0.8432
991,0.0,1.1494,0.0000,False,False,False,-0.4049,4.7528,-0.2287,-1.2353,-0.1134,1.4686,0.0372,-0.0617,-0.0318,0.0636,-0.0548,0.0717,0.4828,0.1611,0.3982,1.0661,0.0000,0.0000,0.0000,0.0000,0.0000,0.0000,False,0.0371,-0.0600,-0.0327,0.0625,-0.0552,0.0729,-2.8509,grasp,0.0000,0.0000,0.0000,0.0000,0.0000,0.0000,False,,0.0500,0.0000,False,0.8020,-0.2600,0.0100,0.8432
992,0.0,1.1490,0.0000,False,False,False,-0.4042,4.7514,-0.2293,-1.2341,-0.1145,1.4700,-0.0000,-0.0000,-0.0000,0.0000,-0.0000,0.0000,0.4428,0.1601,0.3977,1.0660,0.0000,0.0000,0.0000,0.0000,0.0000,0.0000,False,-0.0798,-0.0648,-0.0397,0.0220,-0.0119,-0.0553,-2.3152,grasp,0.0000,0.0000,0.0000,0.0000,0.0000,0.0000,False,,0.0500,0.0000,False,0.8020,-0.2600,0.0100,0.8432
993,0.0,1.1490,0.0000,False,False,False,-0.4050,4.7508,-0.2297,-1.2339,-0.1146,1.4694,-0.0805,-0.0612,-0.0391,0.0208,-0.0108,-0.0566,0.4228,0.1601,0.3977,1.0660,0.0000,0.0000,0.0000,0.0000,0.0000,0.0000,False,-0.0341,-0.0613,-0.0265,0.0784,0.0541,-0.0366,-1.1915,grasp,0.0000,0.0000,0.0000,0.0000,0.0000,0.0000,False,,0.0500,0.0000,False,0.8020,-0.2600,0.0100,0.8432
994,0.0,1.1479,0.0000,False,False,False,-0.4059,4.7488,-0.2305,-1.2335,-0.1155,1.4676,0.0604,-0.0734,-0.0034,-0.0003,-0.0738,-0.0777,0.3474,0.1575,0.3959,1.0659,0.0000,0.0000,0.0000,0.0000,0.0000,0.0000,False,0.0589,-0.0748,-0.0041,0.0001,-0.0740,-0.0788,-2.8233,grasp,0.0000,0.0000,0.0000,0.0000,0.0000,0.0000,False,,0.0500,0.0000,False,0.8020,-0.2600,0.0100,0.8432
995,0.0,1.1479,0.0000,False,False,False,-0.4047,4.7475,-0.2305,-1.2335,-0.1169,1.4661,0.1147,-0.1402,-0.0064,-0.0006,-0.1402,-0.1477,0.3274,0.1575,0.3959,1.0659,0.0000,0.0000,0.0000,0.0000,0.0000,0.0000,False,-0.0341,0.0661,-0.0629,-0.0338,-0.0616,0.0265,2.4809,grasp,0.0000,0.0000,0.0000,0.0000,0.0000,0.0000,False,,0.0500,0.0000,True,0.8020,-0.2600,0.0100,0.8432
996,0.0,1.1479,0.0000,False,False,False,-0.4051,4.7479,-0.2311,-1.2338,-0.1175,1.4664,-0.0353,0.0704,-0.0629,-0.0337,-0.0602,0.0280,0.3674,0.1575,0.3959,1.0659,0.0000,0.0000,0.0000,0.0000,0.0000,0.0000,False,-0.0774,0.0460,0.0781,-0.0737,0.0393,-0.0523,-0.8163,grasp,0.0000,0.0000,0.0000,0.0000,0.0000,0.0000,False,,0.0500,0.0000,False,0.8020,-0.2600,0.0100,0.8432
997,0.0,1.1479,0.0000,False,False,False,-0.4050,4.7490,-0.2323,-1.2344,-0.1187,1.4663,0.0770,-0.0279,0.0058,0.0038,-0.0041,-0.0567,0.4094,0.1573,0.3965,1.0657,0.0000,0.0000,0.0000,0.0000,0.0000,0.0000,False,0.0763,-0.0258,0.0046,0.0032,-0.0053,-0.0562,0.8020,grasp,0.0000,0.0000,0.0000,0.0000,0.0000,0.0000,False,,0.0500,0.0000,False,0.8020,-0.2600,0.0100,0.8432
998,0.0,1.1479,0.0000,False,False,False,-0.4050,4.7490,-0.2323,-1.2344,-0.1187,1.4663,0.0770,-0.0279,0.0058,0.0038,-0.0041,-0.0567,0.4094,0.1573,0.3965,1.0657,0.0000,0.0000,0.0000,0.0000,0.0000,0.0000,False,-0.0544,-0.0655,-0.0329,0.0561,0.0114,0.0510,-2.6863,grasp,0.0000,0.0000,0.0000,0.0000,0.0000,0.0000,False,,0.0500,0.0000,False,0.8020,-0.2600,0.0100,0.8432
999,0.0,1.1478,0.0000,False,False,False,-0.4044,4.7496,-0.2323,-1.2335,-0.1195,1.4643,-0.0567,0.0807,-0.0054,0.0566,-0.0489,-0.0656,0.3590,0.1563,0.3966,1.0657,0.0000,0.0000,0.0000,0.0000,0.0000,0.0000,False,-0.0284,0.0416,-0.0027,0.0298,-0.0258,-0.0356,-1.7189,grasp,0.0000,0.0000,0.0000,0.0000,0.0000,0.0000,False,,0.0500,0.0000,False,0.8020,-0.2600,0.0100,0.8432
1000,0.0,1.1478,0.0000,False,False,False,-0.4054,4.7516,-0.2320,-1.2320,-0.1201,1.4635,-0.0222,0.0732,0.0313,0.0630,0.0144,0.0167,0.3085,0.1563,0.3966,1.0657,0.0000,0.0000,0.0000,0.0000,0.0000,0.0000,False,-0.0230,0.0762,0.0313,0.0639,0.0137,0.0158,-1.8113,grasp,0.0000,0.0000,0.0000,0.0000,0.0000,0.0000,False,,0.0500,0.0000,False,0.8020,-0.2600,0.0100,0.8432
1001,0.0,1.1439,-0.0119,False,False,False,-0.4338,4.7605,-0.2260,-1.2573,-0.1093,1.4724,0.0310,-0.0399,-0.0649,-0.0755,0.0222,0.0511,0.0397,0.1677,0.3748,1.0677,0.0000,0.0000,0.0000,0.0000,0.0000,0.0000,False,0.0306,-0.0400,-0.0649,-0.0761,0.0223,0.0511,1.1284,grasp,0.0000,0.0000,0.0000,0.0000,0.0000,0.0000,False,,0.0500,0.0000,True,0.8020,-0.2600,0.0100,0.8432
1002,0.0,1.1439,-0.0147,False,False,False,-0.4332,4.7598,-0.2273,-1.2588,-0.1088,1.4734,0.0589,-0.0763,-0.1233,-0.1434,0.0422,0.0970,0.0593,0.1677,0.3748,1.0677,0.0000,0.0000,0.0000,0.0000,0.0000,0.0000,False,-0.0484,-0.0691,-0.0733,-0.0446,-0.0677,0.0738,0.4699,grasp,0.0000,0.0000,0.0000,0.0000,0.0000,0.0000,False,,0.0500,0.0000,True,0.8020,-0.2600,0.0100,0.8432
1003,0.0,1.1439,-0.0179,False,False,False,-0.4337,4.7589,-0.2280,-1.2592,-0.1095,1.4741,-0.0490,-0.0659,-0.0721,-0.0432,-0.0682,0.0728,0.0990,0.1677,0.3748,1.0677,0.0000,0.0000,0.0000,0.0000,0.0000,0.0000,False,-0.0590,-0.0469,-0.0568,0.0577,0.0783,-0.0560,2.8928,grasp,0.0000,0.0000,0.0000,0.0000,0.0000,0.0000,False,,0.0500,0.0000,True,0.8020,-0.2600,0.0100,0.8432
1004,0.0,1.1459,-0.0348,False,False,False,-0.4359,4.7569,-0.2264,-1.2593,-0.1073,1.4721,-0.1462,-0.1310,0.1028,-0.0064,0.1478,-0.1305,0.1657,0.1682,0.3807,1.0676,0.0000,0.0000,0.0000,0.0000,0.0000,0.0000,False,-0.0769,-0.0690,0.0541,-0.0034,0.0778,-0.0687,-0.8576,grasp,0.0000,0.0000,0.0000,0.0000,0.0000,0.0000,False,,0.0500,0.0000,False,0.8020,-0.2600,0.0100,0.8432
1005,0.0,1.1476,-0.0152,False,False,False,-0.4378,4.7551,-0.2256,-1.2602,-0.1044,1.4698,0.0158,0.0177,-0.0655,-0.0793,0.0711,-0.0406,0.2178,0.1685,0.3852,1.0678,0.0000,0.0000,0.0000,0.0000,0.0000,0.0000,False,0.0137,0.0149,-0.0640,-0.0794,0.0732,-0.0424,0.8431,grasp,0.0000,0.0000,0.0000,0.0000,0.0000,0.0000,False,,0.0500,0.0000,True,0.8020,-0.2600,0.0100,0.8432
1006,0.0,1.1476,-0.0130,False,False,False,-0.4378,4.7551,-0.2256,-1.2602,-0.1044,1.4698,0.0158,0.0177,-0.0655,-0.0793,0.0711,-0.0406,0.2178,0.1685,0.3852,1.0678,0.0000,0.0000,0.0000,0.0000,0.0000,0.0000,False,-0.0612,-0.0003,-0.0603,-0.0177,-0.0349,0.0719,2.7250,grasp,0.0000,0.0000,0.0000,0.0000,0.0000,0.0000,False,,0.0500,0.0000,True,0.8020,-0.2600,0.0100,0.8432
1007,0.0,1.1476,-0.0126,False,False,False,-0.4372,4.7557,-0.2263,-1.2619,-0.1025,1.4684,0.0352,0.0280,0.0592,-0.0185,0.0571,-0.0670,0.2774,0.1685,0.3852,1.0678,0.0000,0.0000,0.0000,0.0000,0.0000,0.0000,False,0.0355,0.0283,0.0580,-0.0200,0.0585,-0.0678,2.5672,grasp,0.0000,0.0000,0.0000,0.0000,0.0000,0.0000,False,,0.0500,0.0000,True,0.8020,-0.2600,0.0100,0.8432
1008,0.0,1.1476,-0.0132,False,False,False,-0.4372,4.7557,-0.2263,-1.2619,-0.1025,1.4684,0.0352,0.0280,0.0592,-0.0185,0.0571,-0.0670,0.2774,0.1685,0.3852,1.0678,0.0000,0.0000,0.0000,0.0000,0.0000,0.0000,False,0.0386,0.0469,-0.0430,0.0619,-0.0339,-0.0140,2.7482,grasp,0.0000,0.0000,0.0000,0.0000,0.0000,0.0000,False,,0.0500,0.0000,True,0.8020,-0.2600,0.0100,0.8432
1009,0.0,1.1493,-0.0028,False,False,False,-0.4361,4.7567,-0.2256,-1.2616,-0.1018,1.4670,0.0000,-0.0000,-0.0000,0.0000,-0.0000,0.0000,0.3567,0.1704,0.3890,1.0680,0.0000,0.0000,0.0000,0.0000,0.0000,0.0000,False,-0.0319,0.0126,-0.0069,0.0763,0.0593,-0.0615,1.3216,grasp,0.0000,0.0000,0.0000,0.0000,0.0000,0.0000,False,,0.0500,0.0000,True,0.8020,-0.2600,0.0100,0.8432
1010,0.0,1.1496,-0.0112,False,False,False,-0.4362,4.7570,-0.2261,-1.2607,-0.1007,1.4659,0.0291,0.0127,-0.0431,0.0182,0.0532,-0.0488,0.3405,0.1708,0.3898,1.0679,0.0000,0.0000,0.0000,0.0000,0.0000,0.0000,False,0.0288,0.0128,-0.0432,0.0190,0.0538,-0.0495,-2.1388,grasp,0.0000,0.0000,0.0000,0.0000,0.0000,0.0000,False,,0.0500,0.0000,False,0.8020,-0.2600,0.0100,0.8432
1011,0.0,1.1496,-0.0112,False,False,False,-0.4362,4.7570,-0.2261,-1.2607,-0.1007,1.4659,0.0291,0.0127,-0.0431,0.0182,0.0532,-0.0488,0.3405,0.1708,0.3898,1.0679,0.0000,0.0000,0.0000,0.0000,0.0000,0.0000,False,-0.0410,-0.0724,0.0348,-0.0572,0.0239,-0.0034,-2.1977,grasp,0.0000,0.0000,0.0000,0.0000,0.0000,0.0000,False,,0.0500,0.0000,False,0.8020,-0.2600,0.0100,0.8432
1012,0.0,1.1496,-0.0165,False,False,False,-0.4358,4.7566,-0.2261,-1.2596,-0.0991,1.4653,-0.0223,-0.0628,0.0790,0.0752,0.0587,0.0280,0.3602,0.1708,0.3898,1.0679,0.0000,0.0000,0.0000,0.0000,0.0000,0.0000,False,-0.0217,-0.0626,0.0782,0.0755,0.0597,0.0271,1.2103,grasp,0.0000,0.0000,0.0000,0.0000,0.0000,0.0000,False,,0.0500,0.0000,True,0.8020,-0.2600,0.0100,0.8432
1013,0.0,1.1500,-0.0124,False,False,False,-0.4362,4.7557,-0.2246,-1.2577,-0.0986,1.4652,0.0035,0.0342,0.0034,0.0466,-0.0670,-0.0578,0.3656,0.1703,0.3913,1.0679,0.0000,0.0000,0.0000,0.0000,0.0000,0.0000,False,0.0031,0.0328,0.0049,0.0480,-0.0659,-0.0573,-0.7372,grasp,0.0000,0.0000,0.0000,0.0000,0.0000,0.0000,False,,0.0500,0.0000,False,0.8020,-0.2600,0.0100,0.8432
1014,0.0,1.1500,-0.0221,False,False,False,-0.4362,4.7564,-0.2245,-1.2568,-0.0999,1.4641,0.0067,0.0648,0.0065,0.0885,-0.1273,-0.1098,0.3596,0.1703,0.3913,1.0679,0.0000,0.0000,0.0000,0.0000,0.0000,0.0000,False,0.0561,0.0106,-0.0619,0.0514,0.0399,0.0773,-1.6597,grasp,0.0000,0.0000,0.0000,0.0000,0.0000,0.0000,False,,0.0500,0.0000,False,0.8020,-0.2600,0.0100,0.8432
1015,0.0,1.1500,-0.0214,False,False,False,-0.4362,4.7564,-0.2245,-1.2568,-0.0999,1.4641,0.0067,0.0648,0.0065,0.0885,-0.1273,-0.1098,0.3596,0.1703,0.3913,1.0679,0.0000,0.0000,0.0000,0.0000,0.0000,0.0000,False,-0.0696,0.0366,0.0157,0.0623,0.0023,0.0658,-1.1642,grasp,0.0000,0.0000,0.0000,0.0000,0.0000,0.0000,False,,0.0500,0.0000,False,0.8020,-0.2600,0.0100,0.8432
1016,0.0,1.1493,-0.0258,False,False,False,-0.4347,4.7551,-0.2266,-1.2582,-0.1039,1.4646,0.0728,-0.0648,-0.1006,-0.0673,-0.1961,0.0226,0.2975,0.1709,0.3891,1.0678,0.0000,0.0000,0.0000,0.0000,0.0000,0.0000,False,0.0268,-0.0239,-0.0371,-0.0248,-0.0724,0.0083,-1.3443,grasp,0.0000,0.0000,0.0000,0.0000,0.0000,0.0000,False,,0.0500,0.0000,False,0.8020,-0.2600,0.0100,0.8432
1017,0.0,1.1493,-0.0267,False,False,False,-0.4347,4.7551,-0.2266,-1.2582,-0.1039,1.4646,0.0728,-0.0648,-0.1006,-0.0673,-0.1961,0.0226,0.2975,0.1709,0.3891,1.0678,0.0000,0.0000,0.0000,0.0000,0.0000,0.0000,False,-0.0732,0.0158,-0.0355,-0.0373,-0.0046,0.0769,0.9540,grasp,0.0000,0.0000,0.0000,0.0000,0.0000,0.0000,False,,0.0500,0.0000,True,0.8020,-0.2600,0.0100,0.8432
1018,0.0,1.1488,-0.0030,False,False,False,-0.4337,4.7540,-0.2279,-1.2590,-0.1064,1.4649,0.0000,-0.0000,-0.0000,0.0000,-0.0000,0.0000,0.3306,0.1677,0.3898,1.0676,0.0000,0.0000,0.0000,0.0000,0.0000,0.0000,False,0.0025,-0.0059,-0.0235,0.0079,-0.0734,0.0683,-2.3983,grasp,0.0000,0.0000,0.0000,0.0000,0.0000,0.0000,False,,0.0500,0.0000,False,0.8020,-0.2600,0.0100,0.8432
1019,0.0,1.1488,-0.0113,False,False,False,-0.4337,4.7539,-0.2281,-1.2590,-0.1072,1.4655,0.0025,-0.0057,-0.0235,0.0079,-0.0734,0.0683,0.3506,0.1677,0.3898,1.0676,0.0000,0.0000,0.0000,0.0000,0.0000,0.0000,False,0.0478,-0.0437,0.0170,-0.0287,-0.0519,-0.0437,-2.7185,grasp,0.0000,0.0000,0.0000,0.0000,0.0000,0.0000,False,,0.0500,0.0000,False,0.8020,-0.2600,0.0100,0.8432
1020,0.0,1.1488,-0.0018,False,False,False,-0.4337,4.7539,-0.2281,-1.2590,-0.1072,1.4655,-0.0000,-0.0000,-0.0000,0.0000,-0.0000,0.0000,0.3346,0.1677,0.3898,1.0676,0.0000,0.0000,0.0000,0.0000,0.0000,0.0000,False,0.0583,0.0597,-0.0455,0.0246,-0.0338,-0.0529,1.9970,grasp,0.0000,0.0000,0.0000,0.0000,0.0000,0.0000,False,,0.0500,0.0000,True,0.8020,-0.2600,0.0100,0.8432
1021,0.0,1.1495,-0.0138,False,False,False,-0.4317,4.7554,-0.2293,-1.2589,-0.1075,1.4633,0.0281,-0.0327,0.0173,-0.0684,0.0658,-0.0758,0.4339,0.1691,0.3916,1.0675,0.0000,0.0000,0.0000,0.0000,0.0000,0.0000,False,0.0292,-0.0313,0.0164,-0.0680,0.0652,-0.0768,2.5401,grasp,0.0000,0.0000,0.0000,0.0000,0.0000,0.0000,False,,0.0500,0.0000,True,0.8020,-0.2600,0.0100,0.8432
1022,0.0,1.1495,-0.0286,False,False,False,-0.4312,4.7547,-0.2289,-1.2602,-0.1062,1.4618,0.0534,-0.0618,0.0329,-0.1301,0.1251,-0.1440,0.4535,0.1691,0.3916,1.0675,0.0000,0.0000,0.0000,0.0000,0.0000,0.0000,False,0.0536,0.0558,0.0094,-0.0075,0.0113,0.0333,1.1688,grasp,0.0000,0.0000,0.0000,0.0000,0.0000,0.0000,False,,0.0500,0.0000,False,0.8020,-0.2600,0.0100,0.8432
1023,0.0,1.1506,-0.0100,False,False,False,-0.4307,4.7553,-0.2288,-1.2603,-0.1061,1.4622,0.0531,0.0567,0.0090,-0.0062,0.0100,0.0348,0.4934,0.1692,0.3945,1.0675,0.0000,0.0000,0.0000,0.0000,0.0000,0.0000,False,-0.0785,0.0701,0.0042,-0.0607,-0.0744,0.0470,0.4598,grasp,0.0000,0.0000,0.0000,0.0000,0.0000,0.0000,False,,0.0500,0.0000,False,0.8020,-0.2600,0.0100,0.8432
1024,0.0,1.1506,-0.0182,False,False,False,-0.4297,4.7563,-0.2287,-1.2604,-0.1059,1.4628,0.1009,0.1076,0.0172,-0.0118,0.0190,0.0661,0.5133,0.1692,0.3945,1.0675,0.0000,0.0000,0.0000,0.0000,0.0000,0.0000,False,-0.0360,0.0414,0.0566,0.0544,0.0587,0.0671,0.7760,grasp,0.0000,0.0000,0.0000,0.0000,0.0000,0.0000,False,,0.0500,0.0000,False,0.8020,-0.2600,0.0100,0.8432
1025,0.0,1.1506,-0.0026,False,False,False,-0.4297,4.7564,-0.2287,-1.2604,-0.1059,1.4628,-0.0000,-0.0000,-0.0000,0.0000,-0.0000,0.0000,0.4939,0.1692,0.3945,1.0675,0.0000,0.0000,0.0000,0.0000,0.0000,0.0000,False,-0.0382,-0.0187,0.0160,-0.0269,-0.0738,-0.0363,-1.4089,grasp,0.0000,0.0000,0.0000,0.0000,0.0000,0.0000,False,,0.0500,0.0000,False,0.8020,-0.2600,0.0100,0.8432
1026,0.0,1.1506,-0.0265,False,False,False,-0.4288,4.7581,-0.2297,-1.2588,-0.1085,1.4623,0.0786,0.1228,-0.0816,0.1205,-0.1180,-0.0125,0.4517,0.1703,0.3940,1.0676,0.0000,0.0000,0.0000,0.0000,0.0000,0.0000,False,0.0410,0.0644,-0.0428,0.0631,-0.0629,-0.0069,-0.0639,grasp,0.0000,0.0000,0.0000,0.0000,0.0000,0.0000,False,,0.0500,0.0000,False,0.8020,-0.2600,0.0100,0.8432
1027,0.0,1.1501,-0.0092,False,False,False,-0.4283,4.7596,-0.2303,-1.2572,-0.1101,1.4623,-0.0559,-0.0363,0.0623,-0.0089,0.0034,0.0173,0.4647,0.1724,0.3924,1.0673,0.0000,0.0000,0.0000,0.0000,0.0000,0.0000,False,-0.0548,-0.0330,0.0611,-0.0072,0.0017,0.0171,1.1455,grasp,0.0000,0.0000,0.0000,0.0000,0.0000,0.0000,False,,0.0500,0.0000,False,0.8020,-0.2600,0.0100,0.8432
1028,0.0,1.1501,-0.0158,False,False,False,-0.4293,4.7590,-0.2291,-1.2574,-0.1101,1.4626,-0.1063,-0.0674,0.1183,-0.0170,0.0064,0.0329,0.4729,0.1724,0.3924,1.0673,0.0000,0.0000,0.0000,0.0000,0.0000,0.0000,False,-0.0385,-0.0182,-0.0264,-0.0359,-0.0723,-0.0606,-0.0018,grasp,0.0000,0.0000,0.0000,0.0000,0.0000,0.0000,False,,0.0500,0.0000,False,0.8020,-0.2600,0.0100,0.8432
1029,0.0,1.1501,-0.0171,False,False,False,-0.4293,4.7590,-0.2291,-1.2574,-0.1101,1.4626,-0.1063,-0.0674,0.1183,-0.0170,0.0064,0.0329,0.4729,0.1724,0.3924,1.0673,0.0000,0.0000,0.0000,0.0000,0.0000,0.0000,False,-0.0581,-0.0736,0.0543,-0.0775,-0.0417,-0.0426,1.0838,grasp,0.0000,0.0000,0.0000,0.0000,0.0000,0.0000,False,,0.0500,0.0000,False,0.8020,-0.2600,0.0100,0.8432
1030,0.0,1.1505,-0.0499,False,False,False,-0.4325,4.7522,-0.2312,-1.2624,-0.1135,1.4679,-0.1197,-0.2614,-0.0795,-0.1917,-0.1298,0.2001,0.5269,0.1729,0.3932,1.0673,0.0000,0.0000,0.0000,0.0000,0.0000,0.0000,False,-0.0348,-0.0757,-0.0231,-0.0557,-0.0378,0.0582,1.6915,grasp,0.0000,0.0000,0.0000,0.0000,0.0000,0.0000,False,,0.0500,0.0000,False,0.8020,-0.2600,0.0100,0.8432
1031,0.0,1.1505,-0.0492,False,False,False,-0.4325,4.7522,-0.2312,-1.2624,-0.1135,1.4679,-0.1197,-0.2614,-0.0795,-0.1917,-0.1298,0.2001,0.5269,0.1729,0.3932,1.0673,0.0000,0.0000,0.0000,0.0000,0.0000,0.0000,False,-0.0235,0.0702,-0.0059,-0.0299,-0.0343,-0.0607,0.4149,grasp,0.0000,0.0000,0.0000,0.0000,0.0000,0.0000,False,,0.0500,0.0000,False,0.8020,-0.2600,0.0100,0.8432
1032,0.0,1.1507,-0.0025,False,False,False,-0.4339,4.7476,-0.2321,-1.2647,-0.1150,1.4702,0.0000,-0.0000,-0.0000,0.0000,-0.0000,0.0000,0.5372,0.1655,0.3971,1.0672,0.0000,0.0000,0.0000,0.0000,0.0000,0.0000,False,-0.0695,-0.0239,0.0507,-0.0493,0.0008,-0.0319,1.7630,grasp,0.0000,0.0000,0.0000,0.0000,0.0000,0.0000,False,,0.0500,0.0000,False,0.8020,-0.2600,0.0100,0.8432
1033,0.0,1.1507,-0.0111,False,False,False,-0.4346,4.7474,-0.2316,-1.2652,-0.1150,1.4699,-0.0695,-0.0224,0.0507,-0.0493,0.0008,-0.0319,0.5459,0.1655,0.3971,1.0672,0.0000,0.0000,0.0000,0.0000,0.0000,0.0000,False,0.0235,-0.0215,0.0636,0.0320,0.0665,0.0414,1.3875,grasp,0.0000,0.0000,0.0000,0.0000,0.0000,0.0000,False,,0.0500,0.0000,False,0.8020,-0.2600,0.0100,0.8432
1034,0.0,1.1507,-0.0010,False,False,False,-0.4346,4.7474,-0.2316,-1.2652,-0.1150,1.4699,-0.0000,-0.0000,-0.0000,0.0000,-0.0000,0.0000,0.5290,0.1655,0.3971,1.0672,0.0000,0.0000,0.0000,0.0000,0.0000,0.0000,False,-0.0417,0.0564,-0.0674,-0.0292,-0.0554,0.0270,-2.3784,grasp,0.0000,0.0000,0.0000,0.0000,0.0000,0.0000,False,,0.0500,0.0000,False,0.8020,-0.2600,0.0100,0.8432
1035,0.0,1.1506,-0.0271,False,False,False,-0.4355,4.7484,-0.2302,-1.2674,-0.1139,1.4724,-0.0287,0.0307,0.1380,-0.1232,0.1106,0.1426,0.4490,0.1660,0.3965,1.0673,0.0000,0.0000,0.0000,0.0000,0.0000,0.0000,False,-0.0155,0.0167,0.0720,-0.0651,0.0577,0.0753,-1.4986,grasp,0.0000,0.0000,0.0000,0.0000,0.0000,0.0000,False,,0.0500,0.0000,False,0.8020,-0.2600,0.0100,0.8432
1036,0.0,1.1501,-0.0062,False,False,False,-0.4358,4.7487,-0.2277,-1.2687,-0.1124,1.4743,0.0079,-0.0279,0.0485,0.0414,-0.0075,-0.0084,0.3890,0.1666,0.3937,1.0677,0.0000,0.0000,0.0000,0.0000,0.0000,0.0000,False,0.0075,-0.0259,0.0504,0.0396,-0.0059,-0.0063,-2.0276,grasp,0.0000,0.0000,0.0000,0.0000,0.0000,0.0000,False,,0.0500,0.0000,False,0.8020,-0.2600,0.0100,0.8432
1037,0.0,1.1501,-0.0137,False,False,False,-0.4357,4.7482,-0.2268,-1.2679,-0.1125,1.4742,0.0150,-0.0515,0.0921,0.0786,-0.0143,-0.0159,0.3690,0.1666,0.3937,1.0677,0.0000,0.0000,0.0000,0.0000,0.0000,0.0000,False,0.0454,0.0238,-0.0341,-0.0394,-0.0741,-0.0206,1.9617,grasp,0.0000,0.0000,0.0000,0.0000,0.0000,0.0000,False,,0.0500,0.0000,True,0.8020,-0.2600,0.0100,0.8432
1038,0.0,1.1501,-0.0146,False,False,False,-0.4357,4.7482,-0.2268,-1.2679,-0.1125,1.4742,0.0150,-0.0515,0.0921,0.0786,-0.0143,-0.0159,0.3690,0.1666,0.3937,1.0677,0.0000,0.0000,0.0000,0.0000,0.0000,0.0000,False,-0.0758,-0.0643,0.0093,-0.0504,0.0245,0.0426,2.8452,grasp,0.0000,0.0000,0.0000,0.0000,0.0000,0.0000,False,,0.0500,0.0000,True,0.8020,-0.2600,0.0100,0.8432
1039,0.0,1.1503,-0.0118,False,False,False,-0.4352,4.7480,-0.2273,-1.2679,-0.1120,1.4734,0.0406,-0.0204,-0.0473,-0.0004,0.0570,-0.0723,0.4285,0.1663,0.3945,1.0677,0.0000,0.0000,0.0000,0.0000,0.0000,0.0000,False,0.0406,-0.0204,-0.0473,-0.0004,0.0570,-0.0723,1.8663,grasp,0.0000,0.0000,0.0000,0.0000,0.0000,0.0000,False,,0.0500,0.0000,True,0.8020,-0.2600,0.0100,0.8432
1040,0.0,1.1510,-0.0028,False,False,False,-0.4303,4.7451,-0.2330,-1.2680,-0.1050,1.4647,-0.0000,-0.0000,-0.0000,0.0000,-0.0000,0.0000,0.4893,0.1583,0.3999,1.0676,0.0000,0.0000,0.0000,0.0000,0.0000,0.0000,False,0.0635,-0.0594,-0.0582,0.0053,-0.0712,-0.0244,0.0137,grasp,0.0000,0.0000,0.0000,0.0000,0.0000,0.0000,False,,0.0500,0.0000,False,0.8020,-0.2600,0.0100,0.8432
1041,0.0,1.1510,-0.0123,False,False,False,-0.4297,4.7446,-0.2336,-1.2679,-0.1058,1.4644,0.0618,-0.0535,-0.0563,0.0053,-0.0736,-0.0215,0.4806,0.1583,0.3999,1.0676,0.0000,0.0000,0.0000,0.0000,0.0000,0.0000,False,0.0414,0.0497,-0.0725,-0.0254,0.0492,0.0174,-0.9322,grasp,0.0000,0.0000,0.0000,0.0000,0.0000,0.0000,False,,0.0500,0.0000,False,0.8020,-0.2600,0.0100,0.8432
1042,0.0,1.1510,-0.0265,False,False,False,-0.4285,4.7436,-0.2347,-1.2678,-0.1072,1.4640,0.1175,-0.1074,-0.1070,0.0100,-0.1398,-0.0408,0.4727,0.1583,0.3999,1.0676,0.0000,0.0000,0.0000,0.0000,0.0000,0.0000,False,-0.0444,-0.0419,-0.0556,0.0749,-0.0328,-0.0648,0.6370,grasp,0.0000,0.0000,0.0000,0.0000,0.0000,0.0000,False,,0.0500,0.0000,False,0.8020,-0.2600,0.0100,0.8432
1043,0.0,1.1506,-0.0073,False,False,False,-0.4285,4.7434,-0.2345,-1.2680,-0.1064,1.4640,0.0017,0.0132,0.0187,-0.0135,0.0779,0.0000,0.4539,0.1555,0.4002,1.0675,0.0000,0.0000,0.0000,0.0000,0.0000,0.0000,False,0.0017,0.0129,0.0187,-0.0135,0.0779,0.0000,-0.2353,grasp,0.0000,0.0000,0.0000,0.0000,0.0000,0.0000,False,,0.0500,0.0000,False,0.8020,-0.2600,0.0100,0.8432
1044,0.0,1.1506,-0.0207,False,False,False,-0.4284,4.7440,-0.2336,-1.2686,-0.1028,1.4640,0.0047,0.0359,0.0507,-0.0367,0.2111,0.0001,0.4379,0.1555,0.4002,1.0675,0.0000,0.0000,0.0000,0.0000,0.0000,0.0000,False,0.0519,-0.0686,0.0399,0.0313,0.0020,-0.0674,-0.5188,grasp,0.0000,0.0000,0.0000,0.0000,0.0000,0.0000,False,,0.0500,0.0000,False,0.8020,-0.2600,0.0100,0.8432
1045,0.0,1.1501,-0.0129,False,False,False,-0.4280,4.7447,-0.2330,-1.2685,-0.1048,1.4644,0.0269,0.0444,0.0415,0.0030,-0.1288,0.0208,0.3700,0.1549,0.3986,1.0677,0.0000,0.0000,0.0000,0.0000,0.0000,0.0000,False,0.0141,0.0234,0.0219,0.0016,-0.0678,0.0109,-1.4908,grasp,0.0000,0.0000,0.0000,0.0000,0.0000,0.0000,False,,0.0500,0.0000,False,0.8020,-0.2600,0.0100,0.8432
1046,0.0,1.1501,-0.0198,False,False,False,-0.4276,4.7453,-0.2324,-1.2685,-0.1066,1.4647,0.0383,0.0634,0.0592,0.0043,-0.1838,0.0296,0.3541,0.1549,0.3986,1.0677,0.0000,0.0000,0.0000,0.0000,0.0000,0.0000,False,-0.0637,-0.0497,0.0468,-0.0313,0.0483,0.0499,-1.1779,grasp,0.0000,0.0000,0.0000,0.0000,0.0000,0.0000,False,,0.0500,0.0000,False,0.8020,-0.2600,0.0100,0.8432
1047,0.0,1.1501,-0.0187,False,False,False,-0.4276,4.7453,-0.2324,-1.2685,-0.1066,1.4647,0.0383,0.0634,0.0592,0.0043,-0.1838,0.0296,0.3541,0.1549,0.3986,1.0677,0.0000,0.0000,0.0000,0.0000,0.0000,0.0000,False,0.0499,-0.0594,-0.0198,-0.0679,0.0558,-0.0632,-1.2046,grasp,0.0000,0.0000,0.0000,0.0000,0.0000,0.0000,False,,0.0500,0.0000,False,0.8020,-0.2600,0.0100,0.8432
1048,0.0,1.1493,-0.0121,False,False,False,-0.4264,4.7452,-0.2323,-1.2698,-0.1065,1.4637,0.0696,0.0402,0.0271,-0.0606,-0.0437,-0.0363,0.3652,0.1548,0.3962,1.0677,0.0000,0.0000,0.0000,0.0000,0.0000,0.0000,False,0.0701,0.0391,0.0269,-0.0613,-0.0432,-0.0369,1.1423,grasp,0.0000,0.0000,0.0000,0.0000,0.0000,0.0000,False,,0.0500,0.0000,True,0.8020,-0.2600,0.0100,0.8432
1049,0.0,1.1493,-0.0282,False,False,False,-0.4251,4.7459,-0.2318,-1.2709,-0.1073,1.4630,0.1322,0.0759,0.0515,-0.1152,-0.0831,-0.0690,0.3852,0.1548,0.3962,1.0677,0.0000,0.0000,0.0000,0.0000,0.0000,0.0000,False,-0.0576,-0.0296,-0.0408,0.0550,0.0514,-0.0630,1.9587,grasp,0.0000,0.0000,0.0000,0.0000,0.0000,0.0000,False,,0.0500,0.0000,True,0.8020,-0.2600,0.0100,0.8432
1050,0.0,1.1505,-0.0316,False,False,False,-0.4268,4.7451,-0.2330,-1.2693,-0.1058,1.4612,-0.1120,-0.0581,-0.0785,0.1068,0.0993,-0.1183,0.4444,0.1568,0.3987,1.0677,0.0000,0.0000,0.0000,0.0000,0.0000,0.0000,False,-0.0282,-0.0104,-0.0734,-0.0777,0.0295,-0.0510,1.2743,grasp,0.0000,0.0000,0.0000,0.0000,0.0000,0.0000,False,,0.0500,0.0000,False,0.8020,-0.2600,0.0100,0.8432
1051,0.0,1.1505,-0.0405,False,False,False,-0.4284,4.7443,-0.2341,-1.2678,-0.1044,1.4595,-0.1597,-0.0826,-0.1120,0.1523,0.1416,-0.1688,0.4642,0.1568,0.3987,1.0677,0.0000,0.0000,0.0000,0.0000,0.0000,0.0000,False,0.0563,0.0520,-0.0554,0.0485,0.0192,0.0451,1.9944,grasp,0.0000,0.0000,0.0000,0.0000,0.0000,0.0000,False,,0.0500,0.0000,True,0.8020,-0.2600,0.0100,0.8432
1052,0.0,1.1505,-0.0026,False,False,False,-0.4284,4.7442,-0.2341,-1.2678,-0.1044,1.4595,-0.0000,-0.0000,-0.0000,0.0000,-0.0000,0.0000,0.5042,0.1568,0.3987,1.0677,0.0000,0.0000,0.0000,0.0000,0.0000,0.0000,False,-0.0180,0.0322,-0.0503,0.0335,-0.0537,-0.0608,-1.8819,grasp,0.0000,0.0000,0.0000,0.0000,0.0000,0.0000,False,,0.0500,0.0000,False,0.8020,-0.2600,0.0100,0.8432
1053,0.0,1.1512,-0.0111,False,False,False,-0.4281,4.7449,-0.2343,-1.2670,-0.1048,1.4589,0.0471,0.0427,0.0306,0.0420,0.0103,0.0056,0.4879,0.1569,0.4013,1.0675,0.0000,0.0000,0.0000,0.0000,0.0000,0.0000,False,0.0469,0.0430,0.0301,0.0424,0.0098,0.0050,-1.0317,grasp,0.0000,0.0000,0.0000,0.0000,0.0000,0.0000,False,,0.0500,0.0000,False,0.8020,-0.2600,0.0100,0.8432
1054,0.0,1.1504,-0.0269,False,False,False,-0.4280,4.7441,-0.2316,-1.2652,-0.1057,1.4610,-0.0493,-0.1076,0.1418,0.0641,-0.0711,0.1302,0.4107,0.1568,0.3989,1.0675,0.0000,0.0000,0.0000,0.0000,0.0000,0.0000,False,-0.0250,-0.0554,0.0752,0.0345,-0.0372,0.0686,-1.1611,grasp,0.0000,0.0000,0.0000,0.0000,0.0000,0.0000,False,,0.0500,0.0000,False,0.8020,-0.2600,0.0100,0.8432
1055,0.0,1.1504,-0.0274,False,False,False,-0.4280,4.7441,-0.2316,-1.2652,-0.1057,1.4610,-0.0493,-0.1076,0.1418,0.0641,-0.0711,0.1302,0.4107,0.1568,0.3989,1.0675,0.0000,0.0000,0.0000,0.0000,0.0000,0.0000,False,-0.0225,-0.0198,0.0496,-0.0664,0.0525,-0.0436,-1.5926,grasp,0.0000,0.0000,0.0000,0.0000,0.0000,0.0000,False,,0.0500,0.0000,False,0.8020,-0.2600,0.0100,0.8432
1056,0.0,1.1504,-0.0414,False,False,False,-0.4287,4.7426,-0.2296,-1.2643,-0.1067,1.4629,-0.0703,-0.1531,0.2022,0.0914,-0.1014,0.1857,0.3948,0.1568,0.3989,1.0675,0.0000,0.0000,0.0000,0.0000,0.0000,0.0000,False,0.0299,0.0667,-0.0705,-0.0599,0.0676,-0.0044,-1.5258,grasp,0.0000,0.0000,0.0000,0.0000,0.0000,0.0000,False,,0.0500,0.0000,False,0.8020,-0.2600,0.0100,0.8432
1057,0.0,1.1504,-0.0029,False,False,False,-0.4287,4.7426,-0.2296,-1.2643,-0.1067,1.4629,0.0000,-0.0000,-0.0000,0.0000,-0.0000,0.0000,0.3659,0.1568,0.3989,1.0675,0.0000,0.0000,0.0000,0.0000,0.0000,0.0000,False,-0.0501,-0.0577,-0.0198,-0.0517,0.0370,-0.0557,-0.9153,grasp,0.0000,0.0000,0.0000,0.0000,0.0000,0.0000,False,,0.0500,0.0000,False,0.8020,-0.2600,0.0100,0.8432
1058,0.0,1.1496,-0.0126,False,False,False,-0.4298,4.7425,-0.2293,-1.2647,-0.1058,1.4617,-0.0564,0.0539,0.0409,0.0156,0.0537,-0.0628,0.3190,0.1556,0.3971,1.0675,0.0000,0.0000,0.0000,0.0000,0.0000,0.0000,False,-0.0569,0.0531,0.0407,0.0151,0.0541,-0.0634,-1.9570,grasp,0.0000,0.0000,0.0000,0.0000,0.0000,0.0000,False,,0.0500,0.0000,False,0.8020,-0.2600,0.0100,0.8432
1059,0.0,1.1491,-0.0171,False,False,False,-0.4314,4.7443,-0.2279,-1.2650,-0.1054,1.4611,-0.0524,0.0644,0.0639,-0.0564,-0.0606,0.0630,0.3148,0.1581,0.3944,1.0677,0.0000,0.0000,0.0000,0.0000,0.0000,0.0000,False,-0.0535,0.0681,0.0646,-0.0561,-0.0596,0.0618,-0.2447,grasp,0.0000,0.0000,0.0000,0.0000,0.0000,0.0000,False,,0.0500,0.0000,False,0.8020,-0.2600,0.0100,0.8432
1060,0.0,1.1491,-0.0174,False,False,False,-0.4314,4.7443,-0.2279,-1.2650,-0.1054,1.4611,-0.0524,0.0644,0.0639,-0.0564,-0.0606,0.0630,0.3148,0.1581,0.3944,1.0677,0.0000,0.0000,0.0000,0.0000,0.0000,0.0000,False,-0.0496,-0.0204,-0.0218,-0.0584,0.0614,0.0479,3.0744,grasp,0.0000,0.0000,0.0000,0.0000,0.0000,0.0000,False,,0.0500,0.0000,True,0.8020,-0.2600,0.0100,0.8432
1061,0.0,1.1491,-0.0027,False,False,False,-0.4324,4.7459,-0.2267,-1.2660,-0.1066,1.4623,0.0000,-0.0000,-0.0000,0.0000,-0.0000,0.0000,0.3396,0.1581,0.3944,1.0677,0.0000,0.0000,0.0000,0.0000,0.0000,0.0000,False,-0.0581,0.0740,0.0162,0.0559,0.0701,-0.0124,1.3681,grasp,0.0000,0.0000,0.0000,0.0000,0.0000,0.0000,False,,0.0500,0.0000,True,0.8020,-0.2600,0.0100,0.8432
1062,0.0,1.1491,-0.0031,False,False,False,-0.4324,4.7459,-0.2267,-1.2660,-0.1066,1.4623,0.0000,-0.0000,-0.0000,0.0000,-0.0000,0.0000,0.3796,0.1581,0.3944,1.0677,0.0000,0.0000,0.0000,0.0000,0.0000,0.0000,False,-0.0013,-0.0172,0.0035,-0.0245,0.0489,0.0133,-2.0715,grasp,0.0000,0.0000,0.0000,0.0000,0.0000,0.0000,False,,0.0500,0.0000,False,0.8020,-0.2600,0.0100,0.8432
1063,0.0,1.1498,-0.0152,False,False,False,-0.4324,4.7450,-0.2265,-1.2674,-0.1038,1.4631,-0.0034,-0.0466,0.0095,-0.0665,0.1326,0.0360,0.3234,0.1612,0.3949,1.0678,0.0000,0.0000,0.0000,0.0000,0.0000,0.0000,False,-0.0353,0.0225,0.0378,-0.0607,0.0475,-0.0624,0.7830,grasp,0.0000,0.0000,0.0000,0.0000,0.0000,0.0000,False,,0.0500,0.0000,True,0.8020,-0.2600,0.0100,0.8432
1064,0.0,1.1498,-0.0124,False,False,False,-0.4329,4.7449,-0.2260,-1.2679,-0.1036,1.4638,-0.0435,-0.0051,0.0520,-0.0506,0.0182,0.0781,0.3458,0.1599,0.3949,1.0679,0.0000,0.0000,0.0000,0.0000,0.0000,0.0000,False,-0.0435,-0.0051,0.0520,-0.0506,0.0182,0.0781,-0.2664,grasp,0.0000,0.0000,0.0000,0.0000,0.0000,0.0000,False,,0.0500,0.0000,False,0.8020,-0.2600,0.0100,0.8432
1065,0.0,1.1498,-0.0031,False,False,False,-0.4337,4.7448,-0.2250,-1.2689,-0.1033,1.4653,0.0000,-0.0000,-0.0000,0.0000,-0.0000,0.0000,0.3595,0.1599,0.3949,1.0679,0.0000,0.0000,0.0000,0.0000,0.0000,0.0000,False,0.0627,-0.0127,0.0204,0.0044,-0.0508,0.0455,0.5103,grasp,0.0000,0.0000,0.0000,0.0000,0.0000,0.0000,False,,0.0500,0.0000,False,0.8020,-0.2600,0.0100,0.8432
1066,0.0,1.1498,-0.0031,False,False,False,-0.4337,4.7448,-0.2250,-1.2689,-0.1033,1.4653,0.0000,-0.0000,-0.0000,0.0000,-0.0000,0.0000,0.3595,0.1599,0.3949,1.0679,0.0000,0.0000,0.0000,0.0000,0.0000,0.0000,False,-0.0596,-0.0459,0.0282,0.0211,0.0739,-0.0114,-2.6159,grasp,0.0000,0.0000,0.0000,0.0000,0.0000,0.0000,False,,0.0500,0.0000,False,0.8020,-0.2600,0.0100,0.8432
1067,0.0,1.1496,-0.0366,False,False,False,-0.4299,4.7474,-0.2264,-1.2658,-0.1005,1.4641,0.1524,0.1328,-0.0746,0.1459,0.1574,-0.0806,0.2901,0.1599,0.3943,1.0680,0.0000,0.0000,0.0000,0.0000,0.0000,0.0000,False,0.0569,0.0489,-0.0273,0.0539,0.0576,-0.0293,-2.3250,grasp,0.0000,0.0000,0.0000,0.0000,0.0000,0.0000,False,,0.0500,0.0000,False,0.8020,-0.2600,0.0100,0.8432
1068,0.0,1.1496,-0.0378,False,False,False,-0.4299,4.7474,-0.2264,-1.2658,-0.1005,1.4641,0.1524,0.1328,-0.0746,0.1459,0.1574,-0.0806,0.2901,0.1599,0.3943,1.0680,0.0000,0.0000,0.0000,0.0000,0.0000,0.0000,False,0.0016,-0.0162,-0.0145,-0.0283,-0.0536,0.0620,-3.0463,grasp,0.0000,0.0000,0.0000,0.0000,0.0000,0.0000,False,,0.0500,0.0000,False,0.8020,-0.2600,0.0100,0.8432
1069,0.0,1.1482,-0.0086,False,False,False,-0.4280,4.7490,-0.2274,-1.2642,-0.0991,1.4637,-0.0003,-0.0189,-0.0136,-0.0301,-0.0556,0.0631,0.2314,0.1576,0.3910,1.0680,0.0000,0.0000,0.0000,0.0000,0.0000,0.0000,False,0.0635,0.0101,0.0160,0.0791,-0.0513,0.0731,2.6939,grasp,0.0000,0.0000,0.0000,0.0000,0.0000,0.0000,False,,0.0500,0.0000,True,0.8020,-0.2600,0.0100,0.8432
1070,0.0,1.1482,-0.0039,False,False,False,-0.4280,4.7490,-0.2274,-1.2642,-0.0991,1.4637,0.0000,-0.0000,-0.0000,0.0000,-0.0000,0.0000,0.2714,0.1576,0.3910,1.0680,0.0000,0.0000,0.0000,0.0000,0.0000,0.0000,False,-0.0665,0.0044,0.0298,-0.0238,0.0376,0.0403,2.9992,grasp,0.0000,0.0000,0.0000,0.0000,0.0000,0.0000,False,,0.0500,0.0000,True,0.8020,-0.2600,0.0100,0.8432
1071,0.0,1.1482,-0.0117,False,False,False,-0.4286,4.7491,-0.2271,-1.2645,-0.0987,1.4641,-0.0665,0.0044,0.0298,-0.0238,0.0376,0.0403,0.2914,0.1576,0.3910,1.0680,0.0000,0.0000,0.0000,0.0000,0.0000,0.0000,False,0.0236,-0.0723,0.0578,-0.0225,0.0385,0.0629,0.3786,grasp,0.0000,0.0000,0.0000,0.0000,0.0000,0.0000,False,,0.0500,0.0000,True,0.8020,-0.2600,0.0100,0.8432
1072,0.0,1.1492,-0.0179,False,False,False,-0.4292,4.7497,-0.2283,-1.2659,-0.0987,1.4627,-0.0389,0.0422,-0.0767,-0.0898,-0.0021,-0.0902,0.2740,0.1592,0.3932,1.0680,0.0000,0.0000,0.0000,0.0000,0.0000,0.0000,False,-0.0205,0.0222,-0.0404,-0.0473,-0.0011,-0.0475,-1.6919,grasp,0.0000,0.0000,0.0000,0.0000,0.0000,0.0000,False,,0.0500,0.0000,False,0.8020,-0.2600,0.0100,0.8432
1073,0.0,1.1493,-0.0164,False,False,False,-0.4292,4.7507,-0.2301,-1.2674,-0.0983,1.4622,0.0539,0.0407,-0.0659,-0.0286,0.0501,0.0728,0.2995,0.1593,0.3934,1.0681,0.0000,0.0000,0.0000,0.0000,0.0000,0.0000,False,0.0533,0.0414,-0.0670,-0.0299,0.0501,0.0715,0.3611,grasp,0.0000,0.0000,0.0000,0.0000,0.0000,0.0000,False,,0.0500,0.0000,True,0.8020,-0.2600,0.0100,0.8432
1074,0.0,1.1493,-0.0311,False,False,False,-0.4282,4.7515,-0.2313,-1.2680,-0.0973,1.4636,0.1024,0.0774,-0.1252,-0.0544,0.0952,0.1384,0.3141,0.1593,0.3934,1.0681,0.0000,0.0000,0.0000,0.0000,0.0000,0.0000,False,-0.0696,-0.0342,-0.0297,0.0483,-0.0459,-0.0557,-3.0496,grasp,0.0000,0.0000,0.0000,0.0000,0.0000,0.0000,False,,0.0500,0.0000,False,0.8020,-0.2600,0.0100,0.8432
1075,0.0,1.1493,-0.0026,False,False,False,-0.4282,4.7515,-0.2313,-1.2680,-0.0973,1.4636,-0.0000,-0.0000,-0.0000,0.0000,-0.0000,0.0000,0.2941,0.1593,0.3934,1.0681,0.0000,0.0000,0.0000,0.0000,0.0000,0.0000,False,-0.0171,-0.0781,0.0045,-0.0436,0.0736,-0.0238,1.3426,grasp,0.0000,0.0000,0.0000,0.0000,0.0000,0.0000,False,,0.0500,0.0000,True,0.8020,-0.2600,0.0100,0.8432
1076,0.0,1.1484,-0.0258,False,False,False,-0.4310,4.7525,-0.2294,-1.2662,-0.0974,1.4623,-0.1388,0.1010,0.1454,0.0825,0.0237,-0.0430,0.2248,0.1584,0.3910,1.0681,0.0000,0.0000,0.0000,0.0000,0.0000,0.0000,False,-0.0738,0.0523,0.0763,0.0439,0.0120,-0.0232,-2.4181,grasp,0.0000,0.0000,0.0000,0.0000,0.0000,0.0000,False,,0.0500,0.0000,False,0.8020,-0.2600,0.0100,0.8432
1077,0.0,1.1484,-0.0391,False,False,False,-0.4330,4.7539,-0.2273,-1.2650,-0.0971,1.4617,-0.1980,0.1443,0.2074,0.1177,0.0338,-0.0614,0.2115,0.1584,0.3910,1.0681,0.0000,0.0000,0.0000,0.0000,0.0000,0.0000,False,-0.0710,0.0270,-0.0158,-0.0782,-0.0702,-0.0250,1.8656,grasp,0.0000,0.0000,0.0000,0.0000,0.0000,0.0000,False,,0.0500,0.0000,True,0.8020,-0.2600,0.0100,0.8432
1078,0.0,1.1485,-0.0123,False,False,False,-0.4360,4.7578,-0.2253,-1.2636,-0.0965,1.4614,-0.0459,0.0558,-0.0667,-0.0042,0.0207,0.0490,0.2385,0.1684,0.3865,1.0683,0.0000,0.0000,0.0000,0.0000,0.0000,0.0000,False,-0.0484,0.0733,-0.0641,-0.0027,0.0211,0.0482,3.0380,grasp,0.0000,0.0000,0.0000,0.0000,0.0000,0.0000,False,,0.0500,0.0000,True,0.8020,-0.2600,0.0100,0.8432
1079,0.0,1.1485,-0.0011,False,False,False,-0.4369,4.7591,-0.2266,-1.2637,-0.0961,1.4624,-0.0000,-0.0000,-0.0000,0.0000,-0.0000,0.0000,0.2536,0.1684,0.3865,1.0683,0.0000,0.0000,0.0000,0.0000,0.0000,0.0000,False,-0.0014,-0.0733,0.0119,0.0230,-0.0504,0.0411,-1.6950,grasp,0.0000,0.0000,0.0000,0.0000,0.0000,0.0000,False,,0.0500,0.0000,False,0.8020,-0.2600,0.0100,0.8432
1080,0.0,1.1485,-0.0105,False,False,False,-0.4369,4.7583,-0.2265,-1.2634,-0.0966,1.4628,-0.0006,-0.0751,0.0131,0.0231,-0.0508,0.0401,0.2467,0.1684,0.3865,1.0683,0.0000,0.0000,0.0000,0.0000,0.0000,0.0000,False,-0.0306,-0.0041,0.0190,0.0140,-0.0634,-0.0768,-0.4295,grasp,0.0000,0.0000,0.0000,0.0000,0.0000,0.0000,False,,0.0500,0.0000,False,0.8020,-0.2600,0.0100,0.8432
1081,0.0,1.1490,-0.0287,False,False,False,-0.4350,4.7564,-0.2278,-1.2612,-0.0970,1.4625,0.1195,-0.1353,-0.0886,0.1478,-0.0255,-0.0173,0.3123,0.1695,0.3878,1.0682,0.0000,0.0000,0.0000,0.0000,0.0000,0.0000,False,0.0629,-0.0708,-0.0467,0.0778,-0.0134,-0.0091,0.5188,grasp,0.0000,0.0000,0.0000,0.0000,0.0000,0.0000,False,,0.0500,0.0000,True,0.8020,-0.2600,0.0100,0.8432
1082,0.0,1.1499,-0.0111,False,False,False,-0.4337,4.7542,-0.2297,-1.2589,-0.0970,1.4623,-0.0332,0.0564,-0.0593,0.0209,0.0292,0.0053,0.3677,0.1657,0.3932,1.0678,0.0000,0.0000,0.0000,0.0000,0.0000,0.0000,False,-0.0315,0.0454,-0.0605,0.0230,0.0289,0.0051,1.9056,grasp,0.0000,0.0000,0.0000,0.0000,0.0000,0.0000,False,,0.0500,0.0000,True,0.8020,-0.2600,0.0100,0.8432
1083,0.0,1.1499,-0.0178,False,False,False,-0.4343,4.7552,-0.2308,-1.2585,-0.0965,1.4624,-0.0631,0.0981,-0.1126,0.0397,0.0556,0.0101,0.3877,0.1657,0.3932,1.0678,0.0000,0.0000,0.0000,0.0000,0.0000,0.0000,False,-0.0638,-0.0561,-0.0660,0.0777,0.0278,0.0343,1.2768,grasp,0.0000,0.0000,0.0000,0.0000,0.0000,0.0000,False,,0.0500,0.0000,True,0.8020,-0.2600,0.0100,0.8432
1084,0.0,1.1499,-0.0016,False,False,False,-0.4343,4.7552,-0.2308,-1.2585,-0.0965,1.4624,-0.0000,-0.0000,-0.0000,0.0000,-0.0000,0.0000,0.4052,0.1657,0.3932,1.0678,0.0000,0.0000,0.0000,0.0000,0.0000,0.0000,False,0.0345,-0.0017,0.0164,-0.0507,0.0786,0.0538,0.6479,grasp,0.0000,0.0000,0.0000,0.0000,0.0000,0.0000,False,,0.0500,0.0000,False,0.8020,-0.2600,0.0100,0.8432
1085,0.0,1.1506,-0.0022,False,False,False,-0.4339,4.7546,-0.2310,-1.2592,-0.0939,1.4643,0.0000,-0.0000,-0.0000,0.0000,-0.0000,0.0000,0.4469,0.1664,0.3951,1.0678,0.0000,0.0000,0.0000,0.0000,0.0000,0.0000,False,0.0501,-0.0644,-0.0631,0.0323,0.0185,-0.0559,1.0211,grasp,0.0000,0.0000,0.0000,0.0000,0.0000,0.0000,False,,0.0500,0.0000,False,0.8020,-0.2600,0.0100,0.8432
1086,0.0,1.1505,-0.0156,False,False,False,-0.4328,4.7545,-0.2323,-1.2584,-0.0935,1.4630,0.0577,0.0607,-0.0645,0.0502,0.0281,-0.0695,0.4152,0.1645,0.3955,1.0678,0.0000,0.0000,0.0000,0.0000,0.0000,0.0000,False,0.0582,0.0592,-0.0651,0.0506,0.0282,-0.0700,-2.7540,grasp,0.0000,0.0000,0.0000,0.0000,0.0000,0.0000,False,,0.0500,0.0000,False,0.8020,-0.2600,0.0100,0.8432
1087,0.0,1.1505,-0.0014,False,False,False,-0.4317,4.7557,-0.2335,-1.2574,-0.0929,1.4617,0.0000,-0.0000,-0.0000,0.0000,-0.0000,0.0000,0.4021,0.1645,0.3955,1.0678,0.0000,0.0000,0.0000,0.0000,0.0000,0.0000,False,-0.0220,0.0339,0.0411,-0.0749,-0.0602,0.0597,0.5069,grasp,0.0000,0.0000,0.0000,0.0000,0.0000,0.0000,False,,0.0500,0.0000,False,0.8020,-0.2600,0.0100,0.8432
1088,0.0,1.1505,-0.0036,False,False,False,-0.4317,4.7557,-0.2335,-1.2574,-0.0929,1.4617,0.0000,-0.0000,-0.0000,0.0000,-0.0000,0.0000,0.4021,0.1645,0.3955,1.0678,0.0000,0.0000,0.0000,0.0000,0.0000,0.0000,False,0.0211,-0.0102,-0.0791,0.0348,0.0739,0.0484,-1.6412,grasp,0.0000,0.0000,0.0000,0.0000,0.0000,0.0000,False,,0.0500,0.0000,False,0.8020,-0.2600,0.0100,0.8432
1089,0.0,1.1501,-0.0150,False,False,False,-0.4313,4.7554,-0.2328,-1.2588,-0.0928,1.4622,0.0642,-0.0657,0.0213,-0.0688,0.0749,-0.0092,0.3676,0.1645,0.3943,1.0678,0.0000,0.0000,0.0000,0.0000,0.0000,0.0000,False,0.0642,-0.0657,0.0213,-0.0688,0.0749,-0.0092,-0.9504,grasp,0.0000,0.0000,0.0000,0.0000,0.0000,0.0000,False,,0.0500,0.0000,False,0.8020,-0.2600,0.0100,0.8432
1090,0.0,1.1501,-0.0146,False,False,False,-0.4313,4.7554,-0.2328,-1.2588,-0.0928,1.4622,0.0642,-0.0657,0.0213,-0.0688,0.0749,-0.0092,0.3676,0.1645,0.3943,1.0678,0.0000,0.0000,0.0000,0.0000,0.0000,0.0000,False,0.0017,-0.0078,-0.0155,-0.0454,0.0022,0.0681,-0.7997,grasp,0.0000,0.0000,0.0000,0.0000,0.0000,0.0000,False,,0.0500,0.0000,False,0.8020,-0.2600,0.0100,0.8432
1091,0.0,1.1495,-0.0109,False,False,False,-0.4300,4.7541,-0.2330,-1.2607,-0.0918,1.4616,0.0147,0.0136,-0.0604,-0.0522,-0.0418,-0.0507,0.3127,0.1603,0.3937,1.0680,0.0000,0.0000,0.0000,0.0000,0.0000,0.0000,False,0.0147,0.0133,-0.0604,-0.0522,-0.0418,-0.0507,-2.7627,grasp,0.0000,0.0000,0.0000,0.0000,0.0000,0.0000,False,,0.0500,0.0000,False,0.8020,-0.2600,0.0100,0.8432
1092,0.0,1.1495,-0.0018,False,False,False,-0.4297,4.7544,-0.2342,-1.2617,-0.0926,1.4606,0.0000,-0.0000,-0.0000,0.0000,-0.0000,0.0000,0.3089,0.1603,0.3937,1.0680,0.0000,0.0000,0.0000,0.0000,0.0000,0.0000,False,-0.0636,-0.0148,0.0303,0.0493,-0.0662,0.0387,0.4338,grasp,0.0000,0.0000,0.0000,0.0000,0.0000,0.0000,False,,0.0500,0.0000,True,0.8020,-0.2600,0.0100,0.8432
1093,0.0,1.1495,-0.0023,False,False,False,-0.4297,4.7544,-0.2342,-1.2617,-0.0926,1.4606,0.0000,-0.0000,-0.0000,0.0000,-0.0000,0.0000,0.3089,0.1603,0.3937,1.0680,0.0000,0.0000,0.0000,0.0000,0.0000,0.0000,False,-0.0150,0.0381,0.0504,-0.0464,-0.0614,-0.0787,1.3858,grasp,0.0000,0.0000,0.0000,0.0000,0.0000,0.0000,False,,0.0500,0.0000,True,0.8020,-0.2600,0.0100,0.8432
1094,0.0,1.1501,-0.0134,False,False,False,-0.4296,4.7535,-0.2332,-1.2614,-0.0930,1.4607,0.0719,-0.0703,0.0697,-0.0263,0.0286,-0.0289,0.3508,0.1614,0.3951,1.0679,0.0000,0.0000,0.0000,0.0000,0.0000,0.0000,False,0.0719,-0.0703,0.0697,-0.0263,0.0286,-0.0289,-1.5334,grasp,0.0000,0.0000,0.0000,0.0000,0.0000,0.0000,False,,0.0500,0.0000,False,0.8020,-0.2600,0.0100,0.8432
1095,0.0,1.1501,-0.0132,False,False,False,-0.4296,4.7535,-0.2332,-1.2614,-0.0930,1.4607,0.0719,-0.0703,0.0697,-0.0263,0.0286,-0.0289,0.3508,0.1614,0.3951,1.0679,0.0000,0.0000,0.0000,0.0000,0.0000,0.0000,False,0.0093,0.0566,0.0712,0.0263,-0.0270,-0.0387,-2.0562,grasp,0.0000,0.0000,0.0000,0.0000,0.0000,0.0000,False,,0.0500,0.0000,False,0.8020,-0.2600,0.0100,0.8432
1096,0.0,1.1496,-0.0031,False,False,False,-0.4282,4.7527,-0.2312,-1.2617,-0.0927,1.4598,0.0000,-0.0000,-0.0000,0.0000,-0.0000,0.0000,0.3184,0.1595,0.3942,1.0680,0.0000,0.0000,0.0000,0.0000,0.0000,0.0000,False,0.0299,-0.0665,-0.0119,-0.0222,0.0240,0.0502,0.8458,grasp,0.0000,0.0000,0.0000,0.0000,0.0000,0.0000,False,,0.0500,0.0000,True,0.8020,-0.2600,0.0100,0.8432
1097,0.0,1.1496,-0.0031,False,False,False,-0.4279,4.7520,-0.2313,-1.2619,-0.0925,1.4603,-0.0000,-0.0000,-0.0000,0.0000,-0.0000,0.0000,0.3516,0.1595,0.3942,1.0680,0.0000,0.0000,0.0000,0.0000,0.0000,0.0000,False,-0.0689,-0.0454,-0.0074,-0.0058,0.0525,0.0744,0.6462,grasp,0.0000,0.0000,0.0000,0.0000,0.0000,0.0000,False,,0.0500,0.0000,True,0.8020,-0.2600,0.0100,0.8432
1098,0.0,1.1496,-0.0144,False,False,False,-0.4286,4.7516,-0.2314,-1.2619,-0.0919,1.4610,-0.0692,-0.0442,-0.0073,-0.0056,0.0522,0.0739,0.3647,0.1595,0.3942,1.0680,0.0000,0.0000,0.0000,0.0000,0.0000,0.0000,False,-0.0297,0.0207,-0.0417,0.0633,-0.0478,-0.0293,2.1397,grasp,0.0000,0.0000,0.0000,0.0000,0.0000,0.0000,False,,0.0500,0.0000,True,0.8020,-0.2600,0.0100,0.8432
1099,0.0,1.1507,-0.0153,False,False,False,-0.4282,4.7509,-0.2306,-1.2620,-0.0917,1.4609,0.0395,-0.0718,0.0738,-0.0103,0.0225,-0.0110,0.4243,0.1598,0.3973,1.0680,0.0000,0.0000,0.0000,0.0000,0.0000,0.0000,False,0.0395,-0.0718,0.0738,-0.0103,0.0225,-0.0110,2.4404,grasp,0.0000,0.0000,0.0000,0.0000,0.0000,0.0000,False,,0.0500,0.0000,True,0.8020,-0.2600,0.0100,0.8432
1100,0.0,1.1516,-0.0349,False,False,False,-0.4262,4.7513,-0.2270,-1.2606,-0.0924,1.4629,0.0811,0.1378,0.1438,0.1045,-0.0729,0.1435,0.5039,0.1620,0.3989,1.0681,0.0000,0.0000,0.0000,0.0000,0.0000,0.0000,False,0.0434,0.0702,0.0771,0.0548,-0.0379,0.0753,-1.7543,grasp,0.0000,0.0000,0.0000,0.0000,0.0000,0.0000,False,,0.0500,0.0000,False,0.8020,-0.2600,0.0100,0.8432
1101,0.0,1.1516,-0.0342,False,False,False,-0.4262,4.7513,-0.2270,-1.2606,-0.0924,1.4629,0.0811,0.1378,0.1438,0.1045,-0.0729,0.1435,0.5039,0.1620,0.3989,1.0681,0.0000,0.0000,0.0000,0.0000,0.0000,0.0000,False,0.0183,-0.0605,-0.0198,-0.0732,-0.0560,0.0453,1.9968,grasp,0.0000,0.0000,0.0000,0.0000,0.0000,0.0000,False,,0.0500,0.0000,True,0.8020,-0.2600,0.0100,0.8432
1102,0.0,1.1516,-0.0024,False,False,False,-0.4250,4.7542,-0.2250,-1.2592,-0.0934,1.4649,-0.0000,-0.0000,-0.0000,0.0000,-0.0000,0.0000,0.5370,0.1620,0.3989,1.0681,0.0000,0.0000,0.0000,0.0000,0.0000,0.0000,False,0.0227,0.0412,-0.0754,-0.0556,0.0351,-0.0152,-2.9964,grasp,0.0000,0.0000,0.0000,0.0000,0.0000,0.0000,False,,0.0500,0.0000,False,0.8020,-0.2600,0.0100,0.8432
1103,0.0,1.1516,-0.0026,False,False,False,-0.4244,4.7542,-0.2253,-1.2585,-0.0941,1.4646,0.0599,0.0031,-0.0352,0.0690,-0.0639,-0.0277,0.5193,0.1620,0.3989,1.0681,0.0000,0.0000,0.0000,0.0000,0.0000,0.0000,False,0.0599,0.0031,-0.0352,0.0690,-0.0639,-0.0277,-0.0459,grasp,0.0000,0.0000,0.0000,0.0000,0.0000,0.0000,False,,0.0500,0.0000,False,0.8020,-0.2600,0.0100,0.8432
1104,0.0,1.1516,-0.0242,False,False,False,-0.4233,4.7543,-0.2260,-1.2572,-0.0953,1.4641,0.1138,0.0059,-0.0669,0.1310,-0.1215,-0.0527,0.5068,0.1652,0.3977,1.0680,0.0000,0.0000,0.0000,0.0000,0.0000,0.0000,False,0.0160,-0.0630,-0.0744,-0.0337,-0.0468,0.0321,0.3528,grasp,0.0000,0.0000,0.0000,0.0000,0.0000,0.0000,False,,0.0500,0.0000,False,0.8020,-0.2600,0.0100,0.8432
1105,0.0,1.1516,-0.0023,False,False,False,-0.4217,4.7544,-0.2269,-1.2553,-0.0970,1.4634,0.0000,-0.0000,-0.0000,0.0000,-0.0000,0.0000,0.4977,0.1652,0.3977,1.0680,0.0000,0.0000,0.0000,0.0000,0.0000,0.0000,False,-0.0080,0.0051,-0.0189,-0.0788,-0.0276,0.0567,1.2796,grasp,0.0000,0.0000,0.0000,0.0000,0.0000,0.0000,False,,0.0500,0.0000,False,0.8020,-0.2600,0.0100,0.8432
1106,0.0,1.1512,-0.0128,False,False,False,-0.4221,4.7538,-0.2264,-1.2557,-0.0975,1.4635,-0.0358,-0.0582,0.0731,0.0382,-0.0176,-0.0426,0.5248,0.1644,0.3976,1.0677,0.0000,0.0000,0.0000,0.0000,0.0000,0.0000,False,-0.0359,-0.0581,0.0729,0.0374,-0.0179,-0.0421,1.6676,grasp,0.0000,0.0000,0.0000,0.0000,0.0000,0.0000,False,,0.0500,0.0000,False,0.8020,-0.2600,0.0100,0.8432
1107,0.0,1.1512,-0.0254,False,False,False,-0.4228,4.7527,-0.2250,-1.2550,-0.0978,1.4627,-0.0680,-0.1105,0.1390,0.0725,-0.0335,-0.0810,0.5335,0.1644,0.3976,1.0677,0.0000,0.0000,0.0000,0.0000,0.0000,0.0000,False,-0.0575,-0.0606,0.0792,-0.0571,-0.0182,-0.0221,1.4840,grasp,0.0000,0.0000,0.0000,0.0000,0.0000,0.0000,False,,0.0500,0.0000,False,0.8020,-0.2600,0.0100,0.8432
1108,0.0,1.1513,-0.0132,False,False,False,-0.4220,4.7528,-0.2245,-1.2554,-0.0971,1.4625,0.0742,0.0111,0.0550,-0.0407,0.0662,-0.0221,0.5266,0.1649,0.3979,1.0677,0.0000,0.0000,0.0000,0.0000,0.0000,0.0000,False,0.0742,0.0111,0.0550,-0.0407,0.0662,-0.0221,0.5771,grasp,0.0000,0.0000,0.0000,0.0000,0.0000,0.0000,False,,0.0500,0.0000,False,0.8020,-0.2600,0.0100,0.8432
1109,0.0,1.1513,-0.0104,False,False,False,-0.4211,4.7525,-0.2233,-1.2563,-0.0958,1.4618,-0.0465,-0.0514,0.0099,-0.0202,0.0072,-0.0289,0.4813,0.1649,0.3979,1.0677,0.0000,0.0000,0.0000,0.0000,0.0000,0.0000,False,-0.0451,-0.0512,0.0109,-0.0210,0.0084,-0.0293,-2.0725,grasp,0.0000,0.0000,0.0000,0.0000,0.0000,0.0000,False,,0.0500,0.0000,False,0.8020,-0.2600,0.0100,0.8432
1110,0.0,1.1510,-0.0163,False,False,False,-0.4220,4.7515,-0.2231,-1.2567,-0.0957,1.4612,0.0000,-0.0000,-0.0000,0.0000,-0.0000,0.0000,0.4655,0.1630,0.3973,1.0679,0.0000,0.0000,0.0000,0.0000,0.0000,0.0000,False,-0.0480,0.0086,-0.0435,-0.0376,-0.0506,0.0255,0.8118,grasp,0.0000,0.0000,0.0000,0.0000,0.0000,0.0000,False,,0.0500,0.0000,False,0.8020,-0.2600,0.0100,0.8432
1111,0.0,1.1510,-0.0121,False,False,False,-0.4224,4.7516,-0.2236,-1.2571,-0.0962,1.4615,-0.0471,0.0101,-0.0437,-0.0372,-0.0508,0.0261,0.4693,0.1630,0.3973,1.0679,0.0000,0.0000,0.0000,0.0000,0.0000,0.0000,False,-0.0437,0.0686,0.0483,0.0648,0.0309,0.0463,2.7013,grasp,0.0000,0.0000,0.0000,0.0000,0.0000,0.0000,False,,0.0500,0.0000,True,0.8020,-0.2600,0.0100,0.8432
1112,0.0,1.1507,-0.0181,False,False,False,-0.4240,4.7524,-0.2241,-1.2585,-0.0973,1.4625,-0.0658,0.0715,0.0319,-0.0649,-0.0110,0.0568,0.4337,0.1640,0.3960,1.0679,0.0000,0.0000,0.0000,0.0000,0.0000,0.0000,False,-0.0667,0.0717,0.0311,-0.0656,-0.0119,0.0573,-1.0816,grasp,0.0000,0.0000,0.0000,0.0000,0.0000,0.0000,False,,0.0500,0.0000,False,0.8020,-0.2600,0.0100,0.8432
1113,0.0,1.1507,-0.0287,False,False,False,-0.4252,4.7537,-0.2235,-1.2597,-0.0975,1.4636,-0.1250,0.1367,0.0606,-0.1232,-0.0209,0.1080,0.4165,0.1640,0.3960,1.0679,0.0000,0.0000,0.0000,0.0000,0.0000,0.0000,False,-0.0345,-0.0638,-0.0754,-0.0674,0.0284,-0.0030,-2.0403,grasp,0.0000,0.0000,0.0000,0.0000,0.0000,0.0000,False,,0.0500,0.0000,False,0.8020,-0.2600,0.0100,0.8432
1114,0.0,1.1507,-0.0026,False,False,False,-0.4270,4.7565,-0.2226,-1.2614,-0.0978,1.4652,0.0000,-0.0000,-0.0000,0.0000,-0.0000,0.0000,0.4011,0.1640,0.3960,1.0679,0.0000,0.0000,0.0000,0.0000,0.0000,0.0000,False,0.0545,-0.0058,-0.0532,-0.0675,-0.0312,0.0137,2.8221,grasp,0.0000,0.0000,0.0000,0.0000,0.0000,0.0000,False,,0.0500,0.0000,True,0.8020,-0.2600,0.0100,0.8432
1115,0.0,1.1507,-0.0193,False,False,False,-0.4258,4.7571,-0.2237,-1.2628,-0.0987,1.4646,0.0660,0.0750,-0.0548,-0.0676,-0.0650,-0.0664,0.4607,0.1684,0.3937,1.0681,0.0000,0.0000,0.0000,0.0000,0.0000,0.0000,False,0.0666,0.0748,-0.0554,-0.0683,-0.0653,-0.0663,2.4638,grasp,0.0000,0.0000,0.0000,0.0000,0.0000,0.0000,False,,0.0500,0.0000,True,0.8020,-0.2600,0.0100,0.8432
1116,0.0,1.1507,-0.0205,False,False,False,-0.4258,4.7571,-0.2237,-1.2628,-0.0987,1.4646,0.0660,0.0750,-0.0548,-0.0676,-0.0650,-0.0664,0.4607,0.1684,0.3937,1.0681,0.0000,0.0000,0.0000,0.0000,0.0000,0.0000,False,-0.0095,0.0391,-0.0181,0.0101,0.0327,-0.0605,-2.8893,grasp,0.0000,0.0000,0.0000,0.0000,0.0000,0.0000,False,,0.0500,0.0000,False,0.8020,-0.2600,0.0100,0.8432
1117,0.0,1.1515,-0.0204,False,False,False,-0.4252,4.7599,-0.2227,-1.2633,-0.1011,1.4634,-0.0437,0.0955,0.1313,0.0504,-0.0728,0.0003,0.5403,0.1710,0.3949,1.0681,0.0000,0.0000,0.0000,0.0000,0.0000,0.0000,False,-0.0218,0.0515,0.0680,0.0253,-0.0396,-0.0011,2.3413,grasp,0.0000,0.0000,0.0000,0.0000,0.0000,0.0000,False,,0.0500,0.0000,True,0.8020,-0.2600,0.0100,0.8432
1118,0.0,1.1515,-0.0199,False,False,False,-0.4257,4.7613,-0.2216,-1.2619,-0.1013,1.4628,0.0142,-0.0728,-0.0777,0.0648,0.0799,-0.0601,0.5232,0.1710,0.3949,1.0681,0.0000,0.0000,0.0000,0.0000,0.0000,0.0000,False,0.0136,-0.0648,-0.0759,0.0655,0.0788,-0.0601,-1.8244,grasp,0.0000,0.0000,0.0000,0.0000,0.0000,0.0000,False,,0.0500,0.0000,False,0.8020,-0.2600,0.0100,0.8432
1119,0.0,1.1515,-0.0189,False,False,False,-0.4257,4.7613,-0.2216,-1.2619,-0.1013,1.4628,0.0142,-0.0728,-0.0777,0.0648,0.0799,-0.0601,0.5232,0.1710,0.3949,1.0681,0.0000,0.0000,0.0000,0.0000,0.0000,0.0000,False,0.0650,-0.0395,0.0746,0.0709,-0.0109,-0.0327,2.1240,grasp,0.0000,0.0000,0.0000,0.0000,0.0000,0.0000,False,,0.0500,0.0000,True,0.8020,-0.2600,0.0100,0.8432
1120,0.0,1.1513,-0.0029,False,False,False,-0.4254,4.7596,-0.2231,-1.2607,-0.0998,1.4616,0.0000,-0.0000,-0.0000,0.0000,-0.0000,0.0000,0.5270,0.1725,0.3939,1.0680,0.0000,0.0000,0.0000,0.0000,0.0000,0.0000,False,-0.0115,0.0445,-0.0059,-0.0288,-0.0315,0.0411,1.4951,grasp,0.0000,0.0000,0.0000,0.0000,0.0000,0.0000,False,,0.0500,0.0000,False,0.8020,-0.2600,0.0100,0.8432
1121,0.0,1.1513,-0.0020,False,False,False,-0.4254,4.7596,-0.2231,-1.2607,-0.0998,1.4616,0.0000,-0.0000,-0.0000,0.0000,-0.0000,0.0000,0.5270,0.1725,0.3939,1.0680,0.0000,0.0000,0.0000,0.0000,0.0000,0.0000,False,-0.0355,0.0779,-0.0463,-0.0690,0.0320,0.0531,-3.0254,grasp,0.0000,0.0000,0.0000,0.0000,0.0000,0.0000,False,,0.0500,0.0000,False,0.8020,-0.2600,0.0100,0.8432
1122,0.0,1.1513,-0.0024,False,False,False,-0.4259,4.7608,-0.2236,-1.2617,-0.0998,1.4626,-0.0000,-0.0000,-0.0000,0.0000,-0.0000,0.0000,0.4733,0.1729,0.3935,1.0680,0.0000,0.0000,0.0000,0.0000,0.0000,0.0000,False,0.0224,0.0111,0.0583,0.0539,0.0431,-0.0270,-1.8555,grasp,0.0000,0.0000,0.0000,0.0000,0.0000,0.0000,False,,0.0500,0.0000,False,0.8020,-0.2600,0.0100,0.8432
1123,0.0,1.1513,-0.0184,False,False,False,-0.4265,4.7608,-0.2224,-1.2619,-0.0999,1.4629,-0.0787,-0.0058,0.0627,-0.0741,-0.0538,0.0620,0.4428,0.1729,0.3935,1.0680,0.0000,0.0000,0.0000,0.0000,0.0000,0.0000,False,-0.0785,-0.0057,0.0633,-0.0735,-0.0533,0.0617,-0.0159,grasp,0.0000,0.0000,0.0000,0.0000,0.0000,0.0000,False,,0.0500,0.0000,False,0.8020,-0.2600,0.0100,0.8432
1124,0.0,1.1509,-0.0169,False,False,False,-0.4274,4.7605,-0.2205,-1.2629,-0.1003,1.4648,0.0558,-0.0241,0.0705,0.0369,0.0592,0.0667,0.4013,0.1742,0.3914,1.0681,0.0000,0.0000,0.0000,0.0000,0.0000,0.0000,False,0.0543,-0.0239,0.0717,0.0355,0.0582,0.0679,-1.2290,grasp,0.0000,0.0000,0.0000,0.0000,0.0000,0.0000,False,,0.0500,0.0000,False,0.8020,-0.2600,0.0100,0.8432
1125,0.0,1.1509,-0.0141,False,False,False,-0.4274,4.7605,-0.2205,-1.2629,-0.1003,1.4648,0.0558,-0.0241,0.0705,0.0369,0.0592,0.0667,0.4013,0.1742,0.3914,1.0681,0.0000,0.0000,0.0000,0.0000,0.0000,0.0000,False,0.0711,-0.0250,-0.0440,-0.0246,-0.0578,-0.0731,-2.4131,grasp,0.0000,0.0000,0.0000,0.0000,0.0000,0.0000,False,,0.0500,0.0000,False,0.8020,-0.2600,0.0100,0.8432
1126,0.0,1.1509,-0.0025,False,False,False,-0.4271,4.7595,-0.2188,-1.2620,-0.0997,1.4665,-0.0757,-0.0509,0.0346,0.0173,-0.0477,0.0427,0.3665,0.1742,0.3914,1.0681,0.0000,0.0000,0.0000,0.0000,0.0000,0.0000,False,-0.0747,-0.0514,0.0359,0.0180,-0.0466,0.0440,-0.8989,grasp,0.0000,0.0000,0.0000,0.0000,0.0000,0.0000,False,,0.0500,0.0000,False,0.8020,-0.2600,0.0100,0.8432
1127,0.0,1.1502,-0.0251,False,False,False,-0.4285,4.7586,-0.2182,-1.2617,-0.1006,1.4673,-0.1439,-0.0968,0.0658,0.0328,-0.0906,0.0811,0.3584,0.1727,0.3899,1.0682,0.0000,0.0000,0.0000,0.0000,0.0000,0.0000,False,-0.0314,-0.0413,-0.0193,0.0453,0.0029,-0.0277,-2.9914,grasp,0.0000,0.0000,0.0000,0.0000,0.0000,0.0000,False,,0.0500,0.0000,False,0.8020,-0.2600,0.0100,0.8432
1128,0.0,1.1502,-0.0066,False,False,False,-0.4306,4.7570,-0.2165,-1.2613,-0.1023,1.4684,0.0033,-0.0196,0.0766,-0.0048,-0.0389,-0.0061,0.3628,0.1727,0.3899,1.0682,0.0000,0.0000,0.0000,0.0000,0.0000,0.0000,False,0.0013,-0.0212,0.0775,-0.0044,-0.0402,-0.0049,0.0983,grasp,0.0000,0.0000,0.0000,0.0000,0.0000,0.0000,False,,0.0500,0.0000,False,0.8020,-0.2600,0.0100,0.8432
1129,0.0,1.1501,-0.0121,False,False,False,-0.4310,4.7561,-0.2154,-1.2614,-0.1034,1.4690,-0.0545,-0.0532,-0.0325,-0.0019,-0.0425,0.0774,0.3599,0.1742,0.3891,1.0681,0.0000,0.0000,0.0000,0.0000,0.0000,0.0000,False,-0.0544,-0.0536,-0.0311,-0.0020,-0.0432,0.0772,-0.5804,grasp,0.0000,0.0000,0.0000,0.0000,0.0000,0.0000,False,,0.0500,0.0000,False,0.8020,-0.2600,0.0100,0.8432
1130,0.0,1.1501,-0.0113,False,False,False,-0.4310,4.7561,-0.2154,-1.2614,-0.1034,1.4690,-0.0545,-0.0532,-0.0325,-0.0019,-0.0425,0.0774,0.3599,0.1742,0.3891,1.0681,0.0000,0.0000,0.0000,0.0000,0.0000,0.0000,False,-0.0249,-0.0393,0.0738,0.0365,-0.0106,-0.0393,0.2938,grasp,0.0000,0.0000,0.0000,0.0000,0.0000,0.0000,False,,0.0500,0.0000,False,0.8020,-0.2600,0.0100,0.8432
1131,0.0,1.1501,-0.0269,False,False,False,-0.4302,4.7556,-0.2145,-1.2631,-0.1042,1.4685,0.1224,0.0428,0.0940,-0.1096,0.0050,-0.1285,0.3824,0.1735,0.3896,1.0681,0.0000,0.0000,0.0000,0.0000,0.0000,0.0000,False,0.0634,0.0210,0.0489,-0.0577,0.0018,-0.0662,0.4085,grasp,0.0000,0.0000,0.0000,0.0000,0.0000,0.0000,False,,0.0500,0.0000,False,0.8020,-0.2600,0.0100,0.8432
1132,0.0,1.1501,-0.0265,False,False,False,-0.4302,4.7556,-0.2145,-1.2631,-0.1042,1.4685,0.1224,0.0428,0.0940,-0.1096,0.0050,-0.1285,0.3824,0.1735,0.3896,1.0681,0.0000,0.0000,0.0000,0.0000,0.0000,0.0000,False,-0.0067,-0.0394,-0.0540,-0.0742,-0.0251,0.0251,-1.5599,grasp,0.0000,0.0000,0.0000,0.0000,0.0000,0.0000,False,,0.0500,0.0000,False,0.8020,-0.2600,0.0100,0.8432
1133,0.0,1.1501,-0.0177,False,False,False,-0.4292,4.7562,-0.2138,-1.2641,-0.1035,1.4660,-0.0702,-0.0064,-0.0600,0.0605,0.0616,-0.0711,0.3581,0.1735,0.3896,1.0681,0.0000,0.0000,0.0000,0.0000,0.0000,0.0000,False,-0.0684,-0.0053,-0.0587,0.0590,0.0616,-0.0729,-1.3746,grasp,0.0000,0.0000,0.0000,0.0000,0.0000,0.0000,False,,0.0500,0.0000,False,0.8020,-0.2600,0.0100,0.8432
1134,0.0,1.1499,-0.0134,False,False,False,-0.4300,4.7556,-0.2143,-1.2625,-0.1025,1.4646,0.0459,-0.0467,0.0648,0.0457,-0.0180,0.0007,0.3053,0.1731,0.3888,1.0682,0.0000,0.0000,0.0000,0.0000,0.0000,0.0000,False,0.0446,-0.0468,0.0636,0.0469,-0.0168,-0.0006,-2.1230,grasp,0.0000,0.0000,0.0000,0.0000,0.0000,0.0000,False,,0.0500,0.0000,False,0.8020,-0.2600,0.0100,0.8432
1135,0.0,1.1499,-0.0121,False,False,False,-0.4300,4.7556,-0.2143,-1.2625,-0.1025,1.4646,0.0459,-0.0467,0.0648,0.0457,-0.0180,0.0007,0.3053,0.1731,0.3888,1.0682,0.0000,0.0000,0.0000,0.0000,0.0000,0.0000,False,0.0172,0.0699,-0.0074,-0.0644,-0.0452,0.0278,2.2681,grasp,0.0000,0.0000,0.0000,0.0000,0.0000,0.0000,False,,0.0500,0.0000,True,0.8020,-0.2600,0.0100,0.8432
1136,0.0,1.1486,-0.0138,False,False,False,-0.4287,4.7555,-0.2138,-1.2616,-0.1022,1.4641,0.0437,0.0790,-0.0748,-0.0021,0.0637,-0.0592,0.2533,0.1707,0.3859,1.0683,0.0000,0.0000,0.0000,0.0000,0.0000,0.0000,False,0.0445,0.0780,-0.0735,-0.0012,0.0634,-0.0592,-2.3046,grasp,0.0000,0.0000,0.0000,0.0000,0.0000,0.0000,False,,0.0500,0.0000,False,0.8020,-0.2600,0.0100,0.8432
1137,0.0,1.1486,-0.0231,False,False,False,-0.4292,4.7578,-0.2162,-1.2603,-0.1003,1.4611,-0.0844,0.0487,-0.0613,0.0908,0.0420,-0.1213,0.2984,0.1707,0.3859,1.0683,0.0000,0.0000,0.0000,0.0000,0.0000,0.0000,False,-0.0436,0.0274,-0.0337,0.0478,0.0233,-0.0650,1.5957,grasp,0.0000,0.0000,0.0000,0.0000,0.0000,0.0000,False,,0.0500,0.0000,True,0.8020,-0.2600,0.0100,0.8432
1138,0.0,1.1495,-0.0074,False,False,False,-0.4306,4.7585,-0.2176,-1.2588,-0.0995,1.4592,-0.0225,-0.0080,-0.0612,0.0175,0.0198,-0.0158,0.3247,0.1733,0.3877,1.0682,0.0000,0.0000,0.0000,0.0000,0.0000,0.0000,False,-0.0237,-0.0071,-0.0621,0.0188,0.0204,-0.0175,-0.4335,grasp,0.0000,0.0000,0.0000,0.0000,0.0000,0.0000,False,,0.0500,0.0000,False,0.8020,-0.2600,0.0100,0.8432
1139,0.0,1.1495,-0.0074,False,False,False,-0.4306,4.7585,-0.2176,-1.2588,-0.0995,1.4592,-0.0225,-0.0080,-0.0612,0.0175,0.0198,-0.0158,0.3247,0.1733,0.3877,1.0682,0.0000,0.0000,0.0000,0.0000,0.0000,0.0000,False,-0.0185,0.0632,0.0332,0.0187,0.0298,0.0588,2.0309,grasp,0.0000,0.0000,0.0000,0.0000,0.0000,0.0000,False,,0.0500,0.0000,True,0.8020,-0.2600,0.0100,0.8432
1140,0.0,1.1496,-0.0134,False,False,False,-0.4318,4.7580,-0.2189,-1.2592,-0.0999,1.4590,-0.0790,-0.0266,-0.0075,-0.0742,-0.0707,0.0069,0.3318,0.1729,0.3884,1.0681,0.0000,0.0000,0.0000,0.0000,0.0000,0.0000,False,-0.0795,-0.0269,-0.0087,-0.0739,-0.0704,0.0066,-0.3636,grasp,0.0000,0.0000,0.0000,0.0000,0.0000,0.0000,False,,0.0500,0.0000,False,0.8020,-0.2600,0.0100,0.8432
1141,0.0,1.1496,-0.0256,False,False,False,-0.4333,4.7575,-0.2190,-1.2606,-0.1012,1.4591,-0.1502,-0.0507,-0.0143,-0.1410,-0.1344,0.0130,0.3340,0.1729,0.3884,1.0681,0.0000,0.0000,0.0000,0.0000,0.0000,0.0000,False,-0.0528,0.0303,-0.0685,0.0179,-0.0078,0.0772,0.1664,grasp,0.0000,0.0000,0.0000,0.0000,0.0000,0.0000,False,,0.0500,0.0000,False,0.8020,-0.2600,0.0100,0.8432
1142,0.0,1.1496,-0.0229,False,False,False,-0.4348,4.7584,-0.2210,-1.2600,-0.1014,1.4613,-0.0974,0.0586,-0.1299,0.0367,-0.0123,0.1464,0.3576,0.1729,0.3884,1.0681,0.0000,0.0000,0.0000,0.0000,0.0000,0.0000,False,-0.0613,-0.0357,0.0726,-0.0099,-0.0666,0.0791,0.2707,grasp,0.0000,0.0000,0.0000,0.0000,0.0000,0.0000,False,,0.0500,0.0000,False,0.8020,-0.2600,0.0100,0.8432
1143,0.0,1.1499,-0.0143,False,False,False,-0.4356,4.7584,-0.2205,-1.2601,-0.1016,1.4606,-0.0767,-0.0054,0.0550,-0.0055,-0.0202,-0.0719,0.4053,0.1744,0.3890,1.0680,0.0000,0.0000,0.0000,0.0000,0.0000,0.0000,False,-0.0767,-0.0054,0.0550,-0.0055,-0.0202,-0.0719,1.6576,grasp,0.0000,0.0000,0.0000,0.0000,0.0000,0.0000,False,,0.0500,0.0000,True,0.8020,-0.2600,0.0100,0.8432
1144,0.0,1.1499,-0.0133,False,False,False,-0.4356,4.7584,-0.2205,-1.2601,-0.1016,1.4606,-0.0767,-0.0054,0.0550,-0.0055,-0.0202,-0.0719,0.4053,0.1744,0.3890,1.0680,0.0000,0.0000,0.0000,0.0000,0.0000,0.0000,False,-0.0487,-0.0488,-0.0699,0.0429,0.0275,0.0519,2.9688,grasp,0.0000,0.0000,0.0000,0.0000,0.0000,0.0000,False,,0.0500,0.0000,True,0.8020,-0.2600,0.0100,0.8432
1145,0.0,1.1502,-0.0070,False,False,False,-0.4363,4.7583,-0.2194,-1.2601,-0.1018,1.4592,0.0791,-0.0010,-0.0020,0.0143,0.0142,-0.0007,0.3885,0.1760,0.3891,1.0680,0.0000,0.0000,0.0000,0.0000,0.0000,0.0000,False,0.0776,-0.0009,-0.0010,0.0142,0.0138,-0.0021,-2.3622,grasp,0.0000,0.0000,0.0000,0.0000,0.0000,0.0000,False,,0.0500,0.0000,False,0.8020,-0.2600,0.0100,0.8432
1146,0.0,1.1502,-0.0223,False,False,False,-0.4357,4.7562,-0.2200,-1.2587,-0.0995,1.4588,-0.0615,-0.1436,-0.0326,0.0713,0.1339,-0.0253,0.3328,0.1760,0.3891,1.0680,0.0000,0.0000,0.0000,0.0000,0.0000,0.0000,False,-0.0309,-0.0753,-0.0172,0.0378,0.0707,-0.0133,-1.2822,grasp,0.0000,0.0000,0.0000,0.0000,0.0000,0.0000,False,,0.0500,0.0000,False,0.8020,-0.2600,0.0100,0.8432
1147,0.0,1.1495,-0.0328,False,False,False,-0.4366,4.7541,-0.2204,-1.2577,-0.0976,1.4585,-0.0878,-0.2049,-0.0464,0.1016,0.1910,-0.0360,0.3232,0.1703,0.3894,1.0681,0.0000,0.0000,0.0000,0.0000,0.0000,0.0000,False,0.0559,-0.0056,0.0325,-0.0616,0.0175,-0.0015,2.8642,grasp,0.0000,0.0000,0.0000,0.0000,0.0000,0.0000,False,,0.0500,0.0000,True,0.8020,-0.2600,0.0100,0.8432
1148,0.0,1.1495,-0.0090,False,False,False,-0.4360,4.7536,-0.2201,-1.2583,-0.0975,1.4585,0.0568,0.0019,0.0330,-0.0626,0.0156,-0.0011,0.3631,0.1703,0.3894,1.0681,0.0000,0.0000,0.0000,0.0000,0.0000,0.0000,False,-0.0326,0.0753,-0.0393,-0.0288,0.0204,0.0167,-0.6182,grasp,0.0000,0.0000,0.0000,0.0000,0.0000,0.0000,False,,0.0500,0.0000,False,0.8020,-0.2600,0.0100,0.8432
1149,0.0,1.1495,-0.0085,False,False,False,-0.4360,4.7536,-0.2201,-1.2583,-0.0975,1.4585,0.0568,0.0019,0.0330,-0.0626,0.0156,-0.0011,0.3631,0.1703,0.3894,1.0681,0.0000,0.0000,0.0000,0.0000,0.0000,0.0000,False,0.0044,0.0405,-0.0694,-0.0244,-0.0488,0.0389,-0.0482,grasp,0.0000,0.0000,0.0000,0.0000,0.0000,0.0000,False,,0.0500,0.0000,False,0.8020,-0.2600,0.0100,0.8432
1150,0.0,1.1508,-0.0027,False,False,False,-0.4349,4.7536,-0.2195,-1.2595,-0.0972,1.4584,0.0000,-0.0000,-0.0000,0.0000,-0.0000,0.0000,0.4229,0.1710,0.3926,1.0681,0.0000,0.0000,0.0000,0.0000,0.0000,0.0000,False,0.0207,0.0586,0.0345,-0.0555,-0.0214,-0.0433,0.5314,grasp,0.0000,0.0000,0.0000,0.0000,0.0000,0.0000,False,,0.0500,0.0000,False,0.8020,-0.2600,0.0100,0.8432
1151,0.0,1.1508,-0.0148,False,False,False,-0.4340,4.7540,-0.2199,-1.2593,-0.0979,1.4581,0.0725,-0.0181,-0.0747,0.0773,-0.0553,0.0097,0.4820,0.1710,0.3926,1.0681,0.0000,0.0000,0.0000,0.0000,0.0000,0.0000,False,0.0727,-0.0172,-0.0743,0.0767,-0.0555,0.0092,2.2015,grasp,0.0000,0.0000,0.0000,0.0000,0.0000,0.0000,False,,0.0500,0.0000,True,0.8020,-0.2600,0.0100,0.8432
1152,0.0,1.1514,-0.0325,False,False,False,-0.4344,4.7557,-0.2202,-1.2591,-0.1001,1.4605,-0.1149,0.1527,0.0688,-0.0832,-0.0704,0.1428,0.5470,0.1710,0.3950,1.0679,0.0000,0.0000,0.0000,0.0000,0.0000,0.0000,False,-0.0591,0.0788,0.0348,-0.0423,-0.0381,0.0754,2.1178,grasp,0.0000,0.0000,0.0000,0.0000,0.0000,0.0000,False,,0.0500,0.0000,False,0.8020,-0.2600,0.0100,0.8432
1153,0.0,1.1514,-0.0328,False,False,False,-0.4344,4.7557,-0.2202,-1.2591,-0.1001,1.4605,-0.1149,0.1527,0.0688,-0.0832,-0.0704,0.1428,0.5470,0.1710,0.3950,1.0679,0.0000,0.0000,0.0000,0.0000,0.0000,0.0000,False,0.0324,0.0563,0.0646,-0.0377,0.0086,0.0330,2.2923,grasp,0.0000,0.0000,0.0000,0.0000,0.0000,0.0000,False,,0.0500,0.0000,True,0.8020,-0.2600,0.0100,0.8432
1154,0.0,1.1518,-0.0108,False,False,False,-0.4357,4.7584,-0.2190,-1.2606,-0.1013,1.4632,0.0272,-0.0392,0.0238,-0.0330,-0.0193,0.0703,0.5978,0.1782,0.3928,1.0680,0.0000,0.0000,0.0000,0.0000,0.0000,0.0000,False,0.0256,-0.0266,0.0248,-0.0342,-0.0204,0.0723,2.9564,grasp,0.0000,0.0000,0.0000,0.0000,0.0000,0.0000,False,,0.0500,0.0000,True,0.8020,-0.2600,0.0100,0.8432
1155,0.0,1.1518,-0.0191,False,False,False,-0.4352,4.7578,-0.2186,-1.2612,-0.1016,1.4646,0.0517,-0.0640,0.0452,-0.0627,-0.0368,0.1336,0.6157,0.1782,0.3928,1.0680,0.0000,0.0000,0.0000,0.0000,0.0000,0.0000,False,0.0543,-0.0529,-0.0156,-0.0341,0.0149,0.0441,1.4775,grasp,0.0000,0.0000,0.0000,0.0000,0.0000,0.0000,False,,0.0500,0.0000,False,0.8020,-0.2600,0.0100,0.8432
1156,0.0,1.1518,-0.0112,False,False,False,-0.4347,4.7573,-0.2187,-1.2616,-0.1015,1.4650,0.0538,-0.0520,-0.0161,-0.0335,0.0153,0.0428,0.6105,0.1782,0.3928,1.0680,0.0000,0.0000,0.0000,0.0000,0.0000,0.0000,False,0.0028,0.0158,-0.0673,-0.0637,0.0681,0.0433,-2.6251,grasp,0.0000,0.0000,0.0000,0.0000,0.0000,0.0000,False,,0.0500,0.0000,False,0.8020,-0.2600,0.0100,0.8432
1157,0.0,1.1519,-0.0173,False,False,False,-0.4333,4.7568,-0.2208,-1.2619,-0.1031,1.4659,0.0236,0.0433,-0.1164,0.0191,-0.1231,0.0071,0.5742,0.1753,0.3942,1.0681,0.0000,0.0000,0.0000,0.0000,0.0000,0.0000,False,0.0134,0.0208,-0.0616,0.0094,-0.0645,0.0046,0.6478,grasp,0.0000,0.0000,0.0000,0.0000,0.0000,0.0000,False,,0.0500,0.0000,False,0.8020,-0.2600,0.0100,0.8432
1158,0.0,1.1514,-0.0135,False,False,False,-0.4337,4.7578,-0.2219,-1.2616,-0.1043,1.4664,-0.0758,0.0452,0.0562,0.0035,0.0507,0.0390,0.5410,0.1759,0.3930,1.0679,0.0000,0.0000,0.0000,0.0000,0.0000,0.0000,False,-0.0754,0.0458,0.0545,0.0038,0.0490,0.0391,0.3027,grasp,0.0000,0.0000,0.0000,0.0000,0.0000,0.0000,False,,0.0500,0.0000,False,0.8020,-0.2600,0.0100,0.8432
1159,0.0,1.1514,-0.0133,False,False,False,-0.4337,4.7578,-0.2219,-1.2616,-0.1043,1.4664,-0.0758,0.0452,0.0562,0.0035,0.0507,0.0390,0.5410,0.1759,0.3930,1.0679,0.0000,0.0000,0.0000,0.0000,0.0000,0.0000,False,-0.0709,0.0276,-0.0094,0.0691,-0.0089,0.0613,-0.3528,grasp,0.0000,0.0000,0.0000,0.0000,0.0000,0.0000,False,,0.0500,0.0000,False,0.8020,-0.2600,0.0100,0.8432
1160,0.0,1.1514,-0.0126,False,False,False,-0.4345,4.7585,-0.2215,-1.2621,-0.1030,1.4672,0.0630,-0.0449,-0.0626,-0.0552,0.0304,0.0047,0.4907,0.1759,0.3930,1.0679,0.0000,0.0000,0.0000,0.0000,0.0000,0.0000,False,0.0615,-0.0414,-0.0615,-0.0551,0.0314,0.0054,-1.9023,grasp,0.0000,0.0000,0.0000,0.0000,0.0000,0.0000,False,,0.0500,0.0000,False,0.8020,-0.2600,0.0100,0.8432
1161,0.0,1.1514,-0.0131,False,False,False,-0.4345,4.7585,-0.2215,-1.2621,-0.1030,1.4672,0.0630,-0.0449,-0.0626,-0.0552,0.0304,0.0047,0.4907,0.1759,0.3930,1.0679,0.0000,0.0000,0.0000,0.0000,0.0000,0.0000,False,0.0762,0.0785,-0.0116,-0.0151,0.0021,0.0540,1.6366,grasp,0.0000,0.0000,0.0000,0.0000,0.0000,0.0000,False,,0.0500,0.0000,False,0.8020,-0.2600,0.0100,0.8432
1162,0.0,1.1512,-0.0121,False,False,False,-0.4331,4.7570,-0.2234,-1.2628,-0.1024,1.4677,0.0214,-0.0508,-0.0709,0.0386,0.0022,0.0448,0.5024,0.1740,0.3927,1.0680,0.0000,0.0000,0.0000,0.0000,0.0000,0.0000,False,0.0214,-0.0511,-0.0709,0.0386,0.0022,0.0448,1.4047,grasp,0.0000,0.0000,0.0000,0.0000,0.0000,0.0000,False,,0.0500,0.0000,False,0.8020,-0.2600,0.0100,0.8432
1163,0.0,1.1510,-0.0078,False,False,False,-0.4321,4.7555,-0.2245,-1.2624,-0.1027,1.4683,0.0617,-0.0232,0.0258,-0.0397,-0.0260,-0.0219,0.4701,0.1711,0.3937,1.0679,0.0000,0.0000,0.0000,0.0000,0.0000,0.0000,False,0.0621,-0.0271,0.0245,-0.0390,-0.0259,-0.0210,-1.2462,grasp,0.0000,0.0000,0.0000,0.0000,0.0000,0.0000,False,,0.0500,0.0000,False,0.8020,-0.2600,0.0100,0.8432
1164,0.0,1.1510,-0.0078,False,False,False,-0.4321,4.7555,-0.2245,-1.2624,-0.1027,1.4683,0.0617,-0.0232,0.0258,-0.0397,-0.0260,-0.0219,0.4701,0.1711,0.3937,1.0679,0.0000,0.0000,0.0000,0.0000,0.0000,0.0000,False,-0.0666,-0.0564,-0.0201,-0.0781,0.0650,-0.0581,-3.0227,grasp,0.0000,0.0000,0.0000,0.0000,0.0000,0.0000,False,,0.0500,0.0000,False,0.8020,-0.2600,0.0100,0.8432
1165,0.0,1.1510,-0.0078,False,False,False,-0.4314,4.7550,-0.2241,-1.2630,-0.1028,1.4676,-0.0475,0.0001,-0.0090,0.0141,0.0398,-0.0381,0.4247,0.1711,0.3937,1.0679,0.0000,0.0000,0.0000,0.0000,0.0000,0.0000,False,-0.0463,-0.0006,-0.0085,0.0134,0.0393,-0.0385,-0.6537,grasp,0.0000,0.0000,0.0000,0.0000,0.0000,0.0000,False,,0.0500,0.0000,False,0.8020,-0.2600,0.0100,0.8432
1166,0.0,1.1504,-0.0124,False,False,False,-0.4322,4.7557,-0.2242,-1.2635,-0.1027,1.4668,0.0054,0.0693,0.0064,-0.0723,-0.0702,-0.0050,0.4039,0.1698,0.3925,1.0680,0.0000,0.0000,0.0000,0.0000,0.0000,0.0000,False,0.0045,0.0693,0.0063,-0.0720,-0.0695,-0.0057,-0.3051,grasp,0.0000,0.0000,0.0000,0.0000,0.0000,0.0000,False,,0.0500,0.0000,False,0.8020,-0.2600,0.0100,0.8432
1167,0.0,1.1504,-0.0109,False,False,False,-0.4322,4.7557,-0.2242,-1.2635,-0.1027,1.4668,0.0054,0.0693,0.0064,-0.0723,-0.0702,-0.0050,0.4039,0.1698,0.3925,1.0680,0.0000,0.0000,0.0000,0.0000,0.0000,0.0000,False,0.0684,0.0735,0.0165,-0.0358,-0.0217,0.0507,-1.0078,grasp,0.0000,0.0000,0.0000,0.0000,0.0000,0.0000,False,,0.0500,0.0000,False,0.8020,-0.2600,0.0100,0.8432
1168,0.0,1.1504,-0.0225,False,False,False,-0.4321,4.7570,-0.2240,-1.2649,-0.1040,1.4667,0.0102,0.1320,0.0122,-0.1374,-0.1335,-0.0095,0.3996,0.1698,0.3925,1.0680,0.0000,0.0000,0.0000,0.0000,0.0000,0.0000,False,-0.0490,-0.0780,0.0097,0.0328,0.0441,0.0355,2.1144,grasp,0.0000,0.0000,0.0000,0.0000,0.0000,0.0000,False,,0.0500,0.0000,True,0.8020,-0.2600,0.0100,0.8432
1169,0.0,1.1497,-0.0086,False,False,False,-0.4319,4.7570,-0.2237,-1.2648,-0.1046,1.4671,0.0285,-0.0140,0.0299,0.0108,-0.0557,0.0408,0.3468,0.1710,0.3898,1.0680,0.0000,0.0000,0.0000,0.0000,0.0000,0.0000,False,0.0285,-0.0138,0.0299,0.0108,-0.0557,0.0408,-1.8825,grasp,0.0000,0.0000,0.0000,0.0000,0.0000,0.0000,False,,0.0500,0.0000,False,0.8020,-0.2600,0.0100,0.8432
1170,0.0,1.1497,-0.0304,False,False,False,-0.4296,4.7559,-0.2213,-1.2639,-0.1091,1.4704,0.0980,-0.0480,0.1030,0.0371,-0.1914,0.1403,0.2963,0.1710,0.3898,1.0680,0.0000,0.0000,0.0000,0.0000,0.0000,0.0000,False,-0.0412,-0.0489,-0.0110,0.0189,-0.0151,0.0377,0.3818,grasp,0.0000,0.0000,0.0000,0.0000,0.0000,0.0000,False,,0.0500,0.0000,True,0.8020,-0.2600,0.0100,0.8432
1171,0.0,1.1493,-0.0122,False,False,False,-0.4301,4.7563,-0.2215,-1.2645,-0.1093,1.4696,-0.0529,0.0431,-0.0127,-0.0588,-0.0181,-0.0730,0.3515,0.1711,0.3889,1.0679,0.0000,0.0000,0.0000,0.0000,0.0000,0.0000,False,-0.0529,0.0431,-0.0127,-0.0588,-0.0181,-0.0730,1.6331,grasp,0.0000,0.0000,0.0000,0.0000,0.0000,0.0000,False,,0.0500,0.0000,True,0.8020,-0.2600,0.0100,0.8432
1172,0.0,1.1493,-0.0255,False,False,False,-0.4311,4.7572,-0.2217,-1.2656,-0.1096,1.4683,-0.1005,0.0819,-0.0241,-0.1117,-0.0343,-0.1387,0.3715,0.1711,0.3889,1.0679,0.0000,0.0000,0.0000,0.0000,0.0000,0.0000,False,0.0703,0.0268,-0.0020,0.0761,0.0093,0.0338,0.1908,grasp,0.0000,0.0000,0.0000,0.0000,0.0000,0.0000,False,,0.0500,0.0000,False,0.8020,-0.2600,0.0100,0.8432
1173,0.0,1.1493,-0.0253,False,False,False,-0.4311,4.7572,-0.2217,-1.2656,-0.1096,1.4683,-0.1005,0.0819,-0.0241,-0.1117,-0.0343,-0.1387,0.3715,0.1711,0.3889,1.0679,0.0000,0.0000,0.0000,0.0000,0.0000,0.0000,False,0.0670,-0.0631,0.0737,0.0550,-0.0142,-0.0493,-1.9125,grasp,0.0000,0.0000,0.0000,0.0000,0.0000,0.0000,False,,0.0500,0.0000,False,0.8020,-0.2600,0.0100,0.8432
1174,0.0,1.1494,-0.0308,False,False,False,-0.4281,4.7555,-0.2245,-1.2656,-0.1106,1.4644,0.1454,-0.0863,-0.1370,0.0012,-0.0500,-0.1845,0.2794,0.1728,0.3884,1.0679,0.0000,0.0000,0.0000,0.0000,0.0000,0.0000,False,0.0537,-0.0317,-0.0506,0.0004,-0.0185,-0.0681,-2.2450,grasp,0.0000,0.0000,0.0000,0.0000,0.0000,0.0000,False,,0.0500,0.0000,False,0.8020,-0.2600,0.0100,0.8432
1175,0.0,1.1494,-0.0303,False,False,False,-0.4262,4.7544,-0.2263,-1.2655,-0.1113,1.4621,0.1846,-0.1095,-0.1739,0.0015,-0.0635,-0.2341,0.2629,0.1728,0.3884,1.0679,0.0000,0.0000,0.0000,0.0000,0.0000,0.0000,False,-0.0542,0.0526,0.0507,0.0417,-0.0548,0.0738,-0.7196,grasp,0.0000,0.0000,0.0000,0.0000,0.0000,0.0000,False,,0.0500,0.0000,False,0.8020,-0.2600,0.0100,0.8432
1176,0.0,1.1483,-0.0163,False,False,False,-0.4268,4.7543,-0.2258,-1.2651,-0.1118,1.4629,-0.0561,0.0594,0.0524,0.0417,-0.0542,0.0761,0.2715,0.1651,0.3888,1.0678,0.0000,0.0000,0.0000,0.0000,0.0000,0.0000,False,-0.0350,-0.0430,0.0316,-0.0443,0.0762,0.0327,2.5812,grasp,0.0000,0.0000,0.0000,0.0000,0.0000,0.0000,False,,0.0500,0.0000,True,0.8020,-0.2600,0.0100,0.8432
1177,0.0,1.1483,-0.0312,False,False,False,-0.4279,4.7554,-0.2248,-1.2643,-0.1128,1.4643,-0.1066,0.1081,0.0996,0.0791,-0.1030,0.1446,0.2752,0.1651,0.3888,1.0678,0.0000,0.0000,0.0000,0.0000,0.0000,0.0000,False,-0.0106,-0.0688,-0.0224,-0.0478,0.0102,-0.0126,-2.6973,grasp,0.0000,0.0000,0.0000,0.0000,0.0000,0.0000,False,,0.0500,0.0000,False,0.8020,-0.2600,0.0100,0.8432
1178,0.0,1.1483,-0.0009,False,False,False,-0.4279,4.7557,-0.2248,-1.2643,-0.1128,1.4643,0.0000,-0.0000,-0.0000,0.0000,-0.0000,0.0000,0.2752,0.1651,0.3888,1.0678,0.0000,0.0000,0.0000,0.0000,0.0000,0.0000,False,0.0520,-0.0615,-0.0272,0.0038,-0.0663,0.0426,2.1346,grasp,0.0000,0.0000,0.0000,0.0000,0.0000,0.0000,False,,0.0500,0.0000,True,0.8020,-0.2600,0.0100,0.8432
1179,0.0,1.1485,-0.0189,False,False,False,-0.4256,4.7542,-0.2250,-1.2644,-0.1124,1.4636,0.1132,-0.0620,-0.0008,-0.0077,0.0743,-0.0769,0.2785,0.1684,0.3885,1.0677,0.0000,0.0000,0.0000,0.0000,0.0000,0.0000,False,0.0601,-0.0334,-0.0007,-0.0040,0.0385,-0.0401,-2.8581,grasp,0.0000,0.0000,0.0000,0.0000,0.0000,0.0000,False,,0.0500,0.0000,False,0.8020,-0.2600,0.0100,0.8432
1180,0.0,1.1484,-0.0133,False,False,False,-0.4242,4.7537,-0.2256,-1.2642,-0.1117,1.4632,-0.0157,0.0558,-0.0541,0.0364,-0.0414,0.0702,0.2985,0.1645,0.3896,1.0677,0.0000,0.0000,0.0000,0.0000,0.0000,0.0000,False,-0.0141,0.0534,-0.0541,0.0363,-0.0404,0.0691,3.0499,grasp,0.0000,0.0000,0.0000,0.0000,0.0000,0.0000,False,,0.0500,0.0000,True,0.8020,-0.2600,0.0100,0.8432
1181,0.0,1.1484,-0.0131,False,False,False,-0.4245,4.7547,-0.2266,-1.2635,-0.1125,1.4645,-0.0298,0.1046,-0.1028,0.0692,-0.0787,0.1334,0.3185,0.1645,0.3896,1.0677,0.0000,0.0000,0.0000,0.0000,0.0000,0.0000,False,-0.0329,-0.0550,0.0066,0.0420,-0.0157,-0.0557,0.3104,grasp,0.0000,0.0000,0.0000,0.0000,0.0000,0.0000,False,,0.0500,0.0000,True,0.8020,-0.2600,0.0100,0.8432
1182,0.0,1.1484,-0.0252,False,False,False,-0.4245,4.7547,-0.2266,-1.2635,-0.1125,1.4645,-0.0298,0.1046,-0.1028,0.0692,-0.0787,0.1334,0.3185,0.1645,0.3896,1.0677,0.0000,0.0000,0.0000,0.0000,0.0000,0.0000,False,0.0685,-0.0071,0.0747,-0.0340,0.0049,-0.0606,2.1918,grasp,0.0000,0.0000,0.0000,0.0000,0.0000,0.0000,False,,0.0500,0.0000,True,0.8020,-0.2600,0.0100,0.8432
1183,0.0,1.1491,-0.0135,False,False,False,-0.4250,4.7552,-0.2268,-1.2629,-0.1119,1.4649,-0.0495,0.0382,-0.0190,0.0614,0.0636,0.0399,0.3352,0.1672,0.3907,1.0676,0.0000,0.0000,0.0000,0.0000,0.0000,0.0000,False,-0.0495,0.0382,-0.0190,0.0614,0.0636,0.0399,-0.3646,grasp,0.0000,0.0000,0.0000,0.0000,0.0000,0.0000,False,,0.0500,0.0000,False,0.8020,-0.2600,0.0100,0.8432
1184,0.0,1.1491,-0.0479,False,False,False,-0.4289,4.7582,-0.2283,-1.2579,-0.1068,1.4681,-0.1703,0.1313,-0.0653,0.2113,0.2186,0.1371,0.3402,0.1672,0.3907,1.0676,0.0000,0.0000,0.0000,0.0000,0.0000,0.0000,False,0.0256,0.0363,0.0413,-0.0265,0.0411,-0.0705,-1.9013,grasp,0.0000,0.0000,0.0000,0.0000,0.0000,0.0000,False,,0.0500,0.0000,False,0.8020,-0.2600,0.0100,0.8432
1185,0.0,1.1491,-0.0117,False,False,False,-0.4293,4.7586,-0.2281,-1.2583,-0.1065,1.4678,-0.0360,0.0216,0.0262,-0.0389,0.0289,-0.0288,0.3478,0.1699,0.3897,1.0675,0.0000,0.0000,0.0000,0.0000,0.0000,0.0000,False,-0.0360,0.0218,0.0262,-0.0389,0.0289,-0.0288,0.4536,grasp,0.0000,0.0000,0.0000,0.0000,0.0000,0.0000,False,,0.0500,0.0000,False,0.8020,-0.2600,0.0100,0.8432
1186,0.0,1.1491,-0.0159,False,False,False,-0.4300,4.7591,-0.2276,-1.2590,-0.1059,1.4673,-0.0685,0.0411,0.0498,-0.0739,0.0548,-0.0547,0.3588,0.1699,0.3897,1.0675,0.0000,0.0000,0.0000,0.0000,0.0000,0.0000,False,0.0295,0.0307,-0.0594,0.0709,-0.0302,-0.0136,-0.9802,grasp,0.0000,0.0000,0.0000,0.0000,0.0000,0.0000,False,,0.0500,0.0000,False,0.8020,-0.2600,0.0100,0.8432
1187,0.0,1.1491,-0.0142,False,False,False,-0.4300,4.7591,-0.2276,-1.2590,-0.1059,1.4673,-0.0685,0.0411,0.0498,-0.0739,0.0548,-0.0547,0.3588,0.1699,0.3897,1.0675,0.0000,0.0000,0.0000,0.0000,0.0000,0.0000,False,-0.0200,0.0363,0.0000,0.0254,0.0169,-0.0673,0.6224,grasp,0.0000,0.0000,0.0000,0.0000,0.0000,0.0000,False,,0.0500,0.0000,False,0.8020,-0.2600,0.0100,0.8432
1188,0.0,1.1498,-0.0318,False,False,False,-0.4320,4.7604,-0.2310,-1.2615,-0.1026,1.4677,-0.0963,0.0620,-0.1640,-0.1194,0.1602,0.0197,0.4429,0.1717,0.3907,1.0676,0.0000,0.0000,0.0000,0.0000,0.0000,0.0000,False,-0.0355,0.0229,-0.0605,-0.0441,0.0591,0.0073,1.8760,grasp,0.0000,0.0000,0.0000,0.0000,0.0000,0.0000,False,,0.0500,0.0000,True,0.8020,-0.2600,0.0100,0.8432
1189,0.0,1.1498,-0.0337,False,False,False,-0.4320,4.7604,-0.2310,-1.2615,-0.1026,1.4677,-0.0963,0.0620,-0.1640,-0.1194,0.1602,0.0197,0.4429,0.1717,0.3907,1.0676,0.0000,0.0000,0.0000,0.0000,0.0000,0.0000,False,-0.0586,-0.0193,0.0271,0.0512,-0.0492,-0.0222,0.8608,grasp,0.0000,0.0000,0.0000,0.0000,0.0000,0.0000,False,,0.0500,0.0000,False,0.8020,-0.2600,0.0100,0.8432
1190,0.0,1.1509,-0.0032,False,False,False,-0.4332,4.7612,-0.2331,-1.2630,-0.1006,1.4679,-0.0000,-0.0000,-0.0000,0.0000,-0.0000,0.0000,0.4760,0.1718,0.3934,1.0678,0.0000,0.0000,0.0000,0.0000,0.0000,0.0000,False,-0.0222,-0.0155,0.0688,0.0631,-0.0326,0.0645,1.2287,grasp,0.0000,0.0000,0.0000,0.0000,0.0000,0.0000,False,,0.0500,0.0000,False,0.8020,-0.2600,0.0100,0.8432
1191,0.0,1.1509,-0.0128,False,False,False,-0.4334,4.7610,-0.2324,-1.2624,-0.1009,1.4686,-0.0222,-0.0155,0.0688,0.0631,-0.0326,0.0645,0.4841,0.1718,0.3934,1.0678,0.0000,0.0000,0.0000,0.0000,0.0000,0.0000,False,-0.0327,-0.0656,0.0291,-0.0564,0.0611,-0.0132,-1.7646,grasp,0.0000,0.0000,0.0000,0.0000,0.0000,0.0000,False,,0.0500,0.0000,False,0.8020,-0.2600,0.0100,0.8432
1192,0.0,1.1509,-0.0026,False,False,False,-0.4334,4.7610,-0.2324,-1.2624,-0.1009,1.4686,0.0000,-0.0000,-0.0000,0.0000,-0.0000,0.0000,0.4841,0.1718,0.3934,1.0678,0.0000,0.0000,0.0000,0.0000,0.0000,0.0000,False,-0.0006,-0.0381,0.0113,0.0771,0.0654,0.0460,2.0946,grasp,0.0000,0.0000,0.0000,0.0000,0.0000,0.0000,False,,0.0500,0.0000,True,0.8020,-0.2600,0.0100,0.8432
1193,0.0,1.1511,-0.0261,False,False,False,-0.4327,4.7603,-0.2304,-1.2595,-0.1014,1.4702,0.0492,-0.0241,0.1228,0.1425,-0.0790,0.0792,0.5521,0.1722,0.3940,1.0678,0.0000,0.0000,0.0000,0.0000,0.0000,0.0000,False,0.0259,-0.0130,0.0647,0.0758,-0.0409,0.0422,2.2482,grasp,0.0000,0.0000,0.0000,0.0000,0.0000,0.0000,False,,0.0500,0.0000,True,0.8020,-0.2600,0.0100,0.8432
1194,0.0,1.1513,-0.0025,False,False,False,-0.4320,4.7599,-0.2286,-1.2574,-0.1026,1.4714,-0.0000,-0.0000,-0.0000,0.0000,-0.0000,0.0000,0.5644,0.1741,0.3942,1.0676,0.0000,0.0000,0.0000,0.0000,0.0000,0.0000,False,0.0614,-0.0673,-0.0530,0.0166,0.0572,0.0224,1.2161,grasp,0.0000,0.0000,0.0000,0.0000,0.0000,0.0000,False,,0.0500,0.0000,False,0.8020,-0.2600,0.0100,0.8432
1195,0.0,1.1513,-0.0129,False,False,False,-0.4314,4.7594,-0.2292,-1.2573,-0.1020,1.4716,0.0607,-0.0670,-0.0547,0.0146,0.0583,0.0213,0.5635,0.1741,0.3942,1.0676,0.0000,0.0000,0.0000,0.0000,0.0000,0.0000,False,-0.0603,-0.0475,0.0226,-0.0546,-0.0224,0.0188,0.0926,grasp,0.0000,0.0000,0.0000,0.0000,0.0000,0.0000,False,,0.0500,0.0000,False,0.8020,-0.2600,0.0100,0.8432
1196,0.0,1.1513,-0.0287,False,False,False,-0.4302,4.7582,-0.2302,-1.2570,-0.1009,1.4720,0.1154,-0.1283,-0.1040,0.0278,0.1108,0.0404,0.5626,0.1741,0.3942,1.0676,0.0000,0.0000,0.0000,0.0000,0.0000,0.0000,False,0.0235,0.0520,0.0237,0.0754,0.0680,0.0506,0.3108,grasp,0.0000,0.0000,0.0000,0.0000,0.0000,0.0000,False,,0.0500,0.0000,False,0.8020,-0.2600,0.0100,0.8432
1197,0.0,1.1513,-0.0038,False,False,False,-0.4302,4.7577,-0.2302,-1.2570,-0.1009,1.4720,-0.0000,-0.0000,-0.0000,0.0000,-0.0000,0.0000,0.5303,0.1741,0.3942,1.0676,0.0000,0.0000,0.0000,0.0000,0.0000,0.0000,False,-0.0480,0.0187,0.0587,0.0563,0.0668,0.0478,-1.9313,grasp,0.0000,0.0000,0.0000,0.0000,0.0000,0.0000,False,,0.0500,0.0000,False,0.8020,-0.2600,0.0100,0.8432
1198,0.0,1.1510,-0.0133,False,False,False,-0.4315,4.7580,-0.2302,-1.2561,-0.0995,1.4725,-0.0762,0.0076,-0.0606,0.0317,0.0724,-0.0004,0.4703,0.1705,0.3950,1.0676,0.0000,0.0000,0.0000,0.0000,0.0000,0.0000,False,-0.0766,0.0080,-0.0601,0.0323,0.0731,0.0001,-1.7288,grasp,0.0000,0.0000,0.0000,0.0000,0.0000,0.0000,False,,0.0500,0.0000,False,0.8020,-0.2600,0.0100,0.8432
1199,0.0,1.1509,-0.0226,False,False,False,-0.4315,4.7575,-0.2320,-1.2544,-0.0964,1.4710,0.0895,-0.0397,-0.0391,0.0737,0.1092,-0.0943,0.5001,0.1695,0.3950,1.0676,0.0000,0.0000,0.0000,0.0000,0.0000,0.0000,False,0.0456,-0.0207,-0.0217,0.0394,0.0589,-0.0496,1.8382,grasp,0.0000,0.0000,0.0000,0.0000,0.0000,0.0000,False,,0.0500,0.0000,True,0.8020,-0.2600,0.0100,0.8432
1200,0.0,1.1509,-0.0231,False,False,False,-0.4315,4.7575,-0.2320,-1.2544,-0.0964,1.4710,0.0895,-0.0397,-0.0391,0.0737,0.1092,-0.0943,0.5001,0.1695,0.3950,1.0676,0.0000,0.0000,0.0000,0.0000,0.0000,0.0000,False,0.0419,-0.0518,-0.0559,0.0752,0.0561,0.0292,-2.7617,grasp,0.0000,0.0000,0.0000,0.0000,0.0000,0.0000,False,,0.0500,0.0000,False,0.8020,-0.2600,0.0100,0.8432
1201,0.0,1.1509,-0.0306,False,False,False,-0.4303,4.7569,-0.2325,-1.2533,-0.0949,1.4697,0.1276,-0.0566,-0.0557,0.1051,0.1558,-0.1344,0.5135,0.1695,0.3950,1.0676,0.0000,0.0000,0.0000,0.0000,0.0000,0.0000,False,0.0048,-0.0759,-0.0733,-0.0113,-0.0081,0.0528,-2.7408,grasp,0.0000,0.0000,0.0000,0.0000,0.0000,0.0000,False,,0.0500,0.0000,False,0.8020,-0.2600,0.0100,0.8432
1202,0.0,1.1509,-0.0014,False,False,False,-0.4303,4.7568,-0.2325,-1.2533,-0.0949,1.4697,0.0000,-0.0000,-0.0000,0.0000,-0.0000,0.0000,0.5135,0.1695,0.3950,1.0676,0.0000,0.0000,0.0000,0.0000,0.0000,0.0000,False,-0.0034,0.0114,-0.0292,-0.0420,-0.0009,0.0028,2.7560,grasp,0.0000,0.0000,0.0000,0.0000,0.0000,0.0000,False,,0.0500,0.0000,True,0.8020,-0.2600,0.0100,0.8432
1203,0.0,1.1513,-0.0112,False,False,False,-0.4309,4.7574,-0.2330,-1.2534,-0.0944,1.4694,-0.0578,0.0444,-0.0134,0.0397,0.0509,-0.0321,0.5734,0.1673,0.3971,1.0676,0.0000,0.0000,0.0000,0.0000,0.0000,0.0000,False,-0.0579,0.0445,-0.0137,0.0393,0.0508,-0.0321,-0.6780,grasp,0.0000,0.0000,0.0000,0.0000,0.0000,0.0000,False,,0.0500,0.0000,False,0.8020,-0.2600,0.0100,0.8432
1204,0.0,1.1513,-0.0113,False,False,False,-0.4324,4.7589,-0.2335,-1.2548,-0.0953,1.4699,-0.0295,0.0423,-0.0211,-0.1417,-0.1226,0.0755,0.5893,0.1673,0.3971,1.0676,0.0000,0.0000,0.0000,0.0000,0.0000,0.0000,False,-0.0166,0.0235,-0.0113,-0.0738,-0.0635,0.0391,1.3592,grasp,0.0000,0.0000,0.0000,0.0000,0.0000,0.0000,False,,0.0500,0.0000,False,0.8020,-0.2600,0.0100,0.8432
1205,0.0,1.1516,-0.0313,False,False,False,-0.4328,4.7595,-0.2338,-1.2568,-0.0970,1.4710,-0.0420,0.0607,-0.0301,-0.2020,-0.1748,0.1076,0.5877,0.1693,0.3971,1.0676,0.0000,0.0000,0.0000,0.0000,0.0000,0.0000,False,-0.0167,-0.0559,-0.0618,0.0529,0.0587,0.0631,1.9000,grasp,0.0000,0.0000,0.0000,0.0000,0.0000,0.0000,False,,0.0500,0.0000,False,0.8020,-0.2600,0.0100,0.8432
1206,0.0,1.1516,-0.0300,False,False,False,-0.4328,4.7595,-0.2338,-1.2568,-0.0970,1.4710,-0.0420,0.0607,-0.0301,-0.2020,-0.1748,0.1076,0.5877,0.1693,0.3971,1.0676,0.0000,0.0000,0.0000,0.0000,0.0000,0.0000,False,-0.0157,0.0298,0.0147,0.0145,0.0325,-0.0594,0.2112,grasp,0.0000,0.0000,0.0000,0.0000,0.0000,0.0000,False,,0.0500,0.0000,False,0.8020,-0.2600,0.0100,0.8432
1207,0.0,1.1514,-0.0149,False,False,False,-0.4327,4.7598,-0.2331,-1.2576,-0.0971,1.4717,0.0099,0.0241,0.0745,-0.0766,-0.0060,0.0719,0.5531,0.1708,0.3957,1.0677,0.0000,0.0000,0.0000,0.0000,0.0000,0.0000,False,0.0099,0.0242,0.0745,-0.0766,-0.0060,0.0719,-3.1092,grasp,0.0000,0.0000,0.0000,0.0000,0.0000,0.0000,False,,0.0500,0.0000,False,0.8020,-0.2600,0.0100,0.8432
1208,0.0,1.1514,-0.0334,False,False,False,-0.4323,4.7609,-0.2297,-1.2611,-0.0974,1.4750,0.0269,0.0657,0.2018,-0.2077,-0.0161,0.1948,0.5131,0.1708,0.3957,1.0677,0.0000,0.0000,0.0000,0.0000,0.0000,0.0000,False,-0.0530,0.0156,-0.0004,-0.0425,-0.0239,0.0350,-2.5267,grasp,0.0000,0.0000,0.0000,0.0000,0.0000,0.0000,False,,0.0500,0.0000,False,0.8020,-0.2600,0.0100,0.8432
1209,0.0,1.1512,-0.0176,False,False,False,-0.4320,4.7637,-0.2270,-1.2641,-0.0994,1.4761,-0.0064,0.1118,0.0079,-0.0271,-0.1225,-0.0949,0.4612,0.1745,0.3923,1.0681,0.0000,0.0000,0.0000,0.0000,0.0000,0.0000,False,-0.0030,0.0613,0.0067,-0.0169,-0.0647,-0.0475,-0.1943,grasp,0.0000,0.0000,0.0000,0.0000,0.0000,0.0000,False,,0.0500,0.0000,False,0.8020,-0.2600,0.0100,0.8432
1210,0.0,1.1512,-0.0268,False,False,False,-0.4321,4.7653,-0.2269,-1.2645,-0.1012,1.4747,-0.0091,0.1613,0.0112,-0.0387,-0.1747,-0.1354,0.4526,0.1745,0.3923,1.0681,0.0000,0.0000,0.0000,0.0000,0.0000,0.0000,False,0.0127,0.0173,-0.0289,0.0169,-0.0272,-0.0561,-0.6551,grasp,0.0000,0.0000,0.0000,0.0000,0.0000,0.0000,False,,0.0500,0.0000,False,0.8020,-0.2600,0.0100,0.8432
1211,0.0,1.1512,-0.0012,False,False,False,-0.4321,4.7656,-0.2269,-1.2645,-0.1012,1.4747,-0.0000,-0.0000,-0.0000,0.0000,-0.0000,0.0000,0.4390,0.1745,0.3923,1.0681,0.0000,0.0000,0.0000,0.0000,0.0000,0.0000,False,0.0578,0.0722,-0.0122,-0.0055,-0.0283,0.0143,-2.6532,grasp,0.0000,0.0000,0.0000,0.0000,0.0000,0.0000,False,,0.0500,0.0000,False,0.8020,-0.2600,0.0100,0.8432
1212,0.0,1.1504,-0.0115,False,False,False,-0.4311,4.7662,-0.2270,-1.2638,-0.1022,1.4751,0.0416,-0.0110,0.0015,0.0756,-0.0701,0.0267,0.3977,0.1772,0.3889,1.0681,0.0000,0.0000,0.0000,0.0000,0.0000,0.0000,False,0.0422,-0.0100,0.0013,0.0755,-0.0704,0.0268,-0.0632,grasp,0.0000,0.0000,0.0000,0.0000,0.0000,0.0000,False,,0.0500,0.0000,False,0.8020,-0.2600,0.0100,0.8432
1213,0.0,1.1504,-0.0017,False,False,False,-0.4299,4.7663,-0.2264,-1.2621,-0.1033,1.4753,0.0461,0.0287,0.0554,0.0294,0.0178,-0.0303,0.3932,0.1772,0.3889,1.0681,0.0000,0.0000,0.0000,0.0000,0.0000,0.0000,False,0.0469,0.0285,0.0554,0.0308,0.0165,-0.0298,-0.1819,grasp,0.0000,0.0000,0.0000,0.0000,0.0000,0.0000,False,,0.0500,0.0000,False,0.8020,-0.2600,0.0100,0.8432
1214,0.0,1.1501,-0.0120,False,False,False,-0.4299,4.7663,-0.2264,-1.2621,-0.1033,1.4753,0.0461,0.0287,0.0554,0.0294,0.0178,-0.0303,0.3932,0.1774,0.3885,1.0679,0.0000,0.0000,0.0000,0.0000,0.0000,0.0000,False,-0.0395,-0.0507,0.0240,-0.0500,-0.0457,0.0781,-1.5041,grasp,0.0000,0.0000,0.0000,0.0000,0.0000,0.0000,False,,0.0500,0.0000,False,0.8020,-0.2600,0.0100,0.8432
1215,0.0,1.1501,-0.0027,False,False,False,-0.4290,4.7669,-0.2253,-1.2615,-0.1030,1.4747,-0.0000,-0.0000,-0.0000,0.0000,-0.0000,0.0000,0.3838,0.1774,0.3885,1.0679,0.0000,0.0000,0.0000,0.0000,0.0000,0.0000,False,0.0486,0.0629,0.0676,0.0688,0.0770,0.0349,-0.6809,grasp,0.0000,0.0000,0.0000,0.0000,0.0000,0.0000,False,,0.0500,0.0000,False,0.8020,-0.2600,0.0100,0.8432
1216,0.0,1.1501,-0.0019,False,False,False,-0.4285,4.7675,-0.2247,-1.2609,-0.1022,1.4751,0.0000,-0.0000,-0.0000,0.0000,-0.0000,0.0000,0.3965,0.1774,0.3885,1.0679,0.0000,0.0000,0.0000,0.0000,0.0000,0.0000,False,-0.0423,0.0265,0.0679,-0.0064,-0.0217,0.0030,1.3939,grasp,0.0000,0.0000,0.0000,0.0000,0.0000,0.0000,False,,0.0500,0.0000,True,0.8020,-0.2600,0.0100,0.8432
1217,0.0,1.1504,-0.0110,False,False,False,-0.4283,4.7678,-0.2234,-1.2615,-0.1027,1.4746,0.0648,0.0017,0.0584,-0.0557,-0.0228,-0.0471,0.3800,0.1795,0.3883,1.0679,0.0000,0.0000,0.0000,0.0000,0.0000,0.0000,False,0.0644,0.0022,0.0591,-0.0558,-0.0230,-0.0471,-1.6509,grasp,0.0000,0.0000,0.0000,0.0000,0.0000,0.0000,False,,0.0500,0.0000,False,0.8020,-0.2600,0.0100,0.8432
1218,0.0,1.1493,-0.0133,False,False,False,-0.4273,4.7673,-0.2230,-1.2621,-0.1038,1.4742,-0.0237,-0.0559,-0.0657,0.0472,-0.0647,0.0480,0.3210,0.1776,0.3857,1.0680,0.0000,0.0000,0.0000,0.0000,0.0000,0.0000,False,-0.0224,-0.0559,-0.0646,0.0461,-0.0651,0.0471,-2.4728,grasp,0.0000,0.0000,0.0000,0.0000,0.0000,0.0000,False,,0.0500,0.0000,False,0.8020,-0.2600,0.0100,0.8432
1219,0.0,1.1493,-0.0163,False,False,False,-0.4273,4.7673,-0.2230,-1.2621,-0.1038,1.4742,-0.0237,-0.0559,-0.0657,0.0472,-0.0647,0.0480,0.3210,0.1776,0.3857,1.0680,0.0000,0.0000,0.0000,0.0000,0.0000,0.0000,False,-0.0242,-0.0767,-0.0372,0.0134,-0.0504,0.0021,0.1338,grasp,0.0000,0.0000,0.0000,0.0000,0.0000,0.0000,False,,0.0500,0.0000,False,0.8020,-0.2600,0.0100,0.8432
1220,0.0,1.1493,-0.0039,False,False,False,-0.4278,4.7661,-0.2242,-1.2612,-0.1050,1.4751,0.0000,-0.0000,-0.0000,0.0000,-0.0000,0.0000,0.2964,0.1776,0.3857,1.0680,0.0000,0.0000,0.0000,0.0000,0.0000,0.0000,False,0.0469,-0.0691,0.0435,0.0113,0.0452,-0.0764,-1.1382,grasp,0.0000,0.0000,0.0000,0.0000,0.0000,0.0000,False,,0.0500,0.0000,False,0.8020,-0.2600,0.0100,0.8432
1221,0.0,1.1493,-0.0016,False,False,False,-0.4273,4.7654,-0.2238,-1.2611,-0.1045,1.4744,0.0000,-0.0000,-0.0000,0.0000,-0.0000,0.0000,0.3088,0.1776,0.3857,1.0680,0.0000,0.0000,0.0000,0.0000,0.0000,0.0000,False,0.0380,-0.0548,0.0173,-0.0551,-0.0299,0.0646,0.4524,grasp,0.0000,0.0000,0.0000,0.0000,0.0000,0.0000,False,,0.0500,0.0000,True,0.8020,-0.2600,0.0100,0.8432
1222,0.0,1.1493,-0.0102,False,False,False,-0.4267,4.7654,-0.2234,-1.2617,-0.1054,1.4757,0.0246,0.0505,0.0166,-0.0087,-0.0522,0.0680,0.3637,0.1755,0.3868,1.0679,0.0000,0.0000,0.0000,0.0000,0.0000,0.0000,False,0.0250,0.0498,0.0167,-0.0093,-0.0525,0.0686,0.9736,grasp,0.0000,0.0000,0.0000,0.0000,0.0000,0.0000,False,,0.0500,0.0000,True,0.8020,-0.2600,0.0100,0.8432
1223,0.0,1.1504,-0.0148,False,False,False,-0.4267,4.7668,-0.2226,-1.2612,-0.1057,1.4772,-0.0517,0.0470,0.0495,0.0665,0.0632,0.0231,0.4225,0.1793,0.3885,1.0678,0.0000,0.0000,0.0000,0.0000,0.0000,0.0000,False,-0.0512,0.0490,0.0498,0.0663,0.0622,0.0243,1.6067,grasp,0.0000,0.0000,0.0000,0.0000,0.0000,0.0000,False,,0.0500,0.0000,True,0.8020,-0.2600,0.0100,0.8432
1224,0.0,1.1504,-0.0025,False,False,False,-0.4277,4.7679,-0.2217,-1.2600,-0.1045,1.4777,-0.0000,-0.0000,-0.0000,0.0000,-0.0000,0.0000,0.4221,0.1793,0.3885,1.0678,0.0000,0.0000,0.0000,0.0000,0.0000,0.0000,False,0.0072,-0.0201,0.0064,-0.0585,0.0042,0.0012,-2.5331,grasp,0.0000,0.0000,0.0000,0.0000,0.0000,0.0000,False,,0.0500,0.0000,False,0.8020,-0.2600,0.0100,0.8432
1225,0.0,1.1504,-0.0029,False,False,False,-0.4277,4.7679,-0.2217,-1.2600,-0.1045,1.4777,-0.0000,-0.0000,-0.0000,0.0000,-0.0000,0.0000,0.4221,0.1793,0.3885,1.0678,0.0000,0.0000,0.0000,0.0000,0.0000,0.0000,False,-0.0286,-0.0697,0.0773,-0.0288,-0.0220,-0.0187,-1.2930,grasp,0.0000,0.0000,0.0000,0.0000,0.0000,0.0000,False,,0.0500,0.0000,False,0.8020,-0.2600,0.0100,0.8432
1226,0.0,1.1502,-0.0207,False,False,False,-0.4264,4.7657,-0.2207,-1.2625,-0.1044,1.4783,0.0793,-0.1341,0.0589,-0.1263,0.0046,0.0413,0.4446,0.1803,0.3875,1.0679,0.0000,0.0000,0.0000,0.0000,0.0000,0.0000,False,0.0417,-0.0704,0.0310,-0.0665,0.0024,0.0217,2.1404,grasp,0.0000,0.0000,0.0000,0.0000,0.0000,0.0000,False,,0.0500,0.0000,True,0.8020,-0.2600,0.0100,0.8432
1227,0.0,1.1502,-0.0029,False,False,False,-0.4253,4.7634,-0.2199,-1.2643,-0.1043,1.4789,0.0000,-0.0000,-0.0000,0.0000,-0.0000,0.0000,0.4844,0.1803,0.3875,1.0679,0.0000,0.0000,0.0000,0.0000,0.0000,0.0000,False,-0.0449,0.0700,-0.0707,0.0197,0.0153,0.0038,1.8113,grasp,0.0000,0.0000,0.0000,0.0000,0.0000,0.0000,False,,0.0500,0.0000,True,0.8020,-0.2600,0.0100,0.8432
1228,0.0,1.1513,-0.0134,False,False,False,-0.4257,4.7642,-0.2206,-1.2641,-0.1042,1.4789,-0.0460,0.0760,-0.0715,0.0215,0.0152,0.0032,0.5044,0.1780,0.3913,1.0680,0.0000,0.0000,0.0000,0.0000,0.0000,0.0000,False,0.0601,0.0548,0.0174,0.0546,-0.0763,-0.0475,-3.0159,grasp,0.0000,0.0000,0.0000,0.0000,0.0000,0.0000,False,,0.0500,0.0000,False,0.8020,-0.2600,0.0100,0.8432
1229,0.0,1.1513,-0.0024,False,False,False,-0.4266,4.7656,-0.2220,-1.2637,-0.1039,1.4790,-0.0000,-0.0000,-0.0000,0.0000,-0.0000,0.0000,0.5036,0.1780,0.3913,1.0680,0.0000,0.0000,0.0000,0.0000,0.0000,0.0000,False,0.0282,-0.0386,-0.0197,-0.0377,-0.0627,0.0335,-2.1089,grasp,0.0000,0.0000,0.0000,0.0000,0.0000,0.0000,False,,0.0500,0.0000,False,0.8020,-0.2600,0.0100,0.8432
1230,0.0,1.1513,-0.0125,False,False,False,-0.4263,4.7653,-0.2222,-1.2640,-0.1045,1.4793,0.0291,-0.0409,-0.0183,-0.0382,-0.0630,0.0334,0.4836,0.1780,0.3913,1.0680,0.0000,0.0000,0.0000,0.0000,0.0000,0.0000,False,-0.0303,-0.0572,-0.0269,0.0674,-0.0630,0.0303,1.7595,grasp,0.0000,0.0000,0.0000,0.0000,0.0000,0.0000,False,,0.0500,0.0000,True,0.8020,-0.2600,0.0100,0.8432
1231,0.0,1.1510,-0.0207,False,False,False,-0.4254,4.7672,-0.2234,-1.2627,-0.1047,1.4785,0.0630,0.1288,-0.0837,0.0904,-0.0089,-0.0520,0.4376,0.1782,0.3905,1.0680,0.0000,0.0000,0.0000,0.0000,0.0000,0.0000,False,0.0331,0.0677,-0.0440,0.0476,-0.0047,-0.0274,-2.9304,grasp,0.0000,0.0000,0.0000,0.0000,0.0000,0.0000,False,,0.0500,0.0000,False,0.8020,-0.2600,0.0100,0.8432
1232,0.0,1.1510,-0.0214,False,False,False,-0.4254,4.7672,-0.2234,-1.2627,-0.1047,1.4785,0.0630,0.1288,-0.0837,0.0904,-0.0089,-0.0520,0.4376,0.1782,0.3905,1.0680,0.0000,0.0000,0.0000,0.0000,0.0000,0.0000,False,-0.0715,-0.0168,-0.0475,0.0229,-0.0524,-0.0216,0.8723,grasp,0.0000,0.0000,0.0000,0.0000,0.0000,0.0000,False,,0.0500,0.0000,False,0.8020,-0.2600,0.0100,0.8432
1233,0.0,1.1505,-0.0028,False,False,False,-0.4266,4.7686,-0.2260,-1.2607,-0.1063,1.4772,0.0000,-0.0000,-0.0000,0.0000,-0.0000,0.0000,0.4629,0.1795,0.3888,1.0678,0.0000,0.0000,0.0000,0.0000,0.0000,0.0000,False,0.0395,0.0167,-0.0141,-0.0102,0.0749,-0.0195,2.3325,grasp,0.0000,0.0000,0.0000,0.0000,0.0000,0.0000,False,,0.0500,0.0000,True,0.8020,-0.2600,0.0100,0.8432
1234,0.0,1.1505,-0.0027,False,False,False,-0.4266,4.7686,-0.2260,-1.2607,-0.1063,1.4772,0.0000,-0.0000,-0.0000,0.0000,-0.0000,0.0000,0.4629,0.1795,0.3888,1.0678,0.0000,0.0000,0.0000,0.0000,0.0000,0.0000,False,0.0058,0.0303,0.0205,0.0441,0.0663,-0.0379,-1.4690,grasp,0.0000,0.0000,0.0000,0.0000,0.0000,0.0000,False,,0.0500,0.0000,False,0.8020,-0.2600,0.0100,0.8432
1235,0.0,1.1508,-0.0259,False,False,False,-0.4259,4.7674,-0.2259,-1.2630,-0.1071,1.4789,0.0172,-0.0902,0.0124,-0.1423,-0.1009,0.1244,0.4474,0.1799,0.3898,1.0677,0.0000,0.0000,0.0000,0.0000,0.0000,0.0000,False,0.0094,-0.0472,0.0064,-0.0750,-0.0523,0.0653,-0.8059,grasp,0.0000,0.0000,0.0000,0.0000,0.0000,0.0000,False,,0.0500,0.0000,False,0.8020,-0.2600,0.0100,0.8432
1236,0.0,1.1508,-0.0216,False,False,False,-0.4259,4.7674,-0.2259,-1.2630,-0.1071,1.4789,0.0172,-0.0902,0.0124,-0.1423,-0.1009,0.1244,0.4474,0.1799,0.3898,1.0677,0.0000,0.0000,0.0000,0.0000,0.0000,0.0000,False,0.0233,-0.0517,0.0660,-0.0678,0.0067,-0.0722,1.8723,grasp,0.0000,0.0000,0.0000,0.0000,0.0000,0.0000,False,,0.0500,0.0000,True,0.8020,-0.2600,0.0100,0.8432
1237,0.0,1.1501,-0.0094,False,False,False,-0.4256,4.7656,-0.2256,-1.2657,-0.1083,1.4812,0.0041,-0.0387,0.0132,-0.0609,0.0186,0.0511,0.3924,0.1764,0.3888,1.0679,0.0000,0.0000,0.0000,0.0000,0.0000,0.0000,False,0.0044,-0.0419,0.0134,-0.0629,0.0172,0.0529,-3.0161,grasp,0.0000,0.0000,0.0000,0.0000,0.0000,0.0000,False,,0.0500,0.0000,False,0.8020,-0.2600,0.0100,0.8432
1238,0.0,1.1501,-0.0011,False,False,False,-0.4255,4.7648,-0.2254,-1.2668,-0.1080,1.4821,0.0000,-0.0000,-0.0000,0.0000,-0.0000,0.0000,0.3924,0.1764,0.3888,1.0679,0.0000,0.0000,0.0000,0.0000,0.0000,0.0000,False,-0.0742,0.0050,-0.0031,0.0524,0.0169,0.0532,2.2463,grasp,0.0000,0.0000,0.0000,0.0000,0.0000,0.0000,False,,0.0500,0.0000,True,0.8020,-0.2600,0.0100,0.8432
1239,0.0,1.1501,-0.0104,False,False,False,-0.4263,4.7648,-0.2254,-1.2663,-0.1078,1.4827,-0.0743,0.0062,-0.0034,0.0536,0.0165,0.0523,0.4124,0.1764,0.3888,1.0679,0.0000,0.0000,0.0000,0.0000,0.0000,0.0000,False,-0.0614,-0.0754,-0.0479,0.0562,0.0631,-0.0354,-1.5029,grasp,0.0000,0.0000,0.0000,0.0000,0.0000,0.0000,False,,0.0500,0.0000,False,0.8020,-0.2600,0.0100,0.8432
1240,0.0,1.1504,-0.0282,False,False,False,-0.4263,4.7669,-0.2260,-1.2678,-0.1100,1.4844,-0.0014,0.1423,-0.0424,-0.1007,-0.1446,0.1128,0.4561,0.1763,0.3896,1.0679,0.0000,0.0000,0.0000,0.0000,0.0000,0.0000,False,-0.0008,0.0747,-0.0223,-0.0530,-0.0761,0.0594,2.9903,grasp,0.0000,0.0000,0.0000,0.0000,0.0000,0.0000,False,,0.0500,0.0000,True,0.8020,-0.2600,0.0100,0.8432
1241,0.0,1.1508,-0.0179,False,False,False,-0.4271,4.7689,-0.2271,-1.2700,-0.1127,1.4863,-0.0781,-0.0414,-0.0464,-0.0725,-0.0594,0.0280,0.4760,0.1810,0.3890,1.0678,0.0000,0.0000,0.0000,0.0000,0.0000,0.0000,False,-0.0781,-0.0356,-0.0470,-0.0739,-0.0615,0.0296,0.5416,grasp,0.0000,0.0000,0.0000,0.0000,0.0000,0.0000,False,,0.0500,0.0000,False,0.8020,-0.2600,0.0100,0.8432
1242,0.0,1.1508,-0.0162,False,False,False,-0.4271,4.7689,-0.2271,-1.2700,-0.1127,1.4863,-0.0781,-0.0414,-0.0464,-0.0725,-0.0594,0.0280,0.4760,0.1810,0.3890,1.0678,0.0000,0.0000,0.0000,0.0000,0.0000,0.0000,False,0.0303,-0.0441,0.0004,0.0030,-0.0624,-0.0451,0.3534,grasp,0.0000,0.0000,0.0000,0.0000,0.0000,0.0000,False,,0.0500,0.0000,False,0.8020,-0.2600,0.0100,0.8432
1243,0.0,1.1508,-0.0030,False,False,False,-0.4286,4.7681,-0.2280,-1.2714,-0.1138,1.4868,-0.0000,-0.0000,-0.0000,0.0000,-0.0000,0.0000,0.4723,0.1810,0.3890,1.0678,0.0000,0.0000,0.0000,0.0000,0.0000,0.0000,False,0.0032,-0.0738,0.0785,0.0147,0.0348,0.0241,-2.0297,grasp,0.0000,0.0000,0.0000,0.0000,0.0000,0.0000,False,,0.0500,0.0000,False,0.8020,-0.2600,0.0100,0.8432
1244,0.0,1.1508,-0.0105,False,False,False,-0.4283,4.7677,-0.2280,-1.2713,-0.1144,1.4863,0.0318,-0.0425,0.0013,0.0044,-0.0613,-0.0456,0.4695,0.1810,0.3890,1.0678,0.0000,0.0000,0.0000,0.0000,0.0000,0.0000,False,0.0480,0.0063,-0.0329,0.0030,-0.0753,-0.0687,1.3537,grasp,0.0000,0.0000,0.0000,0.0000,0.0000,0.0000,False,,0.0500,0.0000,False,0.8020,-0.2600,0.0100,0.8432
1245,0.0,1.1508,-0.0230,False,False,False,-0.4269,4.7679,-0.2289,-1.2712,-0.1166,1.4844,0.0905,0.0129,-0.0625,0.0055,-0.1418,-0.1297,0.4974,0.1804,0.3894,1.0678,0.0000,0.0000,0.0000,0.0000,0.0000,0.0000,False,0.0663,-0.0092,-0.0793,0.0279,-0.0743,-0.0562,-2.3417,grasp,0.0000,0.0000,0.0000,0.0000,0.0000,0.0000,False,,0.0500,0.0000,False,0.8020,-0.2600,0.0100,0.8432
1246,0.0,1.1506,-0.0203,False,False,False,-0.4253,4.7691,-0.2288,-1.2699,-0.1183,1.4806,0.0200,0.0697,0.0650,0.0832,0.0210,-0.1289,0.4944,0.1813,0.3890,1.0676,0.0000,0.0000,0.0000,0.0000,0.0000,0.0000,False,0.0118,0.0368,0.0333,0.0439,0.0090,-0.0697,0.5186,grasp,0.0000,0.0000,0.0000,0.0000,0.0000,0.0000,False,,0.0500,0.0000,False,0.8020,-0.2600,0.0100,0.8432
1247,0.0,1.1506,-0.0023,False,False,False,-0.4250,4.7703,-0.2279,-1.2687,-0.1180,1.4787,-0.0000,-0.0000,-0.0000,0.0000,-0.0000,0.0000,0.4715,0.1813,0.3890,1.0676,0.0000,0.0000,0.0000,0.0000,0.0000,0.0000,False,-0.0182,-0.0627,-0.0383,-0.0624,-0.0492,-0.0375,-2.3997,grasp,0.0000,0.0000,0.0000,0.0000,0.0000,0.0000,False,,0.0500,0.0000,False,0.8020,-0.2600,0.0100,0.8432
1248,0.0,1.1506,-0.0020,False,False,False,-0.4250,4.7703,-0.2279,-1.2687,-0.1180,1.4787,-0.0000,-0.0000,-0.0000,0.0000,-0.0000,0.0000,0.4715,0.1813,0.3890,1.0676,0.0000,0.0000,0.0000,0.0000,0.0000,0.0000,False,0.0793,0.0352,-0.0672,0.0320,-0.0514,0.0718,-2.5917,grasp,0.0000,0.0000,0.0000,0.0000,0.0000,0.0000,False,,0.0500,0.0000,False,0.8020,-0.2600,0.0100,0.8432
1249,0.0,1.1501,-0.0106,False,False,False,-0.4258,4.7700,-0.2277,-1.2698,-0.1184,1.4784,-0.0626,0.0356,0.0574,-0.0498,0.0101,0.0055,0.4359,0.1813,0.3875,1.0676,0.0000,0.0000,0.0000,0.0000,0.0000,0.0000,False,-0.0626,0.0356,0.0574,-0.0498,0.0101,0.0055,0.4292,grasp,0.0000,0.0000,0.0000,0.0000,0.0000,0.0000,False,,0.0500,0.0000,False,0.8020,-0.2600,0.0100,0.8432
1250,0.0,1.1501,-0.0110,False,False,False,-0.4258,4.7700,-0.2277,-1.2698,-0.1184,1.4784,-0.0626,0.0356,0.0574,-0.0498,0.0101,0.0055,0.4359,0.1813,0.3875,1.0676,0.0000,0.0000,0.0000,0.0000,0.0000,0.0000,False,-0.0607,0.0780,-0.0189,-0.0182,0.0314,0.0353,-2.5640,grasp,0.0000,0.0000,0.0000,0.0000,0.0000,0.0000,False,,0.0500,0.0000,False,0.8020,-0.2600,0.0100,0.8432
1251,0.0,1.1496,-0.0168,False,False,False,-0.4272,4.7709,-0.2262,-1.2700,-0.1175,1.4793,-0.0213,0.0083,0.0456,0.0739,0.0711,0.0777,0.3778,0.1828,0.3850,1.0677,0.0000,0.0000,0.0000,0.0000,0.0000,0.0000,False,-0.0224,0.0092,0.0467,0.0730,0.0713,0.0778,-2.6864,grasp,0.0000,0.0000,0.0000,0.0000,0.0000,0.0000,False,,0.0500,0.0000,False,0.8020,-0.2600,0.0100,0.8432
1252,0.0,1.1496,-0.0012,False,False,False,-0.4276,4.7711,-0.2253,-1.2686,-0.1161,1.4808,0.0000,-0.0000,-0.0000,0.0000,-0.0000,0.0000,0.3767,0.1828,0.3850,1.0677,0.0000,0.0000,0.0000,0.0000,0.0000,0.0000,False,-0.0662,-0.0229,0.0055,0.0768,-0.0639,-0.0566,1.1512,grasp,0.0000,0.0000,0.0000,0.0000,0.0000,0.0000,False,,0.0500,0.0000,True,0.8020,-0.2600,0.0100,0.8432
1253,0.0,1.1496,-0.0151,False,False,False,-0.4283,4.7708,-0.2253,-1.2679,-0.1168,1.4802,-0.0658,-0.0233,0.0046,0.0754,-0.0653,-0.0581,0.3937,0.1828,0.3850,1.0677,0.0000,0.0000,0.0000,0.0000,0.0000,0.0000,False,-0.0491,-0.0691,0.0616,-0.0654,-0.0515,0.0084,-2.4031,grasp,0.0000,0.0000,0.0000,0.0000,0.0000,0.0000,False,,0.0500,0.0000,False,0.8020,-0.2600,0.0100,0.8432
1254,0.0,1.1494,-0.0199,False,False,False,-0.4276,4.7703,-0.2260,-1.2680,-0.1175,1.4806,0.0684,-0.0651,-0.0708,-0.0176,-0.0742,0.0410,0.3473,0.1833,0.3842,1.0677,0.0000,0.0000,0.0000,0.0000,0.0000,0.0000,False,0.0684,-0.0651,-0.0708,-0.0176,-0.0742,0.0410,-1.2957,grasp,0.0000,0.0000,0.0000,0.0000,0.0000,0.0000,False,,0.0500,0.0000,False,0.8020,-0.2600,0.0100,0.8432
1255,0.0,1.1494,-0.0160,False,False,False,-0.4248,4.7696,-0.2280,-1.2701,-0.1189,1.4828,0.0984,0.0629,-0.0446,-0.1127,-0.0002,0.0921,0.3960,0.1833,0.3842,1.0677,0.0000,0.0000,0.0000,0.0000,0.0000,0.0000,False,0.0531,0.0296,-0.0248,-0.0596,-0.0015,0.0493,2.0630,grasp,0.0000,0.0000,0.0000,0.0000,0.0000,0.0000,False,,0.0500,0.0000,True,0.8020,-0.2600,0.0100,0.8432
1256,0.0,1.1497,-0.0029,False,False,False,-0.4234,4.7705,-0.2286,-1.2717,-0.1190,1.4841,0.0000,-0.0000,-0.0000,0.0000,-0.0000,0.0000,0.4358,0.1807,0.3865,1.0676,0.0000,0.0000,0.0000,0.0000,0.0000,0.0000,False,-0.0399,-0.0011,0.0576,-0.0779,-0.0090,0.0487,2.5926,grasp,0.0000,0.0000,0.0000,0.0000,0.0000,0.0000,False,,0.0500,0.0000,True,0.8020,-0.2600,0.0100,0.8432
1257,0.0,1.1497,-0.0025,False,False,False,-0.4234,4.7705,-0.2286,-1.2717,-0.1190,1.4841,0.0000,-0.0000,-0.0000,0.0000,-0.0000,0.0000,0.4358,0.1807,0.3865,1.0676,0.0000,0.0000,0.0000,0.0000,0.0000,0.0000,False,-0.0628,-0.0144,0.0153,0.0234,0.0440,0.0537,-2.8285,grasp,0.0000,0.0000,0.0000,0.0000,0.0000,0.0000,False,,0.0500,0.0000,False,0.8020,-0.2600,0.0100,0.8432
1258,0.0,1.1497,-0.0118,False,False,False,-0.4238,4.7705,-0.2280,-1.2725,-0.1190,1.4846,-0.0413,-0.0019,0.0582,-0.0763,-0.0090,0.0474,0.4557,0.1807,0.3865,1.0676,0.0000,0.0000,0.0000,0.0000,0.0000,0.0000,False,-0.0076,-0.0511,-0.0411,-0.0180,0.0403,-0.0494,-0.8978,grasp,0.0000,0.0000,0.0000,0.0000,0.0000,0.0000,False,,0.0500,0.0000,False,0.8020,-0.2600,0.0100,0.8432
1259,0.0,1.1502,-0.0208,False,False,False,-0.4240,4.7691,-0.2292,-1.2730,-0.1179,1.4831,-0.0136,-0.0974,-0.0791,-0.0327,0.0767,-0.0948,0.4123,0.1806,0.3876,1.0677,0.0000,0.0000,0.0000,0.0000,0.0000,0.0000,False,-0.0667,0.0641,0.0405,0.0063,0.0664,0.0651,-1.2885,grasp,0.0000,0.0000,0.0000,0.0000,0.0000,0.0000,False,,0.0500,0.0000,False,0.8020,-0.2600,0.0100,0.8432
1260,0.0,1.1502,-0.0081,False,False,False,-0.4241,4.7689,-0.2294,-1.2724,-0.1176,1.4835,-0.0107,0.0037,-0.0152,0.0580,0.0277,0.0351,0.4395,0.1806,0.3876,1.0677,0.0000,0.0000,0.0000,0.0000,0.0000,0.0000,False,-0.0107,0.0035,-0.0152,0.0580,0.0277,0.0351,2.0306,grasp,0.0000,0.0000,0.0000,0.0000,0.0000,0.0000,False,,0.0500,0.0000,True,0.8020,-0.2600,0.0100,0.8432
1261,0.0,1.1504,-0.0121,False,False,False,-0.4239,4.7690,-0.2303,-1.2708,-0.1167,1.4837,0.0390,0.0056,-0.0590,0.0532,0.0348,-0.0454,0.4992,0.1796,0.3890,1.0677,0.0000,0.0000,0.0000,0.0000,0.0000,0.0000,False,0.0388,0.0056,-0.0592,0.0543,0.0353,-0.0447,2.9401,grasp,0.0000,0.0000,0.0000,0.0000,0.0000,0.0000,False,,0.0500,0.0000,True,0.8020,-0.2600,0.0100,0.8432
1262,0.0,1.1504,-0.0119,False,False,False,-0.4239,4.7690,-0.2303,-1.2708,-0.1167,1.4837,0.0390,0.0056,-0.0590,0.0532,0.0348,-0.0454,0.4992,0.1796,0.3890,1.0677,0.0000,0.0000,0.0000,0.0000,0.0000,0.0000,False,-0.0229,0.0110,-0.0440,0.0383,-0.0292,-0.0708,-1.3696,grasp,0.0000,0.0000,0.0000,0.0000,0.0000,0.0000,False,,0.0500,0.0000,False,0.8020,-0.2600,0.0100,0.8432
1263,0.0,1.1510,-0.0107,False,False,False,-0.4232,4.7696,-0.2309,-1.2701,-0.1159,1.4826,-0.0049,0.0575,0.0544,-0.0318,0.0193,-0.0192,0.5541,0.1792,0.3910,1.0676,0.0000,0.0000,0.0000,0.0000,0.0000,0.0000,False,-0.0049,0.0575,0.0544,-0.0318,0.0193,-0.0192,1.9934,grasp,0.0000,0.0000,0.0000,0.0000,0.0000,0.0000,False,,0.0500,0.0000,False,0.8020,-0.2600,0.0100,0.8432
1264,0.0,1.1510,-0.0041,False,False,False,-0.4233,4.7710,-0.2298,-1.2707,-0.1155,1.4823,-0.0000,-0.0000,-0.0000,0.0000,-0.0000,0.0000,0.5441,0.1792,0.3910,1.0676,0.0000,0.0000,0.0000,0.0000,0.0000,0.0000,False,-0.0776,0.0072,0.0559,0.0197,-0.0651,-0.0624,-1.2997,grasp,0.0000,0.0000,0.0000,0.0000,0.0000,0.0000,False,,0.0500,0.0000,False,0.8020,-0.2600,0.0100,0.8432
1265,0.0,1.1510,-0.0141,False,False,False,-0.4241,4.7710,-0.2293,-1.2705,-0.1162,1.4816,-0.0775,0.0036,0.0549,0.0203,-0.0654,-0.0620,0.5241,0.1792,0.3910,1.0676,0.0000,0.0000,0.0000,0.0000,0.0000,0.0000,False,0.0504,-0.0118,-0.0382,0.0296,0.0213,-0.0150,2.4256,grasp,0.0000,0.0000,0.0000,0.0000,0.0000,0.0000,False,,0.0500,0.0000,True,0.8020,-0.2600,0.0100,0.8432
1266,0.0,1.1508,-0.0136,False,False,False,-0.4258,4.7709,-0.2278,-1.2706,-0.1177,1.4810,-0.0252,-0.0205,0.0466,-0.0501,-0.0310,0.0522,0.5439,0.1831,0.3885,1.0676,0.0000,0.0000,0.0000,0.0000,0.0000,0.0000,False,-0.0267,-0.0197,0.0477,-0.0497,-0.0322,0.0510,2.5781,grasp,0.0000,0.0000,0.0000,0.0000,0.0000,0.0000,False,,0.0500,0.0000,True,0.8020,-0.2600,0.0100,0.8432
1267,0.0,1.1508,-0.0203,False,False,False,-0.4263,4.7706,-0.2269,-1.2715,-0.1183,1.4820,-0.0479,-0.0383,0.0886,-0.0952,-0.0588,0.0991,0.5639,0.1831,0.3885,1.0676,0.0000,0.0000,0.0000,0.0000,0.0000,0.0000,False,-0.0676,0.0407,0.0504,0.0681,-0.0134,0.0343,-0.1110,grasp,0.0000,0.0000,0.0000,0.0000,0.0000,0.0000,False,,0.0500,0.0000,False,0.8020,-0.2600,0.0100,0.8432
1268,0.0,1.1511,-0.0104,False,False,False,-0.4270,4.7710,-0.2273,-1.2718,-0.1183,1.4815,-0.0665,0.0428,-0.0388,-0.0301,0.0032,-0.0462,0.5704,0.1842,0.3890,1.0677,0.0000,0.0000,0.0000,0.0000,0.0000,0.0000,False,-0.0665,0.0428,-0.0388,-0.0301,0.0032,-0.0462,2.0375,grasp,0.0000,0.0000,0.0000,0.0000,0.0000,0.0000,False,,0.0500,0.0000,False,0.8020,-0.2600,0.0100,0.8432
1269,0.0,1.1511,-0.0133,False,False,False,-0.4288,4.7723,-0.2281,-1.2727,-0.1189,1.4804,-0.0565,0.0491,-0.0073,-0.0266,-0.0749,-0.0203,0.5773,0.1842,0.3890,1.0677,0.0000,0.0000,0.0000,0.0000,0.0000,0.0000,False,-0.0577,0.0502,-0.0080,-0.0271,-0.0748,-0.0212,1.3248,grasp,0.0000,0.0000,0.0000,0.0000,0.0000,0.0000,False,,0.0500,0.0000,False,0.8020,-0.2600,0.0100,0.8432
1270,0.0,1.1512,-0.0223,False,False,False,-0.4299,4.7732,-0.2282,-1.2732,-0.1204,1.4801,-0.1073,0.0938,-0.0139,-0.0505,-0.1423,-0.0385,0.5764,0.1876,0.3875,1.0676,0.0000,0.0000,0.0000,0.0000,0.0000,0.0000,False,0.0313,-0.0292,0.0757,0.0764,-0.0267,-0.0574,-0.2157,grasp,0.0000,0.0000,0.0000,0.0000,0.0000,0.0000,False,,0.0500,0.0000,False,0.8020,-0.2600,0.0100,0.8432
1271,0.0,1.1512,-0.0147,False,False,False,-0.4295,4.7730,-0.2275,-1.2724,-0.1206,1.4795,0.0324,-0.0313,0.0759,0.0769,-0.0253,-0.0570,0.5380,0.1876,0.3875,1.0676,0.0000,0.0000,0.0000,0.0000,0.0000,0.0000,False,0.0670,-0.0693,0.0370,0.0252,-0.0742,-0.0264,-1.6787,grasp,0.0000,0.0000,0.0000,0.0000,0.0000,0.0000,False,,0.0500,0.0000,False,0.8020,-0.2600,0.0100,0.8432
1272,0.0,1.1505,-0.0228,False,False,False,-0.4287,4.7708,-0.2279,-1.2722,-0.1218,1.4796,0.0144,-0.1137,-0.1266,-0.0847,-0.0428,0.0784,0.4615,0.1864,0.3863,1.0676,0.0000,0.0000,0.0000,0.0000,0.0000,0.0000,False,0.0082,-0.0600,-0.0652,-0.0431,-0.0230,0.0402,-0.9845,grasp,0.0000,0.0000,0.0000,0.0000,0.0000,0.0000,False,,0.0500,0.0000,False,0.8020,-0.2600,0.0100,0.8432
1273,0.0,1.1505,-0.0244,False,False,False,-0.4287,4.7708,-0.2279,-1.2722,-0.1218,1.4796,0.0144,-0.1137,-0.1266,-0.0847,-0.0428,0.0784,0.4615,0.1864,0.3863,1.0676,0.0000,0.0000,0.0000,0.0000,0.0000,0.0000,False,0.0679,-0.0418,-0.0115,-0.0778,0.0153,0.0509,0.8644,grasp,0.0000,0.0000,0.0000,0.0000,0.0000,0.0000,False,,0.0500,0.0000,False,0.8020,-0.2600,0.0100,0.8432
1274,0.0,1.1505,-0.0091,False,False,False,-0.4290,4.7690,-0.2301,-1.2738,-0.1222,1.4805,-0.0488,0.0507,-0.0300,-0.0381,0.0129,-0.0218,0.4115,0.1864,0.3863,1.0676,0.0000,0.0000,0.0000,0.0000,0.0000,0.0000,False,-0.0486,0.0413,-0.0318,-0.0393,0.0123,-0.0207,-0.9566,grasp,0.0000,0.0000,0.0000,0.0000,0.0000,0.0000,False,,0.0500,0.0000,False,0.8020,-0.2600,0.0100,0.8432
1275,0.0,1.1498,-0.0092,False,False,False,-0.4305,4.7697,-0.2305,-1.2742,-0.1215,1.4799,-0.0545,-0.0227,0.0140,0.0354,0.0466,-0.0203,0.3582,0.1822,0.3858,1.0677,0.0000,0.0000,0.0000,0.0000,0.0000,0.0000,False,-0.0555,-0.0214,0.0134,0.0347,0.0468,-0.0207,-2.4945,grasp,0.0000,0.0000,0.0000,0.0000,0.0000,0.0000,False,,0.0500,0.0000,False,0.8020,-0.2600,0.0100,0.8432
1276,0.0,1.1498,-0.0100,False,False,False,-0.4305,4.7697,-0.2305,-1.2742,-0.1215,1.4799,-0.0545,-0.0227,0.0140,0.0354,0.0466,-0.0203,0.3582,0.1822,0.3858,1.0677,0.0000,0.0000,0.0000,0.0000,0.0000,0.0000,False,-0.0726,-0.0047,0.0137,0.0639,0.0085,0.0315,2.8818,grasp,0.0000,0.0000,0.0000,0.0000,0.0000,0.0000,False,,0.0500,0.0000,True,0.8020,-0.2600,0.0100,0.8432
1277,0.0,1.1489,-0.0206,False,False,False,-0.4316,4.7680,-0.2293,-1.2723,-0.1221,1.4776,-0.0094,-0.0820,0.0576,0.0829,-0.0963,-0.1243,0.3232,0.1809,0.3838,1.0677,0.0000,0.0000,0.0000,0.0000,0.0000,0.0000,False,-0.0060,-0.0436,0.0306,0.0443,-0.0498,-0.0658,-0.9209,grasp,0.0000,0.0000,0.0000,0.0000,0.0000,0.0000,False,,0.0500,0.0000,False,0.8020,-0.2600,0.0100,0.8432
1278,0.0,1.1489,-0.0179,False,False,False,-0.4314,4.7673,-0.2291,-1.2716,-0.1242,1.4765,0.0335,0.0508,-0.0590,-0.0557,-0.0745,0.0706,0.2800,0.1809,0.3838,1.0677,0.0000,0.0000,0.0000,0.0000,0.0000,0.0000,False,0.0333,0.0492,-0.0582,-0.0545,-0.0759,0.0689,-2.2981,grasp,0.0000,0.0000,0.0000,0.0000,0.0000,0.0000,False,,0.0500,0.0000,False,0.8020,-0.2600,0.0100,0.8432
1279,0.0,1.1489,-0.0158,False,False,False,-0.4314,4.7673,-0.2291,-1.2716,-0.1242,1.4765,0.0335,0.0508,-0.0590,-0.0557,-0.0745,0.0706,0.2800,0.1809,0.3838,1.0677,0.0000,0.0000,0.0000,0.0000,0.0000,0.0000,False,0.0533,-0.0546,0.0520,0.0482,0.0204,0.0645,0.7562,grasp,0.0000,0.0000,0.0000,0.0000,0.0000,0.0000,False,,0.0500,0.0000,True,0.8020,-0.2600,0.0100,0.8432
1280,0.0,1.1478,-0.0017,False,False,False,-0.4308,4.7683,-0.2302,-1.2727,-0.1256,1.4779,0.0000,-0.0000,-0.0000,0.0000,-0.0000,0.0000,0.3027,0.1798,0.3813,1.0675,0.0000,0.0000,0.0000,0.0000,0.0000,0.0000,False,-0.0125,-0.0408,-0.0754,0.0604,-0.0752,-0.0275,-1.7042,grasp,0.0000,0.0000,0.0000,0.0000,0.0000,0.0000,False,,0.0500,0.0000,False,0.8020,-0.2600,0.0100,0.8432
1281,0.0,1.1478,-0.0026,False,False,False,-0.4308,4.7683,-0.2302,-1.2727,-0.1256,1.4779,0.0000,-0.0000,-0.0000,0.0000,-0.0000,0.0000,0.3027,0.1798,0.3813,1.0675,0.0000,0.0000,0.0000,0.0000,0.0000,0.0000,False,0.0776,-0.0433,0.0201,0.0017,-0.0247,-0.0494,0.1997,grasp,0.0000,0.0000,0.0000,0.0000,0.0000,0.0000,False,,0.0500,0.0000,False,0.8020,-0.2600,0.0100,0.8432
1282,0.0,1.1476,-0.0187,False,False,False,-0.4294,4.7674,-0.2292,-1.2707,-0.1271,1.4774,0.1012,-0.0289,0.1189,0.0895,-0.0452,-0.0122,0.2380,0.1793,0.3812,1.0675,0.0000,0.0000,0.0000,0.0000,0.0000,0.0000,False,0.0532,-0.0157,0.0618,0.0477,-0.0245,-0.0067,-2.4708,grasp,0.0000,0.0000,0.0000,0.0000,0.0000,0.0000,False,,0.0500,0.0000,False,0.8020,-0.2600,0.0100,0.8432
1283,0.0,1.1476,-0.0080,False,False,False,-0.4277,4.7665,-0.2274,-1.2698,-0.1278,1.4766,0.0226,-0.0525,0.0023,-0.0357,-0.0073,-0.0620,0.2625,0.1793,0.3812,1.0675,0.0000,0.0000,0.0000,0.0000,0.0000,0.0000,False,0.0241,-0.0529,0.0040,-0.0345,-0.0079,-0.0622,0.6345,grasp,0.0000,0.0000,0.0000,0.0000,0.0000,0.0000,False,,0.0500,0.0000,True,0.8020,-0.2600,0.0100,0.8432
1284,0.0,1.1479,-0.0149,False,False,False,-0.4274,4.7647,-0.2270,-1.2699,-0.1272,1.4759,-0.0127,-0.0677,0.0402,0.0608,0.0705,0.0472,0.3218,0.1787,0.3827,1.0674,0.0000,0.0000,0.0000,0.0000,0.0000,0.0000,False,-0.0123,-0.0699,0.0402,0.0601,0.0704,0.0460,2.4805,grasp,0.0000,0.0000,0.0000,0.0000,0.0000,0.0000,False,,0.0500,0.0000,True,0.8020,-0.2600,0.0100,0.8432
1285,0.0,1.1479,-0.0157,False,False,False,-0.4274,4.7647,-0.2270,-1.2699,-0.1272,1.4759,-0.0127,-0.0677,0.0402,0.0608,0.0705,0.0472,0.3218,0.1787,0.3827,1.0674,0.0000,0.0000,0.0000,0.0000,0.0000,0.0000,False,0.0782,0.0611,0.0651,0.0784,0.0411,0.0094,-0.9322,grasp,0.0000,0.0000,0.0000,0.0000,0.0000,0.0000,False,,0.0500,0.0000,False,0.8020,-0.2600,0.0100,0.8432
1286,0.0,1.1492,-0.0250,False,False,False,-0.4290,4.7618,-0.2247,-1.2680,-0.1253,1.4750,-0.0890,-0.1003,0.0996,0.0500,0.0403,-0.1215,0.4012,0.1790,0.3865,1.0674,0.0000,0.0000,0.0000,0.0000,0.0000,0.0000,False,-0.0471,-0.0545,0.0532,0.0275,0.0225,-0.0631,2.9958,grasp,0.0000,0.0000,0.0000,0.0000,0.0000,0.0000,False,,0.0500,0.0000,True,0.8020,-0.2600,0.0100,0.8432
1287,0.0,1.1492,-0.0259,False,False,False,-0.4290,4.7618,-0.2247,-1.2680,-0.1253,1.4750,-0.0890,-0.1003,0.0996,0.0500,0.0403,-0.1215,0.4012,0.1790,0.3865,1.0674,0.0000,0.0000,0.0000,0.0000,0.0000,0.0000,False,-0.0276,-0.0356,0.0414,-0.0571,0.0625,-0.0028,2.8598,grasp,0.0000,0.0000,0.0000,0.0000,0.0000,0.0000,False,,0.0500,0.0000,True,0.8020,-0.2600,0.0100,0.8432
1288,0.0,1.1492,-0.0128,False,False,False,-0.4304,4.7598,-0.2226,-1.2673,-0.1254,1.4735,-0.0071,-0.0625,0.0689,-0.0056,-0.0657,0.0322,0.3850,0.1790,0.3865,1.0674,0.0000,0.0000,0.0000,0.0000,0.0000,0.0000,False,-0.0084,-0.0642,0.0703,-0.0048,-0.0651,0.0305,-1.9617,grasp,0.0000,0.0000,0.0000,0.0000,0.0000,0.0000,False,,0.0500,0.0000,False,0.8020,-0.2600,0.0100,0.8432
1289,0.0,1.1490,-0.0113,False,False,False,-0.4309,4.7581,-0.2213,-1.2674,-0.1259,1.4738,-0.0450,-0.0493,-0.0039,0.0032,0.0753,-0.0385,0.3460,0.1784,0.3862,1.0674,0.0000,0.0000,0.0000,0.0000,0.0000,0.0000,False,-0.0451,-0.0507,-0.0026,0.0031,0.0741,-0.0378,-1.0619,grasp,0.0000,0.0000,0.0000,0.0000,0.0000,0.0000,False,,0.0500,0.0000,False,0.8020,-0.2600,0.0100,0.8432
1290,0.0,1.1490,-0.0118,False,False,False,-0.4309,4.7581,-0.2213,-1.2674,-0.1259,1.4738,-0.0450,-0.0493,-0.0039,0.0032,0.0753,-0.0385,0.3460,0.1784,0.3862,1.0674,0.0000,0.0000,0.0000,0.0000,0.0000,0.0000,False,0.0312,0.0735,0.0041,0.0746,0.0192,0.0689,1.1769,grasp,0.0000,0.0000,0.0000,0.0000,0.0000,0.0000,False,,0.0500,0.0000,True,0.8020,-0.2600,0.0100,0.8432
1291,0.0,1.1490,-0.0123,False,False,False,-0.4309,4.7581,-0.2213,-1.2674,-0.1259,1.4738,-0.0450,-0.0493,-0.0039,0.0032,0.0753,-0.0385,0.3460,0.1784,0.3862,1.0674,0.0000,0.0000,0.0000,0.0000,0.0000,0.0000,False,-0.0047,0.0694,-0.0338,0.0489,0.0249,0.0604,-2.7247,grasp,0.0000,0.0000,0.0000,0.0000,0.0000,0.0000,False,,0.0500,0.0000,False,0.8020,-0.2600,0.0100,0.8432
1292,0.0,1.1483,-0.0124,False,False,False,-0.4318,4.7577,-0.2217,-1.2668,-0.1242,1.4737,-0.0039,0.0710,-0.0337,0.0489,0.0235,0.0612,0.2978,0.1762,0.3847,1.0675,0.0000,0.0000,0.0000,0.0000,0.0000,0.0000,False,0.0745,0.0662,-0.0528,-0.0713,0.0500,0.0220,1.9863,grasp,0.0000,0.0000,0.0000,0.0000,0.0000,0.0000,False,,0.0500,0.0000,True,0.8020,-0.2600,0.0100,0.8432
1293,0.0,1.1483,-0.0171,False,False,False,-0.4330,4.7567,-0.2215,-1.2663,-0.1227,1.4732,-0.0793,-0.0717,0.0186,0.0365,0.0954,-0.0329,0.3560,0.1762,0.3847,1.0675,0.0000,0.0000,0.0000,0.0000,0.0000,0.0000,False,-0.0417,-0.0377,0.0098,0.0192,0.0502,-0.0173,0.2380,grasp,0.0000,0.0000,0.0000,0.0000,0.0000,0.0000,False,,0.0500,0.0000,False,0.8020,-0.2600,0.0100,0.8432
1294,0.0,1.1492,-0.0214,False,False,False,-0.4335,4.7551,-0.2207,-1.2663,-0.1210,1.4734,0.0715,-0.0525,0.0529,-0.0605,0.0407,0.0721,0.3434,0.1763,0.3873,1.0675,0.0000,0.0000,0.0000,0.0000,0.0000,0.0000,False,0.0704,-0.0540,0.0532,-0.0600,0.0421,0.0716,-1.1174,grasp,0.0000,0.0000,0.0000,0.0000,0.0000,0.0000,False,,0.0500,0.0000,False,0.8020,-0.2600,0.0100,0.8432
1295,0.0,1.1492,-0.0180,False,False,False,-0.4335,4.7551,-0.2207,-1.2663,-0.1210,1.4734,0.0715,-0.0525,0.0529,-0.0605,0.0407,0.0721,0.3434,0.1763,0.3873,1.0675,0.0000,0.0000,0.0000,0.0000,0.0000,0.0000,False,-0.0018,-0.0207,0.0313,-0.0442,-0.0067,-0.0278,-1.8912,grasp,0.0000,0.0000,0.0000,0.0000,0.0000,0.0000,False,,0.0500,0.0000,False,0.8020,-0.2600,0.0100,0.8432
1296,0.0,1.1492,-0.0177,False,False,False,-0.4329,4.7538,-0.2203,-1.2671,-0.1210,1.4755,-0.0789,-0.0187,-0.0674,0.0411,-0.0762,0.0685,0.3583,0.1743,0.3881,1.0676,0.0000,0.0000,0.0000,0.0000,0.0000,0.0000,False,-0.0775,-0.0204,-0.0664,0.0400,-0.0754,0.0699,0.4605,grasp,0.0000,0.0000,0.0000,0.0000,0.0000,0.0000,False,,0.0500,0.0000,False,0.8020,-0.2600,0.0100,0.8432
1297,0.0,1.1492,-0.0201,False,False,False,-0.4329,4.7538,-0.2203,-1.2671,-0.1210,1.4755,-0.0789,-0.0187,-0.0674,0.0411,-0.0762,0.0685,0.3583,0.1743,0.3881,1.0676,0.0000,0.0000,0.0000,0.0000,0.0000,0.0000,False,0.0219,-0.0751,-0.0533,0.0007,-0.0284,0.0365,-2.0845,grasp,0.0000,0.0000,0.0000,0.0000,0.0000,0.0000,False,,0.0500,0.0000,False,0.8020,-0.2600,0.0100,0.8432
1298,0.0,1.1492,-0.0117,False,False,False,-0.4343,4.7530,-0.2208,-1.2656,-0.1223,1.4768,0.0080,-0.0430,0.0798,0.0706,0.0143,0.0084,0.3884,0.1743,0.3881,1.0676,0.0000,0.0000,0.0000,0.0000,0.0000,0.0000,False,0.0080,-0.0431,0.0798,0.0706,0.0143,0.0084,1.3953,grasp,0.0000,0.0000,0.0000,0.0000,0.0000,0.0000,False,,0.0500,0.0000,True,0.8020,-0.2600,0.0100,0.8432
1299,0.0,1.1496,-0.0074,False,False,False,-0.4336,4.7519,-0.2192,-1.2643,-0.1223,1.4771,0.0547,-0.0269,0.0074,-0.0027,-0.0274,0.0065,0.4120,0.1753,0.3893,1.0674,0.0000,0.0000,0.0000,0.0000,0.0000,0.0000,False,0.0549,-0.0277,0.0089,-0.0014,-0.0271,0.0067,-1.7897,grasp,0.0000,0.0000,0.0000,0.0000,0.0000,0.0000,False,,0.0500,0.0000,False,0.8020,-0.2600,0.0100,0.8432
1300,0.0,1.1496,-0.0056,False,False,False,-0.4336,4.7519,-0.2192,-1.2643,-0.1223,1.4771,0.0547,-0.0269,0.0074,-0.0027,-0.0274,0.0065,0.4120,0.1753,0.3893,1.0674,0.0000,0.0000,0.0000,0.0000,0.0000,0.0000,False,-0.0389,0.0541,-0.0493,0.0609,-0.0030,-0.0475,2.6047,grasp,0.0000,0.0000,0.0000,0.0000,0.0000,0.0000,False,,0.0500,0.0000,True,0.8020,-0.2600,0.0100,0.8432
1301,0.0,1.1490,-0.0140,False,False,False,-0.4330,4.7516,-0.2184,-1.2647,-0.1224,1.4765,-0.0449,0.0283,0.0719,-0.0378,0.0405,-0.0644,0.3520,0.1739,0.3880,1.0675,0.0000,0.0000,0.0000,0.0000,0.0000,0.0000,False,-0.0439,0.0275,0.0720,-0.0378,0.0400,-0.0643,-2.0910,grasp,0.0000,0.0000,0.0000,0.0000,0.0000,0.0000,False,,0.0500,0.0000,False,0.8020,-0.2600,0.0100,0.8432
1302,0.0,1.1490,-0.0010,False,False,False,-0.4345,4.7523,-0.2169,-1.2647,-0.1210,1.4754,-0.0635,-0.0060,0.0085,0.0739,0.0607,0.0123,0.3437,0.1739,0.3880,1.0675,0.0000,0.0000,0.0000,0.0000,0.0000,0.0000,False,-0.0644,-0.0038,0.0099,0.0731,0.0614,0.0111,-0.0480,grasp,0.0000,0.0000,0.0000,0.0000,0.0000,0.0000,False,,0.0500,0.0000,False,0.8020,-0.2600,0.0100,0.8432
1303,0.0,1.1490,-0.0211,False,False,False,-0.4357,4.7522,-0.2168,-1.2633,-0.1199,1.4757,-0.1206,-0.0097,0.0162,0.1403,0.1153,0.0234,0.3488,0.1739,0.3880,1.0675,0.0000,0.0000,0.0000,0.0000,0.0000,0.0000,False,0.0217,0.0259,0.0660,0.0200,-0.0659,0.0577,0.0910,grasp,0.0000,0.0000,0.0000,0.0000,0.0000,0.0000,False,,0.0500,0.0000,False,0.8020,-0.2600,0.0100,0.8432
1304,0.0,1.1491,-0.0188,False,False,False,-0.4367,4.7517,-0.2172,-1.2619,-0.1178,1.4757,0.0711,-0.0413,-0.0628,-0.0647,0.0457,-0.0363,0.3926,0.1760,0.3872,1.0675,0.0000,0.0000,0.0000,0.0000,0.0000,0.0000,False,0.0693,-0.0414,-0.0626,-0.0627,0.0473,-0.0359,1.9799,grasp,0.0000,0.0000,0.0000,0.0000,0.0000,0.0000,False,,0.0500,0.0000,True,0.8020,-0.2600,0.0100,0.8432
1305,0.0,1.1491,-0.0172,False,False,False,-0.4367,4.7517,-0.2172,-1.2619,-0.1178,1.4757,0.0711,-0.0413,-0.0628,-0.0647,0.0457,-0.0363,0.3926,0.1760,0.3872,1.0675,0.0000,0.0000,0.0000,0.0000,0.0000,0.0000,False,0.0481,0.0151,0.0458,0.0468,-0.0018,0.0351,-0.0408,grasp,0.0000,0.0000,0.0000,0.0000,0.0000,0.0000,False,,0.0500,0.0000,False,0.8020,-0.2600,0.0100,0.8432
1306,0.0,1.1502,-0.0087,False,False,False,-0.4349,4.7508,-0.2179,-1.2627,-0.1169,1.4753,0.0468,0.0189,0.0470,0.0480,-0.0027,0.0358,0.4518,0.1745,0.3911,1.0675,0.0000,0.0000,0.0000,0.0000,0.0000,0.0000,False,-0.0772,0.0305,-0.0443,-0.0149,-0.0714,-0.0067,2.4704,grasp,0.0000,0.0000,0.0000,0.0000,0.0000,0.0000,False,,0.0500,0.0000,True,0.8020,-0.2600,0.0100,0.8432
1307,0.0,1.1502,-0.0114,False,False,False,-0.4349,4.7508,-0.2179,-1.2627,-0.1169,1.4753,0.0468,0.0189,0.0470,0.0480,-0.0027,0.0358,0.4518,0.1745,0.3911,1.0675,0.0000,0.0000,0.0000,0.0000,0.0000,0.0000,False,0.0472,0.0324,-0.0531,0.0292,0.0240,-0.0355,0.9483,grasp,0.0000,0.0000,0.0000,0.0000,0.0000,0.0000,False,,0.0500,0.0000,False,0.8020,-0.2600,0.0100,0.8432
1308,0.0,1.1507,-0.0267,False,False,False,-0.4316,4.7527,-0.2213,-1.2627,-0.1145,1.4753,0.1284,0.0647,-0.1231,-0.0544,0.1098,0.0691,0.5490,0.1746,0.3925,1.0675,0.0000,0.0000,0.0000,0.0000,0.0000,0.0000,False,0.0685,0.0347,-0.0658,-0.0281,0.0583,0.0357,2.7365,grasp,0.0000,0.0000,0.0000,0.0000,0.0000,0.0000,False,,0.0500,0.0000,True,0.8020,-0.2600,0.0100,0.8432
1309,0.0,1.1507,-0.0264,False,False,False,-0.4316,4.7527,-0.2213,-1.2627,-0.1145,1.4753,0.1284,0.0647,-0.1231,-0.0544,0.1098,0.0691,0.5490,0.1746,0.3925,1.0675,0.0000,0.0000,0.0000,0.0000,0.0000,0.0000,False,-0.0693,-0.0575,0.0780,-0.0361,-0.0679,0.0072,-1.4707,grasp,0.0000,0.0000,0.0000,0.0000,0.0000,0.0000,False,,0.0500,0.0000,False,0.8020,-0.2600,0.0100,0.8432
1310,0.0,1.1513,-0.0124,False,False,False,-0.4304,4.7531,-0.2228,-1.2642,-0.1130,1.4761,-0.0629,-0.0536,0.0256,-0.0739,-0.0038,-0.0264,0.6030,0.1728,0.3950,1.0676,0.0000,0.0000,0.0000,0.0000,0.0000,0.0000,False,-0.0611,-0.0527,0.0239,-0.0747,-0.0022,-0.0254,2.5687,grasp,0.0000,0.0000,0.0000,0.0000,0.0000,0.0000,False,,0.0500,0.0000,False,0.8020,-0.2600,0.0100,0.8432
1311,0.0,1.1513,-0.0144,False,False,False,-0.4309,4.7517,-0.2226,-1.2648,-0.1138,1.4757,0.0631,-0.0447,-0.0294,0.0773,-0.0732,0.0109,0.5866,0.1728,0.3950,1.0676,0.0000,0.0000,0.0000,0.0000,0.0000,0.0000,False,0.0619,-0.0461,-0.0289,0.0759,-0.0732,0.0104,0.5037,grasp,0.0000,0.0000,0.0000,0.0000,0.0000,0.0000,False,,0.0500,0.0000,False,0.8020,-0.2600,0.0100,0.8432
1312,0.0,1.1513,-0.0288,False,False,False,-0.4297,4.7508,-0.2232,-1.2633,-0.1152,1.4759,0.1199,-0.0856,-0.0559,0.1468,-0.1390,0.0208,0.5744,0.1728,0.3950,1.0676,0.0000,0.0000,0.0000,0.0000,0.0000,0.0000,False,-0.0601,-0.0769,0.0782,-0.0698,-0.0787,0.0175,-1.6909,grasp,0.0000,0.0000,0.0000,0.0000,0.0000,0.0000,False,,0.0500,0.0000,False,0.8020,-0.2600,0.0100,0.8432
1313,0.0,1.1510,-0.0342,False,False,False,-0.4315,4.7485,-0.2209,-1.2654,-0.1174,1.4764,-0.1165,-0.1430,0.1497,-0.1354,-0.1468,0.0328,0.5144,0.1706,0.3952,1.0675,0.0000,0.0000,0.0000,0.0000,0.0000,0.0000,False,0.0435,-0.0290,0.0621,0.0758,-0.0630,-0.0137,-2.9426,grasp,0.0000,0.0000,0.0000,0.0000,0.0000,0.0000,False,,0.0500,0.0000,False,0.8020,-0.2600,0.0100,0.8432
1314,0.0,1.1503,-0.0122,False,False,False,-0.4321,4.7479,-0.2209,-1.2657,-0.1181,1.4769,-0.0557,-0.0633,-0.0010,-0.0317,-0.0618,0.0543,0.4544,0.1697,0.3934,1.0675,0.0000,0.0000,0.0000,0.0000,0.0000,0.0000,False,-0.0557,-0.0633,-0.0010,-0.0317,-0.0618,0.0543,-2.2999,grasp,0.0000,0.0000,0.0000,0.0000,0.0000,0.0000,False,,0.0500,0.0000,False,0.8020,-0.2600,0.0100,0.8432
1315,0.0,1.1503,-0.0122,False,False,False,-0.4321,4.7479,-0.2209,-1.2657,-0.1181,1.4769,-0.0557,-0.0633,-0.0010,-0.0317,-0.0618,0.0543,0.4544,0.1697,0.3934,1.0675,0.0000,0.0000,0.0000,0.0000,0.0000,0.0000,False,0.0322,0.0386,-0.0720,0.0355,-0.0333,-0.0708,-1.9424,grasp,0.0000,0.0000,0.0000,0.0000,0.0000,0.0000,False,,0.0500,0.0000,False,0.8020,-0.2600,0.0100,0.8432
1316,0.0,1.1503,-0.0163,False,False,False,-0.4335,4.7461,-0.2216,-1.2658,-0.1197,1.4785,-0.0361,-0.0484,-0.0675,0.0501,-0.0461,0.0551,0.4743,0.1697,0.3934,1.0675,0.0000,0.0000,0.0000,0.0000,0.0000,0.0000,False,-0.0372,-0.0506,-0.0675,0.0495,-0.0473,0.0561,2.7873,grasp,0.0000,0.0000,0.0000,0.0000,0.0000,0.0000,False,,0.0500,0.0000,True,0.8020,-0.2600,0.0100,0.8432
1317,0.0,1.1505,-0.0182,False,False,False,-0.4344,4.7453,-0.2240,-1.2669,-0.1197,1.4809,-0.0129,0.0154,-0.0777,-0.1304,0.0557,0.0847,0.4779,0.1687,0.3952,1.0673,0.0000,0.0000,0.0000,0.0000,0.0000,0.0000,False,-0.0075,0.0063,-0.0422,-0.0677,0.0284,0.0456,-0.8656,grasp,0.0000,0.0000,0.0000,0.0000,0.0000,0.0000,False,,0.0500,0.0000,False,0.8020,-0.2600,0.0100,0.8432
1318,0.0,1.1505,-0.0188,False,False,False,-0.4344,4.7453,-0.2240,-1.2669,-0.1197,1.4809,-0.0129,0.0154,-0.0777,-0.1304,0.0557,0.0847,0.4779,0.1687,0.3952,1.0673,0.0000,0.0000,0.0000,0.0000,0.0000,0.0000,False,-0.0762,-0.0303,-0.0204,0.0621,0.0563,0.0197,-0.7574,grasp,0.0000,0.0000,0.0000,0.0000,0.0000,0.0000,False,,0.0500,0.0000,False,0.8020,-0.2600,0.0100,0.8432
1319,0.0,1.1500,-0.0024,False,False,False,-0.4346,4.7455,-0.2252,-1.2687,-0.1189,1.4821,-0.0000,-0.0000,-0.0000,0.0000,-0.0000,0.0000,0.4236,0.1664,0.3940,1.0675,0.0000,0.0000,0.0000,0.0000,0.0000,0.0000,False,0.0046,0.0726,-0.0424,-0.0541,0.0429,-0.0277,-2.8135,grasp,0.0000,0.0000,0.0000,0.0000,0.0000,0.0000,False,,0.0500,0.0000,False,0.8020,-0.2600,0.0100,0.8432
1320,0.0,1.1500,-0.0020,False,False,False,-0.4346,4.7455,-0.2252,-1.2687,-0.1189,1.4821,-0.0000,-0.0000,-0.0000,0.0000,-0.0000,0.0000,0.4236,0.1664,0.3940,1.0675,0.0000,0.0000,0.0000,0.0000,0.0000,0.0000,False,-0.0532,0.0323,0.0360,0.0640,0.0022,-0.0441,-1.6660,grasp,0.0000,0.0000,0.0000,0.0000,0.0000,0.0000,False,,0.0500,0.0000,False,0.8020,-0.2600,0.0100,0.8432
1321,0.0,1.1500,-0.0100,False,False,False,-0.4350,4.7465,-0.2252,-1.2686,-0.1185,1.4813,-0.0533,0.0314,0.0364,0.0645,0.0018,-0.0438,0.3640,0.1664,0.3940,1.0675,0.0000,0.0000,0.0000,0.0000,0.0000,0.0000,False,-0.0518,0.0140,0.0411,-0.0449,0.0347,-0.0730,1.8510,grasp,0.0000,0.0000,0.0000,0.0000,0.0000,0.0000,False,,0.0500,0.0000,True,0.8020,-0.2600,0.0100,0.8432
1322,0.0,1.1498,-0.0145,False,False,False,-0.4354,4.7468,-0.2255,-1.2694,-0.1180,1.4821,-0.0325,0.0322,-0.0269,-0.0778,0.0446,0.0744,0.4239,0.1670,0.3931,1.0675,0.0000,0.0000,0.0000,0.0000,0.0000,0.0000,False,-0.0325,0.0323,-0.0269,-0.0778,0.0446,0.0744,-2.4298,grasp,0.0000,0.0000,0.0000,0.0000,0.0000,0.0000,False,,0.0500,0.0000,False,0.8020,-0.2600,0.0100,0.8432
1323,0.0,1.1498,-0.0276,False,False,False,-0.4360,4.7474,-0.2260,-1.2709,-0.1172,1.4835,-0.0617,0.0613,-0.0512,-0.1479,0.0847,0.1413,0.4439,0.1670,0.3931,1.0675,0.0000,0.0000,0.0000,0.0000,0.0000,0.0000,False,0.0481,-0.0559,0.0299,-0.0553,-0.0552,0.0191,-3.0084,grasp,0.0000,0.0000,0.0000,0.0000,0.0000,0.0000,False,,0.0500,0.0000,False,0.8020,-0.2600,0.0100,0.8432
1324,0.0,1.1498,-0.0270,False,False,False,-0.4360,4.7474,-0.2260,-1.2709,-0.1172,1.4835,-0.0617,0.0613,-0.0512,-0.1479,0.0847,0.1413,0.4439,0.1670,0.3931,1.0675,0.0000,0.0000,0.0000,0.0000,0.0000,0.0000,False,0.0160,0.0749,-0.0108,0.0275,0.0562,-0.0227,2.3871,grasp,0.0000,0.0000,0.0000,0.0000,0.0000,0.0000,False,,0.0500,0.0000,True,0.8020,-0.2600,0.0100,0.8432
1325,0.0,1.1505,-0.0241,False,False,False,-0.4410,4.7504,-0.2251,-1.2710,-0.1144,1.4872,-0.1906,0.1149,0.0345,-0.0052,0.1066,0.1408,0.4842,0.1685,0.3940,1.0677,0.0000,0.0000,0.0000,0.0000,0.0000,0.0000,False,-0.0554,0.0333,0.0100,-0.0015,0.0310,0.0409,1.3002,grasp,0.0000,0.0000,0.0000,0.0000,0.0000,0.0000,False,,0.0500,0.0000,False,0.8020,-0.2600,0.0100,0.8432
1326,0.0,1.1505,-0.0301,False,False,False,-0.4410,4.7504,-0.2251,-1.2710,-0.1144,1.4872,-0.1906,0.1149,0.0345,-0.0052,0.1066,0.1408,0.4842,0.1685,0.3940,1.0677,0.0000,0.0000,0.0000,0.0000,0.0000,0.0000,False,0.0704,0.0763,0.0271,0.0079,-0.0324,0.0634,2.6660,grasp,0.0000,0.0000,0.0000,0.0000,0.0000,0.0000,False,,0.0500,0.0000,True,0.8020,-0.2600,0.0100,0.8432
1327,0.0,1.1511,-0.0040,False,False,False,-0.4433,4.7523,-0.2247,-1.2711,-0.1131,1.4889,0.0000,-0.0000,-0.0000,0.0000,-0.0000,0.0000,0.5317,0.1750,0.3926,1.0679,0.0000,0.0000,0.0000,0.0000,0.0000,0.0000,False,0.0635,-0.0478,-0.0036,-0.0372,0.0643,-0.0792,0.1931,grasp,0.0000,0.0000,0.0000,0.0000,0.0000,0.0000,False,,0.0500,0.0000,False,0.8020,-0.2600,0.0100,0.8432
1328,0.0,1.1511,-0.0154,False,False,False,-0.4426,4.7518,-0.2247,-1.2714,-0.1125,1.4881,0.0635,-0.0482,-0.0036,-0.0372,0.0643,-0.0792,0.5234,0.1750,0.3926,1.0679,0.0000,0.0000,0.0000,0.0000,0.0000,0.0000,False,-0.0057,0.0420,-0.0029,0.0326,-0.0234,0.0773,-1.4153,grasp,0.0000,0.0000,0.0000,0.0000,0.0000,0.0000,False,,0.0500,0.0000,False,0.8020,-0.2600,0.0100,0.8432
1329,0.0,1.1509,-0.0128,False,False,False,-0.4428,4.7516,-0.2242,-1.2709,-0.1124,1.4874,-0.0199,-0.0206,0.0470,0.0562,0.0097,-0.0690,0.4782,0.1740,0.3923,1.0679,0.0000,0.0000,0.0000,0.0000,0.0000,0.0000,False,-0.0199,-0.0207,0.0470,0.0562,0.0097,-0.0690,-0.2329,grasp,0.0000,0.0000,0.0000,0.0000,0.0000,0.0000,False,,0.0500,0.0000,False,0.8020,-0.2600,0.0100,0.8432
1330,0.0,1.1509,-0.0107,False,False,False,-0.4431,4.7512,-0.2234,-1.2705,-0.1129,1.4861,0.0157,-0.0018,-0.0109,-0.0703,-0.0695,0.0064,0.4620,0.1740,0.3923,1.0679,0.0000,0.0000,0.0000,0.0000,0.0000,0.0000,False,0.0154,-0.0022,-0.0100,-0.0692,-0.0693,0.0051,0.3090,grasp,0.0000,0.0000,0.0000,0.0000,0.0000,0.0000,False,,0.0500,0.0000,False,0.8020,-0.2600,0.0100,0.8432
1331,0.0,1.1505,-0.0008,False,False,False,-0.4428,4.7511,-0.2237,-1.2718,-0.1142,1.4863,-0.0000,-0.0000,-0.0000,0.0000,-0.0000,0.0000,0.4398,0.1737,0.3914,1.0679,0.0000,0.0000,0.0000,0.0000,0.0000,0.0000,False,0.0409,0.0196,0.0245,0.0441,0.0501,0.0070,-1.7742,grasp,0.0000,0.0000,0.0000,0.0000,0.0000,0.0000,False,,0.0500,0.0000,False,0.8020,-0.2600,0.0100,0.8432
1332,0.0,1.1505,-0.0083,False,False,False,-0.4424,4.7513,-0.2234,-1.2714,-0.1137,1.4863,0.0406,0.0197,0.0247,0.0454,0.0514,0.0069,0.4198,0.1737,0.3914,1.0679,0.0000,0.0000,0.0000,0.0000,0.0000,0.0000,False,-0.0513,-0.0599,0.0084,-0.0507,0.0581,-0.0267,2.3089,grasp,0.0000,0.0000,0.0000,0.0000,0.0000,0.0000,False,,0.0500,0.0000,True,0.8020,-0.2600,0.0100,0.8432
1333,0.0,1.1505,-0.0197,False,False,False,-0.4416,4.7517,-0.2229,-1.2705,-0.1127,1.4865,0.0772,0.0374,0.0470,0.0863,0.0977,0.0131,0.3998,0.1737,0.3914,1.0679,0.0000,0.0000,0.0000,0.0000,0.0000,0.0000,False,0.0712,0.0634,-0.0258,-0.0663,-0.0563,-0.0244,1.8181,grasp,0.0000,0.0000,0.0000,0.0000,0.0000,0.0000,False,,0.0500,0.0000,True,0.8020,-0.2600,0.0100,0.8432
1334,0.0,1.1505,-0.0031,False,False,False,-0.4416,4.7517,-0.2229,-1.2705,-0.1127,1.4865,0.0000,-0.0000,-0.0000,0.0000,-0.0000,0.0000,0.4397,0.1737,0.3914,1.0679,0.0000,0.0000,0.0000,0.0000,0.0000,0.0000,False,-0.0426,0.0635,-0.0600,-0.0585,0.0313,0.0687,-2.9409,grasp,0.0000,0.0000,0.0000,0.0000,0.0000,0.0000,False,,0.0500,0.0000,False,0.8020,-0.2600,0.0100,0.8432
1335,0.0,1.1508,-0.0090,False,False,False,-0.4436,4.7543,-0.2231,-1.2719,-0.1128,1.4865,-0.1074,0.1382,0.0264,-0.0506,-0.0248,-0.0442,0.4498,0.1743,0.3917,1.0679,0.0000,0.0000,0.0000,0.0000,0.0000,0.0000,False,-0.0569,0.0730,0.0133,-0.0272,-0.0127,-0.0226,0.1287,grasp,0.0000,0.0000,0.0000,0.0000,0.0000,0.0000,False,,0.0500,0.0000,False,0.8020,-0.2600,0.0100,0.8432
1336,0.0,1.1509,0.0000,False,False,False,-0.4446,4.7564,-0.2225,-1.2726,-0.1139,1.4852,0.0578,-0.0528,0.0225,-0.0034,-0.0722,-0.0653,0.4809,0.1798,0.3892,1.0680,0.0000,0.0000,0.0000,0.0000,0.0000,0.0000,False,0.0563,-0.0437,0.0229,-0.0041,-0.0726,-0.0660,1.7902,grasp,0.0000,0.0000,0.0000,0.0000,0.0000,0.0000,False,,0.0500,0.0000,True,0.8020,-0.2600,0.0100,0.8432
1337,0.0,1.1509,0.0000,False,False,False,-0.4435,4.7555,-0.2221,-1.2727,-0.1152,1.4840,0.1099,-0.0934,0.0427,-0.0065,-0.1372,-0.1241,0.4956,0.1798,0.3892,1.0680,0.0000,0.0000,0.0000,0.0000,0.0000,0.0000,False,0.0605,-0.0601,-0.0636,-0.0780,0.0532,0.0054,0.8772,grasp,0.0000,0.0000,0.0000,0.0000,0.0000,0.0000,False,,0.0500,0.0000,False,0.8020,-0.2600,0.0100,0.8432
1338,0.0,1.1509,0.0000,False,False,False,-0.4435,4.7555,-0.2221,-1.2727,-0.1152,1.4840,0.1099,-0.0934,0.0427,-0.0065,-0.1372,-0.1241,0.4956,0.1798,0.3892,1.0680,0.0000,0.0000,0.0000,0.0000,0.0000,0.0000,False,-0.0158,0.0235,-0.0258,-0.0624,-0.0507,0.0540,-1.7431,grasp,0.0000,0.0000,0.0000,0.0000,0.0000,0.0000,False,,0.0500,0.0000,False,0.8020,-0.2600,0.0100,0.8432
1339,0.0,1.1508,0.0000,False,False,False,-0.4464,4.7556,-0.2196,-1.2729,-0.1088,1.4824,-0.1103,0.0074,0.0964,-0.0060,0.2439,-0.0575,0.3972,0.1787,0.3895,1.0680,0.0000,0.0000,0.0000,0.0000,0.0000,0.0000,False,-0.0321,0.0021,0.0280,-0.0018,0.0709,-0.0167,-2.4327,grasp,0.0000,0.0000,0.0000,0.0000,0.0000,0.0000,False,,0.0500,0.0000,False,0.8020,-0.2600,0.0100,0.8432
1340,0.0,1.1508,0.0000,False,False,False,-0.4464,4.7556,-0.2196,-1.2729,-0.1088,1.4824,-0.1103,0.0074,0.0964,-0.0060,0.2439,-0.0575,0.3972,0.1787,0.3895,1.0680,0.0000,0.0000,0.0000,0.0000,0.0000,0.0000,False,-0.0269,-0.0490,0.0515,0.0133,0.0582,0.0379,1.8472,grasp,0.0000,0.0000,0.0000,0.0000,0.0000,0.0000,False,,0.0500,0.0000,True,0.8020,-0.2600,0.0100,0.8432
1341,0.0,1.1507,0.0000,False,False,False,-0.4477,4.7558,-0.2184,-1.2729,-0.1059,1.4818,0.0000,-0.0000,-0.0000,0.0000,-0.0000,0.0000,0.4170,0.1789,0.3879,1.0684,0.0000,0.0000,0.0000,0.0000,0.0000,0.0000,False,0.0450,-0.0492,0.0532,-0.0109,0.0094,-0.0536,2.2057,grasp,0.0000,0.0000,0.0000,0.0000,0.0000,0.0000,False,,0.0500,0.0000,True,0.8020,-0.2600,0.0100,0.8432
1342,0.0,1.1507,0.0000,False,False,False,-0.4473,4.7553,-0.2179,-1.2730,-0.1058,1.4812,0.0450,-0.0493,0.0532,-0.0109,0.0094,-0.0536,0.4367,0.1789,0.3879,1.0684,0.0000,0.0000,0.0000,0.0000,0.0000,0.0000,False,0.0716,-0.0253,-0.0104,-0.0671,0.0310,0.0498,0.6646,grasp,0.0000,0.0000,0.0000,0.0000,0.0000,0.0000,False,,0.0500,0.0000,False,0.8020,-0.2600,0.0100,0.8432
1343,0.0,1.1507,0.0000,False,False,False,-0.4473,4.7553,-0.2179,-1.2730,-0.1058,1.4812,-0.0000,-0.0000,-0.0000,0.0000,-0.0000,0.0000,0.4566,0.1789,0.3879,1.0684,0.0000,0.0000,0.0000,0.0000,0.0000,0.0000,False,-0.0757,0.0389,-0.0336,-0.0444,0.0597,-0.0785,-2.9686,grasp,0.0000,0.0000,0.0000,0.0000,0.0000,0.0000,False,,0.0500,0.0000,False,0.8020,-0.2600,0.0100,0.8432
1344,0.0,1.1511,0.0000,False,False,False,-0.4477,4.7542,-0.2190,-1.2728,-0.1033,1.4811,0.0181,-0.1004,-0.0484,0.0472,0.1235,0.0447,0.4090,0.1794,0.3889,1.0685,0.0000,0.0000,0.0000,0.0000,0.0000,0.0000,False,0.0088,-0.0523,-0.0258,0.0244,0.0656,0.0227,-0.5123,grasp,0.0000,0.0000,0.0000,0.0000,0.0000,0.0000,False,,0.0500,0.0000,False,0.8020,-0.2600,0.0100,0.8432
1345,0.0,1.1511,0.0000,False,False,False,-0.4479,4.7524,-0.2204,-1.2727,-0.1016,1.4813,-0.0406,0.0018,-0.0732,-0.0651,0.0014,-0.0487,0.4414,0.1749,0.3908,1.0685,0.0000,0.0000,0.0000,0.0000,0.0000,0.0000,False,-0.0403,-0.0035,-0.0739,-0.0644,0.0032,-0.0481,2.6529,grasp,0.0000,0.0000,0.0000,0.0000,0.0000,0.0000,False,,0.0500,0.0000,True,0.8020,-0.2600,0.0100,0.8432
1346,0.0,1.1511,0.0000,False,False,False,-0.4487,4.7524,-0.2218,-1.2740,-0.1015,1.4803,-0.0771,-0.0005,-0.1391,-0.1237,0.0027,-0.0925,0.4612,0.1749,0.3908,1.0685,0.0000,0.0000,0.0000,0.0000,0.0000,0.0000,False,-0.0638,0.0453,0.0341,0.0112,-0.0532,0.0291,0.3661,grasp,0.0000,0.0000,0.0000,0.0000,0.0000,0.0000,False,,0.0500,0.0000,False,0.8020,-0.2600,0.0100,0.8432
1347,0.0,1.1511,0.0000,False,False,False,-0.4487,4.7524,-0.2218,-1.2740,-0.1015,1.4803,-0.0771,-0.0005,-0.1391,-0.1237,0.0027,-0.0925,0.4612,0.1749,0.3908,1.0685,0.0000,0.0000,0.0000,0.0000,0.0000,0.0000,False,-0.0384,0.0136,0.0652,-0.0737,0.0607,-0.0056,1.8551,grasp,0.0000,0.0000,0.0000,0.0000,0.0000,0.0000,False,,0.0500,0.0000,True,0.8020,-0.2600,0.0100,0.8432
1348,0.0,1.1515,0.0000,False,False,False,-0.4486,4.7521,-0.2218,-1.2736,-0.1031,1.4818,0.0049,-0.0206,-0.0029,0.0256,-0.1041,0.0928,0.4491,0.1749,0.3921,1.0685,0.0000,0.0000,0.0000,0.0000,0.0000,0.0000,False,0.0026,-0.0109,-0.0015,0.0135,-0.0548,0.0489,-2.8691,grasp,0.0000,0.0000,0.0000,0.0000,0.0000,0.0000,False,,0.0500,0.0000,False,0.8020,-0.2600,0.0100,0.8432
1349,0.0,1.1515,0.0000,False,False,False,-0.4484,4.7514,-0.2219,-1.2728,-0.1065,1.4848,0.0088,-0.0373,-0.0052,0.0464,-0.1884,0.1680,0.4091,0.1749,0.3921,1.0685,0.0000,0.0000,0.0000,0.0000,0.0000,0.0000,False,-0.0712,0.0777,0.0468,0.0599,-0.0649,0.0489,2.7714,grasp,0.0000,0.0000,0.0000,0.0000,0.0000,0.0000,False,,0.0500,0.0000,True,0.8020,-0.2600,0.0100,0.8432
1350,0.0,1.1501,0.0000,False,False,False,-0.4477,4.7513,-0.2212,-1.2719,-0.1080,1.4867,0.0579,0.0331,0.0735,0.0296,0.0778,-0.0041,0.3569,0.1740,0.3893,1.0682,0.0000,0.0000,0.0000,0.0000,0.0000,0.0000,False,0.0580,0.0326,0.0734,0.0302,0.0755,-0.0021,-1.4176,grasp,0.0000,0.0000,0.0000,0.0000,0.0000,0.0000,False,,0.0500,0.0000,False,0.8020,-0.2600,0.0100,0.8432
1351,0.0,1.1501,0.0000,False,False,False,-0.4466,4.7519,-0.2198,-1.2714,-0.1065,1.4866,0.1100,0.0630,0.1396,0.0563,0.1478,-0.0077,0.3431,0.1740,0.3893,1.0682,0.0000,0.0000,0.0000,0.0000,0.0000,0.0000,False,0.0563,0.0735,-0.0429,-0.0752,0.0776,-0.0739,0.2935,grasp,0.0000,0.0000,0.0000,0.0000,0.0000,0.0000,False,,0.0500,0.0000,False,0.8020,-0.2600,0.0100,0.8432
1352,0.0,1.1501,0.0000,False,False,False,-0.4466,4.7519,-0.2198,-1.2714,-0.1065,1.4866,0.1100,0.0630,0.1396,0.0563,0.1478,-0.0077,0.3431,0.1740,0.3893,1.0682,0.0000,0.0000,0.0000,0.0000,0.0000,0.0000,False,-0.0022,-0.0670,-0.0142,0.0096,0.0560,-0.0524,-1.5976,grasp,0.0000,0.0000,0.0000,0.0000,0.0000,0.0000,False,,0.0500,0.0000,False,0.8020,-0.2600,0.0100,0.8432
1353,0.0,1.1501,0.0000,False,False,False,-0.4466,4.7520,-0.2198,-1.2714,-0.1065,1.4866,-0.0000,-0.0000,-0.0000,0.0000,-0.0000,0.0000,0.3415,0.1740,0.3893,1.0682,0.0000,0.0000,0.0000,0.0000,0.0000,0.0000,False,-0.0259,0.0209,-0.0032,-0.0229,-0.0246,-0.0395,-1.2425,grasp,0.0000,0.0000,0.0000,0.0000,0.0000,0.0000,False,,0.0500,0.0000,False,0.8020,-0.2600,0.0100,0.8432
1354,0.0,1.1498,0.0000,False,False,False,-0.4481,4.7531,-0.2200,-1.2726,-0.1079,1.4844,-0.0702,0.0565,-0.0088,-0.0620,-0.0667,-0.1070,0.3145,0.1742,0.3877,1.0683,0.0000,0.0000,0.0000,0.0000,0.0000,0.0000,False,-0.0783,0.0640,-0.0698,-0.0040,-0.0497,-0.0782,-2.8916,grasp,0.0000,0.0000,0.0000,0.0000,0.0000,0.0000,False,,0.0500,0.0000,False,0.8020,-0.2600,0.0100,0.8432
1355,0.0,1.1488,0.0000,False,False,False,-0.4511,4.7558,-0.2201,-1.2723,-0.1095,1.4828,-0.1378,0.1288,0.0026,0.0703,-0.0488,-0.0176,0.2509,0.1762,0.3840,1.0683,0.0000,0.0000,0.0000,0.0000,0.0000,0.0000,False,-0.0734,0.0685,0.0012,0.0362,-0.0266,-0.0106,-2.3882,grasp,0.0000,0.0000,0.0000,0.0000,0.0000,0.0000,False,,0.0500,0.0000,False,0.8020,-0.2600,0.0100,0.8432
1356,0.0,1.1488,0.0000,False,False,False,-0.4531,4.7576,-0.2201,-1.2713,-0.1102,1.4826,-0.1965,0.1842,0.0036,0.1003,-0.0697,-0.0251,0.2354,0.1762,0.3840,1.0683,0.0000,0.0000,0.0000,0.0000,0.0000,0.0000,False,-0.0270,0.0363,0.0053,-0.0527,-0.0722,-0.0181,-1.2780,grasp,0.0000,0.0000,0.0000,0.0000,0.0000,0.0000,False,,0.0500,0.0000,False,0.8020,-0.2600,0.0100,0.8432
1357,0.0,1.1488,0.0000,False,False,False,-0.4531,4.7582,-0.2201,-1.2713,-0.1102,1.4826,0.0000,-0.0000,-0.0000,0.0000,-0.0000,0.0000,0.2556,0.1762,0.3840,1.0683,0.0000,0.0000,0.0000,0.0000,0.0000,0.0000,False,0.0525,-0.0614,-0.0086,0.0627,0.0011,-0.0568,2.3339,grasp,0.0000,0.0000,0.0000,0.0000,0.0000,0.0000,False,,0.0500,0.0000,True,0.8020,-0.2600,0.0100,0.8432
1358,0.0,1.1488,0.0000,False,False,False,-0.4531,4.7578,-0.2202,-1.2714,-0.1102,1.4816,-0.0613,0.0236,-0.0036,-0.0688,-0.0101,-0.0412,0.3151,0.1805,0.3822,1.0682,0.0000,0.0000,0.0000,0.0000,0.0000,0.0000,False,-0.0608,0.0226,-0.0037,-0.0682,-0.0101,-0.0418,-0.4098,grasp,0.0000,0.0000,0.0000,0.0000,0.0000,0.0000,False,,0.0500,0.0000,False,0.8020,-0.2600,0.0100,0.8432
1359,0.0,1.1500,0.0000,False,False,False,-0.4559,4.7592,-0.2208,-1.2709,-0.1083,1.4813,-0.1042,0.0602,-0.0375,0.1210,0.1396,0.0338,0.3706,0.1835,0.3843,1.0682,0.0000,0.0000,0.0000,0.0000,0.0000,0.0000,False,-0.0560,0.0322,-0.0198,0.0624,0.0733,0.0170,0.5903,grasp,0.0000,0.0000,0.0000,0.0000,0.0000,0.0000,False,,0.0500,0.0000,False,0.8020,-0.2600,0.0100,0.8432
1360,0.0,1.1500,0.0000,False,False,False,-0.4574,4.7601,-0.2214,-1.2691,-0.1063,1.4818,-0.1486,0.0859,-0.0534,0.1726,0.1990,0.0483,0.3811,0.1835,0.3843,1.0682,0.0000,0.0000,0.0000,0.0000,0.0000,0.0000,False,0.0485,0.0636,0.0283,0.0054,-0.0735,0.0649,-1.4700,grasp,0.0000,0.0000,0.0000,0.0000,0.0000,0.0000,False,,0.0500,0.0000,False,0.8020,-0.2600,0.0100,0.8432
1361,0.0,1.1500,0.0000,False,False,False,-0.4574,4.7601,-0.2214,-1.2691,-0.1063,1.4818,-0.1486,0.0859,-0.0534,0.1726,0.1990,0.0483,0.3811,0.1835,0.3843,1.0682,0.0000,0.0000,0.0000,0.0000,0.0000,0.0000,False,-0.0656,0.0784,-0.0453,0.0208,0.0655,-0.0501,-1.7940,grasp,0.0000,0.0000,0.0000,0.0000,0.0000,0.0000,False,,0.0500,0.0000,False,0.8020,-0.2600,0.0100,0.8432
1362,0.0,1.1500,0.0000,False,False,False,-0.4581,4.7601,-0.2211,-1.2687,-0.1071,1.4819,-0.0738,-0.0090,0.0285,0.0432,-0.0759,0.0146,0.3242,0.1835,0.3843,1.0682,0.0000,0.0000,0.0000,0.0000,0.0000,0.0000,False,-0.0738,-0.0089,0.0285,0.0432,-0.0759,0.0146,-2.7347,grasp,0.0000,0.0000,0.0000,0.0000,0.0000,0.0000,False,,0.0500,0.0000,False,0.8020,-0.2600,0.0100,0.8432
1363,0.0,1.1495,0.0000,False,False,False,-0.4615,4.7597,-0.2198,-1.2667,-0.1106,1.4826,-0.1999,-0.0245,0.0773,0.1171,-0.2056,0.0396,0.2842,0.1846,0.3824,1.0682,0.0000,0.0000,0.0000,0.0000,0.0000,0.0000,False,0.0381,-0.0296,-0.0613,0.0232,-0.0269,-0.0313,1.7128,grasp,0.0000,0.0000,0.0000,0.0000,0.0000,0.0000,False,,0.0500,0.0000,True,0.8020,-0.2600,0.0100,0.8432
1364,0.0,1.1489,0.0000,False,False,False,-0.4619,4.7602,-0.2174,-1.2675,-0.1120,1.4809,0.1423,0.0539,0.0909,-0.1516,0.0764,-0.1479,0.3240,0.1887,0.3794,1.0679,0.0000,0.0000,0.0000,0.0000,0.0000,0.0000,False,0.0724,0.0282,0.0488,-0.0783,0.0376,-0.0774,2.9250,grasp,0.0000,0.0000,0.0000,0.0000,0.0000,0.0000,False,,0.0500,0.0000,True,0.8020,-0.2600,0.0100,0.8432
1365,0.0,1.1489,0.0000,False,False,False,-0.4599,4.7610,-0.2161,-1.2697,-0.1109,1.4787,0.2030,0.0770,0.1297,-0.2162,0.1089,-0.2110,0.3440,0.1887,0.3794,1.0679,0.0000,0.0000,0.0000,0.0000,0.0000,0.0000,False,-0.0205,-0.0207,-0.0147,0.0266,0.0075,-0.0290,-2.6437,grasp,0.0000,0.0000,0.0000,0.0000,0.0000,0.0000,False,,0.0500,0.0000,False,0.8020,-0.2600,0.0100,0.8432
1366,0.0,1.1489,0.0000,False,False,False,-0.4599,4.7610,-0.2161,-1.2697,-0.1109,1.4787,-0.0000,-0.0000,-0.0000,0.0000,-0.0000,0.0000,0.3317,0.1887,0.3794,1.0679,0.0000,0.0000,0.0000,0.0000,0.0000,0.0000,False,0.0678,0.0198,-0.0181,-0.0670,-0.0520,-0.0185,1.5000,grasp,0.0000,0.0000,0.0000,0.0000,0.0000,0.0000,False,,0.0500,0.0000,True,0.8020,-0.2600,0.0100,0.8432
1367,0.0,1.1501,0.0000,False,False,False,-0.4593,4.7611,-0.2163,-1.2704,-0.1109,1.4793,-0.0138,-0.0172,-0.0065,-0.0024,0.0500,0.0785,0.4113,0.1899,0.3815,1.0682,0.0000,0.0000,0.0000,0.0000,0.0000,0.0000,False,-0.0131,-0.0170,-0.0067,-0.0031,0.0495,0.0784,1.6889,grasp,0.0000,0.0000,0.0000,0.0000,0.0000,0.0000,False,,0.0500,0.0000,True,0.8020,-0.2600,0.0100,0.8432
1368,0.0,1.1501,0.0000,False,False,False,-0.4593,4.7611,-0.2163,-1.2704,-0.1109,1.4793,-0.0138,-0.0172,-0.0065,-0.0024,0.0500,0.0785,0.4113,0.1899,0.3815,1.0682,0.0000,0.0000,0.0000,0.0000,0.0000,0.0000,False,-0.0469,0.0516,-0.0688,-0.0697,-0.0009,-0.0695,0.9876,grasp,0.0000,0.0000,0.0000,0.0000,0.0000,0.0000,False,,0.0500,0.0000,False,0.8020,-0.2600,0.0100,0.8432
1369,0.0,1.1510,0.0000,False,False,False,-0.4601,4.7612,-0.2172,-1.2711,-0.1100,1.4801,-0.0466,0.0519,-0.0687,-0.0697,-0.0018,-0.0710,0.4558,0.1907,0.3838,1.0682,0.0000,0.0000,0.0000,0.0000,0.0000,0.0000,False,-0.0622,0.0596,0.0536,-0.0230,-0.0133,-0.0514,-0.8024,grasp,0.0000,0.0000,0.0000,0.0000,0.0000,0.0000,False,,0.0500,0.0000,False,0.8020,-0.2600,0.0100,0.8432
1370,0.0,1.1510,0.0000,False,False,False,-0.4601,4.7612,-0.2172,-1.2711,-0.1100,1.4801,-0.0000,-0.0000,-0.0000,0.0000,-0.0000,0.0000,0.4200,0.1907,0.3838,1.0682,0.0000,0.0000,0.0000,0.0000,0.0000,0.0000,False,-0.0637,0.0144,-0.0414,0.0769,0.0511,0.0590,-1.7014,grasp,0.0000,0.0000,0.0000,0.0000,0.0000,0.0000,False,,0.0500,0.0000,False,0.8020,-0.2600,0.0100,0.8432
1371,0.0,1.1510,0.0000,False,False,False,-0.4607,4.7614,-0.2176,-1.2704,-0.1095,1.4807,0.0000,-0.0000,-0.0000,0.0000,-0.0000,0.0000,0.4047,0.1907,0.3838,1.0682,0.0000,0.0000,0.0000,0.0000,0.0000,0.0000,False,-0.0431,0.0411,0.0153,-0.0496,-0.0131,0.0175,0.3668,grasp,0.0000,0.0000,0.0000,0.0000,0.0000,0.0000,False,,0.0500,0.0000,False,0.8020,-0.2600,0.0100,0.8432
1372,0.0,1.1505,0.0000,False,False,False,-0.4616,4.7614,-0.2180,-1.2708,-0.1094,1.4802,-0.0525,-0.0389,-0.0631,0.0082,0.0287,-0.0683,0.4485,0.1907,0.3825,1.0682,0.0000,0.0000,0.0000,0.0000,0.0000,0.0000,False,-0.0529,-0.0383,-0.0629,0.0077,0.0286,-0.0681,2.0969,grasp,0.0000,0.0000,0.0000,0.0000,0.0000,0.0000,False,,0.0500,0.0000,True,0.8020,-0.2600,0.0100,0.8432
1373,0.0,1.1512,0.0000,False,False,False,-0.4631,4.7601,-0.2189,-1.2708,-0.1085,1.4788,-0.0441,-0.0532,0.0383,-0.0207,0.0310,-0.0101,0.4719,0.1900,0.3846,1.0682,0.0000,0.0000,0.0000,0.0000,0.0000,0.0000,False,-0.0451,-0.0552,0.0371,-0.0205,0.0315,-0.0114,-1.1251,grasp,0.0000,0.0000,0.0000,0.0000,0.0000,0.0000,False,,0.0500,0.0000,False,0.8020,-0.2600,0.0100,0.8432
1374,0.0,1.1512,0.0000,False,False,False,-0.4639,4.7590,-0.2181,-1.2712,-0.1079,1.4786,-0.0838,-0.1024,0.0728,-0.0392,0.0588,-0.0192,0.4519,0.1900,0.3846,1.0682,0.0000,0.0000,0.0000,0.0000,0.0000,0.0000,False,0.0447,-0.0049,-0.0663,0.0703,0.0307,0.0672,-2.2995,grasp,0.0000,0.0000,0.0000,0.0000,0.0000,0.0000,False,,0.0500,0.0000,False,0.8020,-0.2600,0.0100,0.8432
1375,0.0,1.1512,0.0000,False,False,False,-0.4639,4.7590,-0.2181,-1.2712,-0.1079,1.4786,-0.0000,-0.0000,-0.0000,0.0000,-0.0000,0.0000,0.4319,0.1900,0.3846,1.0682,0.0000,0.0000,0.0000,0.0000,0.0000,0.0000,False,-0.0569,0.0091,-0.0477,0.0400,0.0503,-0.0015,-2.3059,grasp,0.0000,0.0000,0.0000,0.0000,0.0000,0.0000,False,,0.0500,0.0000,False,0.8020,-0.2600,0.0100,0.8432
1376,0.0,1.1512,0.0000,False,False,False,-0.4635,4.7590,-0.2188,-1.2705,-0.1076,1.4793,0.0000,-0.0000,-0.0000,0.0000,-0.0000,0.0000,0.4319,0.1900,0.3846,1.0682,0.0000,0.0000,0.0000,0.0000,0.0000,0.0000,False,0.0736,-0.0505,-0.0528,0.0602,0.0311,0.0560,2.6710,grasp,0.0000,0.0000,0.0000,0.0000,0.0000,0.0000,False,,0.0500,0.0000,True,0.8020,-0.2600,0.0100,0.8432
1377,0.0,1.1510,0.0000,False,False,False,-0.4594,4.7563,-0.2217,-1.2672,-0.1059,1.4824,0.1982,-0.1379,-0.1414,0.1613,0.0833,0.1500,0.4903,0.1880,0.3852,1.0682,0.0000,0.0000,0.0000,0.0000,0.0000,0.0000,False,-0.0555,0.0327,0.0215,0.0481,0.0110,0.0311,-0.5312,grasp,0.0000,0.0000,0.0000,0.0000,0.0000,0.0000,False,,0.0500,0.0000,False,0.8020,-0.2600,0.0100,0.8432
1378,0.0,1.1514,0.0000,False,False,False,-0.4572,4.7540,-0.2239,-1.2647,-0.1051,1.4838,-0.0320,0.0570,-0.0350,0.0492,-0.0290,-0.0498,0.5378,0.1810,0.3906,1.0679,0.0000,0.0000,0.0000,0.0000,0.0000,0.0000,False,-0.0295,0.0444,-0.0368,0.0512,-0.0279,-0.0479,-0.7324,grasp,0.0000,0.0000,0.0000,0.0000,0.0000,0.0000,False,,0.0500,0.0000,False,0.8020,-0.2600,0.0100,0.8432
1379,0.0,1.1514,0.0000,False,False,False,-0.4578,4.7551,-0.2245,-1.2637,-0.1057,1.4828,0.0000,-0.0000,-0.0000,0.0000,-0.0000,0.0000,0.5150,0.1810,0.3906,1.0679,0.0000,0.0000,0.0000,0.0000,0.0000,0.0000,False,-0.0606,-0.0559,-0.0151,-0.0225,0.0271,-0.0620,0.7094,grasp,0.0000,0.0000,0.0000,0.0000,0.0000,0.0000,False,,0.0500,0.0000,False,0.8020,-0.2600,0.0100,0.8432
1380,0.0,1.1514,0.0000,False,False,False,-0.4578,4.7551,-0.2245,-1.2637,-0.1057,1.4828,0.0000,-0.0000,-0.0000,0.0000,-0.0000,0.0000,0.5150,0.1810,0.3906,1.0679,0.0000,0.0000,0.0000,0.0000,0.0000,0.0000,False,-0.0584,0.0015,-0.0682,0.0668,0.0140,-0.0703,-2.5419,grasp,0.0000,0.0000,0.0000,0.0000,0.0000,0.0000,False,,0.0500,0.0000,False,0.8020,-0.2600,0.0100,0.8432
1381,0.0,1.1508,0.0000,False,False,False,-0.4561,4.7523,-0.2244,-1.2606,-0.1093,1.4811,0.1107,-0.1033,0.0120,0.1637,-0.1911,-0.0574,0.4326,0.1808,0.3893,1.0678,0.0000,0.0000,0.0000,0.0000,0.0000,0.0000,False,0.0403,-0.0387,0.0043,0.0602,-0.0703,-0.0218,-2.3346,grasp,0.0000,0.0000,0.0000,0.0000,0.0000,0.0000,False,,0.0500,0.0000,False,0.8020,-0.2600,0.0100,0.8432
1382,0.0,1.1508,0.0000,False,False,False,-0.4547,4.7510,-0.2243,-1.2585,-0.1118,1.4803,0.1405,-0.1311,0.0153,0.2077,-0.2426,-0.0729,0.4126,0.1808,0.3893,1.0678,0.0000,0.0000,0.0000,0.0000,0.0000,0.0000,False,0.0700,0.0731,-0.0140,0.0710,0.0573,-0.0685,-0.4545,grasp,0.0000,0.0000,0.0000,0.0000,0.0000,0.0000,False,,0.0500,0.0000,False,0.8020,-0.2600,0.0100,0.8432
1383,0.0,1.1497,0.0000,False,False,False,-0.4540,4.7516,-0.2244,-1.2578,-0.1112,1.4796,0.0686,0.0764,-0.0142,0.0689,0.0597,-0.0678,0.3992,0.1780,0.3883,1.0674,0.0000,0.0000,0.0000,0.0000,0.0000,0.0000,False,-0.0575,-0.0406,0.0457,-0.0710,-0.0377,0.0126,0.2052,grasp,0.0000,0.0000,0.0000,0.0000,0.0000,0.0000,False,,0.0500,0.0000,False,0.8020,-0.2600,0.0100,0.8432
1384,0.0,1.1497,0.0000,False,False,False,-0.4527,4.7531,-0.2247,-1.2565,-0.1100,1.4784,0.0000,-0.0000,-0.0000,0.0000,-0.0000,0.0000,0.4132,0.1780,0.3883,1.0674,0.0000,0.0000,0.0000,0.0000,0.0000,0.0000,False,0.0450,0.0513,0.0763,-0.0309,-0.0226,0.0126,1.8005,grasp,0.0000,0.0000,0.0000,0.0000,0.0000,0.0000,False,,0.0500,0.0000,True,0.8020,-0.2600,0.0100,0.8432
1385,0.0,1.1497,0.0000,False,False,False,-0.4522,4.7536,-0.2239,-1.2568,-0.1103,1.4785,0.0437,0.0485,0.0766,-0.0323,-0.0237,0.0139,0.4332,0.1780,0.3883,1.0674,0.0000,0.0000,0.0000,0.0000,0.0000,0.0000,False,-0.0396,0.0136,-0.0101,-0.0276,0.0763,-0.0688,2.7630,grasp,0.0000,0.0000,0.0000,0.0000,0.0000,0.0000,False,,0.0500,0.0000,True,0.8020,-0.2600,0.0100,0.8432
1386,0.0,1.1504,0.0000,False,False,False,-0.4535,4.7551,-0.2235,-1.2554,-0.1123,1.4768,-0.0842,0.1044,0.0281,0.0897,-0.1334,-0.1094,0.5023,0.1801,0.3895,1.0674,0.0000,0.0000,0.0000,0.0000,0.0000,0.0000,False,-0.0443,0.0548,0.0148,0.0472,-0.0702,-0.0576,1.7901,grasp,0.0000,0.0000,0.0000,0.0000,0.0000,0.0000,False,,0.0500,0.0000,False,0.8020,-0.2600,0.0100,0.8432
1387,0.0,1.1502,0.0000,False,False,False,-0.4542,4.7575,-0.2227,-1.2548,-0.1145,1.4745,0.0574,0.0486,0.0422,-0.0659,-0.0285,-0.0762,0.4814,0.1858,0.3867,1.0672,0.0000,0.0000,0.0000,0.0000,0.0000,0.0000,False,0.0562,0.0547,0.0426,-0.0646,-0.0304,-0.0778,-0.4785,grasp,0.0000,0.0000,0.0000,0.0000,0.0000,0.0000,False,,0.0500,0.0000,False,0.8020,-0.2600,0.0100,0.8432
1388,0.0,1.1502,0.0000,False,False,False,-0.4542,4.7575,-0.2227,-1.2548,-0.1145,1.4745,0.0574,0.0486,0.0422,-0.0659,-0.0285,-0.0762,0.4814,0.1858,0.3867,1.0672,0.0000,0.0000,0.0000,0.0000,0.0000,0.0000,False,-0.0414,0.0249,-0.0172,0.0097,-0.0145,-0.0586,2.5201,grasp,0.0000,0.0000,0.0000,0.0000,0.0000,0.0000,False,,0.0500,0.0000,True,0.8020,-0.2600,0.0100,0.8432
1389,0.0,1.1502,0.0000,False,False,False,-0.4531,4.7586,-0.2219,-1.2561,-0.1150,1.4731,0.0000,-0.0000,-0.0000,0.0000,-0.0000,0.0000,0.4870,0.1858,0.3867,1.0672,0.0000,0.0000,0.0000,0.0000,0.0000,0.0000,False,-0.0185,-0.0508,-0.0106,0.0032,-0.0544,0.0707,2.3043,grasp,0.0000,0.0000,0.0000,0.0000,0.0000,0.0000,False,,0.0500,0.0000,True,0.8020,-0.2600,0.0100,0.8432
1390,0.0,1.1502,0.0000,False,False,False,-0.4531,4.7586,-0.2219,-1.2561,-0.1150,1.4731,0.0000,-0.0000,-0.0000,0.0000,-0.0000,0.0000,0.5270,0.1858,0.3867,1.0672,0.0000,0.0000,0.0000,0.0000,0.0000,0.0000,False,-0.0417,-0.0683,0.0621,-0.0388,-0.0348,0.0284,-2.8693,grasp,0.0000,0.0000,0.0000,0.0000,0.0000,0.0000,False,,0.0500,0.0000,False,0.8020,-0.2600,0.0100,0.8432
1391,0.0,1.1504,0.0000,False,False,False,-0.4554,4.7548,-0.2184,-1.2583,-0.1170,1.4746,-0.1130,-0.1851,0.1682,-0.1052,-0.0943,0.0770,0.4709,0.1869,0.3868,1.0672,0.0000,0.0000,0.0000,0.0000,0.0000,0.0000,False,-0.0753,-0.0018,-0.0708,-0.0605,-0.0343,-0.0467,1.9443,grasp,0.0000,0.0000,0.0000,0.0000,0.0000,0.0000,False,,0.0500,0.0000,True,0.8020,-0.2600,0.0100,0.8432
1392,0.0,1.1501,0.0000,False,False,False,-0.4562,4.7542,-0.2185,-1.2577,-0.1163,1.4748,-0.0748,-0.0515,-0.0136,0.0585,0.0737,0.0103,0.4558,0.1856,0.3861,1.0673,0.0000,0.0000,0.0000,0.0000,0.0000,0.0000,False,-0.0748,-0.0516,-0.0136,0.0585,0.0737,0.0103,-0.6587,grasp,0.0000,0.0000,0.0000,0.0000,0.0000,0.0000,False,,0.0500,0.0000,False,0.8020,-0.2600,0.0100,0.8432
1393,0.0,1.1501,0.0000,False,False,False,-0.4576,4.7532,-0.2188,-1.2566,-0.1149,1.4749,-0.1422,-0.0980,-0.0259,0.1111,0.1401,0.0196,0.4418,0.1856,0.3861,1.0673,0.0000,0.0000,0.0000,0.0000,0.0000,0.0000,False,0.0456,-0.0540,-0.0735,0.0396,0.0290,0.0122,-2.0555,grasp,0.0000,0.0000,0.0000,0.0000,0.0000,0.0000,False,,0.0500,0.0000,False,0.8020,-0.2600,0.0100,0.8432
1394,0.0,1.1501,0.0000,False,False,False,-0.4576,4.7531,-0.2188,-1.2566,-0.1149,1.4749,-0.0000,-0.0000,-0.0000,0.0000,-0.0000,0.0000,0.4218,0.1856,0.3861,1.0673,0.0000,0.0000,0.0000,0.0000,0.0000,0.0000,False,0.0739,-0.0299,0.0268,-0.0686,-0.0574,-0.0213,-2.5322,grasp,0.0000,0.0000,0.0000,0.0000,0.0000,0.0000,False,,0.0500,0.0000,False,0.8020,-0.2600,0.0100,0.8432
1395,0.0,1.1491,0.0000,False,False,False,-0.4588,4.7514,-0.2214,-1.2580,-0.1153,1.4763,-0.1091,-0.0796,-0.1248,-0.1219,-0.0499,0.0811,0.3420,0.1821,0.3849,1.0673,0.0000,0.0000,0.0000,0.0000,0.0000,0.0000,False,-0.0570,-0.0426,-0.0664,-0.0638,-0.0260,0.0428,-1.8588,grasp,0.0000,0.0000,0.0000,0.0000,0.0000,0.0000,False,,0.0500,0.0000,False,0.8020,-0.2600,0.0100,0.8432
1396,0.0,1.1491,0.0000,False,False,False,-0.4603,4.7503,-0.2232,-1.2598,-0.1161,1.4775,-0.1556,-0.1140,-0.1780,-0.1739,-0.0711,0.1157,0.3241,0.1821,0.3849,1.0673,0.0000,0.0000,0.0000,0.0000,0.0000,0.0000,False,-0.0674,0.0153,-0.0571,0.0430,-0.0131,-0.0232,0.6402,grasp,0.0000,0.0000,0.0000,0.0000,0.0000,0.0000,False,,0.0500,0.0000,True,0.8020,-0.2600,0.0100,0.8432
1397,0.0,1.1479,0.0000,False,False,False,-0.4622,4.7480,-0.2251,-1.2620,-0.1165,1.4784,0.0125,-0.0291,0.0381,-0.0064,0.0490,-0.0579,0.2680,0.1763,0.3838,1.0674,0.0000,0.0000,0.0000,0.0000,0.0000,0.0000,False,0.0105,-0.0365,0.0358,-0.0086,0.0481,-0.0564,-2.8855,grasp,0.0000,0.0000,0.0000,0.0000,0.0000,0.0000,False,,0.0500,0.0000,False,0.8020,-0.2600,0.0100,0.8432
1398,0.0,1.1479,0.0000,False,False,False,-0.4619,4.7474,-0.2244,-1.2622,-0.1155,1.4773,0.0000,-0.0000,-0.0000,0.0000,-0.0000,0.0000,0.2680,0.1763,0.3838,1.0674,0.0000,0.0000,0.0000,0.0000,0.0000,0.0000,False,0.0762,0.0581,0.0594,0.0712,-0.0595,-0.0521,2.7829,grasp,0.0000,0.0000,0.0000,0.0000,0.0000,0.0000,False,,0.0500,0.0000,True,0.8020,-0.2600,0.0100,0.8432
1399,0.0,1.1479,0.0000,False,False,False,-0.4619,4.7474,-0.2244,-1.2622,-0.1155,1.4773,0.0000,-0.0000,-0.0000,0.0000,-0.0000,0.0000,0.2680,0.1763,0.3838,1.0674,0.0000,0.0000,0.0000,0.0000,0.0000,0.0000,False,0.0292,0.0735,-0.0165,0.0462,0.0470,0.0067,-1.0762,grasp,0.0000,0.0000,0.0000,0.0000,0.0000,0.0000,False,,0.0500,0.0000,False,0.8020,-0.2600,0.0100,0.8432
1400,0.0,1.1487,0.0000,False,False,False,-0.4599,4.7477,-0.2253,-1.2593,-0.1160,1.4787,0.0840,-0.0147,-0.1000,0.1444,0.0097,0.1265,0.3470,0.1773,0.3859,1.0673,0.0000,0.0000,0.0000,0.0000,0.0000,0.0000,False,0.0450,-0.0070,-0.0520,0.0767,0.0045,0.0661,1.7774,grasp,0.0000,0.0000,0.0000,0.0000,0.0000,0.0000,False,,0.0500,0.0000,True,0.8020,-0.2600,0.0100,0.8432
1401,0.0,1.1487,0.0000,False,False,False,-0.4587,4.7475,-0.2267,-1.2572,-0.1159,1.4805,0.1198,-0.0207,-0.1426,0.2060,0.0139,0.1805,0.3666,0.1773,0.3859,1.0673,0.0000,0.0000,0.0000,0.0000,0.0000,0.0000,False,-0.0672,0.0028,-0.0739,-0.0283,-0.0567,-0.0636,-2.7764,grasp,0.0000,0.0000,0.0000,0.0000,0.0000,0.0000,False,,0.0500,0.0000,False,0.8020,-0.2600,0.0100,0.8432
1402,0.0,1.1487,0.0000,False,False,False,-0.4607,4.7476,-0.2288,-1.2581,-0.1175,1.4786,-0.1300,0.0065,-0.1376,-0.0577,-0.1080,-0.1242,0.3465,0.1760,0.3872,1.0670,0.0000,0.0000,0.0000,0.0000,0.0000,0.0000,False,-0.0620,-0.0528,0.0717,-0.0397,0.0430,-0.0074,1.1249,grasp,0.0000,0.0000,0.0000,0.0000,0.0000,0.0000,False,,0.0500,0.0000,True,0.8020,-0.2600,0.0100,0.8432
1403,0.0,1.1487,0.0000,False,False,False,-0.4607,4.7476,-0.2288,-1.2581,-0.1175,1.4786,-0.1300,0.0065,-0.1376,-0.0577,-0.1080,-0.1242,0.3465,0.1760,0.3872,1.0670,0.0000,0.0000,0.0000,0.0000,0.0000,0.0000,False,-0.0183,0.0474,-0.0043,-0.0541,-0.0201,0.0713,1.3810,grasp,0.0000,0.0000,0.0000,0.0000,0.0000,0.0000,False,,0.0500,0.0000,True,0.8020,-0.2600,0.0100,0.8432
1404,0.0,1.1487,0.0000,False,False,False,-0.4609,4.7480,-0.2289,-1.2586,-0.1177,1.4793,-0.0183,0.0474,-0.0043,-0.0541,-0.0201,0.0713,0.4062,0.1760,0.3872,1.0670,0.0000,0.0000,0.0000,0.0000,0.0000,0.0000,False,-0.0381,-0.0590,0.0533,-0.0047,0.0084,-0.0475,1.8399,grasp,0.0000,0.0000,0.0000,0.0000,0.0000,0.0000,False,,0.0500,0.0000,True,0.8020,-0.2600,0.0100,0.8432
1405,0.0,1.1497,0.0000,False,False,False,-0.4616,4.7477,-0.2295,-1.2585,-0.1176,1.4795,-0.0682,-0.0403,-0.0620,0.0147,0.0098,0.0229,0.4655,0.1781,0.3895,1.0670,0.0000,0.0000,0.0000,0.0000,0.0000,0.0000,False,-0.0682,-0.0403,-0.0620,0.0147,0.0098,0.0229,2.0071,grasp,0.0000,0.0000,0.0000,0.0000,0.0000,0.0000,False,,0.0500,0.0000,True,0.8020,-0.2600,0.0100,0.8432
1406,0.0,1.1495,0.0000,False,False,False,-0.4643,4.7447,-0.2327,-1.2584,-0.1170,1.4795,-0.0946,-0.1461,-0.1347,-0.0129,0.0290,-0.0273,0.4244,0.1746,0.3907,1.0668,0.0000,0.0000,0.0000,0.0000,0.0000,0.0000,False,-0.0511,-0.0777,-0.0721,-0.0065,0.0154,-0.0139,-1.6215,grasp,0.0000,0.0000,0.0000,0.0000,0.0000,0.0000,False,,0.0500,0.0000,False,0.8020,-0.2600,0.0100,0.8432
1407,0.0,1.1495,0.0000,False,False,False,-0.4643,4.7447,-0.2327,-1.2584,-0.1170,1.4795,-0.0946,-0.1461,-0.1347,-0.0129,0.0290,-0.0273,0.4244,0.1746,0.3907,1.0668,0.0000,0.0000,0.0000,0.0000,0.0000,0.0000,False,0.0561,-0.0296,-0.0197,-0.0120,-0.0449,0.0161,-2.6172,grasp,0.0000,0.0000,0.0000,0.0000,0.0000,0.0000,False,,0.0500,0.0000,False,0.8020,-0.2600,0.0100,0.8432
1408,0.0,1.1495,0.0000,False,False,False,-0.4656,4.7417,-0.2346,-1.2586,-0.1166,1.4792,-0.0000,-0.0000,-0.0000,0.0000,-0.0000,0.0000,0.3844,0.1746,0.3907,1.0668,0.0000,0.0000,0.0000,0.0000,0.0000,0.0000,False,0.0629,-0.0585,-0.0761,-0.0616,-0.0692,-0.0761,1.5731,grasp,0.0000,0.0000,0.0000,0.0000,0.0000,0.0000,False,,0.0500,0.0000,True,0.8020,-0.2600,0.0100,0.8432
1409,0.0,1.1495,0.0000,False,False,False,-0.4651,4.7416,-0.2348,-1.2587,-0.1170,1.4793,0.0000,-0.0000,-0.0000,0.0000,-0.0000,0.0000,0.3818,0.1746,0.3907,1.0668,0.0000,0.0000,0.0000,0.0000,0.0000,0.0000,False,-0.0644,0.0398,-0.0656,0.0319,0.0160,0.0296,1.0862,grasp,0.0000,0.0000,0.0000,0.0000,0.0000,0.0000,False,,0.0500,0.0000,True,0.8020,-0.2600,0.0100,0.8432
1410,0.0,1.1491,0.0000,False,False,False,-0.4670,4.7427,-0.2367,-1.2578,-0.1165,1.4802,-0.1235,0.0759,-0.1243,0.0607,0.0312,0.0560,0.4115,0.1713,0.3915,1.0667,0.0000,0.0000,0.0000,0.0000,0.0000,0.0000,False,0.0416,0.0388,0.0467,0.0135,-0.0354,-0.0437,2.8869,grasp,0.0000,0.0000,0.0000,0.0000,0.0000,0.0000,False,,0.0500,0.0000,True,0.8020,-0.2600,0.0100,0.8432
1411,0.0,1.1495,0.0000,False,False,False,-0.4679,4.7426,-0.2384,-1.2574,-0.1147,1.4831,0.0546,-0.0852,0.0057,-0.0301,0.0914,0.1371,0.4382,0.1716,0.3928,1.0666,0.0000,0.0000,0.0000,0.0000,0.0000,0.0000,False,0.0270,-0.0435,0.0012,-0.0150,0.0485,0.0730,0.5968,grasp,0.0000,0.0000,0.0000,0.0000,0.0000,0.0000,False,,0.0500,0.0000,False,0.8020,-0.2600,0.0100,0.8432
1412,0.0,1.1495,0.0000,False,False,False,-0.4671,4.7411,-0.2383,-1.2578,-0.1134,1.4850,-0.0000,-0.0000,-0.0000,0.0000,-0.0000,0.0000,0.4220,0.1716,0.3928,1.0666,0.0000,0.0000,0.0000,0.0000,0.0000,0.0000,False,0.0662,-0.0468,-0.0751,-0.0346,-0.0773,0.0556,-1.8293,grasp,0.0000,0.0000,0.0000,0.0000,0.0000,0.0000,False,,0.0500,0.0000,False,0.8020,-0.2600,0.0100,0.8432
1413,0.0,1.1495,0.0000,False,False,False,-0.4664,4.7408,-0.2391,-1.2581,-0.1142,1.4856,0.0655,-0.0434,-0.0752,-0.0342,-0.0786,0.0537,0.4020,0.1716,0.3928,1.0666,0.0000,0.0000,0.0000,0.0000,0.0000,0.0000,False,-0.0401,0.0464,-0.0436,-0.0733,-0.0687,0.0566,-3.1034,grasp,0.0000,0.0000,0.0000,0.0000,0.0000,0.0000,False,,0.0500,0.0000,False,0.8020,-0.2600,0.0100,0.8432
1414,0.0,1.1492,0.0000,False,False,False,-0.4659,4.7401,-0.2397,-1.2582,-0.1136,1.4857,0.0534,-0.0753,-0.0595,-0.0111,0.0564,0.0177,0.4212,0.1685,0.3932,1.0666,0.0000,0.0000,0.0000,0.0000,0.0000,0.0000,False,0.0534,-0.0753,-0.0595,-0.0111,0.0564,0.0177,1.6145,grasp,0.0000,0.0000,0.0000,0.0000,0.0000,0.0000,False,,0.0500,0.0000,True,0.8020,-0.2600,0.0100,0.8432
1415,0.0,1.1492,0.0000,False,False,False,-0.4642,4.7380,-0.2413,-1.2579,-0.1120,1.4854,0.0736,-0.0119,-0.0511,0.0539,0.0546,-0.0695,0.4772,0.1685,0.3932,1.0666,0.0000,0.0000,0.0000,0.0000,0.0000,0.0000,False,0.0746,-0.0190,-0.0522,0.0537,0.0557,-0.0692,1.9059,grasp,0.0000,0.0000,0.0000,0.0000,0.0000,0.0000,False,,0.0500,0.0000,True,0.8020,-0.2600,0.0100,0.8432
1416,0.0,1.1492,0.0000,False,False,False,-0.4642,4.7380,-0.2413,-1.2579,-0.1120,1.4854,0.0736,-0.0119,-0.0511,0.0539,0.0546,-0.0695,0.4772,0.1685,0.3932,1.0666,0.0000,0.0000,0.0000,0.0000,0.0000,0.0000,False,0.0650,0.0239,0.0462,0.0758,0.0523,0.0431,-0.4135,grasp,0.0000,0.0000,0.0000,0.0000,0.0000,0.0000,False,,0.0500,0.0000,False,0.8020,-0.2600,0.0100,0.8432
1417,0.0,1.1500,0.0000,False,False,False,-0.4634,4.7380,-0.2428,-1.2566,-0.1116,1.4849,-0.0599,0.0283,-0.0546,0.0251,-0.0614,0.0797,0.4538,0.1639,0.3981,1.0664,0.0000,0.0000,0.0000,0.0000,0.0000,0.0000,False,-0.0585,0.0272,-0.0556,0.0261,-0.0604,0.0784,-2.4883,grasp,0.0000,0.0000,0.0000,0.0000,0.0000,0.0000,False,,0.0500,0.0000,False,0.8020,-0.2600,0.0100,0.8432
1418,0.0,1.1500,0.0000,False,False,False,-0.4645,4.7385,-0.2439,-1.2562,-0.1127,1.4864,-0.1138,0.0530,-0.1037,0.0477,-0.1167,0.1515,0.4338,0.1639,0.3981,1.0664,0.0000,0.0000,0.0000,0.0000,0.0000,0.0000,False,-0.0268,-0.0712,0.0712,0.0442,-0.0689,-0.0199,0.2453,grasp,0.0000,0.0000,0.0000,0.0000,0.0000,0.0000,False,,0.0500,0.0000,False,0.8020,-0.2600,0.0100,0.8432
1419,0.0,1.1496,0.0000,False,False,False,-0.4643,4.7389,-0.2436,-1.2557,-0.1123,1.4861,0.0174,0.0412,0.0235,0.0443,0.0469,-0.0280,0.4735,0.1645,0.3968,1.0663,0.0000,0.0000,0.0000,0.0000,0.0000,0.0000,False,0.0174,0.0412,0.0235,0.0443,0.0469,-0.0280,1.9404,grasp,0.0000,0.0000,0.0000,0.0000,0.0000,0.0000,False,,0.0500,0.0000,True,0.8020,-0.2600,0.0100,0.8432
1420,0.0,1.1496,0.0000,False,False,False,-0.4646,4.7400,-0.2425,-1.2555,-0.1112,1.4849,-0.0626,0.0328,0.0654,-0.0667,0.0239,-0.0619,0.4574,0.1645,0.3968,1.0663,0.0000,0.0000,0.0000,0.0000,0.0000,0.0000,False,-0.0623,0.0343,0.0659,-0.0659,0.0248,-0.0624,-2.5361,grasp,0.0000,0.0000,0.0000,0.0000,0.0000,0.0000,False,,0.0500,0.0000,False,0.8020,-0.2600,0.0100,0.8432
1421,0.0,1.1496,0.0000,False,False,False,-0.4658,4.7406,-0.2413,-1.2568,-0.1107,1.4838,-0.1190,0.0634,0.1243,-0.1268,0.0454,-0.1175,0.4374,0.1670,0.3952,1.0666,0.0000,0.0000,0.0000,0.0000,0.0000,0.0000,False,0.0392,0.0216,0.0179,-0.0055,-0.0715,0.0158,2.8059,grasp,0.0000,0.0000,0.0000,0.0000,0.0000,0.0000,False,,0.0500,0.0000,True,0.8020,-0.2600,0.0100,0.8432
1422,0.0,1.1496,0.0000,False,False,False,-0.4654,4.7410,-0.2411,-1.2568,-0.1114,1.4839,0.0404,0.0191,0.0166,-0.0043,-0.0720,0.0169,0.4771,0.1670,0.3952,1.0666,0.0000,0.0000,0.0000,0.0000,0.0000,0.0000,False,0.0269,-0.0529,-0.0600,0.0527,0.0572,0.0681,-0.2656,grasp,0.0000,0.0000,0.0000,0.0000,0.0000,0.0000,False,,0.0500,0.0000,False,0.8020,-0.2600,0.0100,0.8432
1423,0.0,1.1496,0.0000,False,False,False,-0.4654,4.7410,-0.2411,-1.2568,-0.1114,1.4839,0.0000,-0.0000,-0.0000,0.0000,-0.0000,0.0000,0.5168,0.1670,0.3952,1.0666,0.0000,0.0000,0.0000,0.0000,0.0000,0.0000,False,0.0318,0.0457,0.0189,-0.0047,-0.0556,0.0300,2.1725,grasp,0.0000,0.0000,0.0000,0.0000,0.0000,0.0000,False,,0.0500,0.0000,True,0.8020,-0.2600,0.0100,0.8432
1424,0.0,1.1503,0.0000,False,False,False,-0.4645,4.7423,-0.2406,-1.2570,-0.1130,1.4848,0.0605,0.0869,0.0359,-0.0089,-0.1056,0.0570,0.5567,0.1690,0.3965,1.0665,0.0000,0.0000,0.0000,0.0000,0.0000,0.0000,False,-0.0275,-0.0727,-0.0645,-0.0215,-0.0359,-0.0436,-1.0351,grasp,0.0000,0.0000,0.0000,0.0000,0.0000,0.0000,False,,0.0500,0.0000,False,0.8020,-0.2600,0.0100,0.8432
1425,0.0,1.1503,0.0000,False,False,False,-0.4637,4.7441,-0.2407,-1.2565,-0.1153,1.4850,-0.0060,0.0311,-0.0609,0.0570,-0.0772,-0.0596,0.5468,0.1690,0.3965,1.0665,0.0000,0.0000,0.0000,0.0000,0.0000,0.0000,False,-0.0051,0.0342,-0.0604,0.0568,-0.0787,-0.0588,0.0361,grasp,0.0000,0.0000,0.0000,0.0000,0.0000,0.0000,False,,0.0500,0.0000,False,0.8020,-0.2600,0.0100,0.8432
1426,0.0,1.1500,0.0000,False,False,False,-0.4645,4.7450,-0.2412,-1.2551,-0.1174,1.4834,-0.0738,0.0350,0.0586,0.0389,-0.0580,-0.0510,0.4926,0.1720,0.3947,1.0664,0.0000,0.0000,0.0000,0.0000,0.0000,0.0000,False,-0.0739,0.0357,0.0575,0.0400,-0.0594,-0.0522,-2.7631,grasp,0.0000,0.0000,0.0000,0.0000,0.0000,0.0000,False,,0.0500,0.0000,False,0.8020,-0.2600,0.0100,0.8432
1427,0.0,1.1500,0.0000,False,False,False,-0.4645,4.7450,-0.2412,-1.2551,-0.1174,1.4834,-0.0738,0.0350,0.0586,0.0389,-0.0580,-0.0510,0.4926,0.1720,0.3947,1.0664,0.0000,0.0000,0.0000,0.0000,0.0000,0.0000,False,0.0122,0.0662,0.0475,0.0735,0.0704,0.0490,-0.1460,grasp,0.0000,0.0000,0.0000,0.0000,0.0000,0.0000,False,,0.0500,0.0000,False,0.8020,-0.2600,0.0100,0.8432
1428,0.0,1.1495,0.0000,False,False,False,-0.4664,4.7444,-0.2384,-1.2533,-0.1175,1.4804,-0.0292,-0.0928,0.1149,0.0697,0.0630,-0.1320,0.4805,0.1743,0.3924,1.0664,0.0000,0.0000,0.0000,0.0000,0.0000,0.0000,False,-0.0168,-0.0471,0.0616,0.0374,0.0321,-0.0705,0.7994,grasp,0.0000,0.0000,0.0000,0.0000,0.0000,0.0000,False,,0.0500,0.0000,False,0.8020,-0.2600,0.0100,0.8432
1429,0.0,1.1495,0.0000,False,False,False,-0.4664,4.7444,-0.2384,-1.2533,-0.1175,1.4804,-0.0292,-0.0928,0.1149,0.0697,0.0630,-0.1320,0.4805,0.1743,0.3924,1.0664,0.0000,0.0000,0.0000,0.0000,0.0000,0.0000,False,0.0287,-0.0467,0.0104,-0.0459,-0.0761,0.0406,-0.5726,grasp,0.0000,0.0000,0.0000,0.0000,0.0000,0.0000,False,,0.0500,0.0000,False,0.8020,-0.2600,0.0100,0.8432
1430,0.0,1.1495,0.0000,False,False,False,-0.4668,4.7431,-0.2367,-1.2523,-0.1166,1.4785,0.0000,-0.0000,-0.0000,0.0000,-0.0000,0.0000,0.4801,0.1743,0.3924,1.0664,0.0000,0.0000,0.0000,0.0000,0.0000,0.0000,False,-0.0318,-0.0739,-0.0553,0.0540,0.0752,-0.0695,1.5517,grasp,0.0000,0.0000,0.0000,0.0000,0.0000,0.0000,False,,0.0500,0.0000,False,0.8020,-0.2600,0.0100,0.8432
1431,0.0,1.1497,0.0000,False,False,False,-0.4679,4.7417,-0.2370,-1.2519,-0.1154,1.4784,-0.0738,-0.0627,0.0322,-0.0207,0.0415,0.0615,0.4681,0.1731,0.3934,1.0664,0.0000,0.0000,0.0000,0.0000,0.0000,0.0000,False,-0.0741,-0.0642,0.0317,-0.0201,0.0423,0.0608,-0.2618,grasp,0.0000,0.0000,0.0000,0.0000,0.0000,0.0000,False,,0.0500,0.0000,False,0.8020,-0.2600,0.0100,0.8432
1432,0.0,1.1497,0.0000,False,False,False,-0.4679,4.7417,-0.2370,-1.2519,-0.1154,1.4784,-0.0738,-0.0627,0.0322,-0.0207,0.0415,0.0615,0.4681,0.1731,0.3934,1.0664,0.0000,0.0000,0.0000,0.0000,0.0000,0.0000,False,-0.0433,0.0375,0.0542,-0.0076,-0.0299,-0.0726,1.3371,grasp,0.0000,0.0000,0.0000,0.0000,0.0000,0.0000,False,,0.0500,0.0000,False,0.8020,-0.2600,0.0100,0.8432
1433,0.0,1.1496,0.0000,False,False,False,-0.4715,4.7388,-0.2382,-1.2509,-0.1136,1.4777,-0.1477,-0.1153,-0.1221,0.0959,0.0658,-0.1224,0.4698,0.1716,0.3936,1.0664,0.0000,0.0000,0.0000,0.0000,0.0000,0.0000,False,-0.0791,-0.0619,-0.0637,0.0501,0.0354,-0.0632,0.8002,grasp,0.0000,0.0000,0.0000,0.0000,0.0000,0.0000,False,,0.0500,0.0000,False,0.8020,-0.2600,0.0100,0.8432
1434,0.0,1.1496,0.0000,False,False,False,-0.4715,4.7388,-0.2382,-1.2509,-0.1136,1.4777,-0.1477,-0.1153,-0.1221,0.0959,0.0658,-0.1224,0.4698,0.1716,0.3936,1.0664,0.0000,0.0000,0.0000,0.0000,0.0000,0.0000,False,-0.0770,-0.0792,-0.0488,-0.0586,0.0124,0.0076,2.6896,grasp,0.0000,0.0000,0.0000,0.0000,0.0000,0.0000,False,,0.0500,0.0000,True,0.8020,-0.2600,0.0100,0.8432
1435,0.0,1.1496,0.0000,False,False,False,-0.4741,4.7362,-0.2396,-1.2497,-0.1120,1.4768,-0.0484,-0.0503,0.0375,-0.0150,0.0710,0.0769,0.4973,0.1716,0.3936,1.0664,0.0000,0.0000,0.0000,0.0000,0.0000,0.0000,False,-0.0505,-0.0568,0.0357,-0.0136,0.0720,0.0752,1.5755,grasp,0.0000,0.0000,0.0000,0.0000,0.0000,0.0000,False,,0.0500,0.0000,False,0.8020,-0.2600,0.0100,0.8432
1436,0.0,1.1499,0.0000,False,False,False,-0.4754,4.7352,-0.2395,-1.2503,-0.1110,1.4789,-0.0406,0.0009,-0.0628,-0.0373,-0.0370,0.0689,0.5392,0.1687,0.3964,1.0662,0.0000,0.0000,0.0000,0.0000,0.0000,0.0000,False,-0.0415,-0.0004,-0.0621,-0.0376,-0.0357,0.0704,2.1517,grasp,0.0000,0.0000,0.0000,0.0000,0.0000,0.0000,False,,0.0500,0.0000,True,0.8020,-0.2600,0.0100,0.8432
1437,0.0,1.1499,0.0000,False,False,False,-0.4754,4.7352,-0.2395,-1.2503,-0.1110,1.4789,-0.0406,0.0009,-0.0628,-0.0373,-0.0370,0.0689,0.5392,0.1687,0.3964,1.0662,0.0000,0.0000,0.0000,0.0000,0.0000,0.0000,False,0.0335,-0.0600,0.0027,-0.0273,-0.0066,0.0369,-0.4960,grasp,0.0000,0.0000,0.0000,0.0000,0.0000,0.0000,False,,0.0500,0.0000,False,0.8020,-0.2600,0.0100,0.8432
1438,0.0,1.1499,0.0000,False,False,False,-0.4754,4.7352,-0.2395,-1.2503,-0.1110,1.4789,-0.0406,0.0009,-0.0628,-0.0373,-0.0370,0.0689,0.5392,0.1687,0.3964,1.0662,0.0000,0.0000,0.0000,0.0000,0.0000,0.0000,False,-0.0180,-0.0512,0.0324,-0.0783,0.0735,0.0359,1.8961,grasp,0.0000,0.0000,0.0000,0.0000,0.0000,0.0000,False,,0.0500,0.0000,False,0.8020,-0.2600,0.0100,0.8432
1439,0.0,1.1503,0.0000,False,False,False,-0.4772,4.7322,-0.2388,-1.2554,-0.1076,1.4822,-0.0000,-0.0000,-0.0000,0.0000,-0.0000,0.0000,0.5746,0.1687,0.3976,1.0662,0.0000,0.0000,0.0000,0.0000,0.0000,0.0000,False,0.0083,0.0084,0.0366,-0.0722,0.0627,-0.0738,0.7609,grasp,0.0000,0.0000,0.0000,0.0000,0.0000,0.0000,False,,0.0500,0.0000,False,0.8020,-0.2600,0.0100,0.8432
1440,0.0,1.1503,0.0000,False,False,False,-0.4771,4.7323,-0.2385,-1.2561,-0.1069,1.4814,0.0088,0.0110,0.0357,-0.0701,0.0606,-0.0747,0.5668,0.1687,0.3976,1.0662,0.0000,0.0000,0.0000,0.0000,0.0000,0.0000,False,0.0150,-0.0422,-0.0149,0.0255,0.0355,0.0647,-2.7709,grasp,0.0000,0.0000,0.0000,0.0000,0.0000,0.0000,False,,0.0500,0.0000,False,0.8020,-0.2600,0.0100,0.8432
1441,0.0,1.1508,0.0000,False,False,False,-0.4762,4.7332,-0.2381,-1.2579,-0.1055,1.4802,0.0713,0.0756,-0.0337,-0.0446,0.0265,0.0207,0.5198,0.1664,0.3988,1.0666,0.0000,0.0000,0.0000,0.0000,0.0000,0.0000,False,0.0715,0.0758,-0.0331,-0.0459,0.0277,0.0193,-0.6437,grasp,0.0000,0.0000,0.0000,0.0000,0.0000,0.0000,False,,0.0500,0.0000,False,0.8020,-0.2600,0.0100,0.8432
1442,0.0,1.1508,0.0000,False,False,False,-0.4762,4.7332,-0.2381,-1.2579,-0.1055,1.4802,0.0713,0.0756,-0.0337,-0.0446,0.0265,0.0207,0.5198,0.1664,0.3988,1.0666,0.0000,0.0000,0.0000,0.0000,0.0000,0.0000,False,-0.0618,-0.0370,0.0380,-0.0133,0.0245,0.0649,-2.7538,grasp,0.0000,0.0000,0.0000,0.0000,0.0000,0.0000,False,,0.0500,0.0000,False,0.8020,-0.2600,0.0100,0.8432
1443,0.0,1.1503,0.0000,False,False,False,-0.4734,4.7326,-0.2376,-1.2565,-0.1047,1.4802,0.0953,-0.1415,0.0750,0.1468,0.0194,-0.0263,0.4568,0.1652,0.3975,1.0667,0.0000,0.0000,0.0000,0.0000,0.0000,0.0000,False,0.0515,-0.0725,0.0388,0.0764,0.0107,-0.0135,-0.4614,grasp,0.0000,0.0000,0.0000,0.0000,0.0000,0.0000,False,,0.0500,0.0000,False,0.8020,-0.2600,0.0100,0.8432
1444,0.0,1.1503,0.0000,False,False,False,-0.4734,4.7326,-0.2376,-1.2565,-0.1047,1.4802,0.0953,-0.1415,0.0750,0.1468,0.0194,-0.0263,0.4568,0.1652,0.3975,1.0667,0.0000,0.0000,0.0000,0.0000,0.0000,0.0000,False,-0.0467,-0.0052,-0.0744,0.0213,0.0564,0.0130,-2.0640,grasp,0.0000,0.0000,0.0000,0.0000,0.0000,0.0000,False,,0.0500,0.0000,False,0.8020,-0.2600,0.0100,0.8432
1445,0.0,1.1503,0.0000,False,False,False,-0.4720,4.7303,-0.2365,-1.2544,-0.1045,1.4798,0.0000,-0.0000,-0.0000,0.0000,-0.0000,0.0000,0.4262,0.1652,0.3975,1.0667,0.0000,0.0000,0.0000,0.0000,0.0000,0.0000,False,0.0023,0.0679,0.0312,0.0789,0.0654,-0.0337,0.2720,grasp,0.0000,0.0000,0.0000,0.0000,0.0000,0.0000,False,,0.0500,0.0000,False,0.8020,-0.2600,0.0100,0.8432
1446,0.0,1.1498,0.0000,False,False,False,-0.4723,4.7311,-0.2355,-1.2537,-0.1031,1.4788,-0.0318,0.0191,0.0710,-0.0166,0.0742,-0.0716,0.3871,0.1622,0.3978,1.0665,0.0000,0.0000,0.0000,0.0000,0.0000,0.0000,False,-0.0317,0.0203,0.0713,-0.0158,0.0749,-0.0719,-2.4594,grasp,0.0000,0.0000,0.0000,0.0000,0.0000,0.0000,False,,0.0500,0.0000,False,0.8020,-0.2600,0.0100,0.8432
1447,0.0,1.1498,0.0000,False,False,False,-0.4723,4.7311,-0.2355,-1.2537,-0.1031,1.4788,-0.0318,0.0191,0.0710,-0.0166,0.0742,-0.0716,0.3871,0.1622,0.3978,1.0665,0.0000,0.0000,0.0000,0.0000,0.0000,0.0000,False,0.0101,-0.0514,0.0556,0.0541,0.0660,0.0361,1.5437,grasp,0.0000,0.0000,0.0000,0.0000,0.0000,0.0000,False,,0.0500,0.0000,True,0.8020,-0.2600,0.0100,0.8432
1448,0.0,1.1498,0.0000,False,False,False,-0.4722,4.7318,-0.2344,-1.2547,-0.1022,1.4768,0.0750,0.0255,-0.0182,-0.0643,-0.0560,-0.0584,0.4068,0.1630,0.3968,1.0667,0.0000,0.0000,0.0000,0.0000,0.0000,0.0000,False,0.0743,0.0268,-0.0169,-0.0646,-0.0546,-0.0597,2.7040,grasp,0.0000,0.0000,0.0000,0.0000,0.0000,0.0000,False,,0.0500,0.0000,True,0.8020,-0.2600,0.0100,0.8432
1449,0.0,1.1498,0.0000,False,False,False,-0.4708,4.7323,-0.2347,-1.2559,-0.1033,1.4757,0.0000,-0.0000,-0.0000,0.0000,-0.0000,0.0000,0.4468,0.1630,0.3968,1.0667,0.0000,0.0000,0.0000,0.0000,0.0000,0.0000,False,-0.0578,-0.0322,0.0571,-0.0685,0.0093,0.0148,1.4606,grasp,0.0000,0.0000,0.0000,0.0000,0.0000,0.0000,False,,0.0500,0.0000,True,0.8020,-0.2600,0.0100,0.8432
1450,0.0,1.1498,0.0000,False,False,False,-0.4725,4.7314,-0.2330,-1.2579,-0.1030,1.4762,-0.1126,-0.0622,0.1092,-0.1278,0.0196,0.0302,0.4868,0.1630,0.3968,1.0667,0.0000,0.0000,0.0000,0.0000,0.0000,0.0000,False,-0.0623,-0.0626,0.0319,-0.0767,-0.0322,-0.0082,-2.8620,grasp,0.0000,0.0000,0.0000,0.0000,0.0000,0.0000,False,,0.0500,0.0000,False,0.8020,-0.2600,0.0100,0.8432
1451,0.0,1.1509,0.0000,False,False,False,-0.4748,4.7311,-0.2313,-1.2603,-0.1021,1.4771,-0.0684,0.0741,0.0224,-0.0646,0.0634,0.0475,0.4706,0.1649,0.3986,1.0670,0.0000,0.0000,0.0000,0.0000,0.0000,0.0000,False,-0.0700,0.0732,0.0239,-0.0664,0.0637,0.0479,-0.8547,grasp,0.0000,0.0000,0.0000,0.0000,0.0000,0.0000,False,,0.0500,0.0000,False,0.8020,-0.2600,0.0100,0.8432
1452,0.0,1.1509,0.0000,False,False,False,-0.4748,4.7311,-0.2313,-1.2603,-0.1021,1.4771,-0.0684,0.0741,0.0224,-0.0646,0.0634,0.0475,0.4706,0.1649,0.3986,1.0670,0.0000,0.0000,0.0000,0.0000,0.0000,0.0000,False,0.0486,-0.0717,-0.0179,0.0098,-0.0702,0.0540,2.8156,grasp,0.0000,0.0000,0.0000,0.0000,0.0000,0.0000,False,,0.0500,0.0000,True,0.8020,-0.2600,0.0100,0.8432
1453,0.0,1.1504,0.0000,False,False,False,-0.4763,4.7325,-0.2306,-1.2609,-0.1004,1.4784,-0.0219,-0.0367,0.0257,0.0673,0.0416,0.0439,0.4238,0.1661,0.3960,1.0672,0.0000,0.0000,0.0000,0.0000,0.0000,0.0000,False,-0.0232,-0.0319,0.0261,0.0661,0.0428,0.0448,-0.7779,grasp,0.0000,0.0000,0.0000,0.0000,0.0000,0.0000,False,,0.0500,0.0000,False,0.8020,-0.2600,0.0100,0.8432
1454,0.0,1.1504,0.0000,False,False,False,-0.4766,4.7339,-0.2301,-1.2590,-0.0984,1.4804,0.0070,0.1446,0.0025,0.0391,0.0835,0.0737,0.3515,0.1661,0.3960,1.0672,0.0000,0.0000,0.0000,0.0000,0.0000,0.0000,False,0.0033,0.0752,0.0018,0.0219,0.0447,0.0396,-2.2151,grasp,0.0000,0.0000,0.0000,0.0000,0.0000,0.0000,False,,0.0500,0.0000,False,0.8020,-0.2600,0.0100,0.8432
1455,0.0,1.1504,0.0000,False,False,False,-0.4766,4.7339,-0.2301,-1.2590,-0.0984,1.4804,0.0070,0.1446,0.0025,0.0391,0.0835,0.0737,0.3515,0.1661,0.3960,1.0672,0.0000,0.0000,0.0000,0.0000,0.0000,0.0000,False,-0.0313,-0.0036,-0.0091,0.0428,0.0201,0.0227,2.9056,grasp,0.0000,0.0000,0.0000,0.0000,0.0000,0.0000,False,,0.0500,0.0000,True,0.8020,-0.2600,0.0100,0.8432
1456,0.0,1.1494,0.0000,False,False,False,-0.4768,4.7364,-0.2301,-1.2580,-0.0970,1.4817,-0.0314,-0.0109,-0.0092,0.0422,0.0189,0.0216,0.3709,0.1670,0.3923,1.0674,0.0000,0.0000,0.0000,0.0000,0.0000,0.0000,False,0.0255,-0.0188,-0.0449,-0.0530,-0.0188,-0.0067,-1.2127,grasp,0.0000,0.0000,0.0000,0.0000,0.0000,0.0000,False,,0.0500,0.0000,False,0.8020,-0.2600,0.0100,0.8432
1457,0.0,1.1494,0.0000,False,False,False,-0.4768,4.7364,-0.2301,-1.2580,-0.0970,1.4817,-0.0314,-0.0109,-0.0092,0.0422,0.0189,0.0216,0.3709,0.1670,0.3923,1.0674,0.0000,0.0000,0.0000,0.0000,0.0000,0.0000,False,0.0776,0.0399,-0.0661,0.0756,-0.0459,-0.0786,-2.4048,grasp,0.0000,0.0000,0.0000,0.0000,0.0000,0.0000,False,,0.0500,0.0000,False,0.8020,-0.2600,0.0100,0.8432
1458,0.0,1.1501,0.0000,False,False,False,-0.4760,4.7368,-0.2308,-1.2573,-0.0975,1.4809,0.0776,0.0399,-0.0661,0.0756,-0.0459,-0.0786,0.3949,0.1685,0.3939,1.0673,0.0000,0.0000,0.0000,0.0000,0.0000,0.0000,False,-0.0752,-0.0039,-0.0177,0.0540,0.0172,-0.0574,-2.2870,grasp,0.0000,0.0000,0.0000,0.0000,0.0000,0.0000,False,,0.0500,0.0000,False,0.8020,-0.2600,0.0100,0.8432
1459,0.0,1.1501,0.0000,False,False,False,-0.4777,4.7367,-0.2320,-1.2568,-0.0969,1.4796,-0.1094,-0.0056,-0.0826,0.0331,0.0340,-0.0855,0.4348,0.1685,0.3939,1.0673,0.0000,0.0000,0.0000,0.0000,0.0000,0.0000,False,-0.0576,-0.0029,-0.0435,0.0174,0.0179,-0.0450,2.9669,grasp,0.0000,0.0000,0.0000,0.0000,0.0000,0.0000,False,,0.0500,0.0000,True,0.8020,-0.2600,0.0100,0.8432
1460,0.0,1.1506,0.0000,False,False,False,-0.4788,4.7367,-0.2327,-1.2566,-0.0960,1.4791,0.0468,0.0149,0.0540,-0.0287,0.0468,0.0726,0.4948,0.1693,0.3955,1.0672,0.0000,0.0000,0.0000,0.0000,0.0000,0.0000,False,0.0452,0.0148,0.0528,-0.0282,0.0473,0.0714,0.7498,grasp,0.0000,0.0000,0.0000,0.0000,0.0000,0.0000,False,,0.0500,0.0000,False,0.8020,-0.2600,0.0100,0.8432
1461,0.0,1.1506,0.0000,False,False,False,-0.4788,4.7367,-0.2327,-1.2566,-0.0960,1.4791,0.0468,0.0149,0.0540,-0.0287,0.0468,0.0726,0.4948,0.1693,0.3955,1.0672,0.0000,0.0000,0.0000,0.0000,0.0000,0.0000,False,0.0449,0.0374,0.0473,0.0669,0.0151,-0.0565,0.2403,grasp,0.0000,0.0000,0.0000,0.0000,0.0000,0.0000,False,,0.0500,0.0000,False,0.8020,-0.2600,0.0100,0.8432
1462,0.0,1.1506,0.0000,False,False,False,-0.4779,4.7370,-0.2316,-1.2571,-0.0951,1.4805,-0.0000,-0.0000,-0.0000,0.0000,-0.0000,0.0000,0.5189,0.1693,0.3955,1.0672,0.0000,0.0000,0.0000,0.0000,0.0000,0.0000,False,-0.0284,-0.0150,0.0532,0.0281,-0.0264,0.0771,0.9275,grasp,0.0000,0.0000,0.0000,0.0000,0.0000,0.0000,False,,0.0500,0.0000,False,0.8020,-0.2600,0.0100,0.8432
1463,0.0,1.1512,0.0000,False,False,False,-0.4782,4.7369,-0.2311,-1.2569,-0.0954,1.4812,-0.0293,-0.0154,0.0522,0.0286,-0.0273,0.0758,0.5188,0.1704,0.3964,1.0673,0.0000,0.0000,0.0000,0.0000,0.0000,0.0000,False,-0.0310,0.0017,-0.0599,-0.0560,0.0306,-0.0679,2.7201,grasp,0.0000,0.0000,0.0000,0.0000,0.0000,0.0000,False,,0.0500,0.0000,True,0.8020,-0.2600,0.0100,0.8432
1464,0.0,1.1512,0.0000,False,False,False,-0.4792,4.7366,-0.2306,-1.2567,-0.0954,1.4820,-0.0437,0.0017,-0.0498,-0.0398,0.0478,-0.0637,0.4787,0.1704,0.3964,1.0673,0.0000,0.0000,0.0000,0.0000,0.0000,0.0000,False,-0.0442,0.0014,-0.0488,-0.0393,0.0473,-0.0623,-1.9736,grasp,0.0000,0.0000,0.0000,0.0000,0.0000,0.0000,False,,0.0500,0.0000,False,0.8020,-0.2600,0.0100,0.8432
1465,0.0,1.1507,0.0000,False,False,False,-0.4787,4.7368,-0.2327,-1.2570,-0.0933,1.4802,0.0843,0.0131,-0.0766,0.0307,0.0757,-0.0426,0.3987,0.1695,0.3950,1.0674,0.0000,0.0000,0.0000,0.0000,0.0000,0.0000,False,0.0435,0.0069,-0.0412,0.0154,0.0408,-0.0236,-1.6302,grasp,0.0000,0.0000,0.0000,0.0000,0.0000,0.0000,False,,0.0500,0.0000,False,0.8020,-0.2600,0.0100,0.8432
1466,0.0,1.1507,0.0000,False,False,False,-0.4787,4.7368,-0.2327,-1.2570,-0.0933,1.4802,0.0843,0.0131,-0.0766,0.0307,0.0757,-0.0426,0.3987,0.1695,0.3950,1.0674,0.0000,0.0000,0.0000,0.0000,0.0000,0.0000,False,-0.0240,-0.0172,-0.0242,0.0525,-0.0640,-0.0602,0.4912,grasp,0.0000,0.0000,0.0000,0.0000,0.0000,0.0000,False,,0.0500,0.0000,False,0.8020,-0.2600,0.0100,0.8432
1467,0.0,1.1496,0.0000,False,False,False,-0.4774,4.7363,-0.2334,-1.2572,-0.0917,1.4794,0.0122,-0.0743,0.0394,-0.0642,0.0588,-0.0159,0.3387,0.1651,0.3938,1.0674,0.0000,0.0000,0.0000,0.0000,0.0000,0.0000,False,0.0134,-0.0742,0.0383,-0.0638,0.0599,-0.0165,-2.3752,grasp,0.0000,0.0000,0.0000,0.0000,0.0000,0.0000,False,,0.0500,0.0000,False,0.8020,-0.2600,0.0100,0.8432
1468,0.0,1.1496,0.0000,False,False,False,-0.4774,4.7363,-0.2334,-1.2572,-0.0917,1.4794,0.0122,-0.0743,0.0394,-0.0642,0.0588,-0.0159,0.3387,0.1651,0.3938,1.0674,0.0000,0.0000,0.0000,0.0000,0.0000,0.0000,False,-0.0218,-0.0720,-0.0333,-0.0465,-0.0687,-0.0273,1.9250,grasp,0.0000,0.0000,0.0000,0.0000,0.0000,0.0000,False,,0.0500,0.0000,True,0.8020,-0.2600,0.0100,0.8432
1469,0.0,1.1496,0.0000,False,False,False,-0.4772,4.7347,-0.2327,-1.2584,-0.0906,1.4791,0.0000,-0.0000,-0.0000,0.0000,-0.0000,0.0000,0.3587,0.1651,0.3938,1.0674,0.0000,0.0000,0.0000,0.0000,0.0000,0.0000,False,-0.0634,-0.0486,0.0512,0.0501,0.0007,-0.0321,2.7787,grasp,0.0000,0.0000,0.0000,0.0000,0.0000,0.0000,False,,0.0500,0.0000,True,0.8020,-0.2600,0.0100,0.8432
1470,0.0,1.1496,0.0000,False,False,False,-0.4772,4.7347,-0.2327,-1.2584,-0.0906,1.4791,0.0000,-0.0000,-0.0000,0.0000,-0.0000,0.0000,0.3587,0.1651,0.3938,1.0674,0.0000,0.0000,0.0000,0.0000,0.0000,0.0000,False,0.0399,0.0317,-0.0446,0.0305,0.0180,0.0423,-0.1648,grasp,0.0000,0.0000,0.0000,0.0000,0.0000,0.0000,False,,0.0500,0.0000,False,0.8020,-0.2600,0.0100,0.8432
1471,0.0,1.1497,0.0000,False,False,False,-0.4749,4.7354,-0.2353,-1.2562,-0.0898,1.4818,0.0652,-0.0766,-0.0600,0.0033,-0.0265,0.0672,0.3492,0.1624,0.3956,1.0673,0.0000,0.0000,0.0000,0.0000,0.0000,0.0000,False,0.0663,-0.0757,-0.0612,0.0042,-0.0260,0.0683,-1.4359,grasp,0.0000,0.0000,0.0000,0.0000,0.0000,0.0000,False,,0.0500,0.0000,False,0.8020,-0.2600,0.0100,0.8432
1472,0.0,1.1497,0.0000,False,False,False,-0.4749,4.7354,-0.2353,-1.2562,-0.0898,1.4818,0.0652,-0.0766,-0.0600,0.0033,-0.0265,0.0672,0.3492,0.1624,0.3956,1.0673,0.0000,0.0000,0.0000,0.0000,0.0000,0.0000,False,0.0157,-0.0301,-0.0563,-0.0683,-0.0299,-0.0015,-2.2092,grasp,0.0000,0.0000,0.0000,0.0000,0.0000,0.0000,False,,0.0500,0.0000,False,0.8020,-0.2600,0.0100,0.8432
1473,0.0,1.1497,0.0000,False,False,False,-0.4744,4.7329,-0.2369,-1.2562,-0.0900,1.4835,-0.0733,-0.0678,-0.0448,-0.0033,0.0270,0.0379,0.3510,0.1624,0.3956,1.0673,0.0000,0.0000,0.0000,0.0000,0.0000,0.0000,False,-0.0721,-0.0750,-0.0460,-0.0032,0.0265,0.0391,0.1180,grasp,0.0000,0.0000,0.0000,0.0000,0.0000,0.0000,False,,0.0500,0.0000,False,0.8020,-0.2600,0.0100,0.8432
1474,0.0,1.1496,0.0000,False,False,False,-0.4759,4.7312,-0.2385,-1.2566,-0.0901,1.4823,-0.0072,-0.0074,-0.0473,-0.0262,-0.0374,-0.1272,0.3097,0.1581,0.3974,1.0670,0.0000,0.0000,0.0000,0.0000,0.0000,0.0000,False,-0.0052,-0.0065,-0.0257,-0.0139,-0.0192,-0.0662,-1.7164,grasp,0.0000,0.0000,0.0000,0.0000,0.0000,0.0000,False,,0.0500,0.0000,False,0.8020,-0.2600,0.0100,0.8432
1475,0.0,1.1496,0.0000,False,False,False,-0.4759,4.7312,-0.2385,-1.2566,-0.0901,1.4823,-0.0072,-0.0074,-0.0473,-0.0262,-0.0374,-0.1272,0.3097,0.1581,0.3974,1.0670,0.0000,0.0000,0.0000,0.0000,0.0000,0.0000,False,-0.0198,-0.0083,-0.0530,-0.0565,-0.0606,0.0263,-0.5292,grasp,0.0000,0.0000,0.0000,0.0000,0.0000,0.0000,False,,0.0500,0.0000,False,0.8020,-0.2600,0.0100,0.8432
1476,0.0,1.1494,0.0000,False,False,False,-0.4765,4.7304,-0.2398,-1.2577,-0.0913,1.4797,-0.0492,-0.0784,-0.0656,-0.0720,-0.0630,-0.0726,0.3366,0.1570,0.3979,1.0669,0.0000,0.0000,0.0000,0.0000,0.0000,0.0000,False,-0.0493,-0.0785,-0.0663,-0.0723,-0.0635,-0.0744,2.7548,grasp,0.0000,0.0000,0.0000,0.0000,0.0000,0.0000,False,,0.0500,0.0000,True,0.8020,-0.2600,0.0100,0.8432
1477,0.0,1.1494,0.0000,False,False,False,-0.4765,4.7304,-0.2398,-1.2577,-0.0913,1.4797,-0.0492,-0.0784,-0.0656,-0.0720,-0.0630,-0.0726,0.3366,0.1570,0.3979,1.0669,0.0000,0.0000,0.0000,0.0000,0.0000,0.0000,False,-0.0031,0.0665,0.0594,0.0766,0.0100,-0.0607,0.8187,grasp,0.0000,0.0000,0.0000,0.0000,0.0000,0.0000,False,,0.0500,0.0000,True,0.8020,-0.2600,0.0100,0.8432
1478,0.0,1.1494,0.0000,False,False,False,-0.4781,4.7281,-0.2407,-1.2586,-0.0917,1.4786,-0.0709,-0.0374,0.0378,0.0545,0.0767,0.0266,0.3664,0.1570,0.3979,1.0669,0.0000,0.0000,0.0000,0.0000,0.0000,0.0000,False,-0.0718,-0.0434,0.0366,0.0532,0.0755,0.0252,0.0158,grasp,0.0000,0.0000,0.0000,0.0000,0.0000,0.0000,False,,0.0500,0.0000,False,0.8020,-0.2600,0.0100,0.8432
1479,0.0,1.1494,0.0000,False,False,False,-0.4795,4.7274,-0.2399,-1.2575,-0.0902,1.4791,-0.1346,-0.0757,0.0719,0.1036,0.1458,0.0506,0.3699,0.1570,0.3979,1.0669,0.0000,0.0000,0.0000,0.0000,0.0000,0.0000,False,-0.0095,0.0406,-0.0791,-0.0183,0.0077,0.0632,-1.6753,grasp,0.0000,0.0000,0.0000,0.0000,0.0000,0.0000,False,,0.0500,0.0000,False,0.8020,-0.2600,0.0100,0.8432
1480,0.0,1.1496,0.0000,False,False,False,-0.4795,4.7278,-0.2407,-1.2577,-0.0902,1.4797,-0.0082,0.0414,-0.0798,-0.0193,0.0062,0.0627,0.3351,0.1558,0.3993,1.0667,0.0000,0.0000,0.0000,0.0000,0.0000,0.0000,False,0.0568,0.0797,0.0672,-0.0166,0.0421,-0.0703,2.6688,grasp,0.0000,0.0000,0.0000,0.0000,0.0000,0.0000,False,,0.0500,0.0000,True,0.8020,-0.2600,0.0100,0.8432
1481,0.0,1.1496,0.0000,False,False,False,-0.4795,4.7278,-0.2407,-1.2577,-0.0902,1.4797,0.0000,-0.0000,-0.0000,0.0000,0.0000,0.0000,0.3551,0.1558,0.3993,1.0667,0.0000,0.0000,0.0000,0.0000,0.0000,0.0000,False,-0.0764,-0.0460,0.0293,-0.0522,0.0083,0.0679,-2.2745,grasp,0.0000,0.0000,0.0000,0.0000,0.0000,0.0000,False,,0.0500,0.0000,False,0.8020,-0.2600,0.0100,0.8432
1482,0.0,1.1502,0.0000,False,False,False,-0.4793,4.7278,-0.2408,-1.2580,-0.0900,1.4792,0.0205,0.0076,-0.0094,-0.0300,0.0166,-0.0497,0.3982,0.1565,0.4006,1.0667,0.0000,0.0000,0.0000,0.0000,0.0000,0.0000,False,0.0205,0.0076,-0.0094,-0.0300,0.0166,-0.0497,0.0690,grasp,0.0000,0.0000,0.0000,0.0000,0.0000,0.0000,False,,0.0500,0.0000,False,0.8020,-0.2600,0.0100,0.8432
1483,0.0,1.1502,0.0000,False,False,False,-0.4794,4.7275,-0.2416,-1.2591,-0.0901,1.4780,-0.0437,-0.0479,-0.0577,-0.0566,-0.0377,-0.0343,0.3754,0.1565,0.4006,1.0667,0.0000,0.0000,0.0000,0.0000,0.0000,0.0000,False,-0.0433,-0.0478,-0.0578,-0.0572,-0.0374,-0.0353,-0.9922,grasp,0.0000,0.0000,0.0000,0.0000,0.0000,0.0000,False,,0.0500,0.0000,False,0.8020,-0.2600,0.0100,0.8432
1484,0.0,1.1498,0.0000,False,False,False,-0.4799,4.7268,-0.2435,-1.2599,-0.0914,1.4774,0.0321,0.0356,-0.0769,0.0323,-0.0623,0.0053,0.3686,0.1544,0.4006,1.0666,0.0000,0.0000,0.0000,0.0000,0.0000,0.0000,False,0.0313,0.0329,-0.0780,0.0312,-0.0630,0.0047,-0.1342,grasp,0.0000,0.0000,0.0000,0.0000,0.0000,0.0000,False,,0.0500,0.0000,False,0.8020,-0.2600,0.0100,0.8432
1485,0.0,1.1498,0.0000,False,False,False,-0.4799,4.7268,-0.2435,-1.2599,-0.0914,1.4774,0.0321,0.0356,-0.0769,0.0323,-0.0623,0.0053,0.3686,0.1544,0.4006,1.0666,0.0000,0.0000,0.0000,0.0000,0.0000,0.0000,False,0.0601,0.0494,0.0517,0.0753,0.0195,0.0556,-0.4938,grasp,0.0000,0.0000,0.0000,0.0000,0.0000,0.0000,False,,0.0500,0.0000,False,0.8020,-0.2600,0.0100,0.8432
1486,0.0,1.1498,0.0000,False,False,False,-0.4793,4.7275,-0.2449,-1.2593,-0.0926,1.4775,0.0610,0.0657,-0.1461,0.0614,-0.1184,0.0102,0.3700,0.1544,0.4006,1.0666,0.0000,0.0000,0.0000,0.0000,0.0000,0.0000,False,-0.0549,0.0661,0.0266,-0.0659,-0.0571,0.0670,0.4675,grasp,0.0000,0.0000,0.0000,0.0000,0.0000,0.0000,False,,0.0500,0.0000,False,0.8020,-0.2600,0.0100,0.8432
1487,0.0,1.1500,0.0000,False,False,False,-0.4800,4.7270,-0.2452,-1.2590,-0.0928,1.4772,-0.0719,-0.0483,-0.0313,0.0323,-0.0232,-0.0251,0.4067,0.1550,0.4016,1.0664,0.0000,0.0000,0.0000,0.0000,0.0000,0.0000,False,-0.0719,-0.0483,-0.0313,0.0323,-0.0232,-0.0251,1.4614,grasp,0.0000,0.0000,0.0000,0.0000,0.0000,0.0000,False,,0.0500,0.0000,True,0.8020,-0.2600,0.0100,0.8432
1488,0.0,1.1500,0.0000,False,False,False,-0.4815,4.7265,-0.2458,-1.2579,-0.0937,1.4774,-0.0102,0.0449,-0.0003,0.0421,-0.0450,0.0639,0.4647,0.1550,0.4016,1.0664,0.0000,0.0000,0.0000,0.0000,0.0000,0.0000,False,-0.0115,0.0432,-0.0009,0.0427,-0.0455,0.0634,2.6402,grasp,0.0000,0.0000,0.0000,0.0000,0.0000,0.0000,False,,0.0500,0.0000,True,0.8020,-0.2600,0.0100,0.8432
1489,0.0,1.1507,0.0000,False,False,False,-0.4818,4.7270,-0.2464,-1.2566,-0.0946,1.4780,-0.0155,-0.0360,-0.0560,0.0511,0.0007,-0.0590,0.5198,0.1575,0.4030,1.0663,0.0000,0.0000,0.0000,0.0000,0.0000,0.0000,False,-0.0157,-0.0344,-0.0560,0.0519,-0.0002,-0.0578,2.1340,grasp,0.0000,0.0000,0.0000,0.0000,0.0000,0.0000,False,,0.0500,0.0000,True,0.8020,-0.2600,0.0100,0.8432
1490,0.0,1.1507,0.0000,False,False,False,-0.4821,4.7264,-0.2475,-1.2556,-0.0945,1.4769,-0.0295,-0.0678,-0.1064,0.0972,0.0013,-0.1121,0.5350,0.1575,0.4030,1.0663,0.0000,0.0000,0.0000,0.0000,0.0000,0.0000,False,-0.0251,0.0655,-0.0215,-0.0276,-0.0264,0.0794,2.9175,grasp,0.0000,0.0000,0.0000,0.0000,0.0000,0.0000,False,,0.0500,0.0000,True,0.8020,-0.2600,0.0100,0.8432
1491,0.0,1.1507,0.0000,False,False,False,-0.4821,4.7264,-0.2475,-1.2556,-0.0945,1.4769,-0.0295,-0.0678,-0.1064,0.0972,0.0013,-0.1121,0.5350,0.1575,0.4030,1.0663,0.0000,0.0000,0.0000,0.0000,0.0000,0.0000,False,-0.0226,-0.0288,0.0013,-0.0541,-0.0561,0.0586,0.7795,grasp,0.0000,0.0000,0.0000,0.0000,0.0000,0.0000,False,,0.0500,0.0000,False,0.8020,-0.2600,0.0100,0.8432
1492,0.0,1.1511,0.0000,False,False,False,-0.4795,4.7213,-0.2416,-1.2535,-0.0991,1.4752,0.0978,-0.1882,0.2216,0.0810,-0.1712,-0.0631,0.6183,0.1568,0.4048,1.0661,0.0000,0.0000,0.0000,0.0000,0.0000,0.0000,False,0.0284,-0.0548,0.0644,0.0235,-0.0498,-0.0184,2.3527,grasp,0.0000,0.0000,0.0000,0.0000,0.0000,0.0000,False,,0.0500,0.0000,False,0.8020,-0.2600,0.0100,0.8432
1493,0.0,1.1511,0.0000,False,False,False,-0.4795,4.7213,-0.2416,-1.2535,-0.0991,1.4752,0.0978,-0.1882,0.2216,0.0810,-0.1712,-0.0631,0.6183,0.1568,0.4048,1.0661,0.0000,0.0000,0.0000,0.0000,0.0000,0.0000,False,-0.0699,-0.0587,0.0559,0.0742,-0.0499,0.0176,2.9600,grasp,0.0000,0.0000,0.0000,0.0000,0.0000,0.0000,False,,0.0500,0.0000,True,0.8020,-0.2600,0.0100,0.8432
1494,0.0,1.1510,0.0000,False,False,False,-0.4784,4.7189,-0.2390,-1.2526,-0.1011,1.4745,-0.0000,-0.0000,-0.0000,0.0000,-0.0000,0.0000,0.6377,0.1553,0.4058,1.0659,0.0000,0.0000,0.0000,0.0000,0.0000,0.0000,False,0.0470,-0.0643,0.0200,0.0553,0.0792,0.0615,1.6012,grasp,0.0000,0.0000,0.0000,0.0000,0.0000,0.0000,False,,0.0500,0.0000,False,0.8020,-0.2600,0.0100,0.8432
1495,0.0,1.1510,0.0000,False,False,False,-0.4779,4.7183,-0.2388,-1.2520,-0.1003,1.4751,0.0470,-0.0641,0.0200,0.0553,0.0792,0.0615,0.6343,0.1553,0.4058,1.0659,0.0000,0.0000,0.0000,0.0000,0.0000,0.0000,False,-0.0278,0.0121,-0.0223,0.0602,0.0533,0.0316,1.6599,grasp,0.0000,0.0000,0.0000,0.0000,0.0000,0.0000,False,,0.0500,0.0000,False,0.8020,-0.2600,0.0100,0.8432
1496,0.0,1.1510,0.0000,False,False,False,-0.4779,4.7183,-0.2388,-1.2520,-0.1003,1.4751,-0.0000,-0.0000,-0.0000,0.0000,-0.0000,0.0000,0.6293,0.1553,0.4058,1.0659,0.0000,0.0000,0.0000,0.0000,0.0000,0.0000,False,-0.0700,0.0591,0.0126,-0.0324,0.0483,0.0020,1.6053,grasp,0.0000,0.0000,0.0000,0.0000,0.0000,0.0000,False,,0.0500,0.0000,False,0.8020,-0.2600,0.0100,0.8432
1497,0.0,1.1510,0.0000,False,False,False,-0.4784,4.7194,-0.2373,-1.2532,-0.0978,1.4761,0.0168,0.0384,0.0911,-0.0556,0.1349,0.0684,0.5668,0.1551,0.4058,1.0659,0.0000,0.0000,0.0000,0.0000,0.0000,0.0000,False,0.0082,0.0209,0.0481,-0.0296,0.0715,0.0360,-1.4568,grasp,0.0000,0.0000,0.0000,0.0000,0.0000,0.0000,False,,0.0500,0.0000,False,0.8020,-0.2600,0.0100,0.8432
1498,0.0,1.1512,0.0000,False,False,False,-0.4774,4.7204,-0.2354,-1.2547,-0.0952,1.4775,0.0696,0.0314,0.0601,-0.0708,0.0597,0.0343,0.5865,0.1556,0.4049,1.0663,0.0000,0.0000,0.0000,0.0000,0.0000,0.0000,False,0.0699,0.0329,0.0614,-0.0716,0.0617,0.0353,2.7083,grasp,0.0000,0.0000,0.0000,0.0000,0.0000,0.0000,False,,0.0500,0.0000,True,0.8020,-0.2600,0.0100,0.8432
1499,0.0,1.1512,0.0000,False,False,False,-0.4774,4.7204,-0.2354,-1.2547,-0.0952,1.4775,0.0696,0.0314,0.0601,-0.0708,0.0597,0.0343,0.5865,0.1556,0.4049,1.0663,0.0000,0.0000,0.0000,0.0000,0.0000,0.0000,False,-0.0307,-0.0506,-0.0019,-0.0259,0.0625,-0.0610,0.6502,grasp,0.0000,0.0000,0.0000,0.0000,0.0000,0.0000,False,,0.0500,0.0000,False,0.8020,-0.2600,0.0100,0.8432
1500,0.0,1.1512,0.0000,False,False,False,-0.4761,4.7210,-0.2342,-1.2560,-0.0941,1.4781,0.1323,0.0606,0.1142,-0.1346,0.1135,0.0652,0.6065,0.1556,0.4049,1.0663,0.0000,0.0000,0.0000,0.0000,0.0000,0.0000,False,0.0726,-0.0030,-0.0542,0.0280,-0.0076,-0.0290,-1.5289,grasp,0.0000,0.0000,0.0000,0.0000,0.0000,0.0000,False,,0.0500,0.0000,False,0.8020,-0.2600,0.0100,0.8432
1501,0.0,1.1436,-0.0078,False,False,False,-0.4529,4.7408,-0.2358,-1.2691,-0.1008,1.4730,0.0039,0.0355,0.0242,-0.0364,-0.0078,0.0055,0.0005,0.1503,0.3810,1.0678,0.0000,0.0000,0.0000,0.0000,0.0000,0.0000,False,-0.0566,0.0459,-0.0536,-0.0749,-0.0730,0.0180,2.7254,grasp,0.0000,0.0000,0.0000,0.0000,0.0000,0.0000,False,,0.0500,0.0000,True,0.8020,-0.2600,0.0100,0.8432
1502,0.0,1.1436,-0.0032,False,False,False,-0.4529,4.7408,-0.2358,-1.2691,-0.1008,1.4730,0.0000,-0.0000,-0.0000,0.0000,-0.0000,0.0000,0.0016,0.1503,0.3810,1.0678,0.0000,0.0000,0.0000,0.0000,0.0000,0.0000,False,-0.0446,-0.0638,0.0099,-0.0739,0.0765,0.0258,-3.0463,grasp,0.0000,0.0000,0.0000,0.0000,0.0000,0.0000,False,,0.0500,0.0000,False,0.8020,-0.2600,0.0100,0.8432
1503,0.0,1.1436,-0.0154,False,False,False,-0.4534,4.7402,-0.2357,-1.2698,-0.1000,1.4732,-0.0446,-0.0638,0.0099,-0.0739,0.0765,0.0258,0.0027,0.1503,0.3810,1.0678,0.0000,0.0000,0.0000,0.0000,0.0000,0.0000,False,0.0725,0.0231,-0.0719,-0.0704,-0.0127,-0.0124,0.7065,grasp,0.0000,0.0000,0.0000,0.0000,0.0000,0.0000,False,,0.0500,0.0000,True,0.8020,-0.2600,0.0100,0.8432
1504,0.0,1.1446,-0.0291,False,False,False,-0.4516,4.7391,-0.2355,-1.2719,-0.0978,1.4739,0.1162,-0.0692,0.0102,-0.1367,0.1489,0.0465,0.0816,0.1511,0.3836,1.0678,0.0000,0.0000,0.0000,0.0000,0.0000,0.0000,False,0.0612,-0.0364,0.0054,-0.0720,0.0784,0.0245,1.4750,grasp,0.0000,0.0000,0.0000,0.0000,0.0000,0.0000,False,,0.0500,0.0000,True,0.8020,-0.2600,0.0100,0.8432
1505,0.0,1.1469,-0.0121,False,False,False,-0.4494,4.7386,-0.2353,-1.2739,-0.0957,1.4750,0.0515,0.0774,0.0053,-0.0059,-0.0070,0.0420,0.1411,0.1501,0.3903,1.0679,0.0000,0.0000,0.0000,0.0000,0.0000,0.0000,False,0.0531,0.0743,0.0055,-0.0078,-0.0049,0.0426,-0.5020,grasp,0.0000,0.0000,0.0000,0.0000,0.0000,0.0000,False,,0.0500,0.0000,False,0.8020,-0.2600,0.0100,0.8432
1506,0.0,1.1469,-0.0107,False,False,False,-0.4494,4.7386,-0.2353,-1.2739,-0.0957,1.4750,0.0515,0.0774,0.0053,-0.0059,-0.0070,0.0420,0.1411,0.1501,0.3903,1.0679,0.0000,0.0000,0.0000,0.0000,0.0000,0.0000,False,-0.0088,-0.0367,0.0673,-0.0321,-0.0351,-0.0686,-2.1775,grasp,0.0000,0.0000,0.0000,0.0000,0.0000,0.0000,False,,0.0500,0.0000,False,0.8020,-0.2600,0.0100,0.8432
1507,0.0,1.1469,-0.0024,False,False,False,-0.4485,4.7403,-0.2352,-1.2740,-0.0959,1.4758,0.0000,-0.0000,-0.0000,0.0000,-0.0000,0.0000,0.1808,0.1501,0.3903,1.0679,0.0000,0.0000,0.0000,0.0000,0.0000,0.0000,False,0.0640,0.0032,-0.0175,0.0244,0.0073,-0.0187,0.2603,grasp,0.0000,0.0000,0.0000,0.0000,0.0000,0.0000,False,,0.0500,0.0000,True,0.8020,-0.2600,0.0100,0.8432
1508,0.0,1.1469,-0.0073,False,False,False,-0.4478,4.7403,-0.2354,-1.2738,-0.0958,1.4756,0.0630,-0.0002,-0.0176,0.0245,0.0074,-0.0195,0.2005,0.1501,0.3903,1.0679,0.0000,0.0000,0.0000,0.0000,0.0000,0.0000,False,-0.0592,0.0600,-0.0298,0.0665,0.0232,-0.0724,2.4009,grasp,0.0000,0.0000,0.0000,0.0000,0.0000,0.0000,False,,0.0500,0.0000,True,0.8020,-0.2600,0.0100,0.8432
1509,0.0,1.1486,-0.0186,False,False,False,-0.4488,4.7402,-0.2363,-1.2724,-0.0960,1.4757,-0.0373,-0.0691,-0.0630,0.0708,-0.0427,0.0740,0.2800,0.1539,0.3938,1.0679,0.0000,0.0000,0.0000,0.0000,0.0000,0.0000,False,-0.0379,-0.0683,-0.0633,0.0715,-0.0425,0.0732,0.8509,grasp,0.0000,0.0000,0.0000,0.0000,0.0000,0.0000,False,,0.0500,0.0000,True,0.8020,-0.2600,0.0100,0.8432
1510,0.0,1.1489,-0.0131,False,False,False,-0.4496,4.7380,-0.2376,-1.2706,-0.0964,1.4764,-0.0110,-0.0716,-0.0043,0.0502,0.0396,-0.0612,0.2766,0.1524,0.3963,1.0676,0.0000,0.0000,0.0000,0.0000,0.0000,0.0000,False,-0.0117,-0.0761,-0.0055,0.0515,0.0388,-0.0598,-1.8698,grasp,0.0000,0.0000,0.0000,0.0000,0.0000,0.0000,False,,0.0500,0.0000,False,0.8020,-0.2600,0.0100,0.8432
1511,0.0,1.1489,-0.0126,False,False,False,-0.4496,4.7380,-0.2376,-1.2706,-0.0964,1.4764,-0.0110,-0.0716,-0.0043,0.0502,0.0396,-0.0612,0.2766,0.1524,0.3963,1.0676,0.0000,0.0000,0.0000,0.0000,0.0000,0.0000,False,-0.0414,-0.0109,0.0576,-0.0706,-0.0644,0.0727,2.2454,grasp,0.0000,0.0000,0.0000,0.0000,0.0000,0.0000,False,,0.0500,0.0000,True,0.8020,-0.2600,0.0100,0.8432
1512,0.0,1.1489,-0.0033,False,False,False,-0.4498,4.7364,-0.2376,-1.2696,-0.0956,1.4753,0.0000,-0.0000,-0.0000,0.0000,-0.0000,0.0000,0.2851,0.1524,0.3963,1.0676,0.0000,0.0000,0.0000,0.0000,0.0000,0.0000,False,0.0637,-0.0086,0.0503,-0.0446,-0.0321,-0.0058,-0.9231,grasp,0.0000,0.0000,0.0000,0.0000,0.0000,0.0000,False,,0.0500,0.0000,False,0.8020,-0.2600,0.0100,0.8432
1513,0.0,1.1489,-0.0173,False,False,False,-0.4502,4.7363,-0.2371,-1.2703,-0.0963,1.4760,-0.0412,-0.0074,0.0577,-0.0716,-0.0651,0.0738,0.3051,0.1524,0.3963,1.0676,0.0000,0.0000,0.0000,0.0000,0.0000,0.0000,False,-0.0249,0.0724,0.0603,0.0624,0.0558,-0.0456,1.8386,grasp,0.0000,0.0000,0.0000,0.0000,0.0000,0.0000,False,,0.0500,0.0000,True,0.8020,-0.2600,0.0100,0.8432
1514,0.0,1.1499,-0.0177,False,False,False,-0.4503,4.7375,-0.2367,-1.2720,-0.0959,1.4771,-0.0036,0.0811,0.0232,-0.1053,0.0223,0.0714,0.3847,0.1529,0.3989,1.0676,0.0000,0.0000,0.0000,0.0000,0.0000,0.0000,False,-0.0019,0.0426,0.0122,-0.0554,0.0117,0.0376,-2.1693,grasp,0.0000,0.0000,0.0000,0.0000,0.0000,0.0000,False,,0.0500,0.0000,False,0.8020,-0.2600,0.0100,0.8432
1515,0.0,1.1503,-0.0167,False,False,False,-0.4506,4.7381,-0.2363,-1.2728,-0.0964,1.4776,-0.0219,-0.0741,0.0099,0.0678,-0.0768,-0.0544,0.3685,0.1551,0.3988,1.0677,0.0000,0.0000,0.0000,0.0000,0.0000,0.0000,False,-0.0220,-0.0714,0.0102,0.0663,-0.0765,-0.0534,-3.0934,grasp,0.0000,0.0000,0.0000,0.0000,0.0000,0.0000,False,,0.0500,0.0000,False,0.8020,-0.2600,0.0100,0.8432
1516,0.0,1.1503,-0.0026,False,False,False,-0.4510,4.7366,-0.2361,-1.2715,-0.0979,1.4766,-0.0000,-0.0000,-0.0000,0.0000,-0.0000,0.0000,0.3285,0.1551,0.3988,1.0677,0.0000,0.0000,0.0000,0.0000,0.0000,0.0000,False,0.0644,-0.0142,0.0531,-0.0428,0.0539,0.0452,-2.3968,grasp,0.0000,0.0000,0.0000,0.0000,0.0000,0.0000,False,,0.0500,0.0000,False,0.8020,-0.2600,0.0100,0.8432
1517,0.0,1.1503,-0.0025,False,False,False,-0.4510,4.7366,-0.2361,-1.2715,-0.0979,1.4766,-0.0000,-0.0000,-0.0000,0.0000,-0.0000,0.0000,0.3285,0.1551,0.3988,1.0677,0.0000,0.0000,0.0000,0.0000,0.0000,0.0000,False,0.0391,-0.0708,-0.0364,-0.0419,-0.0232,-0.0731,0.8121,grasp,0.0000,0.0000,0.0000,0.0000,0.0000,0.0000,False,,0.0500,0.0000,True,0.8020,-0.2600,0.0100,0.8432
1518,0.0,1.1500,-0.0220,False,False,False,-0.4515,4.7379,-0.2341,-1.2716,-0.0979,1.4753,-0.0745,0.1023,0.0932,0.0217,-0.0384,-0.1119,0.3685,0.1547,0.3982,1.0677,0.0000,0.0000,0.0000,0.0000,0.0000,0.0000,False,-0.0386,0.0534,0.0496,0.0110,-0.0197,-0.0584,1.4323,grasp,0.0000,0.0000,0.0000,0.0000,0.0000,0.0000,False,,0.0500,0.0000,True,0.8020,-0.2600,0.0100,0.8432
1519,0.0,1.1500,-0.0319,False,False,False,-0.4536,4.7421,-0.2316,-1.2702,-0.0986,1.4722,0.0241,-0.0171,-0.0488,0.0654,0.0516,0.0491,0.3717,0.1547,0.3982,1.0677,0.0000,0.0000,0.0000,0.0000,0.0000,0.0000,False,0.0227,-0.0051,-0.0471,0.0658,0.0509,0.0471,-2.8495,grasp,0.0000,0.0000,0.0000,0.0000,0.0000,0.0000,False,,0.0500,0.0000,False,0.8020,-0.2600,0.0100,0.8432
1520,0.0,1.1503,-0.0145,False,False,False,-0.4536,4.7421,-0.2316,-1.2702,-0.0986,1.4722,0.0241,-0.0171,-0.0488,0.0654,0.0516,0.0491,0.3717,0.1623,0.3954,1.0679,0.0000,0.0000,0.0000,0.0000,0.0000,0.0000,False,0.0273,0.0320,0.0682,0.0738,-0.0121,0.0336,-3.0392,grasp,0.0000,0.0000,0.0000,0.0000,0.0000,0.0000,False,,0.0500,0.0000,False,0.8020,-0.2600,0.0100,0.8432
1521,0.0,1.1503,-0.0019,False,False,False,-0.4532,4.7418,-0.2325,-1.2690,-0.0976,1.4731,-0.0000,-0.0000,-0.0000,0.0000,-0.0000,0.0000,0.3317,0.1623,0.3954,1.0679,0.0000,0.0000,0.0000,0.0000,0.0000,0.0000,False,0.0273,0.0737,-0.0583,0.0662,0.0421,0.0325,-1.2522,grasp,0.0000,0.0000,0.0000,0.0000,0.0000,0.0000,False,,0.0500,0.0000,False,0.8020,-0.2600,0.0100,0.8432
1522,0.0,1.1496,-0.0134,False,False,False,-0.4536,4.7426,-0.2322,-1.2689,-0.0974,1.4735,-0.0709,0.0519,-0.0402,-0.0607,0.0349,0.0047,0.3446,0.1611,0.3942,1.0679,0.0000,0.0000,0.0000,0.0000,0.0000,0.0000,False,-0.0709,0.0519,-0.0402,-0.0607,0.0349,0.0047,2.6166,grasp,0.0000,0.0000,0.0000,0.0000,0.0000,0.0000,False,,0.0500,0.0000,True,0.8020,-0.2600,0.0100,0.8432
1523,0.0,1.1496,-0.0258,False,False,False,-0.4550,4.7436,-0.2330,-1.2700,-0.0968,1.4736,-0.1347,0.0986,-0.0764,-0.1153,0.0663,0.0089,0.3646,0.1611,0.3942,1.0679,0.0000,0.0000,0.0000,0.0000,0.0000,0.0000,False,-0.0358,-0.0263,-0.0337,-0.0551,-0.0514,0.0278,2.7162,grasp,0.0000,0.0000,0.0000,0.0000,0.0000,0.0000,False,,0.0500,0.0000,True,0.8020,-0.2600,0.0100,0.8432
1524,0.0,1.1508,-0.0239,False,False,False,-0.4560,4.7429,-0.2340,-1.2716,-0.0983,1.4744,-0.0655,-0.0525,-0.0626,-0.1025,-0.0990,0.0527,0.4239,0.1635,0.3966,1.0679,0.0000,0.0000,0.0000,0.0000,0.0000,0.0000,False,-0.0674,0.0281,-0.0723,0.0578,-0.0433,-0.0378,1.0571,grasp,0.0000,0.0000,0.0000,0.0000,0.0000,0.0000,False,,0.0500,0.0000,False,0.8020,-0.2600,0.0100,0.8432
1525,0.0,1.1508,-0.0025,False,False,False,-0.4560,4.7428,-0.2340,-1.2716,-0.0983,1.4744,-0.0000,-0.0000,-0.0000,0.0000,-0.0000,0.0000,0.4639,0.1635,0.3966,1.0679,0.0000,0.0000,0.0000,0.0000,0.0000,0.0000,False,-0.0084,-0.0675,-0.0043,0.0072,-0.0653,0.0543,2.2125,grasp,0.0000,0.0000,0.0000,0.0000,0.0000,0.0000,False,,0.0500,0.0000,True,0.8020,-0.2600,0.0100,0.8432
1526,0.0,1.1508,-0.0114,False,False,False,-0.4561,4.7422,-0.2340,-1.2715,-0.0989,1.4749,-0.0084,-0.0675,-0.0043,0.0072,-0.0653,0.0543,0.4838,0.1635,0.3966,1.0679,0.0000,0.0000,0.0000,0.0000,0.0000,0.0000,False,-0.0183,-0.0229,-0.0450,-0.0447,-0.0166,0.0515,1.6673,grasp,0.0000,0.0000,0.0000,0.0000,0.0000,0.0000,False,,0.0500,0.0000,False,0.8020,-0.2600,0.0100,0.8432
1527,0.0,1.1516,-0.0094,False,False,False,-0.4554,4.7420,-0.2345,-1.2717,-0.0990,1.4753,0.0673,-0.0155,-0.0501,-0.0188,-0.0027,0.0430,0.5072,0.1643,0.3987,1.0678,0.0000,0.0000,0.0000,0.0000,0.0000,0.0000,False,0.0673,-0.0155,-0.0501,-0.0188,-0.0027,0.0430,-2.0892,grasp,0.0000,0.0000,0.0000,0.0000,0.0000,0.0000,False,,0.0500,0.0000,False,0.8020,-0.2600,0.0100,0.8432
1528,0.0,1.1514,-0.0284,False,False,False,-0.4560,4.7407,-0.2375,-1.2716,-0.0974,1.4775,-0.1265,-0.0655,-0.1367,0.0286,0.1039,0.0903,0.5017,0.1610,0.4000,1.0677,0.0000,0.0000,0.0000,0.0000,0.0000,0.0000,False,-0.0653,-0.0351,-0.0729,0.0147,0.0546,0.0484,1.1043,grasp,0.0000,0.0000,0.0000,0.0000,0.0000,0.0000,False,,0.0500,0.0000,False,0.8020,-0.2600,0.0100,0.8432
1529,0.0,1.1514,-0.0290,False,False,False,-0.4560,4.7407,-0.2375,-1.2716,-0.0974,1.4775,-0.1265,-0.0655,-0.1367,0.0286,0.1039,0.0903,0.5017,0.1610,0.4000,1.0677,0.0000,0.0000,0.0000,0.0000,0.0000,0.0000,False,0.0555,0.0505,-0.0521,-0.0673,0.0172,-0.0318,-1.4166,grasp,0.0000,0.0000,0.0000,0.0000,0.0000,0.0000,False,,0.0500,0.0000,False,0.8020,-0.2600,0.0100,0.8432
1530,0.0,1.1514,-0.0027,False,False,False,-0.4578,4.7395,-0.2395,-1.2712,-0.0959,1.4788,-0.0000,-0.0000,-0.0000,0.0000,-0.0000,0.0000,0.5073,0.1610,0.4000,1.0677,0.0000,0.0000,0.0000,0.0000,0.0000,0.0000,False,-0.0569,-0.0254,0.0109,-0.0140,-0.0705,-0.0671,0.9663,grasp,0.0000,0.0000,0.0000,0.0000,0.0000,0.0000,False,,0.0500,0.0000,False,0.8020,-0.2600,0.0100,0.8432
1531,0.0,1.1514,-0.0108,False,False,False,-0.4584,4.7393,-0.2394,-1.2714,-0.0967,1.4781,-0.0551,-0.0219,0.0129,-0.0144,-0.0720,-0.0684,0.5089,0.1610,0.4000,1.0677,0.0000,0.0000,0.0000,0.0000,0.0000,0.0000,False,0.0595,-0.0636,0.0629,0.0096,-0.0725,0.0781,-1.8849,grasp,0.0000,0.0000,0.0000,0.0000,0.0000,0.0000,False,,0.0500,0.0000,False,0.8020,-0.2600,0.0100,0.8432
1532,0.0,1.1514,-0.0117,False,False,False,-0.4588,4.7389,-0.2386,-1.2718,-0.0971,1.4782,-0.0359,-0.0404,0.0767,-0.0463,-0.0429,0.0065,0.5179,0.1599,0.4007,1.0676,0.0000,0.0000,0.0000,0.0000,0.0000,0.0000,False,-0.0359,-0.0404,0.0767,-0.0463,-0.0429,0.0065,1.8963,grasp,0.0000,0.0000,0.0000,0.0000,0.0000,0.0000,False,,0.0500,0.0000,False,0.8020,-0.2600,0.0100,0.8432
1533,0.0,1.1513,-0.0181,False,False,False,-0.4603,4.7376,-0.2375,-1.2746,-0.0987,1.4770,-0.0593,-0.0340,-0.0227,-0.1208,-0.0503,-0.0878,0.4782,0.1600,0.4000,1.0677,0.0000,0.0000,0.0000,0.0000,0.0000,0.0000,False,-0.0319,-0.0186,-0.0105,-0.0644,-0.0273,-0.0461,-0.4856,grasp,0.0000,0.0000,0.0000,0.0000,0.0000,0.0000,False,,0.0500,0.0000,False,0.8020,-0.2600,0.0100,0.8432
1534,0.0,1.1513,-0.0259,False,False,False,-0.4612,4.7371,-0.2378,-1.2763,-0.0994,1.4757,-0.0845,-0.0484,-0.0324,-0.1722,-0.0717,-0.1252,0.4642,0.1600,0.4000,1.0677,0.0000,0.0000,0.0000,0.0000,0.0000,0.0000,False,0.0400,-0.0447,-0.0017,0.0182,0.0300,-0.0203,2.6100,grasp,0.0000,0.0000,0.0000,0.0000,0.0000,0.0000,False,,0.0500,0.0000,True,0.8020,-0.2600,0.0100,0.8432
1535,0.0,1.1513,-0.0032,False,False,False,-0.4612,4.7371,-0.2378,-1.2763,-0.0994,1.4757,0.0000,-0.0000,-0.0000,0.0000,0.0000,0.0000,0.4842,0.1600,0.4000,1.0677,0.0000,0.0000,0.0000,0.0000,0.0000,0.0000,False,-0.0641,-0.0070,-0.0437,0.0671,-0.0122,-0.0072,2.8982,grasp,0.0000,0.0000,0.0000,0.0000,0.0000,0.0000,False,,0.0500,0.0000,True,0.8020,-0.2600,0.0100,0.8432
1536,0.0,1.1513,-0.0086,False,False,False,-0.4608,4.7367,-0.2378,-1.2761,-0.0991,1.4756,0.0409,-0.0440,-0.0014,0.0200,0.0307,-0.0191,0.5038,0.1600,0.4000,1.0677,0.0000,0.0000,0.0000,0.0000,0.0000,0.0000,False,0.0611,0.0765,-0.0242,0.0178,0.0117,0.0310,2.6898,grasp,0.0000,0.0000,0.0000,0.0000,0.0000,0.0000,False,,0.0500,0.0000,True,0.8020,-0.2600,0.0100,0.8432
1537,0.0,1.1518,-0.0111,False,False,False,-0.4606,4.7365,-0.2385,-1.2762,-0.0983,1.4756,0.0223,-0.0190,-0.0684,-0.0129,0.0743,0.0076,0.5272,0.1599,0.4015,1.0676,0.0000,0.0000,0.0000,0.0000,0.0000,0.0000,False,0.0223,-0.0190,-0.0684,-0.0129,0.0743,0.0076,-2.4323,grasp,0.0000,0.0000,0.0000,0.0000,0.0000,0.0000,False,,0.0500,0.0000,False,0.8020,-0.2600,0.0100,0.8432
1538,0.0,1.1518,-0.0081,False,False,False,-0.4602,4.7367,-0.2398,-1.2762,-0.0970,1.4762,-0.0037,0.0709,-0.0012,0.0255,-0.0088,0.0417,0.5143,0.1599,0.4015,1.0676,0.0000,0.0000,0.0000,0.0000,0.0000,0.0000,False,-0.0032,0.0694,-0.0025,0.0253,-0.0074,0.0418,1.1332,grasp,0.0000,0.0000,0.0000,0.0000,0.0000,0.0000,False,,0.0500,0.0000,False,0.8020,-0.2600,0.0100,0.8432
1539,0.0,1.1516,-0.0161,False,False,False,-0.4602,4.7382,-0.2398,-1.2757,-0.0972,1.4770,-0.0000,-0.0000,-0.0000,0.0000,-0.0000,0.0000,0.4973,0.1592,0.4013,1.0676,0.0000,0.0000,0.0000,0.0000,0.0000,0.0000,False,-0.0688,0.0704,0.0579,-0.0682,0.0125,0.0315,-3.0433,grasp,0.0000,0.0000,0.0000,0.0000,0.0000,0.0000,False,,0.0500,0.0000,False,0.8020,-0.2600,0.0100,0.8432
1540,0.0,1.1516,-0.0157,False,False,False,-0.4609,4.7388,-0.2393,-1.2764,-0.0971,1.4773,-0.0687,0.0671,0.0579,-0.0687,0.0127,0.0307,0.4773,0.1592,0.4013,1.0676,0.0000,0.0000,0.0000,0.0000,0.0000,0.0000,False,0.0607,0.0168,-0.0416,0.0250,0.0145,-0.0693,-2.0792,grasp,0.0000,0.0000,0.0000,0.0000,0.0000,0.0000,False,,0.0500,0.0000,False,0.8020,-0.2600,0.0100,0.8432
1541,0.0,1.1516,-0.0316,False,False,False,-0.4622,4.7400,-0.2382,-1.2777,-0.0968,1.4779,-0.1305,0.1305,0.1100,-0.1306,0.0241,0.0583,0.4573,0.1592,0.4013,1.0676,0.0000,0.0000,0.0000,0.0000,0.0000,0.0000,False,0.0004,0.0553,0.0593,0.0501,-0.0748,-0.0608,0.4190,grasp,0.0000,0.0000,0.0000,0.0000,0.0000,0.0000,False,,0.0500,0.0000,False,0.8020,-0.2600,0.0100,0.8432
1542,0.0,1.1515,-0.0158,False,False,False,-0.4630,4.7404,-0.2381,-1.2773,-0.0975,1.4786,-0.0756,-0.0053,0.0032,0.0412,-0.0687,0.0730,0.4969,0.1620,0.3991,1.0679,0.0000,0.0000,0.0000,0.0000,0.0000,0.0000,False,-0.0756,-0.0048,0.0032,0.0412,-0.0687,0.0730,2.9383,grasp,0.0000,0.0000,0.0000,0.0000,0.0000,0.0000,False,,0.0500,0.0000,True,0.8020,-0.2600,0.0100,0.8432
1543,0.0,1.1515,-0.0108,False,False,False,-0.4639,4.7403,-0.2384,-1.2761,-0.0984,1.4807,0.0485,0.0015,-0.0330,0.0389,0.0425,0.0726,0.4800,0.1620,0.3991,1.0679,0.0000,0.0000,0.0000,0.0000,0.0000,0.0000,False,0.0470,0.0014,-0.0329,0.0397,0.0412,0.0740,-1.9207,grasp,0.0000,0.0000,0.0000,0.0000,0.0000,0.0000,False,,0.0500,0.0000,False,0.8020,-0.2600,0.0100,0.8432
1544,0.0,1.1515,-0.0119,False,False,False,-0.4639,4.7403,-0.2384,-1.2761,-0.0984,1.4807,0.0485,0.0015,-0.0330,0.0389,0.0425,0.0726,0.4800,0.1620,0.3991,1.0679,0.0000,0.0000,0.0000,0.0000,0.0000,0.0000,False,-0.0739,0.0732,0.0324,0.0024,0.0487,0.0187,1.9249,grasp,0.0000,0.0000,0.0000,0.0000,0.0000,0.0000,False,,0.0500,0.0000,True,0.8020,-0.2600,0.0100,0.8432
1545,0.0,1.1512,-0.0135,False,False,False,-0.4638,4.7410,-0.2387,-1.2754,-0.0971,1.4823,-0.0748,0.0732,0.0331,0.0017,0.0479,0.0173,0.4952,0.1621,0.3987,1.0677,0.0000,0.0000,0.0000,0.0000,0.0000,0.0000,False,0.0733,-0.0184,-0.0596,-0.0166,-0.0547,-0.0679,-1.0840,grasp,0.0000,0.0000,0.0000,0.0000,0.0000,0.0000,False,,0.0500,0.0000,False,0.8020,-0.2600,0.0100,0.8432
1546,0.0,1.1512,-0.0029,False,False,False,-0.4638,4.7410,-0.2387,-1.2754,-0.0971,1.4823,-0.0000,-0.0000,-0.0000,0.0000,-0.0000,0.0000,0.4752,0.1621,0.3987,1.0677,0.0000,0.0000,0.0000,0.0000,0.0000,0.0000,False,0.0542,0.0651,-0.0751,0.0648,0.0720,0.0147,2.1574,grasp,0.0000,0.0000,0.0000,0.0000,0.0000,0.0000,False,,0.0500,0.0000,True,0.8020,-0.2600,0.0100,0.8432
1547,0.0,1.1517,-0.0055,False,False,False,-0.4635,4.7413,-0.2388,-1.2754,-0.0974,1.4823,0.0267,0.0234,-0.0105,-0.0029,-0.0295,0.0041,0.5352,0.1636,0.3993,1.0678,0.0000,0.0000,0.0000,0.0000,0.0000,0.0000,False,0.0267,0.0234,-0.0105,-0.0029,-0.0295,0.0041,-0.1182,grasp,0.0000,0.0000,0.0000,0.0000,0.0000,0.0000,False,,0.0500,0.0000,False,0.8020,-0.2600,0.0100,0.8432
1548,0.0,1.1517,-0.0112,False,False,False,-0.4626,4.7417,-0.2384,-1.2761,-0.0983,1.4821,0.0356,-0.0051,0.0595,-0.0638,-0.0392,-0.0272,0.5492,0.1636,0.3993,1.0678,0.0000,0.0000,0.0000,0.0000,0.0000,0.0000,False,0.0361,-0.0046,0.0593,-0.0638,-0.0398,-0.0271,0.8876,grasp,0.0000,0.0000,0.0000,0.0000,0.0000,0.0000,False,,0.0500,0.0000,False,0.8020,-0.2600,0.0100,0.8432
1549,0.0,1.1517,-0.0102,False,False,False,-0.4626,4.7417,-0.2384,-1.2761,-0.0983,1.4821,0.0356,-0.0051,0.0595,-0.0638,-0.0392,-0.0272,0.5492,0.1636,0.3993,1.0678,0.0000,0.0000,0.0000,0.0000,0.0000,0.0000,False,0.0540,0.0756,0.0670,-0.0033,0.0661,0.0260,1.8004,grasp,0.0000,0.0000,0.0000,0.0000,0.0000,0.0000,False,,0.0500,0.0000,False,0.8020,-0.2600,0.0100,0.8432
1550,0.0,1.1519,-0.0075,False,False,False,-0.4620,4.7415,-0.2375,-1.2775,-0.0993,1.4811,-0.0051,-0.0046,-0.0242,-0.0157,-0.0179,-0.0521,0.5196,0.1645,0.3992,1.0679,0.0000,0.0000,0.0000,0.0000,0.0000,0.0000,False,-0.0044,-0.0047,-0.0231,-0.0169,-0.0187,-0.0526,0.0713,grasp,0.0000,0.0000,0.0000,0.0000,0.0000,0.0000,False,,0.0500,0.0000,False,0.8020,-0.2600,0.0100,0.8432
1551,0.0,1.1519,-0.0064,False,False,False,-0.4620,4.7415,-0.2375,-1.2775,-0.0993,1.4811,-0.0051,-0.0046,-0.0242,-0.0157,-0.0179,-0.0521,0.5196,0.1645,0.3992,1.0679,0.0000,0.0000,0.0000,0.0000,0.0000,0.0000,False,-0.0694,-0.0357,-0.0588,0.0187,-0.0030,-0.0502,2.5164,grasp,0.0000,0.0000,0.0000,0.0000,0.0000,0.0000,False,,0.0500,0.0000,True,0.8020,-0.2600,0.0100,0.8432
1552,0.0,1.1513,-0.0251,False,False,False,-0.4629,4.7423,-0.2380,-1.2762,-0.1019,1.4781,-0.0513,0.0571,-0.0014,0.1047,-0.1478,-0.1298,0.4486,0.1641,0.3978,1.0678,0.0000,0.0000,0.0000,0.0000,0.0000,0.0000,False,-0.0271,0.0299,-0.0012,0.0548,-0.0781,-0.0693,-2.4005,grasp,0.0000,0.0000,0.0000,0.0000,0.0000,0.0000,False,,0.0500,0.0000,False,0.8020,-0.2600,0.0100,0.8432
1553,0.0,1.1513,-0.0261,False,False,False,-0.4629,4.7423,-0.2380,-1.2762,-0.1019,1.4781,-0.0513,0.0571,-0.0014,0.1047,-0.1478,-0.1298,0.4486,0.1641,0.3978,1.0678,0.0000,0.0000,0.0000,0.0000,0.0000,0.0000,False,0.0567,-0.0461,-0.0105,-0.0271,0.0120,-0.0654,0.8029,grasp,0.0000,0.0000,0.0000,0.0000,0.0000,0.0000,False,,0.0500,0.0000,False,0.8020,-0.2600,0.0100,0.8432
1554,0.0,1.1513,-0.0131,False,False,False,-0.4633,4.7426,-0.2379,-1.2745,-0.1033,1.4756,0.0321,-0.0727,0.0108,0.0156,0.0693,-0.0681,0.4669,0.1641,0.3978,1.0678,0.0000,0.0000,0.0000,0.0000,0.0000,0.0000,False,0.0314,-0.0707,0.0108,0.0171,0.0672,-0.0699,1.8598,grasp,0.0000,0.0000,0.0000,0.0000,0.0000,0.0000,False,,0.0500,0.0000,True,0.8020,-0.2600,0.0100,0.8432
1555,0.0,1.1512,-0.0156,False,False,False,-0.4634,4.7404,-0.2377,-1.2736,-0.1015,1.4736,-0.0756,-0.0546,-0.0020,0.0569,0.0459,-0.0733,0.4439,0.1647,0.3978,1.0677,0.0000,0.0000,0.0000,0.0000,0.0000,0.0000,False,-0.0750,-0.0584,-0.0018,0.0572,0.0472,-0.0745,-2.6143,grasp,0.0000,0.0000,0.0000,0.0000,0.0000,0.0000,False,,0.0500,0.0000,False,0.8020,-0.2600,0.0100,0.8432
1556,0.0,1.1512,-0.0163,False,False,False,-0.4634,4.7404,-0.2377,-1.2736,-0.1015,1.4736,-0.0756,-0.0546,-0.0020,0.0569,0.0459,-0.0733,0.4439,0.1647,0.3978,1.0677,0.0000,0.0000,0.0000,0.0000,0.0000,0.0000,False,0.0400,0.0247,-0.0492,0.0739,-0.0144,-0.0626,-0.6042,grasp,0.0000,0.0000,0.0000,0.0000,0.0000,0.0000,False,,0.0500,0.0000,False,0.8020,-0.2600,0.0100,0.8432
1557,0.0,1.1510,-0.0221,False,False,False,-0.4631,4.7413,-0.2384,-1.2720,-0.1019,1.4716,0.1141,0.1291,-0.0403,0.0359,-0.0857,-0.0384,0.4839,0.1639,0.3978,1.0676,0.0000,0.0000,0.0000,0.0000,0.0000,0.0000,False,0.0586,0.0665,-0.0212,0.0200,-0.0442,-0.0216,2.9576,grasp,0.0000,0.0000,0.0000,0.0000,0.0000,0.0000,False,,0.0500,0.0000,True,0.8020,-0.2600,0.0100,0.8432
1558,0.0,1.1510,-0.0017,False,False,False,-0.4615,4.7433,-0.2390,-1.2715,-0.1032,1.4710,-0.0000,-0.0000,-0.0000,0.0000,-0.0000,0.0000,0.4971,0.1639,0.3978,1.0676,0.0000,0.0000,0.0000,0.0000,0.0000,0.0000,False,-0.0680,-0.0465,-0.0062,-0.0602,-0.0160,-0.0479,0.0683,grasp,0.0000,0.0000,0.0000,0.0000,0.0000,0.0000,False,,0.0500,0.0000,False,0.8020,-0.2600,0.0100,0.8432
1559,0.0,1.1510,-0.0125,False,False,False,-0.4622,4.7428,-0.2390,-1.2721,-0.1033,1.4706,-0.0696,-0.0503,-0.0057,-0.0608,-0.0148,-0.0474,0.4883,0.1639,0.3978,1.0676,0.0000,0.0000,0.0000,0.0000,0.0000,0.0000,False,-0.0505,-0.0369,0.0313,0.0573,-0.0618,-0.0254,1.5143,grasp,0.0000,0.0000,0.0000,0.0000,0.0000,0.0000,False,,0.0500,0.0000,False,0.8020,-0.2600,0.0100,0.8432
1560,0.0,1.1510,-0.0121,False,False,False,-0.4628,4.7420,-0.2384,-1.2734,-0.1038,1.4697,0.0752,0.0236,0.0762,-0.0096,-0.0196,0.0047,0.4973,0.1654,0.3973,1.0675,0.0000,0.0000,0.0000,0.0000,0.0000,0.0000,False,0.0739,0.0220,0.0761,-0.0108,-0.0199,0.0038,1.3319,grasp,0.0000,0.0000,0.0000,0.0000,0.0000,0.0000,False,,0.0500,0.0000,False,0.8020,-0.2600,0.0100,0.8432
1561,0.0,1.1510,-0.0126,False,False,False,-0.4628,4.7420,-0.2384,-1.2734,-0.1038,1.4697,0.0752,0.0236,0.0762,-0.0096,-0.0196,0.0047,0.4973,0.1654,0.3973,1.0675,0.0000,0.0000,0.0000,0.0000,0.0000,0.0000,False,-0.0673,-0.0740,0.0066,0.0276,0.0126,0.0660,-0.9058,grasp,0.0000,0.0000,0.0000,0.0000,0.0000,0.0000,False,,0.0500,0.0000,False,0.8020,-0.2600,0.0100,0.8432
1562,0.0,1.1510,-0.0332,False,False,False,-0.4635,4.7447,-0.2388,-1.2746,-0.1028,1.4679,-0.1424,0.1424,-0.1273,-0.0667,0.0903,-0.1248,0.4445,0.1664,0.3964,1.0677,0.0000,0.0000,0.0000,0.0000,0.0000,0.0000,False,-0.0735,0.0755,-0.0655,-0.0353,0.0472,-0.0656,-1.1838,grasp,0.0000,0.0000,0.0000,0.0000,0.0000,0.0000,False,,0.0500,0.0000,False,0.8020,-0.2600,0.0100,0.8432
1563,0.0,1.1510,-0.0077,False,False,False,-0.4655,4.7464,-0.2404,-1.2756,-0.1017,1.4658,0.0068,-0.0612,0.0298,-0.0139,-0.0174,-0.0352,0.3850,0.1664,0.3964,1.0677,0.0000,0.0000,0.0000,0.0000,0.0000,0.0000,False,0.0048,-0.0565,0.0279,-0.0149,-0.0161,-0.0369,-2.7851,grasp,0.0000,0.0000,0.0000,0.0000,0.0000,0.0000,False,,0.0500,0.0000,False,0.8020,-0.2600,0.0100,0.8432
1564,0.0,1.1510,-0.0089,False,False,False,-0.4655,4.7464,-0.2404,-1.2756,-0.1017,1.4658,0.0068,-0.0612,0.0298,-0.0139,-0.0174,-0.0352,0.3850,0.1664,0.3964,1.0677,0.0000,0.0000,0.0000,0.0000,0.0000,0.0000,False,0.0129,0.0712,0.0472,0.0373,-0.0032,0.0525,-0.3831,grasp,0.0000,0.0000,0.0000,0.0000,0.0000,0.0000,False,,0.0500,0.0000,False,0.8020,-0.2600,0.0100,0.8432
1565,0.0,1.1501,-0.0093,False,False,False,-0.4648,4.7447,-0.2401,-1.2757,-0.1017,1.4651,0.0531,-0.0532,-0.0268,0.0232,0.0283,0.0007,0.3602,0.1662,0.3935,1.0678,0.0000,0.0000,0.0000,0.0000,0.0000,0.0000,False,0.0532,-0.0552,-0.0262,0.0229,0.0280,0.0001,-0.4743,grasp,0.0000,0.0000,0.0000,0.0000,0.0000,0.0000,False,,0.0500,0.0000,False,0.8020,-0.2600,0.0100,0.8432
1566,0.0,1.1501,-0.0084,False,False,False,-0.4648,4.7447,-0.2401,-1.2757,-0.1017,1.4651,0.0531,-0.0532,-0.0268,0.0232,0.0283,0.0007,0.3602,0.1662,0.3935,1.0678,0.0000,0.0000,0.0000,0.0000,0.0000,0.0000,False,-0.0699,-0.0118,0.0751,0.0117,0.0700,0.0022,-1.8688,grasp,0.0000,0.0000,0.0000,0.0000,0.0000,0.0000,False,,0.0500,0.0000,False,0.8020,-0.2600,0.0100,0.8432
1567,0.0,1.1504,-0.0204,False,False,False,-0.4641,4.7413,-0.2401,-1.2750,-0.1032,1.4638,-0.0207,-0.1454,0.0336,0.0125,-0.1332,-0.0877,0.4180,0.1640,0.3957,1.0676,0.0000,0.0000,0.0000,0.0000,0.0000,0.0000,False,-0.0099,-0.0785,0.0172,0.0070,-0.0696,-0.0461,2.3164,grasp,0.0000,0.0000,0.0000,0.0000,0.0000,0.0000,False,,0.0500,0.0000,True,0.8020,-0.2600,0.0100,0.8432
1568,0.0,1.1504,-0.0154,False,False,False,-0.4638,4.7394,-0.2389,-1.2743,-0.1053,1.4627,0.0627,0.0649,0.0733,0.0549,-0.0163,0.0208,0.4481,0.1640,0.3957,1.0676,0.0000,0.0000,0.0000,0.0000,0.0000,0.0000,False,0.0624,0.0588,0.0738,0.0551,-0.0182,0.0196,0.6724,grasp,0.0000,0.0000,0.0000,0.0000,0.0000,0.0000,False,,0.0500,0.0000,False,0.8020,-0.2600,0.0100,0.8432
1569,0.0,1.1504,-0.0155,False,False,False,-0.4638,4.7394,-0.2389,-1.2743,-0.1053,1.4627,0.0627,0.0649,0.0733,0.0549,-0.0163,0.0208,0.4481,0.1640,0.3957,1.0676,0.0000,0.0000,0.0000,0.0000,0.0000,0.0000,False,-0.0506,-0.0691,0.0019,0.0116,0.0032,-0.0048,-0.6710,grasp,0.0000,0.0000,0.0000,0.0000,0.0000,0.0000,False,,0.0500,0.0000,False,0.8020,-0.2600,0.0100,0.8432
1570,0.0,1.1507,-0.0072,False,False,False,-0.4631,4.7401,-0.2375,-1.2732,-0.1055,1.4631,-0.0517,-0.0734,0.0005,0.0106,0.0035,-0.0052,0.4257,0.1648,0.3968,1.0675,0.0000,0.0000,0.0000,0.0000,0.0000,0.0000,False,-0.0658,-0.0315,0.0604,-0.0398,0.0189,-0.0604,1.2145,grasp,0.0000,0.0000,0.0000,0.0000,0.0000,0.0000,False,,0.0500,0.0000,False,0.8020,-0.2600,0.0100,0.8432
1571,0.0,1.1507,-0.0084,False,False,False,-0.4631,4.7401,-0.2375,-1.2732,-0.1055,1.4631,-0.0517,-0.0734,0.0005,0.0106,0.0035,-0.0052,0.4257,0.1648,0.3968,1.0675,0.0000,0.0000,0.0000,0.0000,0.0000,0.0000,False,-0.0239,0.0606,0.0208,0.0552,-0.0681,-0.0652,-0.1788,grasp,0.0000,0.0000,0.0000,0.0000,0.0000,0.0000,False,,0.0500,0.0000,False,0.8020,-0.2600,0.0100,0.8432
1572,0.0,1.1509,-0.0119,False,False,False,-0.4630,4.7405,-0.2368,-1.2729,-0.1062,1.4629,0.0083,0.0442,0.0655,0.0259,-0.0681,-0.0156,0.4686,0.1657,0.3968,1.0675,0.0000,0.0000,0.0000,0.0000,0.0000,0.0000,False,0.0083,0.0441,0.0655,0.0259,-0.0681,-0.0156,1.5431,grasp,0.0000,0.0000,0.0000,0.0000,0.0000,0.0000,False,,0.0500,0.0000,False,0.8020,-0.2600,0.0100,0.8432
1573,0.0,1.1509,-0.0260,False,False,False,-0.4636,4.7409,-0.2374,-1.2745,-0.1053,1.4618,-0.0472,-0.0399,-0.1216,-0.1383,0.1457,-0.0508,0.5399,0.1657,0.3968,1.0675,0.0000,0.0000,0.0000,0.0000,0.0000,0.0000,False,-0.0247,-0.0191,-0.0627,-0.0723,0.0754,-0.0270,3.0069,grasp,0.0000,0.0000,0.0000,0.0000,0.0000,0.0000,False,,0.0500,0.0000,True,0.8020,-0.2600,0.0100,0.8432
1574,0.0,1.1517,-0.0372,False,False,False,-0.4643,4.7404,-0.2391,-1.2765,-0.1032,1.4611,-0.0673,-0.0559,-0.1734,-0.1972,0.2078,-0.0724,0.5595,0.1649,0.3992,1.0676,0.0000,0.0000,0.0000,0.0000,0.0000,0.0000,False,0.0612,0.0716,-0.0316,-0.0676,-0.0720,-0.0782,2.5546,grasp,0.0000,0.0000,0.0000,0.0000,0.0000,0.0000,False,,0.0500,0.0000,True,0.8020,-0.2600,0.0100,0.8432
1575,0.0,1.1517,-0.0197,False,False,False,-0.4637,4.7409,-0.2394,-1.2772,-0.1040,1.4603,0.0619,0.0741,-0.0299,-0.0656,-0.0741,-0.0774,0.5995,0.1649,0.3992,1.0676,0.0000,0.0000,0.0000,0.0000,0.0000,0.0000,False,-0.0761,-0.0540,-0.0648,0.0671,0.0057,0.0751,-1.9567,grasp,0.0000,0.0000,0.0000,0.0000,0.0000,0.0000,False,,0.0500,0.0000,False,0.8020,-0.2600,0.0100,0.8432
1576,0.0,1.1517,-0.0182,False,False,False,-0.4637,4.7409,-0.2394,-1.2772,-0.1040,1.4603,0.0619,0.0741,-0.0299,-0.0656,-0.0741,-0.0774,0.5995,0.1649,0.3992,1.0676,0.0000,0.0000,0.0000,0.0000,0.0000,0.0000,False,-0.0743,0.0232,0.0469,0.0494,-0.0502,-0.0638,-1.7194,grasp,0.0000,0.0000,0.0000,0.0000,0.0000,0.0000,False,,0.0500,0.0000,False,0.8020,-0.2600,0.0100,0.8432
1577,0.0,1.1515,-0.0117,False,False,False,-0.4629,4.7409,-0.2395,-1.2766,-0.1044,1.4608,0.0798,-0.0077,-0.0078,0.0540,-0.0488,0.0427,0.5432,0.1647,0.3989,1.0676,0.0000,0.0000,0.0000,0.0000,0.0000,0.0000,False,0.0798,-0.0077,-0.0078,0.0540,-0.0488,0.0427,-2.7942,grasp,0.0000,0.0000,0.0000,0.0000,0.0000,0.0000,False,,0.0500,0.0000,False,0.8020,-0.2600,0.0100,0.8432
1578,0.0,1.1515,-0.0237,False,False,False,-0.4597,4.7386,-0.2391,-1.2777,-0.1050,1.4611,0.1112,-0.1445,0.0388,-0.1352,0.0269,-0.0308,0.4632,0.1647,0.3989,1.0676,0.0000,0.0000,0.0000,0.0000,0.0000,0.0000,False,0.0601,-0.0759,0.0203,-0.0701,0.0132,-0.0154,-2.3546,grasp,0.0000,0.0000,0.0000,0.0000,0.0000,0.0000,False,,0.0500,0.0000,False,0.8020,-0.2600,0.0100,0.8432
1579,0.0,1.1509,-0.0049,False,False,False,-0.4582,4.7363,-0.2385,-1.2800,-0.1045,1.4605,-0.0181,0.0311,-0.0023,-0.0456,0.0103,-0.0153,0.4543,0.1584,0.3996,1.0676,0.0000,0.0000,0.0000,0.0000,0.0000,0.0000,False,-0.0165,0.0229,-0.0018,-0.0475,0.0107,-0.0157,0.7990,grasp,0.0000,0.0000,0.0000,0.0000,0.0000,0.0000,False,,0.0500,0.0000,False,0.8020,-0.2600,0.0100,0.8432
1580,0.0,1.1509,-0.0083,False,False,False,-0.4582,4.7363,-0.2385,-1.2800,-0.1045,1.4605,-0.0181,0.0311,-0.0023,-0.0456,0.0103,-0.0153,0.4543,0.1584,0.3996,1.0676,0.0000,0.0000,0.0000,0.0000,0.0000,0.0000,False,0.0533,-0.0285,-0.0476,-0.0552,-0.0377,-0.0138,-0.2555,grasp,0.0000,0.0000,0.0000,0.0000,0.0000,0.0000,False,,0.0500,0.0000,False,0.8020,-0.2600,0.0100,0.8432
1581,0.0,1.1511,-0.0155,False,False,False,-0.4579,4.7364,-0.2381,-1.2816,-0.1040,1.4606,0.0661,-0.0460,0.0538,-0.0706,0.0302,0.0385,0.4492,0.1582,0.3999,1.0677,0.0000,0.0000,0.0000,0.0000,0.0000,0.0000,False,0.0658,-0.0453,0.0538,-0.0715,0.0304,0.0382,0.0569,grasp,0.0000,0.0000,0.0000,0.0000,0.0000,0.0000,False,,0.0500,0.0000,False,0.8020,-0.2600,0.0100,0.8432
1582,0.0,1.1511,-0.0144,False,False,False,-0.4579,4.7364,-0.2381,-1.2816,-0.1040,1.4606,0.0661,-0.0460,0.0538,-0.0706,0.0302,0.0385,0.4492,0.1582,0.3999,1.0677,0.0000,0.0000,0.0000,0.0000,0.0000,0.0000,False,0.0380,-0.0601,0.0213,-0.0099,0.0129,0.0517,-2.9592,grasp,0.0000,0.0000,0.0000,0.0000,0.0000,0.0000,False,,0.0500,0.0000,False,0.8020,-0.2600,0.0100,0.8432
1583,0.0,1.1511,-0.0143,False,False,False,-0.4562,4.7354,-0.2363,-1.2833,-0.1037,1.4606,0.0482,0.0011,0.0768,-0.0299,-0.0329,-0.0724,0.3850,0.1582,0.3999,1.0677,0.0000,0.0000,0.0000,0.0000,0.0000,0.0000,False,0.0482,0.0010,0.0768,-0.0299,-0.0329,-0.0724,-2.5267,grasp,0.0000,0.0000,0.0000,0.0000,0.0000,0.0000,False,,0.0500,0.0000,False,0.8020,-0.2600,0.0100,0.8432
1584,0.0,1.1504,-0.0128,False,False,False,-0.4557,4.7348,-0.2351,-1.2836,-0.1038,1.4598,-0.0392,-0.0782,-0.0291,0.0273,0.0589,0.0563,0.3250,0.1564,0.3979,1.0679,0.0000,0.0000,0.0000,0.0000,0.0000,0.0000,False,-0.0383,-0.0781,-0.0277,0.0268,0.0583,0.0550,-2.5327,grasp,0.0000,0.0000,0.0000,0.0000,0.0000,0.0000,False,,0.0500,0.0000,False,0.8020,-0.2600,0.0100,0.8432
1585,0.0,1.1504,-0.0135,False,False,False,-0.4557,4.7348,-0.2351,-1.2836,-0.1038,1.4598,-0.0392,-0.0782,-0.0291,0.0273,0.0589,0.0563,0.3250,0.1564,0.3979,1.0679,0.0000,0.0000,0.0000,0.0000,0.0000,0.0000,False,-0.0386,0.0535,-0.0616,0.0284,-0.0747,-0.0038,-0.0884,grasp,0.0000,0.0000,0.0000,0.0000,0.0000,0.0000,False,,0.0500,0.0000,False,0.8020,-0.2600,0.0100,0.8432
1586,0.0,1.1501,-0.0072,False,False,False,-0.4565,4.7328,-0.2350,-1.2825,-0.1027,1.4611,-0.0046,-0.0253,0.0655,0.0494,-0.0034,0.0189,0.3450,0.1539,0.3985,1.0678,0.0000,0.0000,0.0000,0.0000,0.0000,0.0000,False,-0.0053,-0.0298,0.0649,0.0499,-0.0023,0.0199,2.7961,grasp,0.0000,0.0000,0.0000,0.0000,0.0000,0.0000,False,,0.0500,0.0000,True,0.8020,-0.2600,0.0100,0.8432
1587,0.0,1.1501,-0.0116,False,False,False,-0.4566,4.7324,-0.2330,-1.2810,-0.1032,1.4620,-0.0028,0.0213,0.0761,0.0551,-0.0462,0.0591,0.4048,0.1539,0.3985,1.0678,0.0000,0.0000,0.0000,0.0000,0.0000,0.0000,False,-0.0029,0.0208,0.0774,0.0560,-0.0463,0.0595,2.7232,grasp,0.0000,0.0000,0.0000,0.0000,0.0000,0.0000,False,,0.0500,0.0000,True,0.8020,-0.2600,0.0100,0.8432
1588,0.0,1.1501,-0.0132,False,False,False,-0.4566,4.7324,-0.2330,-1.2810,-0.1032,1.4620,-0.0028,0.0213,0.0761,0.0551,-0.0462,0.0591,0.4048,0.1539,0.3985,1.0678,0.0000,0.0000,0.0000,0.0000,0.0000,0.0000,False,-0.0006,0.0143,0.0141,-0.0054,-0.0358,0.0619,2.3445,grasp,0.0000,0.0000,0.0000,0.0000,0.0000,0.0000,False,,0.0500,0.0000,True,0.8020,-0.2600,0.0100,0.8432
1589,0.0,1.1510,-0.0330,False,False,False,-0.4583,4.7348,-0.2297,-1.2781,-0.1036,1.4617,-0.1128,0.1383,0.1190,0.1241,0.0322,-0.0961,0.4427,0.1576,0.3996,1.0678,0.0000,0.0000,0.0000,0.0000,0.0000,0.0000,False,-0.0594,0.0730,0.0641,0.0663,0.0160,-0.0494,0.7008,grasp,0.0000,0.0000,0.0000,0.0000,0.0000,0.0000,False,,0.0500,0.0000,False,0.8020,-0.2600,0.0100,0.8432
1590,0.0,1.1510,-0.0310,False,False,False,-0.4583,4.7348,-0.2297,-1.2781,-0.1036,1.4617,-0.1128,0.1383,0.1190,0.1241,0.0322,-0.0961,0.4427,0.1576,0.3996,1.0678,0.0000,0.0000,0.0000,0.0000,0.0000,0.0000,False,-0.0380,0.0625,0.0650,-0.0209,0.0665,0.0346,-1.3049,grasp,0.0000,0.0000,0.0000,0.0000,0.0000,0.0000,False,,0.0500,0.0000,False,0.8020,-0.2600,0.0100,0.8432
1591,0.0,1.1510,-0.0295,False,False,False,-0.4583,4.7348,-0.2297,-1.2781,-0.1036,1.4617,-0.1128,0.1383,0.1190,0.1241,0.0322,-0.0961,0.4427,0.1576,0.3996,1.0678,0.0000,0.0000,0.0000,0.0000,0.0000,0.0000,False,-0.0144,0.0524,0.0196,-0.0394,0.0380,0.0269,-2.2819,grasp,0.0000,0.0000,0.0000,0.0000,0.0000,0.0000,False,,0.0500,0.0000,False,0.8020,-0.2600,0.0100,0.8432
1592,0.0,1.1508,-0.0129,False,False,False,-0.4605,4.7385,-0.2273,-1.2768,-0.1018,1.4606,-0.0163,-0.0699,0.0208,0.0755,0.0260,-0.0559,0.3645,0.1645,0.3956,1.0681,0.0000,0.0000,0.0000,0.0000,0.0000,0.0000,False,-0.0165,-0.0681,0.0211,0.0747,0.0267,-0.0553,-1.0430,grasp,0.0000,0.0000,0.0000,0.0000,0.0000,0.0000,False,,0.0500,0.0000,False,0.8020,-0.2600,0.0100,0.8432
1593,0.0,1.1504,-0.0306,False,False,False,-0.4586,4.7391,-0.2252,-1.2766,-0.0998,1.4585,0.1452,0.1365,0.1137,-0.0833,0.0975,-0.0644,0.3877,0.1633,0.3949,1.0681,0.0000,0.0000,0.0000,0.0000,0.0000,0.0000,False,0.0761,0.0697,0.0602,-0.0424,0.0518,-0.0349,0.5992,grasp,0.0000,0.0000,0.0000,0.0000,0.0000,0.0000,False,,0.0500,0.0000,False,0.8020,-0.2600,0.0100,0.8432
1594,0.0,1.1504,-0.0291,False,False,False,-0.4586,4.7391,-0.2252,-1.2766,-0.0998,1.4585,0.1452,0.1365,0.1137,-0.0833,0.0975,-0.0644,0.3877,0.1633,0.3949,1.0681,0.0000,0.0000,0.0000,0.0000,0.0000,0.0000,False,-0.0683,0.0532,0.0037,-0.0514,0.0707,0.0602,2.3146,grasp,0.0000,0.0000,0.0000,0.0000,0.0000,0.0000,False,,0.0500,0.0000,True,0.8020,-0.2600,0.0100,0.8432
1595,0.0,1.1515,-0.0142,False,False,False,-0.4572,4.7420,-0.2235,-1.2783,-0.0977,1.4582,-0.0703,0.0454,0.0021,-0.0502,0.0693,0.0611,0.4358,0.1673,0.3952,1.0685,0.0000,0.0000,0.0000,0.0000,0.0000,0.0000,False,-0.0119,0.0454,-0.0643,-0.0288,-0.0055,-0.0457,-3.0817,grasp,0.0000,0.0000,0.0000,0.0000,0.0000,0.0000,False,,0.0500,0.0000,False,0.8020,-0.2600,0.0100,0.8432
1596,0.0,1.1515,-0.0019,False,False,False,-0.4576,4.7415,-0.2240,-1.2777,-0.0980,1.4580,-0.0438,-0.0574,-0.0460,0.0645,-0.0322,-0.0233,0.3796,0.1673,0.3952,1.0685,0.0000,0.0000,0.0000,0.0000,0.0000,0.0000,False,-0.0438,-0.0574,-0.0460,0.0645,-0.0322,-0.0233,-1.7477,grasp,0.0000,0.0000,0.0000,0.0000,0.0000,0.0000,False,,0.0500,0.0000,False,0.8020,-0.2600,0.0100,0.8432
1597,0.0,1.1515,-0.0135,False,False,False,-0.4576,4.7415,-0.2240,-1.2777,-0.0980,1.4580,-0.0438,-0.0574,-0.0460,0.0645,-0.0322,-0.0233,0.3796,0.1673,0.3952,1.0685,0.0000,0.0000,0.0000,0.0000,0.0000,0.0000,False,0.0095,0.0714,0.0598,0.0637,0.0044,0.0602,-0.7511,grasp,0.0000,0.0000,0.0000,0.0000,0.0000,0.0000,False,,0.0500,0.0000,False,0.8020,-0.2600,0.0100,0.8432
1598,0.0,1.1505,-0.0116,False,False,False,-0.4577,4.7399,-0.2247,-1.2768,-0.0992,1.4572,0.0734,-0.0369,0.0195,-0.0417,-0.0508,-0.0381,0.3936,0.1649,0.3937,1.0684,0.0000,0.0000,0.0000,0.0000,0.0000,0.0000,False,0.0734,-0.0371,0.0195,-0.0417,-0.0508,-0.0381,1.3481,grasp,0.0000,0.0000,0.0000,0.0000,0.0000,0.0000,False,,0.0500,0.0000,True,0.8020,-0.2600,0.0100,0.8432
1599,0.0,1.1515,-0.0179,False,False,False,-0.4558,4.7395,-0.2250,-1.2769,-0.0995,1.4561,0.0550,0.0385,-0.0698,0.0731,0.0622,-0.0353,0.4511,0.1648,0.3968,1.0683,0.0000,0.0000,0.0000,0.0000,0.0000,0.0000,False,0.0564,0.0372,-0.0694,0.0723,0.0613,-0.0361,2.1243,grasp,0.0000,0.0000,0.0000,0.0000,0.0000,0.0000,False,,0.0500,0.0000,True,0.8020,-0.2600,0.0100,0.8432
1600,0.0,1.1515,-0.0179,False,False,False,-0.4558,4.7395,-0.2250,-1.2769,-0.0995,1.4561,0.0550,0.0385,-0.0698,0.0731,0.0622,-0.0353,0.4511,0.1648,0.3968,1.0683,0.0000,0.0000,0.0000,0.0000,0.0000,0.0000,False,0.0502,-0.0108,-0.0314,0.0542,0.0121,-0.0744,0.3891,grasp,0.0000,0.0000,0.0000,0.0000,0.0000,0.0000,False,,0.0500,0.0000,False,0.8020,-0.2600,0.0100,0.8432
1601,0.0,1.1515,-0.0168,False,False,False,-0.4554,4.7397,-0.2270,-1.2756,-0.0988,1.4547,-0.0689,-0.0621,-0.0700,-0.0056,-0.0436,-0.0667,0.5104,0.1648,0.3968,1.0683,0.0000,0.0000,0.0000,0.0000,0.0000,0.0000,False,-0.0678,-0.0614,-0.0713,-0.0042,-0.0424,-0.0674,2.2565,grasp,0.0000,0.0000,0.0000,0.0000,0.0000,0.0000,False,,0.0500,0.0000,True,0.8020,-0.2600,0.0100,0.8432
1602,0.0,1.1515,-0.0161,False,False,False,-0.4554,4.7397,-0.2270,-1.2756,-0.0988,1.4547,-0.0689,-0.0621,-0.0700,-0.0056,-0.0436,-0.0667,0.5104,0.1648,0.3968,1.0683,0.0000,0.0000,0.0000,0.0000,0.0000,0.0000,False,0.0061,0.0783,-0.0414,0.0580,-0.0548,-0.0490,2.1487,grasp,0.0000,0.0000,0.0000,0.0000,0.0000,0.0000,False,,0.0500,0.0000,True,0.8020,-0.2600,0.0100,0.8432
1603,0.0,1.1520,-0.0036,False,False,False,-0.4568,4.7383,-0.2283,-1.2757,-0.0996,1.4535,-0.0000,-0.0000,-0.0000,0.0000,-0.0000,0.0000,0.5408,0.1638,0.3993,1.0681,0.0000,0.0000,0.0000,0.0000,0.0000,0.0000,False,0.0496,0.0223,0.0096,-0.0650,0.0707,0.0738,0.9707,grasp,0.0000,0.0000,0.0000,0.0000,0.0000,0.0000,False,,0.0500,0.0000,False,0.8020,-0.2600,0.0100,0.8432
1604,0.0,1.1520,-0.0146,False,False,False,-0.4563,4.7385,-0.2283,-1.2763,-0.0989,1.4542,0.0496,0.0226,0.0096,-0.0650,0.0707,0.0738,0.5390,0.1638,0.3993,1.0681,0.0000,0.0000,0.0000,0.0000,0.0000,0.0000,False,0.0392,0.0265,-0.0409,-0.0016,-0.0696,-0.0245,-2.4366,grasp,0.0000,0.0000,0.0000,0.0000,0.0000,0.0000,False,,0.0500,0.0000,False,0.8020,-0.2600,0.0100,0.8432
1605,0.0,1.1516,-0.0143,False,False,False,-0.4570,4.7384,-0.2288,-1.2759,-0.0996,1.4548,-0.0709,-0.0118,-0.0518,0.0408,-0.0686,0.0630,0.4854,0.1632,0.3984,1.0681,0.0000,0.0000,0.0000,0.0000,0.0000,0.0000,False,-0.0709,-0.0118,-0.0518,0.0408,-0.0686,0.0630,-0.4566,grasp,0.0000,0.0000,0.0000,0.0000,0.0000,0.0000,False,,0.0500,0.0000,False,0.8020,-0.2600,0.0100,0.8432
1606,0.0,1.1516,-0.0149,False,False,False,-0.4578,4.7384,-0.2290,-1.2745,-0.1010,1.4556,0.0564,0.0324,0.0735,0.0672,-0.0161,-0.0472,0.4664,0.1632,0.3984,1.0681,0.0000,0.0000,0.0000,0.0000,0.0000,0.0000,False,0.0550,0.0322,0.0725,0.0680,-0.0174,-0.0460,0.3661,grasp,0.0000,0.0000,0.0000,0.0000,0.0000,0.0000,False,,0.0500,0.0000,False,0.8020,-0.2600,0.0100,0.8432
1607,0.0,1.1511,-0.0147,False,False,False,-0.4560,4.7397,-0.2274,-1.2726,-0.1019,1.4545,0.0647,0.0512,0.0198,0.0567,-0.0548,-0.0142,0.4244,0.1644,0.3967,1.0680,0.0000,0.0000,0.0000,0.0000,0.0000,0.0000,False,0.0658,0.0530,0.0212,0.0580,-0.0552,-0.0151,-2.7478,grasp,0.0000,0.0000,0.0000,0.0000,0.0000,0.0000,False,,0.0500,0.0000,False,0.8020,-0.2600,0.0100,0.8432
1608,0.0,1.1511,-0.0140,False,False,False,-0.4560,4.7397,-0.2274,-1.2726,-0.1019,1.4545,0.0647,0.0512,0.0198,0.0567,-0.0548,-0.0142,0.4244,0.1644,0.3967,1.0680,0.0000,0.0000,0.0000,0.0000,0.0000,0.0000,False,0.0439,0.0717,0.0439,-0.0696,0.0360,-0.0707,-2.9890,grasp,0.0000,0.0000,0.0000,0.0000,0.0000,0.0000,False,,0.0500,0.0000,False,0.8020,-0.2600,0.0100,0.8432
1609,0.0,1.1511,-0.0266,False,False,False,-0.4548,4.7406,-0.2271,-1.2716,-0.1029,1.4543,0.1230,0.0986,0.0376,0.1078,-0.1042,-0.0270,0.4044,0.1644,0.3967,1.0680,0.0000,0.0000,0.0000,0.0000,0.0000,0.0000,False,-0.0614,-0.0046,0.0294,0.0412,0.0149,0.0178,-2.8438,grasp,0.0000,0.0000,0.0000,0.0000,0.0000,0.0000,False,,0.0500,0.0000,False,0.8020,-0.2600,0.0100,0.8432
1610,0.0,1.1511,-0.0015,False,False,False,-0.4548,4.7407,-0.2271,-1.2716,-0.1029,1.4543,-0.0000,-0.0000,-0.0000,0.0000,-0.0000,0.0000,0.3644,0.1644,0.3967,1.0680,0.0000,0.0000,0.0000,0.0000,0.0000,0.0000,False,-0.0168,0.0760,-0.0538,-0.0376,-0.0512,0.0221,-2.3223,grasp,0.0000,0.0000,0.0000,0.0000,0.0000,0.0000,False,,0.0500,0.0000,False,0.8020,-0.2600,0.0100,0.8432
1611,0.0,1.1499,-0.0093,False,False,False,-0.4558,4.7426,-0.2289,-1.2730,-0.1048,1.4548,-0.0511,-0.0364,-0.0327,-0.0388,-0.0428,-0.0067,0.3642,0.1647,0.3931,1.0680,0.0000,0.0000,0.0000,0.0000,0.0000,0.0000,False,-0.0515,-0.0338,-0.0337,-0.0395,-0.0438,-0.0063,2.4085,grasp,0.0000,0.0000,0.0000,0.0000,0.0000,0.0000,False,,0.0500,0.0000,True,0.8020,-0.2600,0.0100,0.8432
1612,0.0,1.1505,-0.0144,False,False,False,-0.4562,4.7418,-0.2301,-1.2744,-0.1050,1.4551,0.0622,-0.0072,-0.0537,-0.0662,0.0676,0.0362,0.4234,0.1663,0.3944,1.0679,0.0000,0.0000,0.0000,0.0000,0.0000,0.0000,False,0.0612,-0.0085,-0.0543,-0.0669,0.0667,0.0360,2.3685,grasp,0.0000,0.0000,0.0000,0.0000,0.0000,0.0000,False,,0.0500,0.0000,True,0.8020,-0.2600,0.0100,0.8432
1613,0.0,1.1505,-0.0143,False,False,False,-0.4562,4.7418,-0.2301,-1.2744,-0.1050,1.4551,0.0622,-0.0072,-0.0537,-0.0662,0.0676,0.0362,0.4234,0.1663,0.3944,1.0679,0.0000,0.0000,0.0000,0.0000,0.0000,0.0000,False,0.0641,0.0207,0.0379,0.0209,0.0634,0.0552,2.9804,grasp,0.0000,0.0000,0.0000,0.0000,0.0000,0.0000,False,,0.0500,0.0000,True,0.8020,-0.2600,0.0100,0.8432
1614,0.0,1.1505,-0.0288,False,False,False,-0.4550,4.7417,-0.2311,-1.2757,-0.1037,1.4558,0.1182,-0.0144,-0.1020,-0.1258,0.1284,0.0687,0.4428,0.1663,0.3944,1.0679,0.0000,0.0000,0.0000,0.0000,0.0000,0.0000,False,-0.0299,-0.0031,-0.0687,0.0319,0.0140,-0.0718,0.5874,grasp,0.0000,0.0000,0.0000,0.0000,0.0000,0.0000,False,,0.0500,0.0000,False,0.8020,-0.2600,0.0100,0.8432
1615,0.0,1.1505,-0.0038,False,False,False,-0.4550,4.7416,-0.2311,-1.2757,-0.1037,1.4558,-0.0000,-0.0000,-0.0000,0.0000,-0.0000,0.0000,0.4828,0.1663,0.3944,1.0679,0.0000,0.0000,0.0000,0.0000,0.0000,0.0000,False,-0.0590,-0.0356,-0.0181,-0.0754,0.0436,0.0280,0.6013,grasp,0.0000,0.0000,0.0000,0.0000,0.0000,0.0000,False,,0.0500,0.0000,False,0.8020,-0.2600,0.0100,0.8432
1616,0.0,1.1514,-0.0336,False,False,False,-0.4536,4.7429,-0.2302,-1.2785,-0.1023,1.4582,0.1299,0.1063,0.0687,-0.1359,0.0631,0.1426,0.5439,0.1648,0.3975,1.0680,0.0000,0.0000,0.0000,0.0000,0.0000,0.0000,False,0.0678,0.0555,0.0360,-0.0723,0.0337,0.0753,2.3205,grasp,0.0000,0.0000,0.0000,0.0000,0.0000,0.0000,False,,0.0500,0.0000,True,0.8020,-0.2600,0.0100,0.8432
1617,0.0,1.1521,-0.0155,False,False,False,-0.4517,4.7452,-0.2297,-1.2796,-0.1007,1.4607,0.0029,0.0635,-0.0477,0.0816,0.0686,0.0443,0.5317,0.1667,0.3979,1.0683,0.0000,0.0000,0.0000,0.0000,0.0000,0.0000,False,0.0047,0.0675,-0.0467,0.0797,0.0695,0.0463,-2.7561,grasp,0.0000,0.0000,0.0000,0.0000,0.0000,0.0000,False,,0.0500,0.0000,False,0.8020,-0.2600,0.0100,0.8432
1618,0.0,1.1521,-0.0144,False,False,False,-0.4517,4.7452,-0.2297,-1.2796,-0.1007,1.4607,0.0029,0.0635,-0.0477,0.0816,0.0686,0.0443,0.5317,0.1667,0.3979,1.0683,0.0000,0.0000,0.0000,0.0000,0.0000,0.0000,False,0.0340,0.0388,0.0415,-0.0629,0.0322,0.0062,-0.6889,grasp,0.0000,0.0000,0.0000,0.0000,0.0000,0.0000,False,,0.0500,0.0000,False,0.8020,-0.2600,0.0100,0.8432
1619,0.0,1.1521,-0.0295,False,False,False,-0.4516,4.7465,-0.2307,-1.2781,-0.0994,1.4615,0.0055,0.1233,-0.0906,0.1551,0.1304,0.0841,0.5117,0.1667,0.3979,1.0683,0.0000,0.0000,0.0000,0.0000,0.0000,0.0000,False,0.0722,-0.0044,-0.0180,-0.0674,-0.0029,0.0268,3.0197,grasp,0.0000,0.0000,0.0000,0.0000,0.0000,0.0000,False,,0.0500,0.0000,True,0.8020,-0.2600,0.0100,0.8432
1620,0.0,1.1521,-0.0286,False,False,False,-0.4516,4.7465,-0.2307,-1.2781,-0.0994,1.4615,0.0055,0.1233,-0.0906,0.1551,0.1304,0.0841,0.5117,0.1667,0.3979,1.0683,0.0000,0.0000,0.0000,0.0000,0.0000,0.0000,False,0.0702,-0.0725,-0.0413,-0.0579,0.0264,-0.0081,1.7933,grasp,0.0000,0.0000,0.0000,0.0000,0.0000,0.0000,False,,0.0500,0.0000,False,0.8020,-0.2600,0.0100,0.8432
1621,0.0,1.1522,-0.0472,False,False,False,-0.4453,4.7403,-0.2344,-1.2833,-0.0970,1.4608,0.2414,-0.2519,-0.1422,-0.1993,0.0908,-0.0277,0.5784,0.1664,0.3982,1.0683,0.0000,0.0000,0.0000,0.0000,0.0000,0.0000,False,0.0541,-0.0779,0.0556,0.0608,0.0046,-0.0536,0.3057,grasp,0.0000,0.0000,0.0000,0.0000,0.0000,0.0000,False,,0.0500,0.0000,False,0.8020,-0.2600,0.0100,0.8432
1622,0.0,1.1526,-0.0154,False,False,False,-0.4422,4.7352,-0.2368,-1.2861,-0.0956,1.4606,0.0257,0.0593,-0.0701,-0.0412,0.0364,0.0140,0.6200,0.1505,0.4062,1.0681,0.0000,0.0000,0.0000,0.0000,0.0000,0.0000,False,0.0286,0.0311,-0.0718,-0.0436,0.0375,0.0137,2.9516,grasp,0.0000,0.0000,0.0000,0.0000,0.0000,0.0000,False,,0.0500,0.0000,True,0.8020,-0.2600,0.0100,0.8432
1623,0.0,1.1526,-0.0219,False,False,False,-0.4417,4.7361,-0.2381,-1.2869,-0.0949,1.4609,0.0489,0.0893,-0.1332,-0.0783,0.0691,0.0266,0.6356,0.1505,0.4062,1.0681,0.0000,0.0000,0.0000,0.0000,0.0000,0.0000,False,-0.0489,-0.0533,-0.0455,0.0316,-0.0014,-0.0138,-3.0025,grasp,0.0000,0.0000,0.0000,0.0000,0.0000,0.0000,False,,0.0500,0.0000,False,0.8020,-0.2600,0.0100,0.8432
1624,0.0,1.1526,-0.0226,False,False,False,-0.4417,4.7361,-0.2381,-1.2869,-0.0949,1.4609,0.0489,0.0893,-0.1332,-0.0783,0.0691,0.0266,0.6356,0.1505,0.4062,1.0681,0.0000,0.0000,0.0000,0.0000,0.0000,0.0000,False,0.0491,0.0450,0.0687,0.0610,0.0680,-0.0080,-1.6314,grasp,0.0000,0.0000,0.0000,0.0000,0.0000,0.0000,False,,0.0500,0.0000,False,0.8020,-0.2600,0.0100,0.8432
1625,0.0,1.1527,-0.0421,False,False,False,-0.4430,4.7298,-0.2313,-1.2849,-0.0996,1.4602,-0.0515,-0.2366,0.2577,0.0743,-0.1779,-0.0268,0.6195,0.1500,0.4066,1.0681,0.0000,0.0000,0.0000,0.0000,0.0000,0.0000,False,-0.0150,-0.0688,0.0749,0.0216,-0.0517,-0.0078,1.7692,grasp,0.0000,0.0000,0.0000,0.0000,0.0000,0.0000,False,,0.0500,0.0000,False,0.8020,-0.2600,0.0100,0.8432
1626,0.0,1.1527,-0.0439,False,False,False,-0.4430,4.7298,-0.2313,-1.2849,-0.0996,1.4602,-0.0515,-0.2366,0.2577,0.0743,-0.1779,-0.0268,0.6195,0.1500,0.4066,1.0681,0.0000,0.0000,0.0000,0.0000,0.0000,0.0000,False,-0.0629,-0.0385,-0.0336,-0.0220,-0.0053,-0.0240,3.0772,grasp,0.0000,0.0000,0.0000,0.0000,0.0000,0.0000,False,,0.0500,0.0000,True,0.8020,-0.2600,0.0100,0.8432
1627,0.0,1.1526,-0.0019,False,False,False,-0.4436,4.7268,-0.2283,-1.2841,-0.1017,1.4599,-0.0000,-0.0000,-0.0000,0.0000,-0.0000,0.0000,0.6458,0.1496,0.4068,1.0679,0.0000,0.0000,0.0000,0.0000,0.0000,0.0000,False,-0.0421,0.0516,0.0395,-0.0159,-0.0055,-0.0509,2.5340,grasp,0.0000,0.0000,0.0000,0.0000,0.0000,0.0000,False,,0.0500,0.0000,False,0.8020,-0.2600,0.0100,0.8432
1628,0.0,1.1526,-0.0116,False,False,False,-0.4441,4.7273,-0.2279,-1.2842,-0.1017,1.4593,-0.0421,0.0518,0.0395,-0.0159,-0.0055,-0.0509,0.6535,0.1496,0.4068,1.0679,0.0000,0.0000,0.0000,0.0000,0.0000,0.0000,False,0.0202,-0.0257,-0.0632,-0.0140,-0.0719,0.0215,-1.6223,grasp,0.0000,0.0000,0.0000,0.0000,0.0000,0.0000,False,,0.0500,0.0000,False,0.8020,-0.2600,0.0100,0.8432
1629,0.0,1.1526,-0.0016,False,False,False,-0.4441,4.7273,-0.2279,-1.2842,-0.1017,1.4593,-0.0000,-0.0000,-0.0000,0.0000,-0.0000,0.0000,0.6135,0.1496,0.4068,1.0679,0.0000,0.0000,0.0000,0.0000,0.0000,0.0000,False,0.0250,-0.0733,-0.0304,0.0690,-0.0125,0.0130,-2.7411,grasp,0.0000,0.0000,0.0000,0.0000,0.0000,0.0000,False,,0.0500,0.0000,False,0.8020,-0.2600,0.0100,0.8432
1630,0.0,1.1524,-0.0258,False,False,False,-0.4427,4.7249,-0.2261,-1.2843,-0.1030,1.4576,0.0758,-0.1093,0.1359,-0.0475,-0.0726,-0.1195,0.6221,0.1495,0.4065,1.0679,0.0000,0.0000,0.0000,0.0000,0.0000,0.0000,False,0.0401,-0.0585,0.0712,-0.0243,-0.0383,-0.0628,2.3498,grasp,0.0000,0.0000,0.0000,0.0000,0.0000,0.0000,False,,0.0500,0.0000,False,0.8020,-0.2600,0.0100,0.8432
1631,0.0,1.1525,-0.0031,False,False,False,-0.4416,4.7233,-0.2242,-1.2849,-0.1040,1.4559,-0.0000,-0.0000,-0.0000,0.0000,-0.0000,0.0000,0.6254,0.1482,0.4073,1.0680,0.0000,0.0000,0.0000,0.0000,0.0000,0.0000,False,0.0188,0.0439,-0.0670,0.0028,-0.0328,0.0678,1.4602,grasp,0.0000,0.0000,0.0000,0.0000,0.0000,0.0000,False,,0.0500,0.0000,False,0.8020,-0.2600,0.0100,0.8432
1632,0.0,1.1525,-0.0128,False,False,False,-0.4414,4.7238,-0.2249,-1.2849,-0.1043,1.4566,0.0177,0.0464,-0.0689,0.0035,-0.0317,0.0695,0.6215,0.1482,0.4073,1.0680,0.0000,0.0000,0.0000,0.0000,0.0000,0.0000,False,0.0399,-0.0767,-0.0121,0.0068,0.0518,0.0230,-0.9777,grasp,0.0000,0.0000,0.0000,0.0000,0.0000,0.0000,False,,0.0500,0.0000,False,0.8020,-0.2600,0.0100,0.8432
1633,0.0,1.1525,-0.0223,False,False,False,-0.4411,4.7246,-0.2262,-1.2848,-0.1049,1.4580,0.0336,0.0872,-0.1309,0.0066,-0.0603,0.1320,0.6179,0.1482,0.4073,1.0680,0.0000,0.0000,0.0000,0.0000,0.0000,0.0000,False,0.0279,0.0610,0.0775,-0.0782,-0.0754,0.0347,-0.7246,grasp,0.0000,0.0000,0.0000,0.0000,0.0000,0.0000,False,,0.0500,0.0000,False,0.8020,-0.2600,0.0100,0.8432
1634,0.0,1.1525,-0.0019,False,False,False,-0.4411,4.7246,-0.2262,-1.2848,-0.1049,1.4580,-0.0000,-0.0000,-0.0000,0.0000,-0.0000,0.0000,0.5836,0.1482,0.4073,1.0680,0.0000,0.0000,0.0000,0.0000,0.0000,0.0000,False,0.0341,-0.0401,0.0481,0.0112,-0.0153,-0.0481,0.4296,grasp,0.0000,0.0000,0.0000,0.0000,0.0000,0.0000,False,,0.0500,0.0000,False,0.8020,-0.2600,0.0100,0.8432
1635,0.0,1.1523,-0.0097,False,False,False,-0.4406,4.7236,-0.2253,-1.2842,-0.1051,1.4578,0.0119,-0.0618,0.0426,0.0545,-0.0015,0.0350,0.5307,0.1479,0.4067,1.0679,0.0000,0.0000,0.0000,0.0000,0.0000,0.0000,False,0.0123,-0.0622,0.0430,0.0546,-0.0017,0.0346,-2.9257,grasp,0.0000,0.0000,0.0000,0.0000,0.0000,0.0000,False,,0.0500,0.0000,False,0.8020,-0.2600,0.0100,0.8432
1636,0.0,1.1523,-0.0099,False,False,False,-0.4406,4.7236,-0.2253,-1.2842,-0.1051,1.4578,0.0119,-0.0618,0.0426,0.0545,-0.0015,0.0350,0.5307,0.1479,0.4067,1.0679,0.0000,0.0000,0.0000,0.0000,0.0000,0.0000,False,0.0358,-0.0293,-0.0128,0.0050,-0.0339,-0.0516,-0.2860,grasp,0.0000,0.0000,0.0000,0.0000,0.0000,0.0000,False,,0.0500,0.0000,False,0.8020,-0.2600,0.0100,0.8432
1637,0.0,1.1516,-0.0146,False,False,False,-0.4397,4.7219,-0.2250,-1.2834,-0.1059,1.4579,0.0697,-0.0598,-0.0546,-0.0296,-0.0787,-0.0557,0.4560,0.1461,0.4057,1.0678,0.0000,0.0000,0.0000,0.0000,0.0000,0.0000,False,0.0699,-0.0611,-0.0538,-0.0285,-0.0787,-0.0550,-2.1852,grasp,0.0000,0.0000,0.0000,0.0000,0.0000,0.0000,False,,0.0500,0.0000,False,0.8020,-0.2600,0.0100,0.8432
1638,0.0,1.1516,-0.0326,False,False,False,-0.4384,4.7208,-0.2260,-1.2840,-0.1074,1.4569,0.1325,-0.1146,-0.1037,-0.0561,-0.1495,-0.1058,0.4360,0.1461,0.4057,1.0678,0.0000,0.0000,0.0000,0.0000,0.0000,0.0000,False,-0.0167,0.0513,0.0487,0.0238,-0.0426,0.0627,2.2670,grasp,0.0000,0.0000,0.0000,0.0000,0.0000,0.0000,False,,0.0500,0.0000,True,0.8020,-0.2600,0.0100,0.8432
1639,0.0,1.1516,-0.0025,False,False,False,-0.4384,4.7204,-0.2260,-1.2840,-0.1074,1.4569,0.0000,-0.0000,-0.0000,0.0000,-0.0000,0.0000,0.4760,0.1461,0.4057,1.0678,0.0000,0.0000,0.0000,0.0000,0.0000,0.0000,False,0.0686,0.0227,0.0620,0.0645,-0.0709,0.0200,2.9223,grasp,0.0000,0.0000,0.0000,0.0000,0.0000,0.0000,False,,0.0500,0.0000,True,0.8020,-0.2600,0.0100,0.8432
1640,0.0,1.1516,-0.0138,False,False,False,-0.4381,4.7209,-0.2262,-1.2831,-0.1089,1.4567,-0.0471,0.0236,-0.0777,0.0271,-0.0749,-0.0377,0.4596,0.1441,0.4068,1.0677,0.0000,0.0000,0.0000,0.0000,0.0000,0.0000,False,-0.0464,0.0239,-0.0771,0.0278,-0.0756,-0.0375,-1.9835,grasp,0.0000,0.0000,0.0000,0.0000,0.0000,0.0000,False,,0.0500,0.0000,False,0.8020,-0.2600,0.0100,0.8432
1641,0.0,1.1516,-0.0139,False,False,False,-0.4381,4.7209,-0.2262,-1.2831,-0.1089,1.4567,-0.0471,0.0236,-0.0777,0.0271,-0.0749,-0.0377,0.4596,0.1441,0.4068,1.0677,0.0000,0.0000,0.0000,0.0000,0.0000,0.0000,False,0.0335,-0.0599,0.0495,-0.0610,0.0359,0.0711,-0.0938,grasp,0.0000,0.0000,0.0000,0.0000,0.0000,0.0000,False,,0.0500,0.0000,False,0.8020,-0.2600,0.0100,0.8432
1642,0.0,1.1509,-0.0299,False,False,False,-0.4380,4.7196,-0.2262,-1.2843,-0.1092,1.4581,0.0653,-0.1149,0.0969,-0.1168,0.0709,0.1365,0.4257,0.1435,0.4054,1.0676,0.0000,0.0000,0.0000,0.0000,0.0000,0.0000,False,-0.0494,-0.0566,-0.0076,0.0730,0.0111,0.0018,0.9049,grasp,0.0000,0.0000,0.0000,0.0000,0.0000,0.0000,False,,0.0500,0.0000,False,0.8020,-0.2600,0.0100,0.8432
1643,0.0,1.1509,-0.0307,False,False,False,-0.4371,4.7179,-0.2248,-1.2860,-0.1082,1.4600,0.0931,-0.1639,0.1382,-0.1666,0.1011,0.1946,0.4219,0.1435,0.4054,1.0676,0.0000,0.0000,0.0000,0.0000,0.0000,0.0000,False,0.0730,-0.0681,0.0731,0.0200,0.0523,-0.0732,1.2656,grasp,0.0000,0.0000,0.0000,0.0000,0.0000,0.0000,False,,0.0500,0.0000,True,0.8020,-0.2600,0.0100,0.8432
1644,0.0,1.1509,-0.0435,False,False,False,-0.4371,4.7177,-0.2248,-1.2860,-0.1082,1.4600,-0.0000,-0.0000,-0.0000,0.0000,-0.0000,0.0000,0.4428,0.1435,0.4054,1.0676,0.0000,0.0000,0.0000,0.0000,0.0000,0.0000,False,0.0482,-0.0710,0.0644,-0.0111,0.0536,-0.0178,0.8313,grasp,0.0000,0.0000,0.0000,0.0000,0.0000,0.0000,False,,0.0500,0.0000,False,0.8020,-0.2600,0.0100,0.8432
1645,0.0,1.1514,-0.0126,False,False,False,-0.4369,4.7167,-0.2238,-1.2865,-0.1083,1.4602,-0.0277,-0.0308,0.0404,-0.0411,-0.0648,0.0381,0.4091,0.1404,0.4074,1.0677,0.0000,0.0000,0.0000,0.0000,0.0000,0.0000,False,-0.0272,-0.0318,0.0411,-0.0412,-0.0643,0.0379,-3.0682,grasp,0.0000,0.0000,0.0000,0.0000,0.0000,0.0000,False,,0.0500,0.0000,False,0.8020,-0.2600,0.0100,0.8432
1646,0.0,1.1505,-0.0194,False,False,False,-0.4379,4.7160,-0.2239,-1.2855,-0.1106,1.4625,-0.0281,-0.0061,-0.0619,0.1189,-0.0724,0.1000,0.3700,0.1398,0.4053,1.0677,0.0000,0.0000,0.0000,0.0000,0.0000,0.0000,False,-0.0153,-0.0038,-0.0318,0.0618,-0.0393,0.0533,-0.6393,grasp,0.0000,0.0000,0.0000,0.0000,0.0000,0.0000,False,,0.0500,0.0000,False,0.8020,-0.2600,0.0100,0.8432
1647,0.0,1.1505,-0.0299,False,False,False,-0.4383,4.7160,-0.2248,-1.2838,-0.1117,1.4639,-0.0400,-0.0088,-0.0883,0.1696,-0.1033,0.1426,0.3649,0.1398,0.4053,1.0677,0.0000,0.0000,0.0000,0.0000,0.0000,0.0000,False,0.0613,0.0362,-0.0197,0.0551,0.0201,-0.0697,-2.6312,grasp,0.0000,0.0000,0.0000,0.0000,0.0000,0.0000,False,,0.0500,0.0000,False,0.8020,-0.2600,0.0100,0.8432
1648,0.0,1.1505,-0.0281,False,False,False,-0.4383,4.7160,-0.2248,-1.2838,-0.1117,1.4639,-0.0400,-0.0088,-0.0883,0.1696,-0.1033,0.1426,0.3649,0.1398,0.4053,1.0677,0.0000,0.0000,0.0000,0.0000,0.0000,0.0000,False,0.0468,0.0016,0.0289,-0.0574,-0.0293,0.0009,0.6726,grasp,0.0000,0.0000,0.0000,0.0000,0.0000,0.0000,False,,0.0500,0.0000,False,0.8020,-0.2600,0.0100,0.8432
1649,0.0,1.1505,-0.0019,False,False,False,-0.4383,4.7160,-0.2248,-1.2838,-0.1117,1.4639,0.0000,-0.0000,-0.0000,0.0000,0.0000,0.0000,0.3585,0.1398,0.4053,1.0677,0.0000,0.0000,0.0000,0.0000,0.0000,0.0000,False,-0.0433,0.0206,-0.0328,-0.0478,-0.0630,0.0589,0.6354,grasp,0.0000,0.0000,0.0000,0.0000,0.0000,0.0000,False,,0.0500,0.0000,False,0.8020,-0.2600,0.0100,0.8432
1650,0.0,1.1503,-0.0342,False,False,False,-0.4407,4.7171,-0.2267,-1.2865,-0.1152,1.4672,-0.1173,0.0557,-0.0889,-0.1294,-0.1707,0.1595,0.3917,0.1402,0.4049,1.0675,0.0000,0.0000,0.0000,0.0000,0.0000,0.0000,False,-0.0322,-0.0286,0.0574,-0.0660,-0.0665,-0.0274,1.0967,grasp,0.0000,0.0000,0.0000,0.0000,0.0000,0.0000,False,,0.0500,0.0000,True,0.8020,-0.2600,0.0100,0.8432
1651,0.0,1.1507,-0.0129,False,False,False,-0.4413,4.7174,-0.2269,-1.2871,-0.1149,1.4668,-0.0615,0.0247,-0.0285,-0.0629,0.0256,-0.0438,0.4195,0.1426,0.4054,1.0675,0.0000,0.0000,0.0000,0.0000,0.0000,0.0000,False,-0.0615,0.0247,-0.0285,-0.0629,0.0256,-0.0438,0.5899,grasp,0.0000,0.0000,0.0000,0.0000,0.0000,0.0000,False,,0.0500,0.0000,False,0.8020,-0.2600,0.0100,0.8432
1652,0.0,1.1507,-0.0026,False,False,False,-0.4425,4.7178,-0.2275,-1.2883,-0.1145,1.4659,-0.0000,-0.0000,-0.0000,0.0000,-0.0000,0.0000,0.4309,0.1426,0.4054,1.0675,0.0000,0.0000,0.0000,0.0000,0.0000,0.0000,False,-0.0317,-0.0403,-0.0311,0.0558,0.0378,-0.0033,0.6577,grasp,0.0000,0.0000,0.0000,0.0000,0.0000,0.0000,False,,0.0500,0.0000,False,0.8020,-0.2600,0.0100,0.8432
1653,0.0,1.1507,-0.0021,False,False,False,-0.4425,4.7178,-0.2275,-1.2883,-0.1145,1.4659,-0.0000,-0.0000,-0.0000,0.0000,-0.0000,0.0000,0.4309,0.1426,0.4054,1.0675,0.0000,0.0000,0.0000,0.0000,0.0000,0.0000,False,0.0271,0.0382,-0.0177,0.0275,0.0628,-0.0376,0.4583,grasp,0.0000,0.0000,0.0000,0.0000,0.0000,0.0000,False,,0.0500,0.0000,False,0.8020,-0.2600,0.0100,0.8432
1654,0.0,1.1512,-0.0339,False,False,False,-0.4448,4.7182,-0.2292,-1.2858,-0.1152,1.4679,-0.1353,0.0540,-0.0939,0.1242,-0.0728,0.1305,0.4962,0.1439,0.4065,1.0674,0.0000,0.0000,0.0000,0.0000,0.0000,0.0000,False,-0.0715,0.0280,-0.0497,0.0659,-0.0379,0.0687,1.8550,grasp,0.0000,0.0000,0.0000,0.0000,0.0000,0.0000,False,,0.0500,0.0000,True,0.8020,-0.2600,0.0100,0.8432
1655,0.0,1.1512,-0.0437,False,False,False,-0.4468,4.7190,-0.2306,-1.2841,-0.1162,1.4698,-0.1930,0.0770,-0.1340,0.1771,-0.1038,0.1862,0.5162,0.1439,0.4065,1.0674,0.0000,0.0000,0.0000,0.0000,0.0000,0.0000,False,-0.0738,-0.0226,-0.0360,-0.0049,-0.0199,0.0156,-2.5750,grasp,0.0000,0.0000,0.0000,0.0000,0.0000,0.0000,False,,0.0500,0.0000,False,0.8020,-0.2600,0.0100,0.8432
1656,0.0,1.1511,-0.0113,False,False,False,-0.4484,4.7203,-0.2319,-1.2817,-0.1183,1.4722,0.0795,0.0296,0.0379,0.0166,-0.0743,0.0085,0.5136,0.1483,0.4053,1.0671,0.0000,0.0000,0.0000,0.0000,0.0000,0.0000,False,0.0771,0.0312,0.0362,0.0188,-0.0756,0.0109,0.0546,grasp,0.0000,0.0000,0.0000,0.0000,0.0000,0.0000,False,,0.0500,0.0000,False,0.8020,-0.2600,0.0100,0.8432
1657,0.0,1.1511,-0.0147,False,False,False,-0.4484,4.7203,-0.2319,-1.2817,-0.1183,1.4722,0.0795,0.0296,0.0379,0.0166,-0.0743,0.0085,0.5136,0.1483,0.4053,1.0671,0.0000,0.0000,0.0000,0.0000,0.0000,0.0000,False,0.0198,0.0142,0.0344,0.0541,-0.0133,0.0257,1.2657,grasp,0.0000,0.0000,0.0000,0.0000,0.0000,0.0000,False,,0.0500,0.0000,False,0.8020,-0.2600,0.0100,0.8432
1658,0.0,1.1511,-0.0016,False,False,False,-0.4469,4.7209,-0.2312,-1.2813,-0.1197,1.4724,0.0000,-0.0000,-0.0000,0.0000,-0.0000,0.0000,0.5087,0.1483,0.4053,1.0671,0.0000,0.0000,0.0000,0.0000,0.0000,0.0000,False,-0.0667,-0.0343,-0.0585,-0.0503,0.0306,0.0606,-1.9565,grasp,0.0000,0.0000,0.0000,0.0000,0.0000,0.0000,False,,0.0500,0.0000,False,0.8020,-0.2600,0.0100,0.8432
1659,0.0,1.1511,-0.0028,False,False,False,-0.4469,4.7209,-0.2312,-1.2813,-0.1197,1.4724,-0.0000,-0.0000,-0.0000,0.0000,-0.0000,0.0000,0.4687,0.1483,0.4053,1.0671,0.0000,0.0000,0.0000,0.0000,0.0000,0.0000,False,0.0368,-0.0735,0.0203,0.0366,-0.0035,-0.0086,-1.0006,grasp,0.0000,0.0000,0.0000,0.0000,0.0000,0.0000,False,,0.0500,0.0000,False,0.8020,-0.2600,0.0100,0.8432
1660,0.0,1.1505,-0.0113,False,False,False,-0.4471,4.7196,-0.2313,-1.2803,-0.1197,1.4722,-0.0593,-0.0635,-0.0326,0.0730,0.0026,-0.0066,0.4890,0.1475,0.4040,1.0671,0.0000,0.0000,0.0000,0.0000,0.0000,0.0000,False,-0.0589,-0.0646,-0.0324,0.0734,0.0026,-0.0067,2.1559,grasp,0.0000,0.0000,0.0000,0.0000,0.0000,0.0000,False,,0.0500,0.0000,True,0.8020,-0.2600,0.0100,0.8432
1661,0.0,1.1506,-0.0094,False,False,False,-0.4483,4.7177,-0.2321,-1.2794,-0.1193,1.4723,-0.0080,-0.0578,-0.0239,-0.0516,0.0413,0.0251,0.4675,0.1459,0.4054,1.0669,0.0000,0.0000,0.0000,0.0000,0.0000,0.0000,False,-0.0091,-0.0607,-0.0245,-0.0502,0.0414,0.0250,-2.0364,grasp,0.0000,0.0000,0.0000,0.0000,0.0000,0.0000,False,,0.0500,0.0000,False,0.8020,-0.2600,0.0100,0.8432
1662,0.0,1.1506,-0.0110,False,False,False,-0.4483,4.7177,-0.2321,-1.2794,-0.1193,1.4723,-0.0080,-0.0578,-0.0239,-0.0516,0.0413,0.0251,0.4675,0.1459,0.4054,1.0669,0.0000,0.0000,0.0000,0.0000,0.0000,0.0000,False,-0.0679,-0.0205,-0.0265,0.0634,-0.0718,0.0053,2.8505,grasp,0.0000,0.0000,0.0000,0.0000,0.0000,0.0000,False,,0.0500,0.0000,True,0.8020,-0.2600,0.0100,0.8432
1663,0.0,1.1506,-0.0014,False,False,False,-0.4485,4.7164,-0.2326,-1.2804,-0.1185,1.4728,-0.0000,-0.0000,-0.0000,0.0000,-0.0000,0.0000,0.4275,0.1459,0.4054,1.0669,0.0000,0.0000,0.0000,0.0000,0.0000,0.0000,False,-0.0285,-0.0581,0.0561,-0.0487,0.0435,0.0587,-2.4310,grasp,0.0000,0.0000,0.0000,0.0000,0.0000,0.0000,False,,0.0500,0.0000,False,0.8020,-0.2600,0.0100,0.8432
1664,0.0,1.1506,-0.0148,False,False,False,-0.4488,4.7158,-0.2320,-1.2808,-0.1180,1.4734,-0.0283,-0.0548,0.0566,-0.0477,0.0427,0.0582,0.4075,0.1459,0.4054,1.0669,0.0000,0.0000,0.0000,0.0000,0.0000,0.0000,False,-0.0203,0.0133,-0.0615,0.0269,0.0214,0.0726,1.5310,grasp,0.0000,0.0000,0.0000,0.0000,0.0000,0.0000,False,,0.0500,0.0000,True,0.8020,-0.2600,0.0100,0.8432
1665,0.0,1.1503,-0.0114,False,False,False,-0.4488,4.7172,-0.2324,-1.2815,-0.1181,1.4746,0.0004,0.0884,-0.0263,-0.0427,-0.0007,0.0762,0.4335,0.1437,0.4054,1.0669,0.0000,0.0000,0.0000,0.0000,0.0000,0.0000,False,0.0002,0.0465,-0.0138,-0.0225,-0.0004,0.0401,0.4167,grasp,0.0000,0.0000,0.0000,0.0000,0.0000,0.0000,False,,0.0500,0.0000,False,0.8020,-0.2600,0.0100,0.8432
1666,0.0,1.1500,-0.0162,False,False,False,-0.4494,4.7179,-0.2334,-1.2817,-0.1176,1.4754,-0.0636,-0.0772,-0.0557,0.0349,0.0428,-0.0276,0.3955,0.1443,0.4041,1.0669,0.0000,0.0000,0.0000,0.0000,0.0000,0.0000,False,-0.0636,-0.0748,-0.0560,0.0343,0.0428,-0.0265,-2.1577,grasp,0.0000,0.0000,0.0000,0.0000,0.0000,0.0000,False,,0.0500,0.0000,False,0.8020,-0.2600,0.0100,0.8432
1667,0.0,1.1500,-0.0151,False,False,False,-0.4494,4.7179,-0.2334,-1.2817,-0.1176,1.4754,-0.0636,-0.0772,-0.0557,0.0349,0.0428,-0.0276,0.3955,0.1443,0.4041,1.0669,0.0000,0.0000,0.0000,0.0000,0.0000,0.0000,False,0.0550,-0.0499,0.0518,-0.0424,-0.0662,0.0575,1.8728,grasp,0.0000,0.0000,0.0000,0.0000,0.0000,0.0000,False,,0.0500,0.0000,True,0.8020,-0.2600,0.0100,0.8432
1668,0.0,1.1500,-0.0026,False,False,False,-0.4506,4.7161,-0.2344,-1.2811,-0.1168,1.4748,0.0000,-0.0000,-0.0000,0.0000,0.0000,0.0000,0.3955,0.1443,0.4041,1.0669,0.0000,0.0000,0.0000,0.0000,0.0000,0.0000,False,0.0532,-0.0736,-0.0294,-0.0588,-0.0516,0.0108,-2.7147,grasp,0.0000,0.0000,0.0000,0.0000,0.0000,0.0000,False,,0.0500,0.0000,False,0.8020,-0.2600,0.0100,0.8432
1669,0.0,1.1500,-0.0040,False,False,False,-0.4506,4.7161,-0.2344,-1.2811,-0.1168,1.4748,0.0000,-0.0000,-0.0000,0.0000,-0.0000,0.0000,0.4155,0.1443,0.4041,1.0669,0.0000,0.0000,0.0000,0.0000,0.0000,0.0000,False,-0.0475,-0.0715,-0.0609,-0.0360,-0.0019,-0.0732,-1.4998,grasp,0.0000,0.0000,0.0000,0.0000,0.0000,0.0000,False,,0.0500,0.0000,False,0.8020,-0.2600,0.0100,0.8432
1670,0.0,1.1502,-0.0138,False,False,False,-0.4516,4.7160,-0.2346,-1.2813,-0.1175,1.4740,-0.0559,0.0706,0.0467,0.0137,-0.0622,-0.0077,0.4323,0.1425,0.4059,1.0668,0.0000,0.0000,0.0000,0.0000,0.0000,0.0000,False,-0.0564,0.0692,0.0461,0.0133,-0.0623,-0.0084,0.6910,grasp,0.0000,0.0000,0.0000,0.0000,0.0000,0.0000,False,,0.0500,0.0000,False,0.8020,-0.2600,0.0100,0.8432
1671,0.0,1.1507,-0.0152,False,False,False,-0.4520,4.7174,-0.2344,-1.2816,-0.1192,1.4744,0.0741,-0.0334,-0.0737,-0.0596,-0.0571,0.0458,0.4762,0.1461,0.4057,1.0668,0.0000,0.0000,0.0000,0.0000,0.0000,0.0000,False,0.0730,-0.0276,-0.0729,-0.0593,-0.0583,0.0457,1.9662,grasp,0.0000,0.0000,0.0000,0.0000,0.0000,0.0000,False,,0.0500,0.0000,True,0.8020,-0.2600,0.0100,0.8432
1672,0.0,1.1507,-0.0037,False,False,False,-0.4506,4.7166,-0.2358,-1.2828,-0.1203,1.4752,-0.0000,-0.0000,-0.0000,0.0000,-0.0000,0.0000,0.5017,0.1461,0.4057,1.0668,0.0000,0.0000,0.0000,0.0000,0.0000,0.0000,False,-0.0422,-0.0723,-0.0350,0.0114,0.0621,0.0306,1.3650,grasp,0.0000,0.0000,0.0000,0.0000,0.0000,0.0000,False,,0.0500,0.0000,False,0.8020,-0.2600,0.0100,0.8432
1673,0.0,1.1507,-0.0022,False,False,False,-0.4506,4.7166,-0.2358,-1.2828,-0.1203,1.4752,-0.0000,-0.0000,-0.0000,0.0000,-0.0000,0.0000,0.5017,0.1461,0.4057,1.0668,0.0000,0.0000,0.0000,0.0000,0.0000,0.0000,False,0.0138,-0.0333,-0.0049,-0.0369,0.0778,0.0631,1.2592,grasp,0.0000,0.0000,0.0000,0.0000,0.0000,0.0000,False,,0.0500,0.0000,False,0.8020,-0.2600,0.0100,0.8432
1674,0.0,1.1507,-0.0019,False,False,False,-0.4510,4.7160,-0.2356,-1.2829,-0.1192,1.4760,-0.0032,0.0049,0.0527,-0.0282,0.0426,0.0512,0.5489,0.1461,0.4057,1.0668,0.0000,0.0000,0.0000,0.0000,0.0000,0.0000,False,-0.0036,0.0037,0.0524,-0.0280,0.0432,0.0515,3.0185,grasp,0.0000,0.0000,0.0000,0.0000,0.0000,0.0000,False,,0.0500,0.0000,True,0.8020,-0.2600,0.0100,0.8432
1675,0.0,1.1512,-0.0255,False,False,False,-0.4513,4.7163,-0.2314,-1.2852,-0.1158,1.4802,-0.0109,0.0154,0.1813,-0.0968,0.1466,0.1760,0.6089,0.1446,0.4079,1.0667,0.0000,0.0000,0.0000,0.0000,0.0000,0.0000,False,0.0700,-0.0365,0.0787,-0.0184,0.0116,-0.0003,2.1833,grasp,0.0000,0.0000,0.0000,0.0000,0.0000,0.0000,False,,0.0500,0.0000,False,0.8020,-0.2600,0.0100,0.8432
1676,0.0,1.1519,-0.0124,False,False,False,-0.4506,4.7160,-0.2306,-1.2854,-0.1157,1.4801,0.0702,-0.0373,0.0769,-0.0175,0.0102,-0.0021,0.6231,0.1460,0.4083,1.0671,0.0000,0.0000,0.0000,0.0000,0.0000,0.0000,False,0.0672,-0.0209,-0.0058,-0.0172,0.0222,-0.0154,1.7235,grasp,0.0000,0.0000,0.0000,0.0000,0.0000,0.0000,False,,0.0500,0.0000,False,0.8020,-0.2600,0.0100,0.8432
1677,0.0,1.1519,-0.0017,False,False,False,-0.4492,4.7153,-0.2291,-1.2857,-0.1155,1.4801,-0.0000,-0.0000,-0.0000,0.0000,-0.0000,0.0000,0.6086,0.1460,0.4083,1.0671,0.0000,0.0000,0.0000,0.0000,0.0000,0.0000,False,0.0539,0.0668,0.0249,-0.0143,0.0659,-0.0004,-1.5341,grasp,0.0000,0.0000,0.0000,0.0000,0.0000,0.0000,False,,0.0500,0.0000,False,0.8020,-0.2600,0.0100,0.8432
1678,0.0,1.1519,-0.0020,False,False,False,-0.4492,4.7153,-0.2291,-1.2857,-0.1155,1.4801,-0.0000,-0.0000,-0.0000,0.0000,-0.0000,0.0000,0.6086,0.1460,0.4083,1.0671,0.0000,0.0000,0.0000,0.0000,0.0000,0.0000,False,0.0719,0.0767,0.0126,-0.0408,0.0045,0.0383,2.6938,grasp,0.0000,0.0000,0.0000,0.0000,0.0000,0.0000,False,,0.0500,0.0000,True,0.8020,-0.2600,0.0100,0.8432
1679,0.0,1.1518,-0.0224,False,False,False,-0.4484,4.7165,-0.2296,-1.2878,-0.1139,1.4822,0.0239,0.0356,-0.0418,-0.1272,0.0650,0.1375,0.5443,0.1455,0.4080,1.0673,0.0000,0.0000,0.0000,0.0000,0.0000,0.0000,False,0.0126,0.0187,-0.0220,-0.0670,0.0342,0.0724,-0.2630,grasp,0.0000,0.0000,0.0000,0.0000,0.0000,0.0000,False,,0.0500,0.0000,False,0.8020,-0.2600,0.0100,0.8432
1680,0.0,1.1518,-0.0200,False,False,False,-0.4484,4.7165,-0.2296,-1.2878,-0.1139,1.4822,0.0239,0.0356,-0.0418,-0.1272,0.0650,0.1375,0.5443,0.1455,0.4080,1.0673,0.0000,0.0000,0.0000,0.0000,0.0000,0.0000,False,-0.0115,0.0728,-0.0659,0.0303,-0.0541,-0.0203,-1.8375,grasp,0.0000,0.0000,0.0000,0.0000,0.0000,0.0000,False,,0.0500,0.0000,False,0.8020,-0.2600,0.0100,0.8432
1681,0.0,1.1514,-0.0116,False,False,False,-0.4481,4.7177,-0.2308,-1.2893,-0.1135,1.4839,-0.0119,0.0723,-0.0653,0.0321,-0.0550,-0.0223,0.4865,0.1444,0.4068,1.0674,0.0000,0.0000,0.0000,0.0000,0.0000,0.0000,False,0.0617,0.0597,-0.0631,0.0232,-0.0209,0.0434,-0.4759,grasp,0.0000,0.0000,0.0000,0.0000,0.0000,0.0000,False,,0.0500,0.0000,False,0.8020,-0.2600,0.0100,0.8432
1682,0.0,1.1514,-0.0028,False,False,False,-0.4481,4.7178,-0.2308,-1.2893,-0.1135,1.4839,0.0000,-0.0000,-0.0000,0.0000,-0.0000,0.0000,0.4706,0.1444,0.4068,1.0674,0.0000,0.0000,0.0000,0.0000,0.0000,0.0000,False,0.0213,-0.0445,-0.0551,-0.0171,-0.0671,0.0662,0.4739,grasp,0.0000,0.0000,0.0000,0.0000,0.0000,0.0000,False,,0.0500,0.0000,False,0.8020,-0.2600,0.0100,0.8432
1683,0.0,1.1514,-0.0117,False,False,False,-0.4479,4.7173,-0.2314,-1.2895,-0.1142,1.4846,0.0213,-0.0445,-0.0551,-0.0171,-0.0671,0.0662,0.4696,0.1444,0.4068,1.0674,0.0000,0.0000,0.0000,0.0000,0.0000,0.0000,False,-0.0557,-0.0016,0.0746,-0.0442,0.0074,0.0652,2.6027,grasp,0.0000,0.0000,0.0000,0.0000,0.0000,0.0000,False,,0.0500,0.0000,True,0.8020,-0.2600,0.0100,0.8432
1684,0.0,1.1515,-0.0139,False,False,False,-0.4486,4.7167,-0.2319,-1.2894,-0.1148,1.4851,-0.0638,-0.0655,-0.0522,0.0039,-0.0659,0.0563,0.5295,0.1441,0.4074,1.0674,0.0000,0.0000,0.0000,0.0000,0.0000,0.0000,False,-0.0638,-0.0656,-0.0522,0.0039,-0.0659,0.0563,2.5044,grasp,0.0000,0.0000,0.0000,0.0000,0.0000,0.0000,False,,0.0500,0.0000,True,0.8020,-0.2600,0.0100,0.8432
1685,0.0,1.1515,-0.0149,False,False,False,-0.4486,4.7167,-0.2319,-1.2894,-0.1148,1.4851,-0.0638,-0.0655,-0.0522,0.0039,-0.0659,0.0563,0.5295,0.1441,0.4074,1.0674,0.0000,0.0000,0.0000,0.0000,0.0000,0.0000,False,0.0670,-0.0755,-0.0203,0.0520,0.0098,0.0194,2.4045,grasp,0.0000,0.0000,0.0000,0.0000,0.0000,0.0000,False,,0.0500,0.0000,True,0.8020,-0.2600,0.0100,0.8432
1686,0.0,1.1517,-0.0145,False,False,False,-0.4494,4.7156,-0.2335,-1.2892,-0.1154,1.4869,0.0322,0.0392,-0.0600,0.0090,0.0674,0.0654,0.5585,0.1432,0.4088,1.0672,0.0000,0.0000,0.0000,0.0000,0.0000,0.0000,False,0.0322,0.0389,-0.0600,0.0090,0.0674,0.0654,-1.0307,grasp,0.0000,0.0000,0.0000,0.0000,0.0000,0.0000,False,,0.0500,0.0000,False,0.8020,-0.2600,0.0100,0.8432
1687,0.0,1.1517,-0.0125,False,False,False,-0.4494,4.7156,-0.2335,-1.2892,-0.1154,1.4869,0.0322,0.0392,-0.0600,0.0090,0.0674,0.0654,0.5585,0.1432,0.4088,1.0672,0.0000,0.0000,0.0000,0.0000,0.0000,0.0000,False,0.0603,-0.0055,-0.0646,0.0497,-0.0274,-0.0737,-1.8064,grasp,0.0000,0.0000,0.0000,0.0000,0.0000,0.0000,False,,0.0500,0.0000,False,0.8020,-0.2600,0.0100,0.8432
1688,0.0,1.1517,-0.0029,False,False,False,-0.4488,4.7164,-0.2346,-1.2891,-0.1141,1.4881,-0.0000,-0.0000,-0.0000,0.0000,-0.0000,0.0000,0.5185,0.1432,0.4088,1.0672,0.0000,0.0000,0.0000,0.0000,0.0000,0.0000,False,0.0123,0.0345,-0.0081,0.0569,-0.0288,0.0277,2.6523,grasp,0.0000,0.0000,0.0000,0.0000,0.0000,0.0000,False,,0.0500,0.0000,True,0.8020,-0.2600,0.0100,0.8432
1689,0.0,1.1517,-0.0033,False,False,False,-0.4488,4.7164,-0.2346,-1.2891,-0.1141,1.4881,0.0000,-0.0000,-0.0000,0.0000,0.0000,0.0000,0.5385,0.1432,0.4088,1.0672,0.0000,0.0000,0.0000,0.0000,0.0000,0.0000,False,-0.0395,0.0623,-0.0558,-0.0488,-0.0117,-0.0461,1.4766,grasp,0.0000,0.0000,0.0000,0.0000,0.0000,0.0000,False,,0.0500,0.0000,False,0.8020,-0.2600,0.0100,0.8432
1690,0.0,1.1518,-0.0013,False,False,False,-0.4492,4.7170,-0.2352,-1.2896,-0.1142,1.4877,-0.0000,-0.0000,-0.0000,0.0000,-0.0000,0.0000,0.5936,0.1433,0.4091,1.0672,0.0000,0.0000,0.0000,0.0000,0.0000,0.0000,False,-0.0709,0.0081,0.0598,-0.0582,-0.0780,0.0734,2.5766,grasp,0.0000,0.0000,0.0000,0.0000,0.0000,0.0000,False,,0.0500,0.0000,True,0.8020,-0.2600,0.0100,0.8432
1691,0.0,1.1516,-0.0259,False,False,False,-0.4483,4.7182,-0.2363,-1.2889,-0.1153,1.4902,0.1064,0.0719,-0.1156,0.0821,-0.0200,0.1196,0.5471,0.1435,0.4084,1.0671,0.0000,0.0000,0.0000,0.0000,0.0000,0.0000,False,0.0553,0.0380,-0.0602,0.0426,-0.0113,0.0637,-1.3370,grasp,0.0000,0.0000,0.0000,0.0000,0.0000,0.0000,False,,0.0500,0.0000,False,0.8020,-0.2600,0.0100,0.8432
1692,0.0,1.1516,-0.0347,False,False,False,-0.4468,4.7192,-0.2380,-1.2877,-0.1156,1.4919,0.0000,-0.0000,-0.0000,0.0000,0.0000,0.0000,0.5441,0.1435,0.4084,1.0671,0.0000,0.0000,0.0000,0.0000,0.0000,0.0000,False,0.0667,-0.0519,0.0752,0.0391,-0.0603,0.0688,2.3379,grasp,0.0000,0.0000,0.0000,0.0000,0.0000,0.0000,False,,0.0500,0.0000,True,0.8020,-0.2600,0.0100,0.8432
1693,0.0,1.1516,-0.0028,False,False,False,-0.4468,4.7192,-0.2380,-1.2877,-0.1156,1.4919,0.0000,-0.0000,-0.0000,0.0000,0.0000,0.0000,0.5441,0.1435,0.4084,1.0671,0.0000,0.0000,0.0000,0.0000,0.0000,0.0000,False,0.0775,-0.0664,0.0732,0.0090,0.0663,0.0707,2.2791,grasp,0.0000,0.0000,0.0000,0.0000,0.0000,0.0000,False,,0.0500,0.0000,True,0.8020,-0.2600,0.0100,0.8432
1694,0.0,1.1516,-0.0201,False,False,False,-0.4461,4.7187,-0.2372,-1.2873,-0.1162,1.4926,0.0651,-0.0530,0.0769,0.0379,-0.0601,0.0671,0.5595,0.1435,0.4084,1.0671,0.0000,0.0000,0.0000,0.0000,0.0000,0.0000,False,-0.0085,0.0232,-0.0203,0.0659,0.0456,0.0453,2.5355,grasp,0.0000,0.0000,0.0000,0.0000,0.0000,0.0000,False,,0.0500,0.0000,True,0.8020,-0.2600,0.0100,0.8432
1695,0.0,1.1517,-0.0166,False,False,False,-0.4454,4.7194,-0.2376,-1.2877,-0.1166,1.4920,0.0698,0.0751,-0.0395,-0.0363,-0.0416,-0.0571,0.5705,0.1433,0.4090,1.0670,0.0000,0.0000,0.0000,0.0000,0.0000,0.0000,False,0.0698,0.0751,-0.0395,-0.0363,-0.0416,-0.0571,-2.2133,grasp,0.0000,0.0000,0.0000,0.0000,0.0000,0.0000,False,,0.0500,0.0000,False,0.8020,-0.2600,0.0100,0.8432
1696,0.0,1.1511,-0.0227,False,False,False,-0.4444,4.7226,-0.2396,-1.2879,-0.1152,1.4921,-0.0199,0.1160,-0.0796,0.0349,0.1453,0.0744,0.4905,0.1437,0.4070,1.0671,0.0000,0.0000,0.0000,0.0000,0.0000,0.0000,False,-0.0091,0.0627,-0.0427,0.0177,0.0757,0.0381,-0.7036,grasp,0.0000,0.0000,0.0000,0.0000,0.0000,0.0000,False,,0.0500,0.0000,False,0.8020,-0.2600,0.0100,0.8432
1697,0.0,1.1511,-0.0024,False,False,False,-0.4447,4.7244,-0.2407,-1.2874,-0.1131,1.4931,0.0000,-0.0000,-0.0000,0.0000,0.0000,0.0000,0.4922,0.1437,0.4070,1.0671,0.0000,0.0000,0.0000,0.0000,0.0000,0.0000,False,-0.0299,-0.0632,-0.0447,0.0140,-0.0614,0.0545,2.9301,grasp,0.0000,0.0000,0.0000,0.0000,0.0000,0.0000,False,,0.0500,0.0000,True,0.8020,-0.2600,0.0100,0.8432
1698,0.0,1.1511,-0.0032,False,False,False,-0.4447,4.7244,-0.2407,-1.2874,-0.1131,1.4931,0.0000,-0.0000,-0.0000,0.0000,0.0000,0.0000,0.4922,0.1437,0.4070,1.0671,0.0000,0.0000,0.0000,0.0000,0.0000,0.0000,False,0.0415,-0.0332,0.0678,-0.0355,0.0481,-0.0301,2.0826,grasp,0.0000,0.0000,0.0000,0.0000,0.0000,0.0000,False,,0.0500,0.0000,True,0.8020,-0.2600,0.0100,0.8432
1699,0.0,1.1511,-0.0127,False,False,False,-0.4450,4.7238,-0.2411,-1.2872,-0.1138,1.4937,-0.0296,-0.0664,-0.0436,0.0135,-0.0635,0.0534,0.5121,0.1437,0.4070,1.0671,0.0000,0.0000,0.0000,0.0000,0.0000,0.0000,False,-0.0725,0.0200,0.0267,-0.0049,0.0023,0.0437,-2.2233,grasp,0.0000,0.0000,0.0000,0.0000,0.0000,0.0000,False,,0.0500,0.0000,False,0.8020,-0.2600,0.0100,0.8432
1700,0.0,1.1515,-0.0128,False,False,False,-0.4450,4.7242,-0.2415,-1.2879,-0.1145,1.4944,-0.0040,0.0421,-0.0391,-0.0698,-0.0753,0.0708,0.5721,0.1444,0.4079,1.0671,0.0000,0.0000,0.0000,0.0000,0.0000,0.0000,False,-0.0040,0.0420,-0.0391,-0.0698,-0.0753,0.0708,1.3617,grasp,0.0000,0.0000,0.0000,0.0000,0.0000,0.0000,False,,0.0500,0.0000,False,0.8020,-0.2600,0.0100,0.8432
1701,0.0,1.1515,-0.0093,False,False,False,-0.4453,4.7249,-0.2419,-1.2897,-0.1161,1.4950,-0.0154,-0.0151,0.0417,-0.0465,-0.0125,-0.0719,0.6058,0.1444,0.4079,1.0671,0.0000,0.0000,0.0000,0.0000,0.0000,0.0000,False,-0.0155,-0.0142,0.0410,-0.0479,-0.0139,-0.0706,2.0471,grasp,0.0000,0.0000,0.0000,0.0000,0.0000,0.0000,False,,0.0500,0.0000,False,0.8020,-0.2600,0.0100,0.8432
1702,0.0,1.1515,-0.0111,False,False,False,-0.4453,4.7249,-0.2419,-1.2897,-0.1161,1.4950,-0.0154,-0.0151,0.0417,-0.0465,-0.0125,-0.0719,0.6058,0.1444,0.4079,1.0671,0.0000,0.0000,0.0000,0.0000,0.0000,0.0000,False,0.0141,0.0498,0.0359,0.0213,0.0148,0.0389,0.5116,grasp,0.0000,0.0000,0.0000,0.0000,0.0000,0.0000,False,,0.0500,0.0000,False,0.8020,-0.2600,0.0100,0.8432
1703,0.0,1.1518,-0.0193,False,False,False,-0.4456,4.7246,-0.2411,-1.2906,-0.1163,1.4936,-0.0292,-0.0286,0.0793,-0.0884,-0.0238,-0.1367,0.6113,0.1461,0.4078,1.0672,0.0000,0.0000,0.0000,0.0000,0.0000,0.0000,False,-0.0046,-0.0343,-0.0566,0.0004,-0.0763,-0.0659,2.8519,grasp,0.0000,0.0000,0.0000,0.0000,0.0000,0.0000,False,,0.0500,0.0000,True,0.8020,-0.2600,0.0100,0.8432
1704,0.0,1.1518,-0.0141,False,False,False,-0.4454,4.7230,-0.2422,-1.2910,-0.1181,1.4913,0.0301,-0.0508,0.0541,-0.0382,0.0440,-0.0395,0.6632,0.1452,0.4085,1.0671,0.0000,0.0000,0.0000,0.0000,0.0000,0.0000,False,0.0300,-0.0527,0.0531,-0.0382,0.0426,-0.0408,2.7831,grasp,0.0000,0.0000,0.0000,0.0000,0.0000,0.0000,False,,0.0500,0.0000,False,0.8020,-0.2600,0.0100,0.8432
1705,0.0,1.1518,-0.0229,False,False,False,-0.4448,4.7220,-0.2411,-1.2917,-0.1172,1.4906,-0.0000,-0.0000,-0.0000,0.0000,-0.0000,0.0000,0.6523,0.1452,0.4085,1.0671,0.0000,0.0000,0.0000,0.0000,0.0000,0.0000,False,-0.0762,-0.0277,-0.0627,-0.0742,0.0571,0.0664,-1.3861,grasp,0.0000,0.0000,0.0000,0.0000,0.0000,0.0000,False,,0.0500,0.0000,False,0.8020,-0.2600,0.0100,0.8432
1706,0.0,1.1518,-0.0175,False,False,False,-0.4456,4.7217,-0.2418,-1.2924,-0.1167,1.4913,-0.0767,-0.0263,-0.0637,-0.0735,0.0562,0.0671,0.6323,0.1452,0.4085,1.0671,0.0000,0.0000,0.0000,0.0000,0.0000,0.0000,False,-0.0083,0.0611,-0.0680,0.0228,-0.0192,-0.0197,-0.9171,grasp,0.0000,0.0000,0.0000,0.0000,0.0000,0.0000,False,,0.0500,0.0000,False,0.8020,-0.2600,0.0100,0.8432
1707,0.0,1.1519,-0.0072,False,False,False,-0.4478,4.7209,-0.2427,-1.2937,-0.1156,1.4926,-0.0729,-0.0218,0.0299,0.0116,0.0056,0.0102,0.6428,0.1426,0.4096,1.0671,0.0000,0.0000,0.0000,0.0000,0.0000,0.0000,False,-0.0744,-0.0230,0.0286,0.0102,0.0066,0.0115,2.9309,grasp,0.0000,0.0000,0.0000,0.0000,0.0000,0.0000,False,,0.0500,0.0000,True,0.8020,-0.2600,0.0100,0.8432
1708,0.0,1.1519,-0.0144,False,False,False,-0.4492,4.7205,-0.2421,-1.2935,-0.1154,1.4928,-0.1386,-0.0422,0.0567,0.0219,0.0106,0.0195,0.6559,0.1426,0.4096,1.0671,0.0000,0.0000,0.0000,0.0000,0.0000,0.0000,False,-0.0155,-0.0029,-0.0331,0.0351,-0.0531,0.0308,-0.9296,grasp,0.0000,0.0000,0.0000,0.0000,0.0000,0.0000,False,,0.0500,0.0000,False,0.8020,-0.2600,0.0100,0.8432
1709,0.0,1.1519,-0.0180,False,False,False,-0.4499,4.7202,-0.2428,-1.2930,-0.1162,1.4924,-0.0748,-0.0254,-0.0696,0.0533,-0.0784,-0.0399,0.5959,0.1433,0.4094,1.0671,0.0000,0.0000,0.0000,0.0000,0.0000,0.0000,False,-0.0748,-0.0254,-0.0696,0.0533,-0.0784,-0.0399,-1.9966,grasp,0.0000,0.0000,0.0000,0.0000,0.0000,0.0000,False,,0.0500,0.0000,False,0.8020,-0.2600,0.0100,0.8432
1710,0.0,1.1519,-0.0093,False,False,False,-0.4520,4.7192,-0.2442,-1.2922,-0.1175,1.4911,-0.0631,-0.0539,-0.0015,-0.0281,0.0188,-0.0535,0.5359,0.1433,0.4094,1.0671,0.0000,0.0000,0.0000,0.0000,0.0000,0.0000,False,-0.0646,-0.0548,-0.0028,-0.0271,0.0173,-0.0543,-0.6284,grasp,0.0000,0.0000,0.0000,0.0000,0.0000,0.0000,False,,0.0500,0.0000,False,0.8020,-0.2600,0.0100,0.8432
1711,0.0,1.1519,-0.0115,False,False,False,-0.4520,4.7192,-0.2442,-1.2922,-0.1175,1.4911,-0.0631,-0.0539,-0.0015,-0.0281,0.0188,-0.0535,0.5359,0.1433,0.4094,1.0671,0.0000,0.0000,0.0000,0.0000,0.0000,0.0000,False,0.0584,-0.0336,-0.0484,0.0755,-0.0553,-0.0257,1.3811,grasp,0.0000,0.0000,0.0000,0.0000,0.0000,0.0000,False,,0.0500,0.0000,False,0.8020,-0.2600,0.0100,0.8432
1712,0.0,1.1512,-0.0121,False,False,False,-0.4526,4.7178,-0.2447,-1.2920,-0.1177,1.4899,0.0596,-0.0319,-0.0484,0.0761,-0.0556,-0.0247,0.5273,0.1419,0.4088,1.0668,0.0000,0.0000,0.0000,0.0000,0.0000,0.0000,False,-0.0629,-0.0518,0.0351,0.0159,0.0009,-0.0771,-3.0466,grasp,0.0000,0.0000,0.0000,0.0000,0.0000,0.0000,False,,0.0500,0.0000,False,0.8020,-0.2600,0.0100,0.8432
1713,0.0,1.1512,-0.0139,False,False,False,-0.4526,4.7178,-0.2447,-1.2920,-0.1177,1.4899,0.0596,-0.0319,-0.0484,0.0761,-0.0556,-0.0247,0.5273,0.1419,0.4088,1.0668,0.0000,0.0000,0.0000,0.0000,0.0000,0.0000,False,-0.0471,-0.0201,-0.0501,0.0702,-0.0629,-0.0458,1.1325,grasp,0.0000,0.0000,0.0000,0.0000,0.0000,0.0000,False,,0.0500,0.0000,False,0.8020,-0.2600,0.0100,0.8432
1714,0.0,1.1511,-0.0026,False,False,False,-0.4530,4.7176,-0.2452,-1.2913,-0.1184,1.4894,0.0000,-0.0000,-0.0000,0.0000,0.0000,0.0000,0.5343,0.1414,0.4089,1.0667,0.0000,0.0000,0.0000,0.0000,0.0000,0.0000,False,0.0555,0.0762,0.0131,-0.0047,-0.0345,-0.0060,2.5946,grasp,0.0000,0.0000,0.0000,0.0000,0.0000,0.0000,False,,0.0500,0.0000,True,0.8020,-0.2600,0.0100,0.8432
1715,0.0,1.1511,-0.0113,False,False,False,-0.4531,4.7179,-0.2450,-1.2919,-0.1184,1.4893,-0.0616,-0.0432,0.0070,-0.0540,0.0309,-0.0064,0.5795,0.1414,0.4089,1.0667,0.0000,0.0000,0.0000,0.0000,0.0000,0.0000,False,-0.0610,-0.0420,0.0071,-0.0541,0.0305,-0.0064,2.2390,grasp,0.0000,0.0000,0.0000,0.0000,0.0000,0.0000,False,,0.0500,0.0000,False,0.8020,-0.2600,0.0100,0.8432
1716,0.0,1.1516,-0.0098,False,False,False,-0.4550,4.7164,-0.2450,-1.2931,-0.1176,1.4893,-0.0747,-0.0640,-0.0206,-0.0147,0.0170,0.0154,0.6034,0.1420,0.4100,1.0667,0.0000,0.0000,0.0000,0.0000,0.0000,0.0000,False,-0.0759,-0.0652,-0.0205,-0.0157,0.0176,0.0153,2.0446,grasp,0.0000,0.0000,0.0000,0.0000,0.0000,0.0000,False,,0.0500,0.0000,False,0.8020,-0.2600,0.0100,0.8432
1717,0.0,1.1516,-0.0085,False,False,False,-0.4550,4.7164,-0.2450,-1.2931,-0.1176,1.4893,-0.0747,-0.0640,-0.0206,-0.0147,0.0170,0.0154,0.6034,0.1420,0.4100,1.0667,0.0000,0.0000,0.0000,0.0000,0.0000,0.0000,False,-0.0248,-0.0229,0.0103,-0.0666,-0.0232,0.0298,-0.8593,grasp,0.0000,0.0000,0.0000,0.0000,0.0000,0.0000,False,,0.0500,0.0000,False,0.8020,-0.2600,0.0100,0.8432
1718,0.0,1.1517,-0.0294,False,False,False,-0.4584,4.7131,-0.2435,-1.2935,-0.1154,1.4908,-0.1277,-0.1279,0.1239,-0.0092,0.1220,0.0749,0.5888,0.1407,0.4109,1.0666,0.0000,0.0000,0.0000,0.0000,0.0000,0.0000,False,-0.0686,-0.0693,0.0648,-0.0051,0.0645,0.0397,1.0542,grasp,0.0000,0.0000,0.0000,0.0000,0.0000,0.0000,False,,0.0500,0.0000,False,0.8020,-0.2600,0.0100,0.8432
1719,0.0,1.1517,-0.0021,False,False,False,-0.4602,4.7112,-0.2418,-1.2936,-0.1137,1.4918,-0.0000,-0.0000,-0.0000,0.0000,-0.0000,0.0000,0.5634,0.1407,0.4109,1.0666,0.0000,0.0000,0.0000,0.0000,0.0000,0.0000,False,-0.0006,-0.0430,0.0541,-0.0403,0.0027,0.0285,-2.5951,grasp,0.0000,0.0000,0.0000,0.0000,0.0000,0.0000,False,,0.0500,0.0000,False,0.8020,-0.2600,0.0100,0.8432
1720,0.0,1.1517,-0.0093,False,False,False,-0.4602,4.7108,-0.2412,-1.2940,-0.1137,1.4921,0.0012,-0.0404,0.0523,-0.0401,0.0010,0.0274,0.5434,0.1407,0.4109,1.0666,0.0000,0.0000,0.0000,0.0000,0.0000,0.0000,False,-0.0182,0.0236,-0.0782,0.0175,0.0112,0.0464,1.5237,grasp,0.0000,0.0000,0.0000,0.0000,0.0000,0.0000,False,,0.0500,0.0000,False,0.8020,-0.2600,0.0100,0.8432
1721,0.0,1.1516,-0.0143,False,False,False,-0.4595,4.7099,-0.2409,-1.2947,-0.1129,1.4930,0.0630,-0.0187,-0.0617,0.0128,0.0762,0.0335,0.4871,0.1389,0.4109,1.0667,0.0000,0.0000,0.0000,0.0000,0.0000,0.0000,False,0.0630,-0.0196,-0.0607,0.0121,0.0762,0.0340,-0.5322,grasp,0.0000,0.0000,0.0000,0.0000,0.0000,0.0000,False,,0.0500,0.0000,False,0.8020,-0.2600,0.0100,0.8432
1722,0.0,1.1516,-0.0131,False,False,False,-0.4595,4.7099,-0.2409,-1.2947,-0.1129,1.4930,0.0630,-0.0187,-0.0617,0.0128,0.0762,0.0335,0.4871,0.1389,0.4109,1.0667,0.0000,0.0000,0.0000,0.0000,0.0000,0.0000,False,-0.0620,0.0599,-0.0368,-0.0638,-0.0742,0.0351,-0.1396,grasp,0.0000,0.0000,0.0000,0.0000,0.0000,0.0000,False,,0.0500,0.0000,False,0.8020,-0.2600,0.0100,0.8432
1723,0.0,1.1514,-0.0287,False,False,False,-0.4565,4.7079,-0.2432,-1.2927,-0.1113,1.4917,0.1190,-0.1099,-0.0785,0.1086,0.0090,-0.1214,0.5307,0.1354,0.4123,1.0665,0.0000,0.0000,0.0000,0.0000,0.0000,0.0000,False,0.0638,-0.0585,-0.0425,0.0574,0.0062,-0.0633,2.9746,grasp,0.0000,0.0000,0.0000,0.0000,0.0000,0.0000,False,,0.0500,0.0000,True,0.8020,-0.2600,0.0100,0.8432
1724,0.0,1.1514,-0.0410,False,False,False,-0.4548,4.7063,-0.2444,-1.2912,-0.1112,1.4900,0.1697,-0.1576,-0.1120,0.1549,0.0129,-0.1732,0.5503,0.1354,0.4123,1.0665,0.0000,0.0000,0.0000,0.0000,0.0000,0.0000,False,0.0423,-0.0691,-0.0470,-0.0562,-0.0712,0.0570,-2.5108,grasp,0.0000,0.0000,0.0000,0.0000,0.0000,0.0000,False,,0.0500,0.0000,False,0.8020,-0.2600,0.0100,0.8432
1725,0.0,1.1514,-0.0144,False,False,False,-0.4544,4.7051,-0.2448,-1.2918,-0.1119,1.4906,0.0406,-0.0608,-0.0458,-0.0577,-0.0713,0.0587,0.5540,0.1354,0.4123,1.0665,0.0000,0.0000,0.0000,0.0000,0.0000,0.0000,False,-0.0293,0.0561,0.0233,-0.0398,0.0356,0.0404,2.0020,grasp,0.0000,0.0000,0.0000,0.0000,0.0000,0.0000,False,,0.0500,0.0000,False,0.8020,-0.2600,0.0100,0.8432
1726,0.0,1.1513,-0.0112,False,False,False,-0.4539,4.7041,-0.2454,-1.2933,-0.1129,1.4921,-0.0300,0.0611,0.0242,-0.0387,0.0369,0.0393,0.5570,0.1291,0.4155,1.0660,0.0000,0.0000,0.0000,0.0000,0.0000,0.0000,False,-0.0518,0.0431,0.0090,0.0263,-0.0494,0.0100,-0.4495,grasp,0.0000,0.0000,0.0000,0.0000,0.0000,0.0000,False,,0.0500,0.0000,False,0.8020,-0.2600,0.0100,0.8432
1727,0.0,1.1514,-0.0251,False,False,False,-0.4545,4.7040,-0.2437,-1.2923,-0.1105,1.4938,-0.0015,-0.0925,0.0866,0.1084,0.1100,0.0640,0.5145,0.1303,0.4150,1.0661,0.0000,0.0000,0.0000,0.0000,0.0000,0.0000,False,-0.0014,-0.0467,0.0461,0.0563,0.0586,0.0344,-0.2062,grasp,0.0000,0.0000,0.0000,0.0000,0.0000,0.0000,False,,0.0500,0.0000,False,0.8020,-0.2600,0.0100,0.8432
1728,0.0,1.1514,-0.0250,False,False,False,-0.4545,4.7040,-0.2437,-1.2923,-0.1105,1.4938,-0.0015,-0.0925,0.0866,0.1084,0.1100,0.0640,0.5145,0.1303,0.4150,1.0661,0.0000,0.0000,0.0000,0.0000,0.0000,0.0000,False,0.0556,-0.0395,0.0486,-0.0146,0.0398,-0.0006,0.1491,grasp,0.0000,0.0000,0.0000,0.0000,0.0000,0.0000,False,,0.0500,0.0000,False,0.8020,-0.2600,0.0100,0.8432
1729,0.0,1.1514,-0.0125,False,False,False,-0.4540,4.7023,-0.2420,-1.2910,-0.1086,1.4947,0.0556,-0.0376,0.0474,-0.0162,0.0383,-0.0016,0.4849,0.1303,0.4150,1.0661,0.0000,0.0000,0.0000,0.0000,0.0000,0.0000,False,-0.0546,0.0763,0.0566,0.0729,0.0573,0.0182,-0.6603,grasp,0.0000,0.0000,0.0000,0.0000,0.0000,0.0000,False,,0.0500,0.0000,False,0.8020,-0.2600,0.0100,0.8432
1730,0.0,1.1511,-0.0128,False,False,False,-0.4539,4.7015,-0.2415,-1.2905,-0.1080,1.4950,0.0117,-0.0766,0.0416,0.0445,0.0594,0.0316,0.4280,0.1278,0.4149,1.0660,0.0000,0.0000,0.0000,0.0000,0.0000,0.0000,False,0.0117,-0.0766,0.0416,0.0445,0.0594,0.0316,-2.7181,grasp,0.0000,0.0000,0.0000,0.0000,0.0000,0.0000,False,,0.0500,0.0000,False,0.8020,-0.2600,0.0100,0.8432
1731,0.0,1.1511,-0.0132,False,False,False,-0.4539,4.7015,-0.2415,-1.2905,-0.1080,1.4950,0.0117,-0.0766,0.0416,0.0445,0.0594,0.0316,0.4280,0.1278,0.4149,1.0660,0.0000,0.0000,0.0000,0.0000,0.0000,0.0000,False,-0.0119,0.0049,-0.0434,-0.0526,-0.0348,-0.0608,1.7932,grasp,0.0000,0.0000,0.0000,0.0000,0.0000,0.0000,False,,0.0500,0.0000,True,0.8020,-0.2600,0.0100,0.8432
1732,0.0,1.1504,-0.0182,False,False,False,-0.4534,4.7007,-0.2415,-1.2901,-0.1076,1.4964,0.0276,0.0743,-0.0787,-0.0401,-0.0760,0.0749,0.3972,0.1252,0.4141,1.0660,0.0000,0.0000,0.0000,0.0000,0.0000,0.0000,False,0.0278,0.0714,-0.0779,-0.0392,-0.0748,0.0755,-0.3851,grasp,0.0000,0.0000,0.0000,0.0000,0.0000,0.0000,False,,0.0500,0.0000,False,0.8020,-0.2600,0.0100,0.8432
1733,0.0,1.1504,-0.0310,False,False,False,-0.4522,4.6999,-0.2408,-1.2924,-0.1079,1.4965,0.0452,-0.1463,0.1486,-0.1029,0.0771,-0.0879,0.4516,0.1252,0.4141,1.0660,0.0000,0.0000,0.0000,0.0000,0.0000,0.0000,False,0.0243,-0.0754,0.0767,-0.0549,0.0391,-0.0448,2.4744,grasp,0.0000,0.0000,0.0000,0.0000,0.0000,0.0000,False,,0.0500,0.0000,True,0.8020,-0.2600,0.0100,0.8432
1734,0.0,1.1504,-0.0321,False,False,False,-0.4522,4.6999,-0.2408,-1.2924,-0.1079,1.4965,0.0452,-0.1463,0.1486,-0.1029,0.0771,-0.0879,0.4516,0.1252,0.4141,1.0660,0.0000,0.0000,0.0000,0.0000,0.0000,0.0000,False,-0.0110,0.0006,0.0622,0.0729,-0.0213,0.0081,0.1008,grasp,0.0000,0.0000,0.0000,0.0000,0.0000,0.0000,False,,0.0500,0.0000,False,0.8020,-0.2600,0.0100,0.8432
1735,0.0,1.1513,-0.0150,False,False,False,-0.4522,4.6973,-0.2381,-1.2946,-0.1066,1.4953,-0.0667,-0.0328,0.0532,-0.0702,0.0176,0.0083,0.5113,0.1239,0.4168,1.0661,0.0000,0.0000,0.0000,0.0000,0.0000,0.0000,False,-0.0661,-0.0372,0.0554,-0.0717,0.0187,0.0070,-3.0769,grasp,0.0000,0.0000,0.0000,0.0000,0.0000,0.0000,False,,0.0500,0.0000,False,0.8020,-0.2600,0.0100,0.8432
1736,0.0,1.1513,-0.0133,False,False,False,-0.4522,4.6973,-0.2381,-1.2946,-0.1066,1.4953,-0.0667,-0.0328,0.0532,-0.0702,0.0176,0.0083,0.5113,0.1239,0.4168,1.0661,0.0000,0.0000,0.0000,0.0000,0.0000,0.0000,False,0.0746,0.0309,-0.0118,0.0299,-0.0171,-0.0643,-0.9118,grasp,0.0000,0.0000,0.0000,0.0000,0.0000,0.0000,False,,0.0500,0.0000,False,0.8020,-0.2600,0.0100,0.8432
1737,0.0,1.1520,-0.0115,False,False,False,-0.4530,4.6968,-0.2379,-1.2954,-0.1068,1.4954,0.0515,0.0236,-0.0762,0.0494,-0.0533,-0.0062,0.5545,0.1247,0.4182,1.0661,0.0000,0.0000,0.0000,0.0000,0.0000,0.0000,False,0.0502,0.0230,-0.0752,0.0481,-0.0529,-0.0061,1.9650,grasp,0.0000,0.0000,0.0000,0.0000,0.0000,0.0000,False,,0.0500,0.0000,False,0.8020,-0.2600,0.0100,0.8432
1738,0.0,1.1520,-0.0121,False,False,False,-0.4520,4.6973,-0.2393,-1.2945,-0.1078,1.4953,0.0978,0.0449,-0.1449,0.0939,-0.1012,-0.0118,0.5641,0.1247,0.4182,1.0661,0.0000,0.0000,0.0000,0.0000,0.0000,0.0000,False,0.0347,0.0325,0.0629,-0.0482,0.0251,0.0603,-2.2056,grasp,0.0000,0.0000,0.0000,0.0000,0.0000,0.0000,False,,0.0500,0.0000,False,0.8020,-0.2600,0.0100,0.8432
1739,0.0,1.1520,-0.0235,False,False,False,-0.4510,4.6982,-0.2374,-1.2959,-0.1071,1.4970,0.0641,0.0611,0.1222,-0.0933,0.0496,0.1149,0.5041,0.1247,0.4182,1.0661,0.0000,0.0000,0.0000,0.0000,0.0000,0.0000,False,-0.0320,0.0347,0.0372,0.0345,-0.0614,-0.0640,-1.4255,grasp,0.0000,0.0000,0.0000,0.0000,0.0000,0.0000,False,,0.0500,0.0000,False,0.8020,-0.2600,0.0100,0.8432
1740,0.0,1.1517,-0.0124,False,False,False,-0.4501,4.6996,-0.2358,-1.2965,-0.1061,1.4994,-0.0013,0.0322,-0.0144,0.0719,0.0290,0.0739,0.5013,0.1253,0.4163,1.0665,0.0000,0.0000,0.0000,0.0000,0.0000,0.0000,False,-0.0003,0.0352,-0.0126,0.0705,0.0297,0.0755,1.3725,grasp,0.0000,0.0000,0.0000,0.0000,0.0000,0.0000,False,,0.0500,0.0000,False,0.8020,-0.2600,0.0100,0.8432
1741,0.0,1.1517,-0.0107,False,False,False,-0.4501,4.6996,-0.2358,-1.2965,-0.1061,1.4994,-0.0013,0.0322,-0.0144,0.0719,0.0290,0.0739,0.5013,0.1253,0.4163,1.0665,0.0000,0.0000,0.0000,0.0000,0.0000,0.0000,False,-0.0430,0.0573,-0.0775,-0.0571,-0.0029,-0.0272,-1.1081,grasp,0.0000,0.0000,0.0000,0.0000,0.0000,0.0000,False,,0.0500,0.0000,False,0.8020,-0.2600,0.0100,0.8432
1742,0.0,1.1520,-0.0149,False,False,False,-0.4496,4.6997,-0.2355,-1.2952,-0.1062,1.5010,0.0514,-0.0529,0.0623,-0.0071,-0.0671,0.0223,0.5483,0.1265,0.4170,1.0664,0.0000,0.0000,0.0000,0.0000,0.0000,0.0000,False,0.0514,-0.0520,0.0620,-0.0057,-0.0666,0.0237,3.0927,grasp,0.0000,0.0000,0.0000,0.0000,0.0000,0.0000,False,,0.0500,0.0000,True,0.8020,-0.2600,0.0100,0.8432
1743,0.0,1.1520,-0.0149,False,False,False,-0.4496,4.6997,-0.2355,-1.2952,-0.1062,1.5010,0.0514,-0.0529,0.0623,-0.0071,-0.0671,0.0223,0.5483,0.1265,0.4170,1.0664,0.0000,0.0000,0.0000,0.0000,0.0000,0.0000,False,0.0410,-0.0548,-0.0591,0.0079,-0.0020,-0.0220,-0.3025,grasp,0.0000,0.0000,0.0000,0.0000,0.0000,0.0000,False,,0.0500,0.0000,False,0.8020,-0.2600,0.0100,0.8432
1744,0.0,1.1520,-0.0176,False,False,False,-0.4475,4.6972,-0.2361,-1.2951,-0.1075,1.5008,0.0761,-0.1026,-0.1145,0.0152,-0.0014,-0.0427,0.5517,0.1265,0.4170,1.0664,0.0000,0.0000,0.0000,0.0000,0.0000,0.0000,False,0.0229,0.0751,-0.0043,0.0315,0.0750,0.0588,0.9158,grasp,0.0000,0.0000,0.0000,0.0000,0.0000,0.0000,False,,0.0500,0.0000,False,0.8020,-0.2600,0.0100,0.8432
1745,0.0,1.1518,-0.0157,False,False,False,-0.4462,4.6959,-0.2377,-1.2946,-0.1067,1.5008,0.0219,0.0837,-0.0026,0.0313,0.0750,0.0594,0.5296,0.1212,0.4190,1.0660,0.0000,0.0000,0.0000,0.0000,0.0000,0.0000,False,-0.0627,0.0633,-0.0534,0.0318,-0.0522,0.0608,2.6379,grasp,0.0000,0.0000,0.0000,0.0000,0.0000,0.0000,False,,0.0500,0.0000,True,0.8020,-0.2600,0.0100,0.8432
1746,0.0,1.1518,-0.0160,False,False,False,-0.4462,4.6959,-0.2377,-1.2946,-0.1067,1.5008,0.0219,0.0837,-0.0026,0.0313,0.0750,0.0594,0.5296,0.1212,0.4190,1.0660,0.0000,0.0000,0.0000,0.0000,0.0000,0.0000,False,-0.0238,-0.0198,-0.0035,-0.0013,-0.0380,0.0225,-3.1082,grasp,0.0000,0.0000,0.0000,0.0000,0.0000,0.0000,False,,0.0500,0.0000,False,0.8020,-0.2600,0.0100,0.8432
1747,0.0,1.1521,-0.0079,False,False,False,-0.4464,4.6957,-0.2377,-1.2946,-0.1071,1.5010,-0.0238,-0.0199,-0.0035,-0.0013,-0.0380,0.0225,0.5893,0.1215,0.4197,1.0660,0.0000,0.0000,0.0000,0.0000,0.0000,0.0000,False,-0.0676,-0.0597,0.0523,0.0574,0.0142,-0.0468,-2.9174,grasp,0.0000,0.0000,0.0000,0.0000,0.0000,0.0000,False,,0.0500,0.0000,False,0.8020,-0.2600,0.0100,0.8432
1748,0.0,1.1521,-0.0109,False,False,False,-0.4475,4.6952,-0.2374,-1.2951,-0.1077,1.5021,-0.0613,-0.0144,0.0465,-0.0489,0.0109,0.0627,0.6493,0.1215,0.4197,1.0660,0.0000,0.0000,0.0000,0.0000,0.0000,0.0000,False,-0.0617,-0.0148,0.0464,-0.0489,0.0101,0.0631,-1.3451,grasp,0.0000,0.0000,0.0000,0.0000,0.0000,0.0000,False,,0.0500,0.0000,False,0.8020,-0.2600,0.0100,0.8432
1749,0.0,1.1521,-0.0261,False,False,False,-0.4486,4.6949,-0.2365,-1.2960,-0.1075,1.5033,-0.1165,-0.0273,0.0884,-0.0930,0.0206,0.1191,0.6693,0.1215,0.4197,1.0660,0.0000,0.0000,0.0000,0.0000,0.0000,0.0000,False,0.0208,0.0469,-0.0756,-0.0593,-0.0042,0.0104,1.4576,grasp,0.0000,0.0000,0.0000,0.0000,0.0000,0.0000,False,,0.0500,0.0000,False,0.8020,-0.2600,0.0100,0.8432
1750,0.0,1.1524,-0.0103,False,False,False,-0.4480,4.6963,-0.2387,-1.2977,-0.1077,1.5035,0.0417,0.0896,-0.1452,-0.1110,-0.0085,0.0175,0.6485,0.1226,0.4200,1.0661,0.0000,0.0000,0.0000,0.0000,0.0000,0.0000,False,-0.0683,-0.0598,-0.0387,0.0090,0.0755,-0.0122,-0.2469,grasp,0.0000,0.0000,0.0000,0.0000,0.0000,0.0000,False,,0.0500,0.0000,False,0.8020,-0.2600,0.0100,0.8432
1751,0.0,1.1524,-0.0214,False,False,False,-0.4480,4.6963,-0.2387,-1.2977,-0.1077,1.5035,0.0417,0.0896,-0.1452,-0.1110,-0.0085,0.0175,0.6485,0.1226,0.4200,1.0661,0.0000,0.0000,0.0000,0.0000,0.0000,0.0000,False,-0.0614,-0.0622,-0.0151,0.0149,-0.0742,0.0359,-2.0961,grasp,0.0000,0.0000,0.0000,0.0000,0.0000,0.0000,False,,0.0500,0.0000,False,0.8020,-0.2600,0.0100,0.8432
1752,0.0,1.1521,-0.0145,False,False,False,-0.4486,4.6957,-0.2388,-1.2976,-0.1084,1.5039,-0.0614,-0.0622,-0.0151,0.0149,-0.0742,0.0359,0.5885,0.1220,0.4196,1.0660,0.0000,0.0000,0.0000,0.0000,0.0000,0.0000,False,-0.0005,0.0093,-0.0262,0.0010,-0.0766,-0.0477,-1.2964,grasp,0.0000,0.0000,0.0000,0.0000,0.0000,0.0000,False,,0.0500,0.0000,False,0.8020,-0.2600,0.0100,0.8432
1753,0.0,1.1521,-0.0095,False,False,False,-0.4484,4.6954,-0.2386,-1.2971,-0.1081,1.5033,0.0165,-0.0212,0.0193,0.0505,0.0289,-0.0605,0.5561,0.1220,0.4196,1.0660,0.0000,0.0000,0.0000,0.0000,0.0000,0.0000,False,0.0165,-0.0213,0.0193,0.0505,0.0289,-0.0605,0.8111,grasp,0.0000,0.0000,0.0000,0.0000,0.0000,0.0000,False,,0.0500,0.0000,False,0.8020,-0.2600,0.0100,0.8432
1754,0.0,1.1520,-0.0156,False,False,False,-0.4486,4.6970,-0.2375,-1.2953,-0.1080,1.5024,-0.0322,0.1367,0.0486,0.0559,-0.0291,0.0177,0.5859,0.1213,0.4196,1.0660,0.0000,0.0000,0.0000,0.0000,0.0000,0.0000,False,-0.0166,0.0711,0.0259,0.0304,-0.0148,0.0081,2.2002,grasp,0.0000,0.0000,0.0000,0.0000,0.0000,0.0000,False,,0.0500,0.0000,False,0.8020,-0.2600,0.0100,0.8432
1755,0.0,1.1520,-0.0161,False,False,False,-0.4486,4.6970,-0.2375,-1.2953,-0.1080,1.5024,-0.0322,0.1367,0.0486,0.0559,-0.0291,0.0177,0.5859,0.1213,0.4196,1.0660,0.0000,0.0000,0.0000,0.0000,0.0000,0.0000,False,-0.0751,0.0454,0.0085,-0.0540,-0.0295,-0.0758,-0.7876,grasp,0.0000,0.0000,0.0000,0.0000,0.0000,0.0000,False,,0.0500,0.0000,False,0.8020,-0.2600,0.0100,0.8432
1756,0.0,1.1522,-0.0145,False,False,False,-0.4495,4.6992,-0.2362,-1.2938,-0.1081,1.5028,-0.0412,-0.0362,0.0666,0.0638,0.0347,0.0151,0.6281,0.1268,0.4178,1.0663,0.0000,0.0000,0.0000,0.0000,0.0000,0.0000,False,-0.0417,-0.0273,0.0673,0.0645,0.0343,0.0153,2.8888,grasp,0.0000,0.0000,0.0000,0.0000,0.0000,0.0000,False,,0.0500,0.0000,True,0.8020,-0.2600,0.0100,0.8432
1757,0.0,1.1522,-0.0141,False,False,False,-0.4495,4.6992,-0.2362,-1.2938,-0.1081,1.5028,-0.0412,-0.0362,0.0666,0.0638,0.0347,0.0151,0.6281,0.1268,0.4178,1.0663,0.0000,0.0000,0.0000,0.0000,0.0000,0.0000,False,0.0201,0.0101,0.0176,-0.0737,0.0440,0.0772,-1.0892,grasp,0.0000,0.0000,0.0000,0.0000,0.0000,0.0000,False,,0.0500,0.0000,False,0.8020,-0.2600,0.0100,0.8432
1758,0.0,1.1522,-0.0135,False,False,False,-0.4501,4.6987,-0.2347,-1.2934,-0.1070,1.5039,0.0209,0.0107,0.0163,-0.0749,0.0433,0.0769,0.6021,0.1268,0.4178,1.0663,0.0000,0.0000,0.0000,0.0000,0.0000,0.0000,False,-0.0268,-0.0688,0.0316,0.0679,-0.0139,-0.0578,1.4128,grasp,0.0000,0.0000,0.0000,0.0000,0.0000,0.0000,False,,0.0500,0.0000,False,0.8020,-0.2600,0.0100,0.8432
1759,0.0,1.1523,-0.0190,False,False,False,-0.4476,4.6986,-0.2359,-1.2938,-0.1060,1.5043,0.1348,-0.0206,-0.0950,0.0648,0.0129,-0.0646,0.6244,0.1267,0.4176,1.0664,0.0000,0.0000,0.0000,0.0000,0.0000,0.0000,False,0.0713,-0.0106,-0.0497,0.0327,0.0076,-0.0326,2.6563,grasp,0.0000,0.0000,0.0000,0.0000,0.0000,0.0000,False,,0.0500,0.0000,False,0.8020,-0.2600,0.0100,0.8432
1760,0.0,1.1523,-0.0106,False,False,False,-0.4458,4.6984,-0.2366,-1.2932,-0.1059,1.5030,-0.0088,0.0274,0.0594,-0.0355,-0.0153,-0.0452,0.6578,0.1240,0.4191,1.0662,0.0000,0.0000,0.0000,0.0000,0.0000,0.0000,False,-0.0069,0.0256,0.0580,-0.0345,-0.0151,-0.0461,2.7641,grasp,0.0000,0.0000,0.0000,0.0000,0.0000,0.0000,False,,0.0500,0.0000,False,0.8020,-0.2600,0.0100,0.8432
1761,0.0,1.1523,-0.0085,False,False,False,-0.4458,4.6984,-0.2366,-1.2932,-0.1059,1.5030,-0.0088,0.0274,0.0594,-0.0355,-0.0153,-0.0452,0.6578,0.1240,0.4191,1.0662,0.0000,0.0000,0.0000,0.0000,0.0000,0.0000,False,0.0667,-0.0401,-0.0617,-0.0727,-0.0307,0.0296,1.6292,grasp,0.0000,0.0000,0.0000,0.0000,0.0000,0.0000,False,,0.0500,0.0000,False,0.8020,-0.2600,0.0100,0.8432
1762,0.0,1.1523,-0.0135,False,False,False,-0.4452,4.6991,-0.2351,-1.2946,-0.1069,1.5017,0.0713,0.0079,0.0388,-0.0660,-0.0629,-0.0435,0.6272,0.1240,0.4191,1.0662,0.0000,0.0000,0.0000,0.0000,0.0000,0.0000,False,0.0711,0.0093,0.0400,-0.0666,-0.0632,-0.0444,-2.3508,grasp,0.0000,0.0000,0.0000,0.0000,0.0000,0.0000,False,,0.0500,0.0000,False,0.8020,-0.2600,0.0100,0.8432
1763,0.0,1.1523,-0.0158,False,False,False,-0.4452,4.6991,-0.2351,-1.2946,-0.1069,1.5017,0.0713,0.0079,0.0388,-0.0660,-0.0629,-0.0435,0.6272,0.1240,0.4191,1.0662,0.0000,0.0000,0.0000,0.0000,0.0000,0.0000,False,0.0762,0.0431,0.0649,-0.0659,-0.0168,0.0090,1.8583,grasp,0.0000,0.0000,0.0000,0.0000,0.0000,0.0000,False,,0.0500,0.0000,False,0.8020,-0.2600,0.0100,0.8432
1764,0.0,1.1522,-0.0170,False,False,False,-0.4444,4.6993,-0.2337,-1.2964,-0.1077,1.5016,-0.0550,0.0057,0.0707,-0.0533,0.0345,0.0769,0.5672,0.1249,0.4179,1.0665,0.0000,0.0000,0.0000,0.0000,0.0000,0.0000,False,-0.0537,0.0058,0.0714,-0.0546,0.0333,0.0761,-0.9505,grasp,0.0000,0.0000,0.0000,0.0000,0.0000,0.0000,False,,0.0500,0.0000,False,0.8020,-0.2600,0.0100,0.8432
1765,0.0,1.1522,-0.0153,False,False,False,-0.4444,4.6993,-0.2337,-1.2964,-0.1077,1.5016,-0.0550,0.0057,0.0707,-0.0533,0.0345,0.0769,0.5672,0.1249,0.4179,1.0665,0.0000,0.0000,0.0000,0.0000,0.0000,0.0000,False,-0.0735,-0.0515,-0.0117,-0.0702,-0.0249,-0.0777,1.5583,grasp,0.0000,0.0000,0.0000,0.0000,0.0000,0.0000,False,,0.0500,0.0000,False,0.8020,-0.2600,0.0100,0.8432
1766,0.0,1.1522,-0.0280,False,False,False,-0.4455,4.6994,-0.2323,-1.2974,-0.1071,1.5031,-0.1045,0.0109,0.1343,-0.1013,0.0655,0.1462,0.5472,0.1249,0.4179,1.0665,0.0000,0.0000,0.0000,0.0000,0.0000,0.0000,False,-0.0771,0.0794,-0.0178,-0.0458,-0.0395,0.0042,1.1866,grasp,0.0000,0.0000,0.0000,0.0000,0.0000,0.0000,False,,0.0500,0.0000,False,0.8020,-0.2600,0.0100,0.8432
1767,0.0,1.1520,-0.0119,False,False,False,-0.4457,4.6997,-0.2317,-1.2978,-0.1077,1.5027,-0.0264,0.0321,0.0641,-0.0382,-0.0602,-0.0334,0.5124,0.1264,0.4161,1.0668,0.0000,0.0000,0.0000,0.0000,0.0000,0.0000,False,-0.0264,0.0321,0.0641,-0.0382,-0.0602,-0.0334,-2.5609,grasp,0.0000,0.0000,0.0000,0.0000,0.0000,0.0000,False,,0.0500,0.0000,False,0.8020,-0.2600,0.0100,0.8432
1768,0.0,1.1520,-0.0157,False,False,False,-0.4460,4.6998,-0.2299,-1.2989,-0.1081,1.5020,0.0265,-0.0738,0.0629,-0.0470,0.0716,-0.0068,0.4805,0.1264,0.4161,1.0668,0.0000,0.0000,0.0000,0.0000,0.0000,0.0000,False,0.0260,-0.0717,0.0642,-0.0477,0.0705,-0.0074,0.2346,grasp,0.0000,0.0000,0.0000,0.0000,0.0000,0.0000,False,,0.0500,0.0000,False,0.8020,-0.2600,0.0100,0.8432
1769,0.0,1.1518,-0.0068,False,False,False,-0.4461,4.6985,-0.2289,-1.2997,-0.1070,1.5018,-0.0584,0.0252,-0.0230,0.0162,-0.0271,-0.0138,0.4524,0.1254,0.4154,1.0669,0.0000,0.0000,0.0000,0.0000,0.0000,0.0000,False,-0.0579,0.0227,-0.0218,0.0153,-0.0258,-0.0140,-0.3607,grasp,0.0000,0.0000,0.0000,0.0000,0.0000,0.0000,False,,0.0500,0.0000,False,0.8020,-0.2600,0.0100,0.8432
1770,0.0,1.1518,-0.0083,False,False,False,-0.4461,4.6985,-0.2289,-1.2997,-0.1070,1.5018,-0.0584,0.0252,-0.0230,0.0162,-0.0271,-0.0138,0.4524,0.1254,0.4154,1.0669,0.0000,0.0000,0.0000,0.0000,0.0000,0.0000,False,0.0254,0.0063,-0.0414,-0.0242,-0.0101,0.0440,2.1584,grasp,0.0000,0.0000,0.0000,0.0000,0.0000,0.0000,False,,0.0500,0.0000,True,0.8020,-0.2600,0.0100,0.8432
1771,0.0,1.1518,-0.0156,False,False,False,-0.4472,4.6990,-0.2293,-1.2994,-0.1075,1.5015,-0.1110,0.0468,-0.0438,0.0308,-0.0515,-0.0263,0.4425,0.1254,0.4154,1.0669,0.0000,0.0000,0.0000,0.0000,0.0000,0.0000,False,-0.0226,-0.0518,-0.0584,-0.0208,-0.0438,-0.0744,1.7279,grasp,0.0000,0.0000,0.0000,0.0000,0.0000,0.0000,False,,0.0500,0.0000,True,0.8020,-0.2600,0.0100,0.8432
1772,0.0,1.1516,-0.0115,False,False,False,-0.4468,4.6984,-0.2295,-1.2997,-0.1071,1.5012,0.0369,-0.0679,-0.0201,-0.0331,0.0444,-0.0326,0.4472,0.1256,0.4150,1.0669,0.0000,0.0000,0.0000,0.0000,0.0000,0.0000,False,0.0369,-0.0678,-0.0201,-0.0331,0.0444,-0.0326,-0.0659,grasp,0.0000,0.0000,0.0000,0.0000,0.0000,0.0000,False,,0.0500,0.0000,False,0.8020,-0.2600,0.0100,0.8432
1773,0.0,1.1516,-0.0146,False,False,False,-0.4465,4.6963,-0.2300,-1.3010,-0.1057,1.4999,-0.0421,-0.0535,-0.0141,-0.0676,0.0515,-0.0663,0.4017,0.1256,0.4150,1.0669,0.0000,0.0000,0.0000,0.0000,0.0000,0.0000,False,-0.0414,-0.0581,-0.0144,-0.0683,0.0524,-0.0669,-2.5005,grasp,0.0000,0.0000,0.0000,0.0000,0.0000,0.0000,False,,0.0500,0.0000,False,0.8020,-0.2600,0.0100,0.8432
1774,0.0,1.1516,-0.0286,False,False,False,-0.4473,4.6953,-0.2303,-1.3023,-0.1047,1.4986,-0.0800,-0.1053,-0.0267,-0.1285,0.0979,-0.1260,0.3817,0.1256,0.4150,1.0669,0.0000,0.0000,0.0000,0.0000,0.0000,0.0000,False,-0.0485,0.0777,0.0069,0.0342,0.0448,-0.0291,-0.3914,grasp,0.0000,0.0000,0.0000,0.0000,0.0000,0.0000,False,,0.0500,0.0000,False,0.8020,-0.2600,0.0100,0.8432
1775,0.0,1.1510,-0.0116,False,False,False,-0.4478,4.6959,-0.2302,-1.3019,-0.1043,1.4984,-0.0477,0.0801,0.0071,0.0355,0.0438,-0.0278,0.3757,0.1209,0.4151,1.0667,0.0000,0.0000,0.0000,0.0000,0.0000,0.0000,False,0.0545,-0.0256,0.0114,-0.0458,0.0701,-0.0695,-1.3542,grasp,0.0000,0.0000,0.0000,0.0000,0.0000,0.0000,False,,0.0500,0.0000,False,0.8020,-0.2600,0.0100,0.8432
1776,0.0,1.1510,-0.0227,False,False,False,-0.4487,4.6973,-0.2301,-1.3013,-0.1035,1.4978,-0.0906,0.1517,0.0136,0.0674,0.0832,-0.0528,0.3731,0.1209,0.4151,1.0667,0.0000,0.0000,0.0000,0.0000,0.0000,0.0000,False,-0.0347,-0.0219,0.0122,0.0255,-0.0446,0.0709,-0.3346,grasp,0.0000,0.0000,0.0000,0.0000,0.0000,0.0000,False,,0.0500,0.0000,False,0.8020,-0.2600,0.0100,0.8432
1777,0.0,1.1510,-0.0024,False,False,False,-0.4487,4.6977,-0.2301,-1.3013,-0.1035,1.4978,0.0000,-0.0000,-0.0000,0.0000,-0.0000,0.0000,0.3716,0.1209,0.4151,1.0667,0.0000,0.0000,0.0000,0.0000,0.0000,0.0000,False,-0.0758,0.0273,0.0118,-0.0161,0.0148,0.0151,-1.9462,grasp,0.0000,0.0000,0.0000,0.0000,0.0000,0.0000,False,,0.0500,0.0000,False,0.8020,-0.2600,0.0100,0.8432
1778,0.0,1.1505,-0.0273,False,False,False,-0.4483,4.6998,-0.2292,-1.3035,-0.1045,1.4992,0.0786,0.1314,0.0544,-0.1358,-0.0778,0.0800,0.3916,0.1231,0.4125,1.0669,0.0000,0.0000,0.0000,0.0000,0.0000,0.0000,False,0.0406,0.0692,0.0288,-0.0716,-0.0408,0.0423,2.8013,grasp,0.0000,0.0000,0.0000,0.0000,0.0000,0.0000,False,,0.0500,0.0000,True,0.8020,-0.2600,0.0100,0.8432
1779,0.0,1.1518,-0.0031,False,False,False,-0.4466,4.7028,-0.2287,-1.3058,-0.1049,1.4997,0.0510,0.0687,-0.0309,-0.0349,0.0690,-0.0644,0.4508,0.1282,0.4133,1.0674,0.0000,0.0000,0.0000,0.0000,0.0000,0.0000,False,0.0521,0.0750,-0.0302,-0.0368,0.0678,-0.0632,2.6237,grasp,0.0000,0.0000,0.0000,0.0000,0.0000,0.0000,False,,0.0500,0.0000,True,0.8020,-0.2600,0.0100,0.8432
1780,0.0,1.1518,-0.0159,False,False,False,-0.4466,4.7028,-0.2287,-1.3058,-0.1049,1.4997,0.0510,0.0687,-0.0309,-0.0349,0.0690,-0.0644,0.4508,0.1282,0.4133,1.0674,0.0000,0.0000,0.0000,0.0000,0.0000,0.0000,False,-0.0615,0.0686,0.0555,-0.0648,0.0459,0.0289,1.3710,grasp,0.0000,0.0000,0.0000,0.0000,0.0000,0.0000,False,,0.0500,0.0000,False,0.8020,-0.2600,0.0100,0.8432
1781,0.0,1.1518,-0.0323,False,False,False,-0.4457,4.7042,-0.2293,-1.3064,-0.1036,1.4985,0.0969,0.1351,-0.0588,-0.0663,0.1310,-0.1223,0.4708,0.1282,0.4133,1.0674,0.0000,0.0000,0.0000,0.0000,0.0000,0.0000,False,-0.0531,-0.0595,0.0698,-0.0687,0.0082,0.0344,-2.2499,grasp,0.0000,0.0000,0.0000,0.0000,0.0000,0.0000,False,,0.0500,0.0000,False,0.8020,-0.2600,0.0100,0.8432
1782,0.0,1.1518,-0.0029,False,False,False,-0.4457,4.7042,-0.2293,-1.3064,-0.1036,1.4985,-0.0000,-0.0000,-0.0000,0.0000,-0.0000,0.0000,0.4492,0.1282,0.4133,1.0674,0.0000,0.0000,0.0000,0.0000,0.0000,0.0000,False,-0.0735,0.0755,0.0776,0.0653,0.0163,-0.0413,-0.2779,grasp,0.0000,0.0000,0.0000,0.0000,0.0000,0.0000,False,,0.0500,0.0000,False,0.8020,-0.2600,0.0100,0.8432
1783,0.0,1.1520,-0.0252,False,False,False,-0.4458,4.7061,-0.2272,-1.3036,-0.1016,1.4980,0.0384,0.0807,0.0852,0.1415,0.1232,-0.0028,0.4576,0.1295,0.4130,1.0676,0.0000,0.0000,0.0000,0.0000,0.0000,0.0000,False,0.0195,0.0437,0.0456,0.0752,0.0650,-0.0019,0.8080,grasp,0.0000,0.0000,0.0000,0.0000,0.0000,0.0000,False,,0.0500,0.0000,False,0.8020,-0.2600,0.0100,0.8432
1784,0.0,1.1521,-0.0123,False,False,False,-0.4448,4.7080,-0.2261,-1.3010,-0.1004,1.4973,0.0459,0.0451,-0.0074,0.0571,-0.0554,-0.0649,0.4221,0.1319,0.4119,1.0678,0.0000,0.0000,0.0000,0.0000,0.0000,0.0000,False,0.0464,0.0492,-0.0062,0.0591,-0.0536,-0.0649,-1.5951,grasp,0.0000,0.0000,0.0000,0.0000,0.0000,0.0000,False,,0.0500,0.0000,False,0.8020,-0.2600,0.0100,0.8432
1785,0.0,1.1521,-0.0257,False,False,False,-0.4439,4.7089,-0.2262,-1.3000,-0.1014,1.4961,0.0872,0.0887,-0.0140,0.1084,-0.1052,-0.1233,0.4021,0.1319,0.4119,1.0678,0.0000,0.0000,0.0000,0.0000,0.0000,0.0000,False,0.0508,-0.0675,-0.0374,-0.0758,-0.0284,-0.0585,0.4348,grasp,0.0000,0.0000,0.0000,0.0000,0.0000,0.0000,False,,0.0500,0.0000,False,0.8020,-0.2600,0.0100,0.8432
1786,0.0,1.1521,-0.0253,False,False,False,-0.4439,4.7089,-0.2262,-1.3000,-0.1014,1.4961,0.0872,0.0887,-0.0140,0.1084,-0.1052,-0.1233,0.4021,0.1319,0.4119,1.0678,0.0000,0.0000,0.0000,0.0000,0.0000,0.0000,False,0.0723,-0.0497,0.0418,0.0113,0.0339,0.0265,-1.5227,grasp,0.0000,0.0000,0.0000,0.0000,0.0000,0.0000,False,,0.0500,0.0000,False,0.8020,-0.2600,0.0100,0.8432
1787,0.0,1.1512,-0.0124,False,False,False,-0.4436,4.7093,-0.2248,-1.3006,-0.1013,1.4949,-0.0234,0.0578,0.0630,-0.0487,-0.0124,-0.0984,0.3911,0.1312,0.4097,1.0678,0.0000,0.0000,0.0000,0.0000,0.0000,0.0000,False,-0.0116,0.0298,0.0336,-0.0255,-0.0062,-0.0515,0.3907,grasp,0.0000,0.0000,0.0000,0.0000,0.0000,0.0000,False,,0.0500,0.0000,False,0.8020,-0.2600,0.0100,0.8432
1788,0.0,1.1512,-0.0223,False,False,False,-0.4439,4.7102,-0.2239,-1.3013,-0.1014,1.4935,-0.0334,0.0824,0.0898,-0.0695,-0.0176,-0.1403,0.3970,0.1312,0.4097,1.0678,0.0000,0.0000,0.0000,0.0000,0.0000,0.0000,False,-0.0332,-0.0141,0.0550,-0.0460,-0.0679,-0.0475,-0.0144,grasp,0.0000,0.0000,0.0000,0.0000,0.0000,0.0000,False,,0.0500,0.0000,False,0.8020,-0.2600,0.0100,0.8432
1789,0.0,1.1516,-0.0138,False,False,False,-0.4442,4.7101,-0.2234,-1.3017,-0.1021,1.4930,-0.0329,-0.0166,0.0541,-0.0453,-0.0677,-0.0461,0.3972,0.1342,0.4093,1.0680,0.0000,0.0000,0.0000,0.0000,0.0000,0.0000,False,0.0738,-0.0608,-0.0110,0.0040,-0.0156,0.0361,0.1272,grasp,0.0000,0.0000,0.0000,0.0000,0.0000,0.0000,False,,0.0500,0.0000,False,0.8020,-0.2600,0.0100,0.8432
1790,0.0,1.1516,-0.0026,False,False,False,-0.4442,4.7101,-0.2234,-1.3017,-0.1021,1.4930,-0.0000,-0.0000,-0.0000,0.0000,-0.0000,0.0000,0.3973,0.1342,0.4093,1.0680,0.0000,0.0000,0.0000,0.0000,0.0000,0.0000,False,0.0300,-0.0487,-0.0599,-0.0183,0.0337,0.0384,2.0882,grasp,0.0000,0.0000,0.0000,0.0000,0.0000,0.0000,False,,0.0500,0.0000,True,0.8020,-0.2600,0.0100,0.8432
1791,0.0,1.1516,-0.0027,False,False,False,-0.4442,4.7101,-0.2234,-1.3017,-0.1021,1.4930,0.0000,-0.0000,-0.0000,0.0000,-0.0000,0.0000,0.4373,0.1342,0.4093,1.0680,0.0000,0.0000,0.0000,0.0000,0.0000,0.0000,False,-0.0269,0.0662,0.0023,-0.0427,-0.0113,-0.0547,-0.2866,grasp,0.0000,0.0000,0.0000,0.0000,0.0000,0.0000,False,,0.0500,0.0000,False,0.8020,-0.2600,0.0100,0.8432
1792,0.0,1.1522,-0.0215,False,False,False,-0.4428,4.7127,-0.2231,-1.3034,-0.1029,1.4932,0.1089,0.1294,0.0172,-0.0836,-0.0420,0.0467,0.4918,0.1361,0.4102,1.0681,0.0000,0.0000,0.0000,0.0000,0.0000,0.0000,False,0.0570,0.0688,0.0091,-0.0444,-0.0222,0.0240,1.4402,grasp,0.0000,0.0000,0.0000,0.0000,0.0000,0.0000,False,,0.0500,0.0000,False,0.8020,-0.2600,0.0100,0.8432
1793,0.0,1.1525,-0.0026,False,False,False,-0.4413,4.7149,-0.2229,-1.3046,-0.1035,1.4938,-0.0000,-0.0000,-0.0000,0.0000,-0.0000,0.0000,0.4809,0.1387,0.4093,1.0684,0.0000,0.0000,0.0000,0.0000,0.0000,0.0000,False,0.0333,0.0063,0.0440,-0.0693,-0.0354,0.0160,-2.7656,grasp,0.0000,0.0000,0.0000,0.0000,0.0000,0.0000,False,,0.0500,0.0000,False,0.8020,-0.2600,0.0100,0.8432
1794,0.0,1.1525,-0.0109,False,False,False,-0.4410,4.7149,-0.2224,-1.3053,-0.1038,1.4940,0.0317,0.0014,0.0438,-0.0681,-0.0348,0.0153,0.4609,0.1387,0.4093,1.0684,0.0000,0.0000,0.0000,0.0000,0.0000,0.0000,False,-0.0356,-0.0794,-0.0518,-0.0379,-0.0783,-0.0454,-2.8648,grasp,0.0000,0.0000,0.0000,0.0000,0.0000,0.0000,False,,0.0500,0.0000,False,0.8020,-0.2600,0.0100,0.8432
1795,0.0,1.1525,-0.0184,False,False,False,-0.4404,4.7149,-0.2216,-1.3066,-0.1045,1.4943,0.0603,0.0057,0.0832,-0.1295,-0.0662,0.0292,0.4409,0.1387,0.4093,1.0684,0.0000,0.0000,0.0000,0.0000,0.0000,0.0000,False,0.0411,0.0339,0.0283,-0.0214,-0.0658,-0.0613,-0.4291,grasp,0.0000,0.0000,0.0000,0.0000,0.0000,0.0000,False,,0.0500,0.0000,False,0.8020,-0.2600,0.0100,0.8432
1796,0.0,1.1525,-0.0190,False,False,False,-0.4404,4.7149,-0.2216,-1.3066,-0.1045,1.4943,0.0603,0.0057,0.0832,-0.1295,-0.0662,0.0292,0.4409,0.1387,0.4093,1.0684,0.0000,0.0000,0.0000,0.0000,0.0000,0.0000,False,0.0615,-0.0697,-0.0694,0.0043,-0.0085,0.0483,0.7043,grasp,0.0000,0.0000,0.0000,0.0000,0.0000,0.0000,False,,0.0500,0.0000,False,0.8020,-0.2600,0.0100,0.8432
1797,0.0,1.1523,-0.0024,False,False,False,-0.4404,4.7149,-0.2216,-1.3066,-0.1045,1.4943,0.0000,-0.0000,-0.0000,0.0000,-0.0000,0.0000,0.4506,0.1387,0.4085,1.0685,0.0000,0.0000,0.0000,0.0000,0.0000,0.0000,False,-0.0567,0.0261,0.0609,0.0495,0.0222,0.0634,1.3466,grasp,0.0000,0.0000,0.0000,0.0000,0.0000,0.0000,False,,0.0500,0.0000,False,0.8020,-0.2600,0.0100,0.8432
1798,0.0,1.1523,-0.0244,False,False,False,-0.4420,4.7156,-0.2198,-1.3052,-0.1038,1.4961,-0.1078,0.0498,0.1157,0.0941,0.0421,0.1205,0.4736,0.1387,0.4085,1.0685,0.0000,0.0000,0.0000,0.0000,0.0000,0.0000,False,-0.0124,0.0253,-0.0347,0.0617,0.0535,0.0386,-1.2409,grasp,0.0000,0.0000,0.0000,0.0000,0.0000,0.0000,False,,0.0500,0.0000,False,0.8020,-0.2600,0.0100,0.8432
1799,0.0,1.1523,-0.0259,False,False,False,-0.4455,4.7173,-0.2160,-1.3028,-0.1045,1.4971,-0.1300,0.0447,0.1443,0.0659,-0.0837,-0.0455,0.4234,0.1436,0.4062,1.0687,0.0000,0.0000,0.0000,0.0000,0.0000,0.0000,False,-0.0700,0.0256,0.0776,0.0360,-0.0435,-0.0222,-1.6553,grasp,0.0000,0.0000,0.0000,0.0000,0.0000,0.0000,False,,0.0500,0.0000,False,0.8020,-0.2600,0.0100,0.8432
1800,0.0,1.1523,-0.0363,False,False,False,-0.4474,4.7179,-0.2139,-1.3019,-0.1057,1.4965,-0.1854,0.0655,0.2059,0.0940,-0.1194,-0.0649,0.4034,0.1436,0.4062,1.0687,0.0000,0.0000,0.0000,0.0000,0.0000,0.0000,False,-0.0478,-0.0519,-0.0439,0.0559,0.0617,0.0575,-2.3887,grasp,0.0000,0.0000,0.0000,0.0000,0.0000,0.0000,False,,0.0500,0.0000,False,0.8020,-0.2600,0.0100,0.8432
1801,0.0,1.1523,-0.0375,False,False,False,-0.4474,4.7179,-0.2139,-1.3019,-0.1057,1.4965,-0.1854,0.0655,0.2059,0.0940,-0.1194,-0.0649,0.4034,0.1436,0.4062,1.0687,0.0000,0.0000,0.0000,0.0000,0.0000,0.0000,False,-0.0653,-0.0780,0.0667,0.0450,-0.0045,-0.0748,-2.7123,grasp,0.0000,0.0000,0.0000,0.0000,0.0000,0.0000,False,,0.0500,0.0000,False,0.8020,-0.2600,0.0100,0.8432
1802,0.0,1.1523,-0.0015,False,False,False,-0.4474,4.7183,-0.2139,-1.3019,-0.1057,1.4965,0.0000,-0.0000,-0.0000,0.0000,0.0000,0.0000,0.4034,0.1436,0.4062,1.0687,0.0000,0.0000,0.0000,0.0000,0.0000,0.0000,False,-0.0174,-0.0049,-0.0490,0.0744,0.0490,-0.0159,1.5822,grasp,0.0000,0.0000,0.0000,0.0000,0.0000,0.0000,False,,0.0500,0.0000,True,0.8020,-0.2600,0.0100,0.8432
1803,0.0,1.1520,-0.0140,False,False,False,-0.4480,4.7188,-0.2146,-1.3019,-0.1059,1.4959,-0.0432,0.0495,-0.0154,-0.0783,-0.0665,-0.0469,0.3830,0.1477,0.4037,1.0688,0.0000,0.0000,0.0000,0.0000,0.0000,0.0000,False,-0.0434,0.0495,-0.0159,-0.0776,-0.0660,-0.0470,-2.3076,grasp,0.0000,0.0000,0.0000,0.0000,0.0000,0.0000,False,,0.0500,0.0000,False,0.8020,-0.2600,0.0100,0.8432
1804,0.0,1.1518,-0.0259,False,False,False,-0.4510,4.7212,-0.2158,-1.3052,-0.1078,1.4943,-0.1454,0.0965,-0.0613,-0.1189,-0.0431,-0.0471,0.4228,0.1498,0.4021,1.0689,0.0000,0.0000,0.0000,0.0000,0.0000,0.0000,False,-0.0773,0.0520,-0.0325,-0.0641,-0.0239,-0.0257,2.6716,grasp,0.0000,0.0000,0.0000,0.0000,0.0000,0.0000,False,,0.0500,0.0000,True,0.8020,-0.2600,0.0100,0.8432
1805,0.0,1.1518,-0.0270,False,False,False,-0.4531,4.7226,-0.2167,-1.3069,-0.1084,1.4936,-0.2074,0.1380,-0.0874,-0.1696,-0.0614,-0.0672,0.4428,0.1498,0.4021,1.0689,0.0000,0.0000,0.0000,0.0000,0.0000,0.0000,False,0.0558,0.0203,-0.0501,0.0792,-0.0111,0.0041,-1.1196,grasp,0.0000,0.0000,0.0000,0.0000,0.0000,0.0000,False,,0.0500,0.0000,False,0.8020,-0.2600,0.0100,0.8432
1806,0.0,1.1518,-0.0363,False,False,False,-0.4531,4.7226,-0.2167,-1.3069,-0.1084,1.4936,-0.2074,0.1380,-0.0874,-0.1696,-0.0614,-0.0672,0.4428,0.1498,0.4021,1.0689,0.0000,0.0000,0.0000,0.0000,0.0000,0.0000,False,-0.0446,0.0716,-0.0060,0.0720,0.0643,0.0080,-2.5346,grasp,0.0000,0.0000,0.0000,0.0000,0.0000,0.0000,False,,0.0500,0.0000,False,0.8020,-0.2600,0.0100,0.8432
1807,0.0,1.1518,-0.0390,False,False,False,-0.4531,4.7228,-0.2167,-1.3069,-0.1084,1.4936,-0.0000,-0.0000,-0.0000,0.0000,-0.0000,0.0000,0.4274,0.1498,0.4021,1.0689,0.0000,0.0000,0.0000,0.0000,0.0000,0.0000,False,-0.0487,0.0202,-0.0557,0.0158,-0.0735,-0.0021,0.4189,grasp,0.0000,0.0000,0.0000,0.0000,0.0000,0.0000,False,,0.0500,0.0000,False,0.8020,-0.2600,0.0100,0.8432
1808,0.0,1.1521,-0.0098,False,False,False,-0.4533,4.7228,-0.2177,-1.3066,-0.1098,1.4940,0.0285,-0.0126,-0.0482,0.0215,-0.0671,0.0391,0.4635,0.1534,0.4014,1.0690,0.0000,0.0000,0.0000,0.0000,0.0000,0.0000,False,0.0280,-0.0124,-0.0487,0.0216,-0.0678,0.0391,1.5427,grasp,0.0000,0.0000,0.0000,0.0000,0.0000,0.0000,False,,0.0500,0.0000,True,0.8020,-0.2600,0.0100,0.8432
1809,0.0,1.1528,-0.0348,False,False,False,-0.4522,4.7248,-0.2201,-1.3084,-0.1090,1.4967,0.0354,0.1468,-0.0987,-0.1445,0.1353,0.1299,0.5368,0.1538,0.4032,1.0689,0.0000,0.0000,0.0000,0.0000,0.0000,0.0000,False,0.0192,0.0768,-0.0529,-0.0757,0.0700,0.0691,2.7324,grasp,0.0000,0.0000,0.0000,0.0000,0.0000,0.0000,False,,0.0500,0.0000,True,0.8020,-0.2600,0.0100,0.8432
1810,0.0,1.1528,-0.0359,False,False,False,-0.4522,4.7248,-0.2201,-1.3084,-0.1090,1.4967,0.0354,0.1468,-0.0987,-0.1445,0.1353,0.1299,0.5368,0.1538,0.4032,1.0689,0.0000,0.0000,0.0000,0.0000,0.0000,0.0000,False,0.0338,-0.0394,-0.0473,0.0744,0.0454,0.0735,1.1023,grasp,0.0000,0.0000,0.0000,0.0000,0.0000,0.0000,False,,0.0500,0.0000,False,0.8020,-0.2600,0.0100,0.8432
1811,0.0,1.1528,-0.0456,False,False,False,-0.4517,4.7269,-0.2215,-1.3104,-0.1071,1.4985,0.0505,0.2093,-0.1408,-0.2061,0.1930,0.1853,0.5568,0.1538,0.4032,1.0689,0.0000,0.0000,0.0000,0.0000,0.0000,0.0000,False,-0.0221,0.0070,0.0609,-0.0731,0.0715,-0.0281,0.9134,grasp,0.0000,0.0000,0.0000,0.0000,0.0000,0.0000,False,,0.0500,0.0000,False,0.8020,-0.2600,0.0100,0.8432
1812,0.0,1.1532,-0.0091,False,False,False,-0.4519,4.7274,-0.2206,-1.3106,-0.1069,1.4987,0.0027,0.0297,0.0264,0.0549,-0.0487,0.0422,0.5656,0.1548,0.4035,1.0692,0.0000,0.0000,0.0000,0.0000,0.0000,0.0000,False,0.0025,0.0298,0.0270,0.0542,-0.0480,0.0420,1.7838,grasp,0.0000,0.0000,0.0000,0.0000,0.0000,0.0000,False,,0.0500,0.0000,False,0.8020,-0.2600,0.0100,0.8432
1813,0.0,1.1532,-0.0093,False,False,False,-0.4519,4.7274,-0.2206,-1.3106,-0.1069,1.4987,0.0027,0.0297,0.0264,0.0549,-0.0487,0.0422,0.5656,0.1548,0.4035,1.0692,0.0000,0.0000,0.0000,0.0000,0.0000,0.0000,False,-0.0672,0.0708,-0.0758,-0.0533,-0.0434,-0.0793,-2.6743,grasp,0.0000,0.0000,0.0000,0.0000,0.0000,0.0000,False,,0.0500,0.0000,False,0.8020,-0.2600,0.0100,0.8432
1814,0.0,1.1530,-0.0021,False,False,False,-0.4519,4.7280,-0.2201,-1.3096,-0.1078,1.4995,-0.0000,-0.0000,-0.0000,0.0000,-0.0000,0.0000,0.5318,0.1561,0.4025,1.0692,0.0000,0.0000,0.0000,0.0000,0.0000,0.0000,False,0.0445,-0.0508,0.0546,0.0179,-0.0570,-0.0114,-2.6971,grasp,0.0000,0.0000,0.0000,0.0000,0.0000,0.0000,False,,0.0500,0.0000,False,0.8020,-0.2600,0.0100,0.8432
1815,0.0,1.1530,-0.0027,False,False,False,-0.4514,4.7275,-0.2196,-1.3094,-0.1084,1.4994,-0.0000,-0.0000,-0.0000,0.0000,-0.0000,0.0000,0.4918,0.1561,0.4025,1.0692,0.0000,0.0000,0.0000,0.0000,0.0000,0.0000,False,0.0555,0.0442,-0.0519,0.0182,0.0322,-0.0506,-2.7446,grasp,0.0000,0.0000,0.0000,0.0000,0.0000,0.0000,False,,0.0500,0.0000,False,0.8020,-0.2600,0.0100,0.8432
1816,0.0,1.1530,-0.0028,False,False,False,-0.4509,4.7280,-0.2201,-1.3092,-0.1080,1.4989,-0.0000,-0.0000,-0.0000,0.0000,-0.0000,0.0000,0.4518,0.1561,0.4025,1.0692,0.0000,0.0000,0.0000,0.0000,0.0000,0.0000,False,0.0267,0.0423,-0.0393,0.0229,-0.0279,-0.0010,-2.0778,grasp,0.0000,0.0000,0.0000,0.0000,0.0000,0.0000,False,,0.0500,0.0000,False,0.8020,-0.2600,0.0100,0.8432
1817,0.0,1.1522,-0.0114,False,False,False,-0.4513,4.7286,-0.2201,-1.3089,-0.1082,1.4993,-0.0696,0.0213,0.0447,0.0023,0.0163,0.0432,0.4718,0.1548,0.4006,1.0692,0.0000,0.0000,0.0000,0.0000,0.0000,0.0000,False,-0.0693,0.0217,0.0443,0.0026,0.0161,0.0432,2.9471,grasp,0.0000,0.0000,0.0000,0.0000,0.0000,0.0000,False,,0.0500,0.0000,True,0.8020,-0.2600,0.0100,0.8432
1818,0.0,1.1531,-0.0119,False,False,False,-0.4531,4.7290,-0.2187,-1.3096,-0.1075,1.4993,-0.0444,-0.0087,0.0529,-0.0653,0.0308,-0.0779,0.5310,0.1579,0.4016,1.0693,0.0000,0.0000,0.0000,0.0000,0.0000,0.0000,False,-0.0457,-0.0074,0.0537,-0.0652,0.0312,-0.0771,2.3043,grasp,0.0000,0.0000,0.0000,0.0000,0.0000,0.0000,False,,0.0500,0.0000,True,0.8020,-0.2600,0.0100,0.8432
1819,0.0,1.1531,-0.0158,False,False,False,-0.4531,4.7290,-0.2187,-1.3096,-0.1075,1.4993,-0.0444,-0.0087,0.0529,-0.0653,0.0308,-0.0779,0.5310,0.1579,0.4016,1.0693,0.0000,0.0000,0.0000,0.0000,0.0000,0.0000,False,0.0466,-0.0611,-0.0489,0.0734,-0.0454,-0.0431,-1.8714,grasp,0.0000,0.0000,0.0000,0.0000,0.0000,0.0000,False,,0.0500,0.0000,False,0.8020,-0.2600,0.0100,0.8432
1820,0.0,1.1531,-0.0032,False,False,False,-0.4539,4.7288,-0.2177,-1.3108,-0.1070,1.4978,-0.0000,-0.0000,-0.0000,0.0000,-0.0000,0.0000,0.5346,0.1579,0.4016,1.0693,0.0000,0.0000,0.0000,0.0000,0.0000,0.0000,False,-0.0431,-0.0743,0.0538,0.0742,0.0068,-0.0624,0.7520,grasp,0.0000,0.0000,0.0000,0.0000,0.0000,0.0000,False,,0.0500,0.0000,False,0.8020,-0.2600,0.0100,0.8432
1821,0.0,1.1531,-0.0025,False,False,False,-0.4534,4.7282,-0.2182,-1.3100,-0.1074,1.4974,-0.0000,-0.0000,-0.0000,0.0000,-0.0000,0.0000,0.4946,0.1579,0.4016,1.0693,0.0000,0.0000,0.0000,0.0000,0.0000,0.0000,False,-0.0368,0.0127,0.0725,-0.0391,-0.0536,-0.0500,-1.4442,grasp,0.0000,0.0000,0.0000,0.0000,0.0000,0.0000,False,,0.0500,0.0000,False,0.8020,-0.2600,0.0100,0.8432
1822,0.0,1.1527,-0.0364,False,False,False,-0.4555,4.7289,-0.2141,-1.3123,-0.1104,1.4946,-0.1010,0.0368,0.1977,-0.1080,-0.1439,-0.1343,0.4346,0.1577,0.4005,1.0694,0.0000,0.0000,0.0000,0.0000,0.0000,0.0000,False,0.0622,-0.0710,0.0168,0.0775,0.0567,-0.0449,-0.7994,grasp,0.0000,0.0000,0.0000,0.0000,0.0000,0.0000,False,,0.0500,0.0000,False,0.8020,-0.2600,0.0100,0.8432
1823,0.0,1.1519,-0.0108,False,False,False,-0.4556,4.7296,-0.2141,-1.3130,-0.1099,1.4940,-0.0096,0.0512,-0.0044,-0.0672,0.0446,-0.0618,0.3809,0.1598,0.3966,1.0696,0.0000,0.0000,0.0000,0.0000,0.0000,0.0000,False,-0.0096,0.0514,-0.0044,-0.0672,0.0446,-0.0618,-2.8633,grasp,0.0000,0.0000,0.0000,0.0000,0.0000,0.0000,False,,0.0500,0.0000,False,0.8020,-0.2600,0.0100,0.8432
1824,0.0,1.1519,-0.0030,False,False,False,-0.4558,4.7307,-0.2142,-1.3142,-0.1091,1.4929,0.0000,-0.0000,-0.0000,0.0000,0.0000,0.0000,0.3807,0.1598,0.3966,1.0696,0.0000,0.0000,0.0000,0.0000,0.0000,0.0000,False,0.0609,-0.0006,0.0224,0.0476,-0.0541,0.0608,2.5476,grasp,0.0000,0.0000,0.0000,0.0000,0.0000,0.0000,False,,0.0500,0.0000,True,0.8020,-0.2600,0.0100,0.8432
1825,0.0,1.1519,-0.0010,False,False,False,-0.4558,4.7307,-0.2142,-1.3142,-0.1091,1.4929,0.0000,-0.0000,-0.0000,0.0000,0.0000,0.0000,0.3807,0.1598,0.3966,1.0696,0.0000,0.0000,0.0000,0.0000,0.0000,0.0000,False,-0.0766,0.0794,-0.0369,-0.0115,-0.0239,-0.0477,-2.0507,grasp,0.0000,0.0000,0.0000,0.0000,0.0000,0.0000,False,,0.0500,0.0000,False,0.8020,-0.2600,0.0100,0.8432
1826,0.0,1.1519,-0.0021,False,False,False,-0.4558,4.7307,-0.2142,-1.3142,-0.1091,1.4929,0.0000,-0.0000,-0.0000,0.0000,0.0000,0.0000,0.3807,0.1598,0.3966,1.0696,0.0000,0.0000,0.0000,0.0000,0.0000,0.0000,False,-0.0495,-0.0438,-0.0668,-0.0391,0.0706,-0.0473,-2.9270,grasp,0.0000,0.0000,0.0000,0.0000,0.0000,0.0000,False,,0.0500,0.0000,False,0.8020,-0.2600,0.0100,0.8432
1827,0.0,1.1518,-0.0258,False,False,False,-0.4580,4.7283,-0.2178,-1.3160,-0.1057,1.4908,-0.1357,-0.1192,-0.1817,-0.1072,0.1929,-0.1297,0.3247,0.1595,0.3963,1.0697,0.0000,0.0000,0.0000,0.0000,0.0000,0.0000,False,-0.0475,-0.0099,0.0474,-0.0124,0.0579,-0.0663,2.5734,grasp,0.0000,0.0000,0.0000,0.0000,0.0000,0.0000,False,,0.0500,0.0000,True,0.8020,-0.2600,0.0100,0.8432
1828,0.0,1.1517,0.0000,False,False,False,-0.4597,4.7261,-0.2201,-1.3173,-0.1032,1.4891,0.0000,-0.0000,-0.0000,0.0000,-0.0000,0.0000,0.3447,0.1533,0.3989,1.0695,0.0000,0.0000,0.0000,0.0000,0.0000,0.0000,False,0.0416,0.0114,-0.0700,0.0021,-0.0579,-0.0485,-0.6289,grasp,0.0000,0.0000,0.0000,0.0000,0.0000,0.0000,False,,0.0500,0.0000,False,0.8020,-0.2600,0.0100,0.8432
1829,0.0,1.1517,0.0000,False,False,False,-0.4593,4.7262,-0.2208,-1.3173,-0.1038,1.4887,-0.0000,-0.0000,-0.0000,0.0000,-0.0000,0.0000,0.3373,0.1533,0.3989,1.0695,0.0000,0.0000,0.0000,0.0000,0.0000,0.0000,False,0.0408,-0.0044,-0.0627,0.0468,-0.0684,0.0113,-0.9879,grasp,0.0000,0.0000,0.0000,0.0000,0.0000,0.0000,False,,0.0500,0.0000,False,0.8020,-0.2600,0.0100,0.8432
1830,0.0,1.1517,0.0000,False,False,False,-0.4589,4.7262,-0.2214,-1.3168,-0.1045,1.4888,0.0404,-0.0045,-0.0620,0.0468,-0.0678,0.0118,0.3310,0.1533,0.3989,1.0695,0.0000,0.0000,0.0000,0.0000,0.0000,0.0000,False,0.0579,-0.0192,0.0240,0.0182,-0.0048,-0.0285,2.4571,grasp,0.0000,0.0000,0.0000,0.0000,0.0000,0.0000,False,,0.0500,0.0000,True,0.8020,-0.2600,0.0100,0.8432
1831,0.0,1.1519,0.0000,False,False,False,-0.4598,4.7276,-0.2212,-1.3172,-0.1066,1.4876,-0.0612,0.0951,0.0093,-0.0244,-0.1369,-0.0764,0.4110,0.1533,0.3998,1.0694,0.0000,0.0000,0.0000,0.0000,0.0000,0.0000,False,-0.0322,0.0499,0.0049,-0.0128,-0.0720,-0.0402,-2.6253,grasp,0.0000,0.0000,0.0000,0.0000,0.0000,0.0000,False,,0.0500,0.0000,False,0.8020,-0.2600,0.0100,0.8432
1832,0.0,1.1519,0.0000,False,False,False,-0.4598,4.7276,-0.2212,-1.3172,-0.1066,1.4876,-0.0612,0.0951,0.0093,-0.0244,-0.1369,-0.0764,0.4110,0.1533,0.3998,1.0694,0.0000,0.0000,0.0000,0.0000,0.0000,0.0000,False,-0.0260,0.0263,0.0088,0.0098,0.0107,0.0024,2.3949,grasp,0.0000,0.0000,0.0000,0.0000,0.0000,0.0000,False,,0.0500,0.0000,True,0.8020,-0.2600,0.0100,0.8432
1833,0.0,1.1529,0.0000,False,False,False,-0.4607,4.7292,-0.2211,-1.3175,-0.1085,1.4865,0.0000,-0.0000,-0.0000,0.0000,-0.0000,0.0000,0.4695,0.1590,0.4000,1.0695,0.0000,0.0000,0.0000,0.0000,0.0000,0.0000,False,-0.0676,0.0142,0.0435,0.0494,-0.0601,0.0338,-2.1326,grasp,0.0000,0.0000,0.0000,0.0000,0.0000,0.0000,False,,0.0500,0.0000,False,0.8020,-0.2600,0.0100,0.8432
1834,0.0,1.1529,0.0000,False,False,False,-0.4614,4.7293,-0.2207,-1.3171,-0.1091,1.4869,-0.0000,-0.0000,-0.0000,0.0000,-0.0000,0.0000,0.4989,0.1590,0.4000,1.0695,0.0000,0.0000,0.0000,0.0000,0.0000,0.0000,False,0.0308,0.0537,0.0341,0.0647,-0.0238,-0.0180,1.4083,grasp,0.0000,0.0000,0.0000,0.0000,0.0000,0.0000,False,,0.0500,0.0000,False,0.8020,-0.2600,0.0100,0.8432
1835,0.0,1.1529,0.0000,False,False,False,-0.4614,4.7293,-0.2207,-1.3171,-0.1091,1.4869,-0.0000,-0.0000,-0.0000,0.0000,-0.0000,0.0000,0.4989,0.1590,0.4000,1.0695,0.0000,0.0000,0.0000,0.0000,0.0000,0.0000,False,-0.0764,0.0677,0.0550,-0.0388,-0.0724,0.0097,0.0318,grasp,0.0000,0.0000,0.0000,0.0000,0.0000,0.0000,False,,0.0500,0.0000,False,0.8020,-0.2600,0.0100,0.8432
1836,0.0,1.1529,0.0000,False,False,False,-0.4633,4.7316,-0.2222,-1.3172,-0.1089,1.4869,-0.1444,0.1161,-0.1242,-0.0533,0.0255,0.0139,0.4367,0.1604,0.3994,1.0695,0.0000,0.0000,0.0000,0.0000,0.0000,0.0000,False,-0.0760,0.0611,-0.0654,-0.0281,0.0134,0.0073,-1.1261,grasp,0.0000,0.0000,0.0000,0.0000,0.0000,0.0000,False,,0.0500,0.0000,False,0.8020,-0.2600,0.0100,0.8432
1837,0.0,1.1529,0.0000,False,False,False,-0.4633,4.7316,-0.2222,-1.3172,-0.1089,1.4869,-0.1444,0.1161,-0.1242,-0.0533,0.0255,0.0139,0.4367,0.1604,0.3994,1.0695,0.0000,0.0000,0.0000,0.0000,0.0000,0.0000,False,0.0064,0.0533,0.0150,0.0316,-0.0241,0.0278,-1.8477,grasp,0.0000,0.0000,0.0000,0.0000,0.0000,0.0000,False,,0.0500,0.0000,False,0.8020,-0.2600,0.0100,0.8432
1838,0.0,1.1519,0.0000,False,False,False,-0.4652,4.7339,-0.2238,-1.3177,-0.1088,1.4874,0.0084,0.0501,0.0168,0.0323,-0.0244,0.0276,0.3786,0.1622,0.3958,1.0695,0.0000,0.0000,0.0000,0.0000,0.0000,0.0000,False,-0.0491,-0.0265,0.0746,-0.0760,-0.0112,0.0695,-3.0691,grasp,0.0000,0.0000,0.0000,0.0000,0.0000,0.0000,False,,0.0500,0.0000,False,0.8020,-0.2600,0.0100,0.8432
1839,0.0,1.1519,0.0000,False,False,False,-0.4652,4.7339,-0.2238,-1.3177,-0.1088,1.4874,-0.0000,-0.0000,-0.0000,0.0000,-0.0000,0.0000,0.3386,0.1622,0.3958,1.0695,0.0000,0.0000,0.0000,0.0000,0.0000,0.0000,False,-0.0534,0.0466,0.0123,0.0026,0.0640,0.0282,-2.1015,grasp,0.0000,0.0000,0.0000,0.0000,0.0000,0.0000,False,,0.0500,0.0000,False,0.8020,-0.2600,0.0100,0.8432
1840,0.0,1.1519,0.0000,False,False,False,-0.4652,4.7339,-0.2238,-1.3177,-0.1088,1.4874,-0.0000,-0.0000,-0.0000,0.0000,-0.0000,0.0000,0.3386,0.1622,0.3958,1.0695,0.0000,0.0000,0.0000,0.0000,0.0000,0.0000,False,0.0566,-0.0639,0.0573,-0.0421,0.0554,0.0204,2.0459,grasp,0.0000,0.0000,0.0000,0.0000,0.0000,0.0000,False,,0.0500,0.0000,True,0.8020,-0.2600,0.0100,0.8432
1841,0.0,1.1517,0.0000,False,False,False,-0.4664,4.7344,-0.2233,-1.3183,-0.1080,1.4871,-0.0667,0.0051,0.0372,-0.0646,0.0206,-0.0564,0.3785,0.1623,0.3950,1.0696,0.0000,0.0000,0.0000,0.0000,0.0000,0.0000,False,-0.0667,0.0051,0.0372,-0.0646,0.0206,-0.0564,-1.9173,grasp,0.0000,0.0000,0.0000,0.0000,0.0000,0.0000,False,,0.0500,0.0000,False,0.8020,-0.2600,0.0100,0.8432
1842,0.0,1.1517,0.0000,False,False,False,-0.4677,4.7345,-0.2226,-1.3195,-0.1076,1.4860,-0.1266,0.0097,0.0706,-0.1227,0.0391,-0.1072,0.3985,0.1623,0.3950,1.0696,0.0000,0.0000,0.0000,0.0000,0.0000,0.0000,False,-0.0717,0.0659,0.0656,-0.0784,0.0701,0.0107,-2.4957,grasp,0.0000,0.0000,0.0000,0.0000,0.0000,0.0000,False,,0.0500,0.0000,False,0.8020,-0.2600,0.0100,0.8432
1843,0.0,1.1522,0.0000,False,False,False,-0.4690,4.7354,-0.2209,-1.3216,-0.1076,1.4838,0.0545,0.0736,0.0689,-0.0376,-0.0625,-0.0680,0.3835,0.1655,0.3944,1.0699,0.0000,0.0000,0.0000,0.0000,0.0000,0.0000,False,0.0527,0.0743,0.0699,-0.0394,-0.0620,-0.0696,-1.4314,grasp,0.0000,0.0000,0.0000,0.0000,0.0000,0.0000,False,,0.0500,0.0000,False,0.8020,-0.2600,0.0100,0.8432
1844,0.0,1.1522,0.0000,False,False,False,-0.4679,4.7371,-0.2196,-1.3223,-0.1088,1.4825,0.0000,-0.0000,-0.0000,0.0000,0.0000,0.0000,0.3712,0.1655,0.3944,1.0699,0.0000,0.0000,0.0000,0.0000,0.0000,0.0000,False,0.0498,-0.0285,0.0202,-0.0391,0.0215,-0.0106,0.0693,grasp,0.0000,0.0000,0.0000,0.0000,0.0000,0.0000,False,,0.0500,0.0000,False,0.8020,-0.2600,0.0100,0.8432
1845,0.0,1.1522,0.0000,False,False,False,-0.4679,4.7371,-0.2196,-1.3223,-0.1088,1.4825,0.0000,-0.0000,-0.0000,0.0000,0.0000,0.0000,0.3712,0.1655,0.3944,1.0699,0.0000,0.0000,0.0000,0.0000,0.0000,0.0000,False,0.0393,-0.0264,0.0574,-0.0729,0.0613,-0.0539,1.0843,grasp,0.0000,0.0000,0.0000,0.0000,0.0000,0.0000,False,,0.0500,0.0000,True,0.8020,-0.2600,0.0100,0.8432
1846,0.0,1.1519,0.0000,False,False,False,-0.4667,4.7363,-0.2208,-1.3233,-0.1071,1.4816,0.0505,-0.0291,-0.0919,-0.0370,0.0957,-0.0547,0.3427,0.1657,0.3931,1.0700,0.0000,0.0000,0.0000,0.0000,0.0000,0.0000,False,0.0271,-0.0156,-0.0482,-0.0198,0.0506,-0.0289,-1.1300,grasp,0.0000,0.0000,0.0000,0.0000,0.0000,0.0000,False,,0.0500,0.0000,False,0.8020,-0.2600,0.0100,0.8432
1847,0.0,1.1519,0.0000,False,False,False,-0.4667,4.7363,-0.2208,-1.3233,-0.1071,1.4816,0.0505,-0.0291,-0.0919,-0.0370,0.0957,-0.0547,0.3427,0.1657,0.3931,1.0700,0.0000,0.0000,0.0000,0.0000,0.0000,0.0000,False,0.0626,-0.0231,0.0756,-0.0243,-0.0441,-0.0461,2.5280,grasp,0.0000,0.0000,0.0000,0.0000,0.0000,0.0000,False,,0.0500,0.0000,True,0.8020,-0.2600,0.0100,0.8432
1848,0.0,1.1519,0.0000,False,False,False,-0.4660,4.7358,-0.2221,-1.3238,-0.1058,1.4808,0.0000,-0.0000,-0.0000,0.0000,0.0000,0.0000,0.3541,0.1657,0.3931,1.0700,0.0000,0.0000,0.0000,0.0000,0.0000,0.0000,False,0.0731,0.0725,-0.0463,-0.0403,-0.0526,-0.0757,-0.4711,grasp,0.0000,0.0000,0.0000,0.0000,0.0000,0.0000,False,,0.0500,0.0000,False,0.8020,-0.2600,0.0100,0.8432
1849,0.0,1.1522,0.0000,False,False,False,-0.4632,4.7377,-0.2227,-1.3252,-0.1077,1.4782,0.1377,0.1386,-0.0895,-0.0762,-0.0990,-0.1430,0.3667,0.1633,0.3951,1.0700,0.0000,0.0000,0.0000,0.0000,0.0000,0.0000,False,0.0731,-0.0015,-0.0049,-0.0308,0.0158,-0.0103,1.1294,grasp,0.0000,0.0000,0.0000,0.0000,0.0000,0.0000,False,,0.0500,0.0000,True,0.8020,-0.2600,0.0100,0.8432
1850,0.0,1.1522,0.0000,False,False,False,-0.4618,4.7400,-0.2239,-1.3266,-0.1088,1.4756,-0.0541,0.0290,0.0108,-0.0287,0.0372,-0.0513,0.4038,0.1633,0.3951,1.0700,0.0000,0.0000,0.0000,0.0000,0.0000,0.0000,False,-0.0521,0.0322,0.0095,-0.0298,0.0358,-0.0534,2.9281,grasp,0.0000,0.0000,0.0000,0.0000,0.0000,0.0000,False,,0.0500,0.0000,True,0.8020,-0.2600,0.0100,0.8432
1851,0.0,1.1525,0.0000,False,False,False,-0.4628,4.7406,-0.2237,-1.3271,-0.1081,1.4746,-0.1028,0.0563,0.0205,-0.0545,0.0707,-0.0976,0.4238,0.1654,0.3949,1.0701,0.0000,0.0000,0.0000,0.0000,0.0000,0.0000,False,0.0553,0.0572,-0.0429,-0.0580,0.0395,0.0592,-0.4696,grasp,0.0000,0.0000,0.0000,0.0000,0.0000,0.0000,False,,0.0500,0.0000,False,0.8020,-0.2600,0.0100,0.8432
1852,0.0,1.1526,0.0000,False,False,False,-0.4655,4.7433,-0.2231,-1.3283,-0.1070,1.4731,-0.0804,0.1205,0.0197,-0.0221,0.0034,-0.0117,0.4003,0.1692,0.3931,1.0703,0.0000,0.0000,0.0000,0.0000,0.0000,0.0000,False,-0.0438,0.0646,0.0106,-0.0124,0.0028,-0.0076,-0.9970,grasp,0.0000,0.0000,0.0000,0.0000,0.0000,0.0000,False,,0.0500,0.0000,False,0.8020,-0.2600,0.0100,0.8432
1853,0.0,1.1526,0.0000,False,False,False,-0.4655,4.7433,-0.2231,-1.3283,-0.1070,1.4731,-0.0804,0.1205,0.0197,-0.0221,0.0034,-0.0117,0.4003,0.1692,0.3931,1.0703,0.0000,0.0000,0.0000,0.0000,0.0000,0.0000,False,-0.0180,0.0696,0.0732,0.0444,0.0319,0.0716,-2.5021,grasp,0.0000,0.0000,0.0000,0.0000,0.0000,0.0000,False,,0.0500,0.0000,False,0.8020,-0.2600,0.0100,0.8432
1854,0.0,1.1526,0.0000,False,False,False,-0.4667,4.7455,-0.2228,-1.3286,-0.1070,1.4729,-0.0000,-0.0000,-0.0000,0.0000,-0.0000,0.0000,0.3675,0.1692,0.3931,1.0703,0.0000,0.0000,0.0000,0.0000,0.0000,0.0000,False,-0.0586,0.0647,0.0493,-0.0029,0.0039,0.0688,0.0100,grasp,0.0000,0.0000,0.0000,0.0000,0.0000,0.0000,False,,0.0500,0.0000,False,0.8020,-0.2600,0.0100,0.8432
1855,0.0,1.1526,0.0000,False,False,False,-0.4667,4.7455,-0.2228,-1.3286,-0.1070,1.4729,0.0000,-0.0000,-0.0000,0.0000,0.0000,0.0000,0.3709,0.1692,0.3931,1.0703,0.0000,0.0000,0.0000,0.0000,0.0000,0.0000,False,-0.0252,0.0018,-0.0196,0.0562,-0.0238,-0.0731,-1.2269,grasp,0.0000,0.0000,0.0000,0.0000,0.0000,0.0000,False,,0.0500,0.0000,False,0.8020,-0.2600,0.0100,0.8432
1856,0.0,1.1520,0.0000,False,False,False,-0.4674,4.7455,-0.2234,-1.3269,-0.1077,1.4708,-0.0479,0.0034,-0.0373,0.1067,-0.0453,-0.1390,0.3365,0.1707,0.3904,1.0703,0.0000,0.0000,0.0000,0.0000,0.0000,0.0000,False,-0.0717,-0.0110,0.0474,-0.0138,-0.0188,-0.0730,0.8274,grasp,0.0000,0.0000,0.0000,0.0000,0.0000,0.0000,False,,0.0500,0.0000,True,0.8020,-0.2600,0.0100,0.8432
1857,0.0,1.1512,0.0000,False,False,False,-0.4659,4.7439,-0.2220,-1.3246,-0.1073,1.4729,0.0982,-0.1052,0.0911,0.1510,0.0218,0.1407,0.2934,0.1687,0.3892,1.0702,0.0000,0.0000,0.0000,0.0000,0.0000,0.0000,False,0.0517,-0.0553,0.0480,0.0795,0.0115,0.0740,-2.8441,grasp,0.0000,0.0000,0.0000,0.0000,0.0000,0.0000,False,,0.0500,0.0000,False,0.8020,-0.2600,0.0100,0.8432
1858,0.0,1.1512,0.0000,False,False,False,-0.4659,4.7439,-0.2220,-1.3246,-0.1073,1.4729,0.0982,-0.1052,0.0911,0.1510,0.0218,0.1407,0.2934,0.1687,0.3892,1.0702,0.0000,0.0000,0.0000,0.0000,0.0000,0.0000,False,-0.0347,-0.0755,0.0589,0.0356,-0.0686,0.0486,-2.7478,grasp,0.0000,0.0000,0.0000,0.0000,0.0000,0.0000,False,,0.0500,0.0000,False,0.8020,-0.2600,0.0100,0.8432
1859,0.0,1.1512,0.0000,False,False,False,-0.4645,4.7423,-0.2207,-1.3225,-0.1070,1.4749,-0.0000,-0.0000,-0.0000,0.0000,-0.0000,0.0000,0.2534,0.1687,0.3892,1.0702,0.0000,0.0000,0.0000,0.0000,0.0000,0.0000,False,-0.0102,-0.0159,0.0462,0.0338,0.0158,0.0445,-2.0355,grasp,0.0000,0.0000,0.0000,0.0000,0.0000,0.0000,False,,0.0500,0.0000,False,0.8020,-0.2600,0.0100,0.8432
1860,0.0,1.1512,0.0000,False,False,False,-0.4645,4.7423,-0.2207,-1.3225,-0.1070,1.4749,0.0000,-0.0000,-0.0000,0.0000,-0.0000,0.0000,0.2421,0.1687,0.3892,1.0702,0.0000,0.0000,0.0000,0.0000,0.0000,0.0000,False,-0.0207,0.0488,-0.0073,-0.0627,-0.0519,0.0079,-3.0851,grasp,0.0000,0.0000,0.0000,0.0000,0.0000,0.0000,False,,0.0500,0.0000,False,0.8020,-0.2600,0.0100,0.8432
1861,0.0,1.1497,0.0000,False,False,False,-0.4651,4.7437,-0.2209,-1.3243,-0.1085,1.4752,-0.0393,0.0929,-0.0139,-0.1191,-0.0986,0.0151,0.1826,0.1659,0.3861,1.0702,0.0000,0.0000,0.0000,0.0000,0.0000,0.0000,False,0.0239,0.0582,0.0408,0.0573,-0.0454,0.0074,2.0511,grasp,0.0000,0.0000,0.0000,0.0000,0.0000,0.0000,False,,0.0500,0.0000,True,0.8020,-0.2600,0.0100,0.8432
1862,0.0,1.1497,0.0000,False,False,False,-0.4658,4.7431,-0.2209,-1.3248,-0.1084,1.4753,-0.0665,-0.0666,0.0019,-0.0547,0.0076,0.0139,0.2423,0.1659,0.3861,1.0702,0.0000,0.0000,0.0000,0.0000,0.0000,0.0000,False,-0.0665,-0.0665,0.0019,-0.0547,0.0076,0.0139,1.9430,grasp,0.0000,0.0000,0.0000,0.0000,0.0000,0.0000,False,,0.0500,0.0000,True,0.8020,-0.2600,0.0100,0.8432
1863,0.0,1.1508,0.0000,False,False,False,-0.4669,4.7424,-0.2202,-1.3253,-0.1077,1.4755,0.0155,0.0712,0.0689,0.0581,0.0634,-0.0073,0.3021,0.1674,0.3884,1.0702,0.0000,0.0000,0.0000,0.0000,0.0000,0.0000,False,0.0143,0.0687,0.0690,0.0570,0.0635,-0.0070,1.9901,grasp,0.0000,0.0000,0.0000,0.0000,0.0000,0.0000,False,,0.0500,0.0000,True,0.8020,-0.2600,0.0100,0.8432
1864,0.0,1.1508,0.0000,False,False,False,-0.4669,4.7424,-0.2202,-1.3253,-0.1077,1.4755,0.0155,0.0712,0.0689,0.0581,0.0634,-0.0073,0.3021,0.1674,0.3884,1.0702,0.0000,0.0000,0.0000,0.0000,0.0000,0.0000,False,0.0510,0.0230,-0.0484,-0.0194,0.0294,-0.0797,2.7950,grasp,0.0000,0.0000,0.0000,0.0000,0.0000,0.0000,False,,0.0500,0.0000,True,0.8020,-0.2600,0.0100,0.8432
1865,0.0,1.1508,0.0000,False,False,False,-0.4672,4.7425,-0.2188,-1.3249,-0.1049,1.4740,-0.0388,-0.1052,0.0016,-0.0436,0.1043,-0.0880,0.3576,0.1674,0.3884,1.0702,0.0000,0.0000,0.0000,0.0000,0.0000,0.0000,False,-0.0201,-0.0520,0.0022,-0.0219,0.0561,-0.0465,0.1762,grasp,0.0000,0.0000,0.0000,0.0000,0.0000,0.0000,False,,0.0500,0.0000,False,0.8020,-0.2600,0.0100,0.8432
1866,0.0,1.1521,0.0000,False,False,False,-0.4679,4.7402,-0.2189,-1.3249,-0.1034,1.4723,-0.0191,-0.0626,-0.0082,0.0622,-0.0036,-0.0481,0.3984,0.1709,0.3905,1.0703,0.0000,0.0000,0.0000,0.0000,0.0000,0.0000,False,-0.0197,-0.0665,-0.0082,0.0616,-0.0021,-0.0494,1.1376,grasp,0.0000,0.0000,0.0000,0.0000,0.0000,0.0000,False,,0.0500,0.0000,True,0.8020,-0.2600,0.0100,0.8432
1867,0.0,1.1521,0.0000,False,False,False,-0.4679,4.7402,-0.2189,-1.3249,-0.1034,1.4723,-0.0191,-0.0626,-0.0082,0.0622,-0.0036,-0.0481,0.3984,0.1709,0.3905,1.0703,0.0000,0.0000,0.0000,0.0000,0.0000,0.0000,False,-0.0005,0.0759,-0.0250,0.0520,0.0750,0.0428,1.2574,grasp,0.0000,0.0000,0.0000,0.0000,0.0000,0.0000,False,,0.0500,0.0000,True,0.8020,-0.2600,0.0100,0.8432
1868,0.0,1.1528,0.0000,False,False,False,-0.4683,4.7388,-0.2191,-1.3237,-0.1035,1.4714,-0.0000,-0.0000,-0.0000,0.0000,-0.0000,0.0000,0.4078,0.1683,0.3942,1.0702,0.0000,0.0000,0.0000,0.0000,0.0000,0.0000,False,0.0318,0.0770,-0.0434,0.0255,0.0736,-0.0777,-2.8261,grasp,0.0000,0.0000,0.0000,0.0000,0.0000,0.0000,False,,0.0500,0.0000,False,0.8020,-0.2600,0.0100,0.8432
1869,0.0,1.1528,0.0000,False,False,False,-0.4680,4.7396,-0.2195,-1.3234,-0.1027,1.4706,0.0318,0.0772,-0.0434,0.0255,0.0736,-0.0777,0.3878,0.1683,0.3942,1.0702,0.0000,0.0000,0.0000,0.0000,0.0000,0.0000,False,-0.0665,0.0055,-0.0547,-0.0298,0.0778,-0.0272,-0.2726,grasp,0.0000,0.0000,0.0000,0.0000,0.0000,0.0000,False,,0.0500,0.0000,False,0.8020,-0.2600,0.0100,0.8432
1870,0.0,1.1525,0.0000,False,False,False,-0.4686,4.7396,-0.2200,-1.3237,-0.1020,1.4703,-0.0000,-0.0000,-0.0000,0.0000,-0.0000,0.0000,0.3635,0.1677,0.3935,1.0702,0.0000,0.0000,0.0000,0.0000,0.0000,0.0000,False,0.0711,0.0226,0.0457,-0.0233,-0.0524,0.0712,-2.5833,grasp,0.0000,0.0000,0.0000,0.0000,0.0000,0.0000,False,,0.0500,0.0000,False,0.8020,-0.2600,0.0100,0.8432
1871,0.0,1.1525,0.0000,False,False,False,-0.4672,4.7406,-0.2192,-1.3244,-0.1019,1.4706,0.0730,0.0773,0.0382,-0.0458,0.0575,-0.0484,0.3835,0.1677,0.3935,1.0702,0.0000,0.0000,0.0000,0.0000,0.0000,0.0000,False,0.0737,0.0775,0.0387,-0.0461,0.0570,-0.0477,1.5199,grasp,0.0000,0.0000,0.0000,0.0000,0.0000,0.0000,False,,0.0500,0.0000,True,0.8020,-0.2600,0.0100,0.8432
1872,0.0,1.1529,0.0000,False,False,False,-0.4657,4.7422,-0.2188,-1.3248,-0.1011,1.4703,0.0087,-0.0061,-0.0311,0.0476,-0.0240,0.0696,0.4407,0.1691,0.3935,1.0704,0.0000,0.0000,0.0000,0.0000,0.0000,0.0000,False,0.0100,-0.0021,-0.0303,0.0467,-0.0229,0.0687,1.5736,grasp,0.0000,0.0000,0.0000,0.0000,0.0000,0.0000,False,,0.0500,0.0000,True,0.8020,-0.2600,0.0100,0.8432
1873,0.0,1.1529,0.0000,False,False,False,-0.4657,4.7422,-0.2188,-1.3248,-0.1011,1.4703,0.0087,-0.0061,-0.0311,0.0476,-0.0240,0.0696,0.4407,0.1691,0.3935,1.0704,0.0000,0.0000,0.0000,0.0000,0.0000,0.0000,False,0.0313,-0.0607,0.0596,-0.0160,-0.0646,0.0337,-2.4767,grasp,0.0000,0.0000,0.0000,0.0000,0.0000,0.0000,False,,0.0500,0.0000,False,0.8020,-0.2600,0.0100,0.8432
1874,0.0,1.1536,0.0000,False,False,False,-0.4637,4.7419,-0.2206,-1.3252,-0.1032,1.4708,0.1209,-0.0131,-0.0804,-0.0834,-0.1108,-0.0576,0.5160,0.1698,0.3956,1.0703,0.0000,0.0000,0.0000,0.0000,0.0000,0.0000,False,0.0638,-0.0070,-0.0429,-0.0430,-0.0587,-0.0290,2.4066,grasp,0.0000,0.0000,0.0000,0.0000,0.0000,0.0000,False,,0.0500,0.0000,True,0.8020,-0.2600,0.0100,0.8432
1875,0.0,1.1536,0.0000,False,False,False,-0.4637,4.7419,-0.2206,-1.3252,-0.1032,1.4708,0.1209,-0.0131,-0.0804,-0.0834,-0.1108,-0.0576,0.5160,0.1698,0.3956,1.0703,0.0000,0.0000,0.0000,0.0000,0.0000,0.0000,False,0.0375,0.0755,0.0364,0.0713,-0.0068,-0.0012,-1.7312,grasp,0.0000,0.0000,0.0000,0.0000,0.0000,0.0000,False,,0.0500,0.0000,False,0.8020,-0.2600,0.0100,0.8432
1876,0.0,1.1536,0.0000,False,False,False,-0.4616,4.7423,-0.2214,-1.3257,-0.1049,1.4700,0.0357,0.0767,0.0375,0.0725,-0.0052,-0.0004,0.4949,0.1698,0.3956,1.0703,0.0000,0.0000,0.0000,0.0000,0.0000,0.0000,False,-0.0540,-0.0342,0.0676,-0.0568,-0.0652,0.0332,0.7059,grasp,0.0000,0.0000,0.0000,0.0000,0.0000,0.0000,False,,0.0500,0.0000,False,0.8020,-0.2600,0.0100,0.8432
1877,0.0,1.1533,0.0000,False,False,False,-0.4613,4.7435,-0.2207,-1.3237,-0.1045,1.4692,-0.0356,-0.0534,-0.0081,0.0591,0.0478,-0.0721,0.4861,0.1697,0.3949,1.0702,0.0000,0.0000,0.0000,0.0000,0.0000,0.0000,False,-0.0350,-0.0485,-0.0074,0.0605,0.0477,-0.0721,1.0504,grasp,0.0000,0.0000,0.0000,0.0000,0.0000,0.0000,False,,0.0500,0.0000,False,0.8020,-0.2600,0.0100,0.8432
1878,0.0,1.1533,0.0000,False,False,False,-0.4613,4.7435,-0.2207,-1.3237,-0.1045,1.4692,-0.0356,-0.0534,-0.0081,0.0591,0.0478,-0.0721,0.4861,0.1697,0.3949,1.0702,0.0000,0.0000,0.0000,0.0000,0.0000,0.0000,False,0.0080,-0.0605,0.0621,-0.0733,0.0474,-0.0145,0.9670,grasp,0.0000,0.0000,0.0000,0.0000,0.0000,0.0000,False,,0.0500,0.0000,False,0.8020,-0.2600,0.0100,0.8432
1879,0.0,1.1533,0.0000,False,False,False,-0.4614,4.7431,-0.2207,-1.3229,-0.1043,1.4679,0.0551,0.0651,0.0210,-0.0337,-0.0705,0.0090,0.4508,0.1697,0.3949,1.0702,0.0000,0.0000,0.0000,0.0000,0.0000,0.0000,False,0.0544,0.0633,0.0209,-0.0326,-0.0696,0.0076,-1.1289,grasp,0.0000,0.0000,0.0000,0.0000,0.0000,0.0000,False,,0.0500,0.0000,False,0.8020,-0.2600,0.0100,0.8432
1880,0.0,1.1531,0.0000,False,False,False,-0.4604,4.7443,-0.2203,-1.3235,-0.1056,1.4681,0.1046,0.1232,0.0399,-0.0640,-0.1339,0.0171,0.4314,0.1690,0.3947,1.0702,0.0000,0.0000,0.0000,0.0000,0.0000,0.0000,False,-0.0217,-0.0713,0.0569,-0.0520,0.0554,-0.0638,-2.6459,grasp,0.0000,0.0000,0.0000,0.0000,0.0000,0.0000,False,,0.0500,0.0000,False,0.8020,-0.2600,0.0100,0.8432
1881,0.0,1.1531,0.0000,False,False,False,-0.4584,4.7459,-0.2202,-1.3249,-0.1082,1.4690,0.0482,-0.0547,-0.0488,-0.0419,-0.0624,0.0643,0.4489,0.1690,0.3947,1.0702,0.0000,0.0000,0.0000,0.0000,0.0000,0.0000,False,0.0497,-0.0492,-0.0482,-0.0428,-0.0643,0.0646,1.5567,grasp,0.0000,0.0000,0.0000,0.0000,0.0000,0.0000,False,,0.0500,0.0000,True,0.8020,-0.2600,0.0100,0.8432
1882,0.0,1.1531,0.0000,False,False,False,-0.4576,4.7443,-0.2218,-1.3263,-0.1096,1.4703,-0.0053,-0.0367,-0.0712,-0.0666,-0.0246,0.0116,0.4547,0.1700,0.3943,1.0702,0.0000,0.0000,0.0000,0.0000,0.0000,0.0000,False,-0.0044,-0.0407,-0.0721,-0.0674,-0.0258,0.0128,0.1246,grasp,0.0000,0.0000,0.0000,0.0000,0.0000,0.0000,False,,0.0500,0.0000,False,0.8020,-0.2600,0.0100,0.8432
1883,0.0,1.1531,0.0000,False,False,False,-0.4576,4.7443,-0.2218,-1.3263,-0.1096,1.4703,-0.0053,-0.0367,-0.0712,-0.0666,-0.0246,0.0116,0.4547,0.1700,0.3943,1.0702,0.0000,0.0000,0.0000,0.0000,0.0000,0.0000,False,-0.0681,-0.0095,0.0719,-0.0373,0.0439,0.0662,0.9927,grasp,0.0000,0.0000,0.0000,0.0000,0.0000,0.0000,False,,0.0500,0.0000,False,0.8020,-0.2600,0.0100,0.8432
1884,0.0,1.1531,0.0000,False,False,False,-0.4576,4.7443,-0.2218,-1.3263,-0.1096,1.4703,-0.0053,-0.0367,-0.0712,-0.0666,-0.0246,0.0116,0.4547,0.1700,0.3943,1.0702,0.0000,0.0000,0.0000,0.0000,0.0000,0.0000,False,-0.0005,0.0108,0.0554,0.0528,-0.0699,-0.0658,2.6345,grasp,0.0000,0.0000,0.0000,0.0000,0.0000,0.0000,False,,0.0500,0.0000,True,0.8020,-0.2600,0.0100,0.8432
1885,0.0,1.1531,0.0000,False,False,False,-0.4560,4.7430,-0.2242,-1.3260,-0.1082,1.4716,0.1070,-0.0299,-0.0690,0.1073,0.1243,0.0706,0.4686,0.1673,0.3956,1.0702,0.0000,0.0000,0.0000,0.0000,0.0000,0.0000,False,0.0562,-0.0174,-0.0377,0.0552,0.0649,0.0374,0.9139,grasp,0.0000,0.0000,0.0000,0.0000,0.0000,0.0000,False,,0.0500,0.0000,False,0.8020,-0.2600,0.0100,0.8432
1886,0.0,1.1531,0.0000,False,False,False,-0.4545,4.7424,-0.2252,-1.3244,-0.1064,1.4726,0.0000,-0.0000,-0.0000,0.0000,-0.0000,0.0000,0.4900,0.1673,0.3956,1.0702,0.0000,0.0000,0.0000,0.0000,0.0000,0.0000,False,-0.0667,-0.0704,-0.0372,-0.0444,0.0790,-0.0392,1.8837,grasp,0.0000,0.0000,0.0000,0.0000,0.0000,0.0000,False,,0.0500,0.0000,True,0.8020,-0.2600,0.0100,0.8432
1887,0.0,1.1531,0.0000,False,False,False,-0.4552,4.7418,-0.2256,-1.3249,-0.1056,1.4722,-0.0683,-0.0687,-0.0362,-0.0459,0.0772,-0.0402,0.5050,0.1673,0.3956,1.0702,0.0000,0.0000,0.0000,0.0000,0.0000,0.0000,False,0.0247,0.0446,-0.0568,-0.0700,0.0436,-0.0565,-2.7730,grasp,0.0000,0.0000,0.0000,0.0000,0.0000,0.0000,False,,0.0500,0.0000,False,0.8020,-0.2600,0.0100,0.8432
1888,0.0,1.1536,0.0000,False,False,False,-0.4565,4.7402,-0.2263,-1.3258,-0.1041,1.4715,-0.0000,-0.0000,-0.0000,0.0000,-0.0000,0.0000,0.4785,0.1630,0.3991,1.0700,0.0000,0.0000,0.0000,0.0000,0.0000,0.0000,False,-0.0610,0.0193,-0.0658,-0.0309,0.0522,0.0423,-2.7902,grasp,0.0000,0.0000,0.0000,0.0000,0.0000,0.0000,False,,0.0500,0.0000,False,0.8020,-0.2600,0.0100,0.8432
1889,0.0,1.1536,0.0000,False,False,False,-0.4565,4.7402,-0.2263,-1.3258,-0.1041,1.4715,-0.0000,-0.0000,-0.0000,0.0000,-0.0000,0.0000,0.4785,0.1630,0.3991,1.0700,0.0000,0.0000,0.0000,0.0000,0.0000,0.0000,False,-0.0486,0.0648,-0.0112,0.0630,0.0110,0.0471,-2.7600,grasp,0.0000,0.0000,0.0000,0.0000,0.0000,0.0000,False,,0.0500,0.0000,False,0.8020,-0.2600,0.0100,0.8432
1890,0.0,1.1527,0.0000,False,False,False,-0.4575,4.7411,-0.2270,-1.3254,-0.1035,1.4724,0.0000,-0.0000,-0.0000,0.0000,-0.0000,0.0000,0.3997,0.1622,0.3970,1.0700,0.0000,0.0000,0.0000,0.0000,0.0000,0.0000,False,0.0382,-0.0461,0.0278,-0.0248,0.0031,0.0384,-1.3271,grasp,0.0000,0.0000,0.0000,0.0000,0.0000,0.0000,False,,0.0500,0.0000,False,0.8020,-0.2600,0.0100,0.8432
1891,0.0,1.1527,0.0000,False,False,False,-0.4573,4.7410,-0.2261,-1.3258,-0.1034,1.4729,-0.0109,0.0402,0.0670,-0.0162,0.0099,0.0189,0.4229,0.1622,0.3970,1.0700,0.0000,0.0000,0.0000,0.0000,0.0000,0.0000,False,-0.0105,0.0397,0.0673,-0.0164,0.0099,0.0193,2.1579,grasp,0.0000,0.0000,0.0000,0.0000,0.0000,0.0000,False,,0.0500,0.0000,True,0.8020,-0.2600,0.0100,0.8432
1892,0.0,1.1531,0.0000,False,False,False,-0.4577,4.7415,-0.2243,-1.3256,-0.1027,1.4740,-0.0175,-0.0443,0.0505,0.0553,0.0536,0.0667,0.4065,0.1639,0.3969,1.0701,0.0000,0.0000,0.0000,0.0000,0.0000,0.0000,False,-0.0177,-0.0417,0.0518,0.0550,0.0538,0.0671,-2.0643,grasp,0.0000,0.0000,0.0000,0.0000,0.0000,0.0000,False,,0.0500,0.0000,False,0.8020,-0.2600,0.0100,0.8432
1893,0.0,1.1531,0.0000,False,False,False,-0.4577,4.7415,-0.2243,-1.3256,-0.1027,1.4740,-0.0175,-0.0443,0.0505,0.0553,0.0536,0.0667,0.4065,0.1639,0.3969,1.0701,0.0000,0.0000,0.0000,0.0000,0.0000,0.0000,False,0.0120,0.0543,-0.0217,-0.0433,-0.0679,-0.0268,1.7866,grasp,0.0000,0.0000,0.0000,0.0000,0.0000,0.0000,False,,0.0500,0.0000,True,0.8020,-0.2600,0.0100,0.8432
1894,0.0,1.1529,0.0000,False,False,False,-0.4576,4.7401,-0.2237,-1.3242,-0.1023,1.4759,0.0378,-0.0537,-0.0369,0.0333,-0.0593,0.0688,0.4263,0.1628,0.3970,1.0701,0.0000,0.0000,0.0000,0.0000,0.0000,0.0000,False,0.0374,-0.0545,-0.0359,0.0343,-0.0583,0.0701,2.4125,grasp,0.0000,0.0000,0.0000,0.0000,0.0000,0.0000,False,,0.0500,0.0000,True,0.8020,-0.2600,0.0100,0.8432
1895,0.0,1.1529,0.0000,False,False,False,-0.4576,4.7401,-0.2237,-1.3242,-0.1023,1.4759,0.0378,-0.0537,-0.0369,0.0333,-0.0593,0.0688,0.4263,0.1628,0.3970,1.0701,0.0000,0.0000,0.0000,0.0000,0.0000,0.0000,False,0.0682,-0.0534,0.0727,0.0606,-0.0325,0.0554,0.9107,grasp,0.0000,0.0000,0.0000,0.0000,0.0000,0.0000,False,,0.0500,0.0000,False,0.8020,-0.2600,0.0100,0.8432
1896,0.0,1.1529,0.0000,False,False,False,-0.4589,4.7392,-0.2231,-1.3223,-0.1018,1.4758,-0.1306,0.0209,0.0865,0.0855,0.1006,-0.0973,0.5061,0.1628,0.3970,1.0701,0.0000,0.0000,0.0000,0.0000,0.0000,0.0000,False,-0.0680,0.0089,0.0448,0.0456,0.0518,-0.0499,-2.5624,grasp,0.0000,0.0000,0.0000,0.0000,0.0000,0.0000,False,,0.0500,0.0000,False,0.8020,-0.2600,0.0100,0.8432
1897,0.0,1.1537,0.0000,False,False,False,-0.4607,4.7397,-0.2219,-1.3211,-0.1004,1.4744,-0.0000,-0.0000,-0.0000,0.0000,-0.0000,0.0000,0.5095,0.1654,0.3984,1.0700,0.0000,0.0000,0.0000,0.0000,0.0000,0.0000,False,0.0555,-0.0748,-0.0374,-0.0156,-0.0626,0.0221,-2.9440,grasp,0.0000,0.0000,0.0000,0.0000,0.0000,0.0000,False,,0.0500,0.0000,False,0.8020,-0.2600,0.0100,0.8432
1898,0.0,1.1537,0.0000,False,False,False,-0.4602,4.7390,-0.2223,-1.3212,-0.1010,1.4746,0.0574,-0.0764,-0.0387,-0.0168,-0.0640,0.0235,0.4895,0.1654,0.3984,1.0700,0.0000,0.0000,0.0000,0.0000,0.0000,0.0000,False,-0.0676,-0.0786,-0.0197,0.0359,-0.0246,0.0133,-1.6857,grasp,0.0000,0.0000,0.0000,0.0000,0.0000,0.0000,False,,0.0500,0.0000,False,0.8020,-0.2600,0.0100,0.8432
1899,0.0,1.1537,0.0000,False,False,False,-0.4591,4.7376,-0.2230,-1.3215,-0.1023,1.4750,0.1090,-0.1448,-0.0735,-0.0320,-0.1217,0.0447,0.4695,0.1654,0.3984,1.0700,0.0000,0.0000,0.0000,0.0000,0.0000,0.0000,False,-0.0699,0.0627,-0.0437,-0.0056,0.0798,-0.0545,0.3686,grasp,0.0000,0.0000,0.0000,0.0000,0.0000,0.0000,False,,0.0500,0.0000,False,0.8020,-0.2600,0.0100,0.8432
1900,0.0,1.1532,0.0000,False,False,False,-0.4598,4.7378,-0.2234,-1.3216,-0.1015,1.4745,-0.0709,0.0687,-0.0429,-0.0053,0.0810,-0.0550,0.4652,0.1625,0.3983,1.0699,0.0000,0.0000,0.0000,0.0000,0.0000,0.0000,False,0.0707,0.0469,-0.0024,0.0315,0.0032,-0.0772,1.8011,grasp,0.0000,0.0000,0.0000,0.0000,0.0000,0.0000,False,,0.0500,0.0000,True,0.8020,-0.2600,0.0100,0.8432
1901,0.0,1.1532,0.0000,False,False,False,-0.4631,4.7380,-0.2262,-1.3235,-0.1013,1.4731,-0.1269,-0.0811,-0.1295,-0.1155,-0.0911,-0.0225,0.4034,0.1625,0.3983,1.0699,0.0000,0.0000,0.0000,0.0000,0.0000,0.0000,False,-0.0681,-0.0407,-0.0690,-0.0609,-0.0464,-0.0129,-1.8318,grasp,0.0000,0.0000,0.0000,0.0000,0.0000,0.0000,False,,0.0500,0.0000,False,0.8020,-0.2600,0.0100,0.8432
1902,0.0,1.1523,0.0000,False,False,False,-0.4652,4.7370,-0.2274,-1.3256,-0.1019,1.4724,-0.0266,0.0570,0.0673,-0.0518,0.0697,-0.0398,0.3434,0.1605,0.3970,1.0698,0.0000,0.0000,0.0000,0.0000,0.0000,0.0000,False,-0.0285,0.0525,0.0655,-0.0534,0.0684,-0.0402,-2.2337,grasp,0.0000,0.0000,0.0000,0.0000,0.0000,0.0000,False,,0.0500,0.0000,False,0.8020,-0.2600,0.0100,0.8432
1903,0.0,1.1523,0.0000,False,False,False,-0.4652,4.7370,-0.2274,-1.3256,-0.1019,1.4724,-0.0266,0.0570,0.0673,-0.0518,0.0697,-0.0398,0.3434,0.1605,0.3970,1.0698,0.0000,0.0000,0.0000,0.0000,0.0000,0.0000,False,0.0022,0.0595,-0.0643,0.0714,0.0298,0.0234,0.0608,grasp,0.0000,0.0000,0.0000,0.0000,0.0000,0.0000,False,,0.0500,0.0000,False,0.8020,-0.2600,0.0100,0.8432
1904,0.0,1.1523,0.0000,False,False,False,-0.4657,4.7383,-0.2261,-1.3266,-0.1006,1.4716,0.0000,-0.0000,-0.0000,0.0000,0.0000,0.0000,0.3429,0.1605,0.3970,1.0698,0.0000,0.0000,0.0000,0.0000,0.0000,0.0000,False,-0.0654,0.0509,0.0558,-0.0747,-0.0426,-0.0741,2.7760,grasp,0.0000,0.0000,0.0000,0.0000,0.0000,0.0000,False,,0.0500,0.0000,True,0.8020,-0.2600,0.0100,0.8432
1905,0.0,1.1523,0.0000,False,False,False,-0.4663,4.7388,-0.2256,-1.3273,-0.1010,1.4709,-0.0649,0.0468,0.0545,-0.0738,-0.0439,-0.0734,0.3629,0.1627,0.3952,1.0701,0.0000,0.0000,0.0000,0.0000,0.0000,0.0000,False,0.0118,-0.0442,0.0192,0.0658,-0.0324,-0.0234,-2.6228,grasp,0.0000,0.0000,0.0000,0.0000,0.0000,0.0000,False,,0.0500,0.0000,False,0.8020,-0.2600,0.0100,0.8432
1906,0.0,1.1523,0.0000,False,False,False,-0.4672,4.7385,-0.2240,-1.3268,-0.1028,1.4689,0.0247,-0.0881,0.0345,0.1278,-0.0599,-0.0419,0.3261,0.1627,0.3952,1.0701,0.0000,0.0000,0.0000,0.0000,0.0000,0.0000,False,0.0270,-0.0461,0.0363,0.0342,0.0082,-0.0093,-1.0784,grasp,0.0000,0.0000,0.0000,0.0000,0.0000,0.0000,False,,0.0500,0.0000,False,0.8020,-0.2600,0.0100,0.8432
1907,0.0,1.1514,0.0000,False,False,False,-0.4662,4.7373,-0.2230,-1.3249,-0.1031,1.4687,0.0642,0.0105,0.0530,0.0110,0.0561,0.0406,0.2661,0.1624,0.3931,1.0700,0.0000,0.0000,0.0000,0.0000,0.0000,0.0000,False,0.0645,0.0082,0.0535,0.0128,0.0553,0.0400,-2.9609,grasp,0.0000,0.0000,0.0000,0.0000,0.0000,0.0000,False,,0.0500,0.0000,False,0.8020,-0.2600,0.0100,0.8432
1908,0.0,1.1514,0.0000,False,False,False,-0.4662,4.7373,-0.2230,-1.3249,-0.1031,1.4687,0.0642,0.0105,0.0530,0.0110,0.0561,0.0406,0.2661,0.1624,0.3931,1.0700,0.0000,0.0000,0.0000,0.0000,0.0000,0.0000,False,0.0646,0.0458,0.0676,0.0717,-0.0229,0.0541,-2.6591,grasp,0.0000,0.0000,0.0000,0.0000,0.0000,0.0000,False,,0.0500,0.0000,False,0.8020,-0.2600,0.0100,0.8432
1909,0.0,1.1512,0.0000,False,False,False,-0.4649,4.7374,-0.2224,-1.3248,-0.1016,1.4701,0.0063,-0.0109,-0.0398,-0.0170,0.0359,0.0639,0.2858,0.1613,0.3927,1.0701,0.0000,0.0000,0.0000,0.0000,0.0000,0.0000,False,0.0076,-0.0106,-0.0388,-0.0168,0.0369,0.0647,1.5938,grasp,0.0000,0.0000,0.0000,0.0000,0.0000,0.0000,False,,0.0500,0.0000,True,0.8020,-0.2600,0.0100,0.8432
1910,0.0,1.1512,0.0000,False,False,False,-0.4648,4.7372,-0.2231,-1.3251,-0.1010,1.4713,0.0000,-0.0000,-0.0000,0.0000,-0.0000,0.0000,0.3255,0.1613,0.3927,1.0701,0.0000,0.0000,0.0000,0.0000,0.0000,0.0000,False,-0.0288,-0.0653,0.0720,-0.0435,0.0208,-0.0564,1.1736,grasp,0.0000,0.0000,0.0000,0.0000,0.0000,0.0000,False,,0.0500,0.0000,True,0.8020,-0.2600,0.0100,0.8432
1911,0.0,1.1512,0.0000,False,False,False,-0.4651,4.7365,-0.2224,-1.3256,-0.1008,1.4707,-0.0289,-0.0648,0.0727,-0.0432,0.0201,-0.0576,0.3453,0.1613,0.3927,1.0701,0.0000,0.0000,0.0000,0.0000,0.0000,0.0000,False,0.0724,-0.0127,-0.0046,0.0688,-0.0724,0.0236,-2.8665,grasp,0.0000,0.0000,0.0000,0.0000,0.0000,0.0000,False,,0.0500,0.0000,False,0.8020,-0.2600,0.0100,0.8432
1912,0.0,1.1526,0.0000,False,False,False,-0.4656,4.7352,-0.2210,-1.3264,-0.1004,1.4696,-0.0000,-0.0000,-0.0000,0.0000,-0.0000,0.0000,0.3851,0.1619,0.3965,1.0701,0.0000,0.0000,0.0000,0.0000,0.0000,0.0000,False,0.0221,0.0653,0.0098,0.0310,-0.0394,-0.0442,-3.0846,grasp,0.0000,0.0000,0.0000,0.0000,0.0000,0.0000,False,,0.0500,0.0000,False,0.8020,-0.2600,0.0100,0.8432
1913,0.0,1.1526,0.0000,False,False,False,-0.4649,4.7371,-0.2208,-1.3255,-0.1015,1.4684,0.0430,0.1271,0.0160,0.0604,-0.0756,-0.0819,0.4251,0.1619,0.3965,1.0701,0.0000,0.0000,0.0000,0.0000,0.0000,0.0000,False,-0.0424,0.0300,-0.0710,-0.0352,0.0352,-0.0332,1.0189,grasp,0.0000,0.0000,0.0000,0.0000,0.0000,0.0000,False,,0.0500,0.0000,False,0.8020,-0.2600,0.0100,0.8432
1914,0.0,1.1526,0.0000,False,False,False,-0.4649,4.7371,-0.2208,-1.3255,-0.1015,1.4684,0.0430,0.1271,0.0160,0.0604,-0.0756,-0.0819,0.4251,0.1619,0.3965,1.0701,0.0000,0.0000,0.0000,0.0000,0.0000,0.0000,False,-0.0769,0.0356,0.0416,0.0711,-0.0574,-0.0308,1.6257,grasp,0.0000,0.0000,0.0000,0.0000,0.0000,0.0000,False,,0.0500,0.0000,True,0.8020,-0.2600,0.0100,0.8432
1915,0.0,1.1528,0.0000,False,False,False,-0.4638,4.7399,-0.2210,-1.3241,-0.1031,1.4678,0.0521,0.0601,-0.0438,0.0498,-0.0489,0.0553,0.4086,0.1662,0.3949,1.0702,0.0000,0.0000,0.0000,0.0000,0.0000,0.0000,False,0.0527,0.0660,-0.0436,0.0507,-0.0500,0.0541,-1.9300,grasp,0.0000,0.0000,0.0000,0.0000,0.0000,0.0000,False,,0.0500,0.0000,False,0.8020,-0.2600,0.0100,0.8432
1916,0.0,1.1528,0.0000,False,False,False,-0.4633,4.7407,-0.2223,-1.3226,-0.1047,1.4683,-0.0457,-0.0484,-0.0495,0.0583,-0.0710,-0.0504,0.3602,0.1662,0.3949,1.0702,0.0000,0.0000,0.0000,0.0000,0.0000,0.0000,False,-0.0447,-0.0467,-0.0503,0.0593,-0.0720,-0.0493,-1.2642,grasp,0.0000,0.0000,0.0000,0.0000,0.0000,0.0000,False,,0.0500,0.0000,False,0.8020,-0.2600,0.0100,0.8432
1917,0.0,1.1528,0.0000,False,False,False,-0.4633,4.7407,-0.2223,-1.3226,-0.1047,1.4683,-0.0457,-0.0484,-0.0495,0.0583,-0.0710,-0.0504,0.3602,0.1662,0.3949,1.0702,0.0000,0.0000,0.0000,0.0000,0.0000,0.0000,False,0.0726,0.0204,-0.0175,0.0251,-0.0078,-0.0555,2.5249,grasp,0.0000,0.0000,0.0000,0.0000,0.0000,0.0000,False,,0.0500,0.0000,True,0.8020,-0.2600,0.0100,0.8432
1918,0.0,1.1520,0.0000,False,False,False,-0.4645,4.7389,-0.2226,-1.3209,-0.1067,1.4679,-0.0329,-0.0719,0.0642,0.0582,-0.0634,0.0520,0.4081,0.1655,0.3938,1.0699,0.0000,0.0000,0.0000,0.0000,0.0000,0.0000,False,-0.0329,-0.0720,0.0642,0.0582,-0.0634,0.0520,1.2887,grasp,0.0000,0.0000,0.0000,0.0000,0.0000,0.0000,False,,0.0500,0.0000,True,0.8020,-0.2600,0.0100,0.8432
1919,0.0,1.1522,0.0000,False,False,False,-0.4648,4.7379,-0.2214,-1.3192,-0.1076,1.4683,0.0283,0.0371,-0.0011,0.0553,0.0281,-0.0542,0.3918,0.1661,0.3943,1.0698,0.0000,0.0000,0.0000,0.0000,0.0000,0.0000,False,0.0277,0.0354,0.0001,0.0564,0.0269,-0.0532,-1.8817,grasp,0.0000,0.0000,0.0000,0.0000,0.0000,0.0000,False,,0.0500,0.0000,False,0.8020,-0.2600,0.0100,0.8432
1920,0.0,1.1522,0.0000,False,False,False,-0.4648,4.7379,-0.2214,-1.3192,-0.1076,1.4683,0.0283,0.0371,-0.0011,0.0553,0.0281,-0.0542,0.3918,0.1661,0.3943,1.0698,0.0000,0.0000,0.0000,0.0000,0.0000,0.0000,False,0.0312,0.0024,-0.0178,0.0330,-0.0083,-0.0410,0.8859,grasp,0.0000,0.0000,0.0000,0.0000,0.0000,0.0000,False,,0.0500,0.0000,False,0.8020,-0.2600,0.0100,0.8432
1921,0.0,1.1522,0.0000,False,False,False,-0.4648,4.7379,-0.2214,-1.3192,-0.1076,1.4683,0.0283,0.0371,-0.0011,0.0553,0.0281,-0.0542,0.3918,0.1661,0.3943,1.0698,0.0000,0.0000,0.0000,0.0000,0.0000,0.0000,False,-0.0095,0.0244,0.0595,0.0447,0.0253,-0.0178,-2.4850,grasp,0.0000,0.0000,0.0000,0.0000,0.0000,0.0000,False,,0.0500,0.0000,False,0.8020,-0.2600,0.0100,0.8432
1922,0.0,1.1510,0.0000,False,False,False,-0.4648,4.7405,-0.2174,-1.3164,-0.1059,1.4661,0.0016,0.0336,0.0704,-0.0692,-0.0225,-0.0262,0.3247,0.1671,0.3899,1.0699,0.0000,0.0000,0.0000,0.0000,0.0000,0.0000,False,0.0014,0.0365,0.0720,-0.0680,-0.0218,-0.0267,0.5085,grasp,0.0000,0.0000,0.0000,0.0000,0.0000,0.0000,False,,0.0500,0.0000,True,0.8020,-0.2600,0.0100,0.8432
1923,0.0,1.1516,0.0000,False,False,False,-0.4653,4.7406,-0.2167,-1.3180,-0.1068,1.4651,-0.0532,-0.0736,-0.0669,-0.0255,-0.0423,-0.0461,0.3348,0.1694,0.3906,1.0701,0.0000,0.0000,0.0000,0.0000,0.0000,0.0000,False,-0.0532,-0.0716,-0.0656,-0.0268,-0.0428,-0.0466,-0.6425,grasp,0.0000,0.0000,0.0000,0.0000,0.0000,0.0000,False,,0.0500,0.0000,False,0.8020,-0.2600,0.0100,0.8432
1924,0.0,1.1516,0.0000,False,False,False,-0.4653,4.7406,-0.2167,-1.3180,-0.1068,1.4651,-0.0532,-0.0736,-0.0669,-0.0255,-0.0423,-0.0461,0.3348,0.1694,0.3906,1.0701,0.0000,0.0000,0.0000,0.0000,0.0000,0.0000,False,0.0286,0.0476,0.0252,0.0265,0.0283,-0.0686,2.6802,grasp,0.0000,0.0000,0.0000,0.0000,0.0000,0.0000,False,,0.0500,0.0000,True,0.8020,-0.2600,0.0100,0.8432
1925,0.0,1.1516,0.0000,False,False,False,-0.4660,4.7386,-0.2173,-1.3190,-0.1074,1.4650,0.0383,-0.0257,0.0713,-0.0477,0.0212,0.0717,0.3646,0.1694,0.3906,1.0701,0.0000,0.0000,0.0000,0.0000,0.0000,0.0000,False,0.0373,-0.0308,0.0700,-0.0482,0.0204,0.0708,0.7762,grasp,0.0000,0.0000,0.0000,0.0000,0.0000,0.0000,False,,0.0500,0.0000,True,0.8020,-0.2600,0.0100,0.8432
1926,0.0,1.1521,0.0000,False,False,False,-0.4655,4.7375,-0.2164,-1.3200,-0.1075,1.4665,-0.0243,-0.0703,-0.0497,-0.0153,-0.0485,0.0199,0.3559,0.1681,0.3924,1.0701,0.0000,0.0000,0.0000,0.0000,0.0000,0.0000,False,-0.0236,-0.0708,-0.0483,-0.0162,-0.0481,0.0212,-1.0853,grasp,0.0000,0.0000,0.0000,0.0000,0.0000,0.0000,False,,0.0500,0.0000,False,0.8020,-0.2600,0.0100,0.8432
1927,0.0,1.1521,0.0000,False,False,False,-0.4655,4.7375,-0.2164,-1.3200,-0.1075,1.4665,-0.0243,-0.0703,-0.0497,-0.0153,-0.0485,0.0199,0.3559,0.1681,0.3924,1.0701,0.0000,0.0000,0.0000,0.0000,0.0000,0.0000,False,-0.0285,-0.0392,-0.0048,-0.0427,-0.0588,0.0307,0.8906,grasp,0.0000,0.0000,0.0000,0.0000,0.0000,0.0000,False,,0.0500,0.0000,True,0.8020,-0.2600,0.0100,0.8432
1928,0.0,1.1521,0.0000,False,False,False,-0.4659,4.7362,-0.2174,-1.3203,-0.1084,1.4669,-0.0462,-0.1343,-0.0944,-0.0291,-0.0921,0.0378,0.3465,0.1681,0.3924,1.0701,0.0000,0.0000,0.0000,0.0000,0.0000,0.0000,False,-0.0655,-0.0570,-0.0130,0.0145,0.0456,-0.0756,-2.9575,grasp,0.0000,0.0000,0.0000,0.0000,0.0000,0.0000,False,,0.0500,0.0000,False,0.8020,-0.2600,0.0100,0.8432
1929,0.0,1.1525,0.0000,False,False,False,-0.4655,4.7365,-0.2179,-1.3208,-0.1082,1.4677,0.0395,0.0662,-0.0499,-0.0489,0.0179,0.0776,0.4032,0.1670,0.3942,1.0700,0.0000,0.0000,0.0000,0.0000,0.0000,0.0000,False,0.0395,0.0659,-0.0499,-0.0489,0.0179,0.0776,1.3243,grasp,0.0000,0.0000,0.0000,0.0000,0.0000,0.0000,False,,0.0500,0.0000,True,0.8020,-0.2600,0.0100,0.8432
1930,0.0,1.1525,0.0000,False,False,False,-0.4653,4.7374,-0.2194,-1.3212,-0.1087,1.4687,-0.0485,-0.0428,-0.0629,0.0550,-0.0787,-0.0418,0.4627,0.1670,0.3942,1.0700,0.0000,0.0000,0.0000,0.0000,0.0000,0.0000,False,-0.0477,-0.0412,-0.0638,0.0541,-0.0784,-0.0403,2.1442,grasp,0.0000,0.0000,0.0000,0.0000,0.0000,0.0000,False,,0.0500,0.0000,True,0.8020,-0.2600,0.0100,0.8432
1931,0.0,1.1525,0.0000,False,False,False,-0.4662,4.7366,-0.2206,-1.3201,-0.1102,1.4679,-0.0921,-0.0812,-0.1194,0.1045,-0.1495,-0.0794,0.4827,0.1670,0.3942,1.0700,0.0000,0.0000,0.0000,0.0000,0.0000,0.0000,False,-0.0562,0.0727,0.0025,0.0231,-0.0458,-0.0596,2.1055,grasp,0.0000,0.0000,0.0000,0.0000,0.0000,0.0000,False,,0.0500,0.0000,True,0.8020,-0.2600,0.0100,0.8432
1932,0.0,1.1532,0.0000,False,False,False,-0.4667,4.7372,-0.2206,-1.3199,-0.1106,1.4674,-0.0552,0.0747,0.0037,0.0220,-0.0444,-0.0588,0.5178,0.1679,0.3964,1.0698,0.0000,0.0000,0.0000,0.0000,0.0000,0.0000,False,0.0205,0.0607,-0.0500,0.0478,0.0096,-0.0780,2.1245,grasp,0.0000,0.0000,0.0000,0.0000,0.0000,0.0000,False,,0.0500,0.0000,True,0.8020,-0.2600,0.0100,0.8432
1933,0.0,1.1532,0.0000,False,False,False,-0.4678,4.7385,-0.2205,-1.3195,-0.1114,1.4662,-0.1050,0.1415,0.0071,0.0419,-0.0843,-0.1117,0.5329,0.1679,0.3964,1.0698,0.0000,0.0000,0.0000,0.0000,0.0000,0.0000,False,0.0333,0.0474,0.0123,-0.0444,-0.0559,-0.0226,1.8499,grasp,0.0000,0.0000,0.0000,0.0000,0.0000,0.0000,False,,0.0500,0.0000,False,0.8020,-0.2600,0.0100,0.8432
1934,0.0,1.1533,0.0000,False,False,False,-0.4708,4.7380,-0.2169,-1.3183,-0.1153,1.4690,-0.1627,-0.0601,0.1709,0.0811,-0.1601,0.1416,0.4724,0.1715,0.3952,1.0698,0.0000,0.0000,0.0000,0.0000,0.0000,0.0000,False,-0.0597,-0.0217,0.0632,0.0295,-0.0596,0.0520,-1.8657,grasp,0.0000,0.0000,0.0000,0.0000,0.0000,0.0000,False,,0.0500,0.0000,False,0.8020,-0.2600,0.0100,0.8432
1935,0.0,1.1533,0.0000,False,False,False,-0.4708,4.7380,-0.2169,-1.3183,-0.1153,1.4690,-0.1627,-0.0601,0.1709,0.0811,-0.1601,0.1416,0.4724,0.1715,0.3952,1.0698,0.0000,0.0000,0.0000,0.0000,0.0000,0.0000,False,0.0190,-0.0408,0.0290,-0.0188,-0.0651,-0.0544,0.0709,grasp,0.0000,0.0000,0.0000,0.0000,0.0000,0.0000,False,,0.0500,0.0000,False,0.8020,-0.2600,0.0100,0.8432
1936,0.0,1.1525,0.0000,False,False,False,-0.4727,4.7369,-0.2144,-1.3174,-0.1180,1.4702,0.0211,-0.0403,0.0268,-0.0198,-0.0631,-0.0562,0.4441,0.1751,0.3914,1.0698,0.0000,0.0000,0.0000,0.0000,0.0000,0.0000,False,-0.0344,-0.0643,0.0300,-0.0518,-0.0649,-0.0079,-0.7039,grasp,0.0000,0.0000,0.0000,0.0000,0.0000,0.0000,False,,0.0500,0.0000,False,0.8020,-0.2600,0.0100,0.8432
1937,0.0,1.1525,0.0000,False,False,False,-0.4723,4.7361,-0.2139,-1.3178,-0.1192,1.4691,0.0401,-0.0763,0.0509,-0.0377,-0.1199,-0.1067,0.4406,0.1751,0.3914,1.0698,0.0000,0.0000,0.0000,0.0000,0.0000,0.0000,False,-0.0683,0.0657,0.0654,-0.0701,0.0516,0.0515,1.6959,grasp,0.0000,0.0000,0.0000,0.0000,0.0000,0.0000,False,,0.0500,0.0000,True,0.8020,-0.2600,0.0100,0.8432
1938,0.0,1.1525,0.0000,False,False,False,-0.4723,4.7361,-0.2139,-1.3178,-0.1192,1.4691,-0.0000,-0.0000,-0.0000,0.0000,-0.0000,0.0000,0.4590,0.1751,0.3914,1.0698,0.0000,0.0000,0.0000,0.0000,0.0000,0.0000,False,0.0448,-0.0423,0.0791,0.0619,0.0343,0.0435,0.5217,grasp,0.0000,0.0000,0.0000,0.0000,0.0000,0.0000,False,,0.0500,0.0000,False,0.8020,-0.2600,0.0100,0.8432
1939,0.0,1.1526,0.0000,False,False,False,-0.4733,4.7373,-0.2130,-1.3180,-0.1192,1.4713,-0.0987,0.1129,0.0076,-0.0521,-0.0255,0.1143,0.5197,0.1746,0.3919,1.0698,0.0000,0.0000,0.0000,0.0000,0.0000,0.0000,False,-0.0515,0.0588,0.0048,-0.0268,-0.0131,0.0606,2.1802,grasp,0.0000,0.0000,0.0000,0.0000,0.0000,0.0000,False,,0.0500,0.0000,True,0.8020,-0.2600,0.0100,0.8432
1940,0.0,1.1531,0.0000,False,False,False,-0.4741,4.7386,-0.2127,-1.3180,-0.1188,1.4735,0.0627,-0.0820,0.0156,0.0697,0.0747,0.0584,0.5030,0.1796,0.3908,1.0699,0.0000,0.0000,0.0000,0.0000,0.0000,0.0000,False,0.0613,-0.0763,0.0157,0.0689,0.0743,0.0600,-2.5201,grasp,0.0000,0.0000,0.0000,0.0000,0.0000,0.0000,False,,0.0500,0.0000,False,0.8020,-0.2600,0.0100,0.8432
1941,0.0,1.1531,0.0000,False,False,False,-0.4741,4.7386,-0.2127,-1.3180,-0.1188,1.4735,0.0627,-0.0820,0.0156,0.0697,0.0747,0.0584,0.5030,0.1796,0.3908,1.0699,0.0000,0.0000,0.0000,0.0000,0.0000,0.0000,False,0.0242,-0.0370,0.0668,-0.0539,-0.0232,-0.0176,0.1554,grasp,0.0000,0.0000,0.0000,0.0000,0.0000,0.0000,False,,0.0500,0.0000,False,0.8020,-0.2600,0.0100,0.8432
1942,0.0,1.1531,0.0000,False,False,False,-0.4729,4.7371,-0.2124,-1.3167,-0.1174,1.4746,0.1191,-0.1524,0.0296,0.1324,0.1418,0.1109,0.4830,0.1796,0.3908,1.0699,0.0000,0.0000,0.0000,0.0000,0.0000,0.0000,False,-0.0618,0.0464,0.0705,-0.0704,-0.0147,0.0287,1.4189,grasp,0.0000,0.0000,0.0000,0.0000,0.0000,0.0000,False,,0.0500,0.0000,False,0.8020,-0.2600,0.0100,0.8432
1943,0.0,1.1530,0.0000,False,False,False,-0.4742,4.7376,-0.2124,-1.3160,-0.1170,1.4729,-0.0405,0.0219,-0.0448,0.0903,0.0372,-0.1339,0.4790,0.1772,0.3915,1.0699,0.0000,0.0000,0.0000,0.0000,0.0000,0.0000,False,-0.0220,0.0122,-0.0229,0.0468,0.0194,-0.0702,0.2509,grasp,0.0000,0.0000,0.0000,0.0000,0.0000,0.0000,False,,0.0500,0.0000,False,0.8020,-0.2600,0.0100,0.8432
1944,0.0,1.1530,0.0000,False,False,False,-0.4747,4.7379,-0.2131,-1.3147,-0.1165,1.4710,-0.0578,0.0315,-0.0639,0.1289,0.0531,-0.1909,0.4743,0.1772,0.3915,1.0699,0.0000,0.0000,0.0000,0.0000,0.0000,0.0000,False,0.0353,0.0002,-0.0525,-0.0006,0.0342,0.0141,-2.5804,grasp,0.0000,0.0000,0.0000,0.0000,0.0000,0.0000,False,,0.0500,0.0000,False,0.8020,-0.2600,0.0100,0.8432
1945,0.0,1.1525,0.0000,False,False,False,-0.4744,4.7379,-0.2136,-1.3148,-0.1161,1.4711,0.0359,-0.0001,-0.0519,-0.0019,0.0337,0.0160,0.4343,0.1771,0.3906,1.0698,0.0000,0.0000,0.0000,0.0000,0.0000,0.0000,False,0.0558,-0.0241,0.0746,-0.0509,0.0602,-0.0297,-0.1215,grasp,0.0000,0.0000,0.0000,0.0000,0.0000,0.0000,False,,0.0500,0.0000,False,0.8020,-0.2600,0.0100,0.8432
1946,0.0,1.1525,0.0000,False,False,False,-0.4744,4.7379,-0.2136,-1.3148,-0.1161,1.4711,-0.0000,-0.0000,-0.0000,0.0000,-0.0000,0.0000,0.4143,0.1771,0.3906,1.0698,0.0000,0.0000,0.0000,0.0000,0.0000,0.0000,False,-0.0518,-0.0565,0.0123,0.0453,0.0322,-0.0038,2.4152,grasp,0.0000,0.0000,0.0000,0.0000,0.0000,0.0000,False,,0.0500,0.0000,True,0.8020,-0.2600,0.0100,0.8432
1947,0.0,1.1525,0.0000,False,False,False,-0.4744,4.7379,-0.2136,-1.3148,-0.1161,1.4711,0.0000,-0.0000,-0.0000,0.0000,-0.0000,0.0000,0.4543,0.1771,0.3906,1.0698,0.0000,0.0000,0.0000,0.0000,0.0000,0.0000,False,0.0565,0.0491,0.0471,0.0647,0.0672,0.0719,-2.5855,grasp,0.0000,0.0000,0.0000,0.0000,0.0000,0.0000,False,,0.0500,0.0000,False,0.8020,-0.2600,0.0100,0.8432
1948,0.0,1.1527,0.0000,False,False,False,-0.4727,4.7393,-0.2122,-1.3129,-0.1142,1.4732,0.1073,0.0937,0.0895,0.1229,0.1276,0.1365,0.4943,0.1772,0.3911,1.0698,0.0000,0.0000,0.0000,0.0000,0.0000,0.0000,False,0.0751,-0.0567,-0.0201,-0.0772,-0.0519,-0.0270,-2.3068,grasp,0.0000,0.0000,0.0000,0.0000,0.0000,0.0000,False,,0.0500,0.0000,False,0.8020,-0.2600,0.0100,0.8432
1949,0.0,1.1523,0.0000,False,False,False,-0.4710,4.7372,-0.2129,-1.3144,-0.1155,1.4730,-0.0446,-0.0374,-0.0059,0.0721,0.0201,0.0621,0.4020,0.1746,0.3908,1.0698,0.0000,0.0000,0.0000,0.0000,0.0000,0.0000,False,-0.0432,-0.0414,-0.0063,0.0706,0.0191,0.0615,-2.2668,grasp,0.0000,0.0000,0.0000,0.0000,0.0000,0.0000,False,,0.0500,0.0000,False,0.8020,-0.2600,0.0100,0.8432
1950,0.0,1.1523,0.0000,False,False,False,-0.4710,4.7372,-0.2129,-1.3144,-0.1155,1.4730,-0.0446,-0.0374,-0.0059,0.0721,0.0201,0.0621,0.4020,0.1746,0.3908,1.0698,0.0000,0.0000,0.0000,0.0000,0.0000,0.0000,False,-0.0449,0.0502,0.0516,0.0369,0.0638,0.0037,1.1165,grasp,0.0000,0.0000,0.0000,0.0000,0.0000,0.0000,False,,0.0500,0.0000,True,0.8020,-0.2600,0.0100,0.8432
1951,0.0,1.1523,0.0000,False,False,False,-0.4719,4.7364,-0.2130,-1.3131,-0.1151,1.4742,-0.0847,-0.0740,-0.0111,0.1369,0.0382,0.1179,0.3820,0.1746,0.3908,1.0698,0.0000,0.0000,0.0000,0.0000,0.0000,0.0000,False,-0.0544,-0.0160,-0.0728,0.0139,0.0670,-0.0441,1.5888,grasp,0.0000,0.0000,0.0000,0.0000,0.0000,0.0000,False,,0.0500,0.0000,True,0.8020,-0.2600,0.0100,0.8432
1952,0.0,1.1523,0.0000,False,False,False,-0.4719,4.7364,-0.2130,-1.3131,-0.1151,1.4742,-0.0000,-0.0000,-0.0000,0.0000,-0.0000,0.0000,0.3974,0.1746,0.3908,1.0698,0.0000,0.0000,0.0000,0.0000,0.0000,0.0000,False,-0.0711,-0.0388,-0.0173,-0.0486,-0.0548,-0.0487,-0.0655,grasp,0.0000,0.0000,0.0000,0.0000,0.0000,0.0000,False,,0.0500,0.0000,False,0.8020,-0.2600,0.0100,0.8432
1953,0.0,1.1520,0.0000,False,False,False,-0.4703,4.7373,-0.2128,-1.3130,-0.1170,1.4735,0.1527,0.0863,0.0223,0.0373,-0.0843,-0.0099,0.3615,0.1737,0.3905,1.0697,0.0000,0.0000,0.0000,0.0000,0.0000,0.0000,False,0.0796,0.0450,0.0115,0.0191,-0.0449,-0.0057,-1.0471,grasp,0.0000,0.0000,0.0000,0.0000,0.0000,0.0000,False,,0.0500,0.0000,False,0.8020,-0.2600,0.0100,0.8432
1954,0.0,1.1520,0.0000,False,False,False,-0.4682,4.7387,-0.2118,-1.3130,-0.1175,1.4731,-0.0112,0.0030,0.0695,-0.0557,0.0676,-0.0266,0.3382,0.1737,0.3905,1.0697,0.0000,0.0000,0.0000,0.0000,0.0000,0.0000,False,-0.0090,0.0054,0.0698,-0.0552,0.0664,-0.0267,-0.9476,grasp,0.0000,0.0000,0.0000,0.0000,0.0000,0.0000,False,,0.0500,0.0000,False,0.8020,-0.2600,0.0100,0.8432
1955,0.0,1.1512,0.0000,False,False,False,-0.4682,4.7387,-0.2118,-1.3130,-0.1175,1.4731,-0.0112,0.0030,0.0695,-0.0557,0.0676,-0.0266,0.3382,0.1742,0.3882,1.0697,0.0000,0.0000,0.0000,0.0000,0.0000,0.0000,False,0.0416,0.0128,-0.0412,-0.0302,-0.0122,-0.0484,1.1386,grasp,0.0000,0.0000,0.0000,0.0000,0.0000,0.0000,False,,0.0500,0.0000,True,0.8020,-0.2600,0.0100,0.8432
1956,0.0,1.1512,0.0000,False,False,False,-0.4684,4.7388,-0.2105,-1.3141,-0.1162,1.4726,-0.0213,0.0068,0.1320,-0.1058,0.1285,-0.0505,0.3323,0.1742,0.3882,1.0697,0.0000,0.0000,0.0000,0.0000,0.0000,0.0000,False,-0.0252,-0.0639,-0.0330,0.0432,-0.0448,0.0317,-0.0836,grasp,0.0000,0.0000,0.0000,0.0000,0.0000,0.0000,False,,0.0500,0.0000,False,0.8020,-0.2600,0.0100,0.8432
1957,0.0,1.1512,0.0000,False,False,False,-0.4684,4.7388,-0.2105,-1.3141,-0.1162,1.4726,0.0000,-0.0000,-0.0000,0.0000,-0.0000,0.0000,0.3580,0.1742,0.3882,1.0697,0.0000,0.0000,0.0000,0.0000,0.0000,0.0000,False,0.0353,0.0338,-0.0140,-0.0543,0.0725,0.0694,2.4068,grasp,0.0000,0.0000,0.0000,0.0000,0.0000,0.0000,False,,0.0500,0.0000,True,0.8020,-0.2600,0.0100,0.8432
1958,0.0,1.1519,0.0000,False,False,False,-0.4673,4.7397,-0.2099,-1.3145,-0.1148,1.4733,0.0790,0.0657,0.0728,0.0164,0.0665,-0.0044,0.4179,0.1751,0.3891,1.0699,0.0000,0.0000,0.0000,0.0000,0.0000,0.0000,False,0.0793,0.0661,0.0727,0.0158,0.0672,-0.0037,0.6231,grasp,0.0000,0.0000,0.0000,0.0000,0.0000,0.0000,False,,0.0500,0.0000,False,0.8020,-0.2600,0.0100,0.8432
1959,0.0,1.1529,0.0000,False,False,False,-0.4653,4.7424,-0.2104,-1.3145,-0.1135,1.4713,0.0281,0.0819,-0.1214,-0.0227,0.0052,-0.1275,0.4974,0.1778,0.3907,1.0700,0.0000,0.0000,0.0000,0.0000,0.0000,0.0000,False,0.0163,0.0457,-0.0625,-0.0116,0.0040,-0.0672,3.0797,grasp,0.0000,0.0000,0.0000,0.0000,0.0000,0.0000,False,,0.0500,0.0000,True,0.8020,-0.2600,0.0100,0.8432
1960,0.0,1.1529,0.0000,False,False,False,-0.4653,4.7424,-0.2104,-1.3145,-0.1135,1.4713,0.0281,0.0819,-0.1214,-0.0227,0.0052,-0.1275,0.4974,0.1778,0.3907,1.0700,0.0000,0.0000,0.0000,0.0000,0.0000,0.0000,False,-0.0170,-0.0534,-0.0194,-0.0595,-0.0067,0.0377,-2.9441,grasp,0.0000,0.0000,0.0000,0.0000,0.0000,0.0000,False,,0.0500,0.0000,False,0.8020,-0.2600,0.0100,0.8432
1961,0.0,1.1529,0.0000,False,False,False,-0.4649,4.7436,-0.2121,-1.3148,-0.1134,1.4694,0.0400,0.1182,-0.1731,-0.0323,0.0074,-0.1819,0.5174,0.1778,0.3907,1.0700,0.0000,0.0000,0.0000,0.0000,0.0000,0.0000,False,0.0257,-0.0188,-0.0729,0.0520,0.0363,-0.0490,-0.6507,grasp,0.0000,0.0000,0.0000,0.0000,0.0000,0.0000,False,,0.0500,0.0000,False,0.8020,-0.2600,0.0100,0.8432
1962,0.0,1.1529,0.0000,False,False,False,-0.4649,4.7436,-0.2121,-1.3148,-0.1134,1.4694,0.0000,-0.0000,-0.0000,0.0000,0.0000,0.0000,0.5254,0.1778,0.3907,1.0700,0.0000,0.0000,0.0000,0.0000,0.0000,0.0000,False,-0.0634,0.0707,0.0425,0.0763,-0.0547,0.0724,3.0198,grasp,0.0000,0.0000,0.0000,0.0000,0.0000,0.0000,False,,0.0500,0.0000,True,0.8020,-0.2600,0.0100,0.8432
1963,0.0,1.1533,0.0000,False,False,False,-0.4668,4.7460,-0.2109,-1.3126,-0.1150,1.4715,-0.0000,-0.0000,-0.0000,0.0000,-0.0000,0.0000,0.5781,0.1797,0.3912,1.0700,0.0000,0.0000,0.0000,0.0000,0.0000,0.0000,False,-0.0715,0.0700,0.0726,0.0529,0.0705,0.0496,2.3171,grasp,0.0000,0.0000,0.0000,0.0000,0.0000,0.0000,False,,0.0500,0.0000,False,0.8020,-0.2600,0.0100,0.8432
1964,0.0,1.1533,0.0000,False,False,False,-0.4671,4.7454,-0.2090,-1.3119,-0.1132,1.4700,0.0232,-0.0802,0.0765,0.0152,0.0719,-0.1323,0.5298,0.1830,0.3897,1.0699,0.0000,0.0000,0.0000,0.0000,0.0000,0.0000,False,0.0115,-0.0412,0.0410,0.0085,0.0386,-0.0691,-2.5672,grasp,0.0000,0.0000,0.0000,0.0000,0.0000,0.0000,False,,0.0500,0.0000,False,0.8020,-0.2600,0.0100,0.8432
1965,0.0,1.1533,0.0000,False,False,False,-0.4671,4.7454,-0.2090,-1.3119,-0.1132,1.4700,0.0232,-0.0802,0.0765,0.0152,0.0719,-0.1323,0.5298,0.1830,0.3897,1.0699,0.0000,0.0000,0.0000,0.0000,0.0000,0.0000,False,0.0250,0.0066,-0.0040,0.0682,0.0390,-0.0103,-0.5561,grasp,0.0000,0.0000,0.0000,0.0000,0.0000,0.0000,False,,0.0500,0.0000,False,0.8020,-0.2600,0.0100,0.8432
1966,0.0,1.1533,0.0000,False,False,False,-0.4668,4.7442,-0.2079,-1.3116,-0.1121,1.4681,0.0331,-0.1138,0.1091,0.0217,0.1026,-0.1887,0.5098,0.1830,0.3897,1.0699,0.0000,0.0000,0.0000,0.0000,0.0000,0.0000,False,0.0499,0.0052,0.0174,-0.0602,0.0123,-0.0468,1.1678,grasp,0.0000,0.0000,0.0000,0.0000,0.0000,0.0000,False,,0.0500,0.0000,False,0.8020,-0.2600,0.0100,0.8432
1967,0.0,1.1533,0.0000,False,False,False,-0.4680,4.7408,-0.2052,-1.3079,-0.1135,1.4701,-0.0573,-0.1614,0.1329,0.1796,-0.0657,0.0982,0.4747,0.1830,0.3897,1.0699,0.0000,0.0000,0.0000,0.0000,0.0000,0.0000,False,-0.0211,-0.0596,0.0490,0.0663,-0.0242,0.0362,0.3311,grasp,0.0000,0.0000,0.0000,0.0000,0.0000,0.0000,False,,0.0500,0.0000,False,0.8020,-0.2600,0.0100,0.8432
1968,0.0,1.1529,0.0000,False,False,False,-0.4680,4.7408,-0.2052,-1.3079,-0.1135,1.4701,-0.0573,-0.1614,0.1329,0.1796,-0.0657,0.0982,0.4747,0.1808,0.3894,1.0700,0.0000,0.0000,0.0000,0.0000,0.0000,0.0000,False,0.0633,0.0476,-0.0700,-0.0659,0.0727,-0.0523,-2.5418,grasp,0.0000,0.0000,0.0000,0.0000,0.0000,0.0000,False,,0.0500,0.0000,False,0.8020,-0.2600,0.0100,0.8432
1969,0.0,1.1524,0.0000,False,False,False,-0.4686,4.7381,-0.2036,-1.3051,-0.1137,1.4718,0.0131,-0.0615,-0.0177,0.0522,0.0634,0.0464,0.4540,0.1797,0.3892,1.0697,0.0000,0.0000,0.0000,0.0000,0.0000,0.0000,False,0.0131,-0.0616,-0.0177,0.0522,0.0634,0.0464,0.5104,grasp,0.0000,0.0000,0.0000,0.0000,0.0000,0.0000,False,,0.0500,0.0000,False,0.8020,-0.2600,0.0100,0.8432
1970,0.0,1.1524,0.0000,False,False,False,-0.4683,4.7369,-0.2040,-1.3041,-0.1125,1.4727,0.0249,-0.1172,-0.0336,0.0991,0.1205,0.0882,0.4551,0.1797,0.3892,1.0697,0.0000,0.0000,0.0000,0.0000,0.0000,0.0000,False,0.0559,0.0646,0.0465,-0.0630,-0.0711,-0.0235,-2.1319,grasp,0.0000,0.0000,0.0000,0.0000,0.0000,0.0000,False,,0.0500,0.0000,False,0.8020,-0.2600,0.0100,0.8432
1971,0.0,1.1524,0.0000,False,False,False,-0.4683,4.7369,-0.2040,-1.3041,-0.1125,1.4727,0.0249,-0.1172,-0.0336,0.0991,0.1205,0.0882,0.4551,0.1797,0.3892,1.0697,0.0000,0.0000,0.0000,0.0000,0.0000,0.0000,False,0.0141,-0.0395,-0.0648,0.0323,0.0265,0.0509,-0.5013,grasp,0.0000,0.0000,0.0000,0.0000,0.0000,0.0000,False,,0.0500,0.0000,False,0.8020,-0.2600,0.0100,0.8432
1972,0.0,1.1524,0.0000,False,False,False,-0.4683,4.7367,-0.2040,-1.3041,-0.1125,1.4727,0.0000,-0.0000,-0.0000,0.0000,-0.0000,0.0000,0.4452,0.1797,0.3892,1.0697,0.0000,0.0000,0.0000,0.0000,0.0000,0.0000,False,-0.0131,0.0692,0.0600,0.0302,0.0319,0.0281,1.0644,grasp,0.0000,0.0000,0.0000,0.0000,0.0000,0.0000,False,,0.0500,0.0000,False,0.8020,-0.2600,0.0100,0.8432
1973,0.0,1.1525,0.0000,False,False,False,-0.4685,4.7374,-0.2034,-1.3038,-0.1122,1.4730,-0.0000,-0.0000,-0.0000,0.0000,-0.0000,0.0000,0.4342,0.1782,0.3900,1.0697,0.0000,0.0000,0.0000,0.0000,0.0000,0.0000,False,0.0238,-0.0417,0.0435,-0.0189,0.0638,0.0682,-2.6675,grasp,0.0000,0.0000,0.0000,0.0000,0.0000,0.0000,False,,0.0500,0.0000,False,0.8020,-0.2600,0.0100,0.8432
1974,0.0,1.1520,0.0000,False,False,False,-0.4685,4.7354,-0.2017,-1.3041,-0.1099,1.4753,-0.0719,-0.0709,0.0470,0.0322,0.0415,0.0289,0.3968,0.1760,0.3895,1.0698,0.0000,0.0000,0.0000,0.0000,0.0000,0.0000,False,-0.0715,-0.0720,0.0478,0.0318,0.0427,0.0302,0.0616,grasp,0.0000,0.0000,0.0000,0.0000,0.0000,0.0000,False,,0.0500,0.0000,False,0.8020,-0.2600,0.0100,0.8432
1975,0.0,1.1520,0.0000,False,False,False,-0.4685,4.7354,-0.2017,-1.3041,-0.1099,1.4753,-0.0719,-0.0709,0.0470,0.0322,0.0415,0.0289,0.3968,0.1760,0.3895,1.0698,0.0000,0.0000,0.0000,0.0000,0.0000,0.0000,False,-0.0257,0.0432,-0.0101,0.0532,-0.0181,0.0611,-2.6710,grasp,0.0000,0.0000,0.0000,0.0000,0.0000,0.0000,False,,0.0500,0.0000,False,0.8020,-0.2600,0.0100,0.8432
1976,0.0,1.1520,0.0000,False,False,False,-0.4699,4.7340,-0.2008,-1.3035,-0.1091,1.4758,-0.0000,-0.0000,-0.0000,0.0000,-0.0000,0.0000,0.3779,0.1760,0.3895,1.0698,0.0000,0.0000,0.0000,0.0000,0.0000,0.0000,False,-0.0259,0.0323,-0.0532,0.0460,-0.0519,-0.0619,-1.0572,grasp,0.0000,0.0000,0.0000,0.0000,0.0000,0.0000,False,,0.0500,0.0000,False,0.8020,-0.2600,0.0100,0.8432
1977,0.0,1.1520,0.0000,False,False,False,-0.4699,4.7340,-0.2008,-1.3035,-0.1091,1.4758,0.0000,-0.0000,-0.0000,0.0000,0.0000,0.0000,0.3866,0.1760,0.3895,1.0698,0.0000,0.0000,0.0000,0.0000,0.0000,0.0000,False,0.0457,-0.0326,-0.0570,-0.0233,0.0722,0.0504,2.9928,grasp,0.0000,0.0000,0.0000,0.0000,0.0000,0.0000,False,,0.0500,0.0000,True,0.8020,-0.2600,0.0100,0.8432
1978,0.0,1.1522,0.0000,False,False,False,-0.4687,4.7342,-0.2019,-1.3038,-0.1082,1.4766,0.0710,0.0476,-0.0573,-0.0101,0.0260,0.0324,0.4239,0.1749,0.3904,1.0698,0.0000,0.0000,0.0000,0.0000,0.0000,0.0000,False,0.0714,0.0470,-0.0579,-0.0103,0.0267,0.0329,-0.1486,grasp,0.0000,0.0000,0.0000,0.0000,0.0000,0.0000,False,,0.0500,0.0000,False,0.8020,-0.2600,0.0100,0.8432
1979,0.0,1.1520,0.0000,False,False,False,-0.4678,4.7353,-0.2023,-1.3037,-0.1081,1.4779,-0.0456,0.0216,0.0740,0.0287,-0.0449,0.0690,0.3873,0.1748,0.3898,1.0698,0.0000,0.0000,0.0000,0.0000,0.0000,0.0000,False,-0.0442,0.0225,0.0730,0.0285,-0.0444,0.0697,-1.1811,grasp,0.0000,0.0000,0.0000,0.0000,0.0000,0.0000,False,,0.0500,0.0000,False,0.8020,-0.2600,0.0100,0.8432
1980,0.0,1.1520,0.0000,False,False,False,-0.4687,4.7358,-0.2009,-1.3031,-0.1090,1.4793,0.0000,-0.0000,-0.0000,0.0000,0.0000,0.0000,0.3932,0.1748,0.3898,1.0698,0.0000,0.0000,0.0000,0.0000,0.0000,0.0000,False,-0.0670,0.0237,-0.0213,0.0613,-0.0697,0.0490,2.7547,grasp,0.0000,0.0000,0.0000,0.0000,0.0000,0.0000,False,,0.0500,0.0000,True,0.8020,-0.2600,0.0100,0.8432
1981,0.0,1.1520,0.0000,False,False,False,-0.4687,4.7358,-0.2009,-1.3031,-0.1090,1.4793,0.0000,-0.0000,-0.0000,0.0000,0.0000,0.0000,0.3932,0.1748,0.3898,1.0698,0.0000,0.0000,0.0000,0.0000,0.0000,0.0000,False,0.0663,-0.0703,0.0446,0.0398,0.0659,-0.0390,-0.6026,grasp,0.0000,0.0000,0.0000,0.0000,0.0000,0.0000,False,,0.0500,0.0000,False,0.8020,-0.2600,0.0100,0.8432
1982,0.0,1.1518,0.0000,False,False,False,-0.4669,4.7336,-0.2025,-1.3054,-0.1072,1.4756,0.1166,-0.1214,-0.0672,-0.1390,0.1172,-0.2009,0.3503,0.1761,0.3889,1.0698,0.0000,0.0000,0.0000,0.0000,0.0000,0.0000,False,0.0424,-0.0444,-0.0250,-0.0507,0.0426,-0.0737,-1.3893,grasp,0.0000,0.0000,0.0000,0.0000,0.0000,0.0000,False,,0.0500,0.0000,False,0.8020,-0.2600,0.0100,0.8432
1983,0.0,1.1518,0.0000,False,False,False,-0.4669,4.7336,-0.2025,-1.3054,-0.1072,1.4756,0.1166,-0.1214,-0.0672,-0.1390,0.1172,-0.2009,0.3503,0.1761,0.3889,1.0698,0.0000,0.0000,0.0000,0.0000,0.0000,0.0000,False,0.0025,-0.0660,0.0046,-0.0646,0.0355,-0.0508,1.8340,grasp,0.0000,0.0000,0.0000,0.0000,0.0000,0.0000,False,,0.0500,0.0000,True,0.8020,-0.2600,0.0100,0.8432
1984,0.0,1.1518,0.0000,False,False,False,-0.4648,4.7318,-0.2038,-1.3075,-0.1064,1.4726,0.0649,0.0360,-0.0498,-0.0355,-0.0634,-0.0439,0.3592,0.1688,0.3918,1.0699,0.0000,0.0000,0.0000,0.0000,0.0000,0.0000,False,0.0664,0.0278,-0.0507,-0.0373,-0.0619,-0.0465,0.4049,grasp,0.0000,0.0000,0.0000,0.0000,0.0000,0.0000,False,,0.0500,0.0000,False,0.8020,-0.2600,0.0100,0.8432
1985,0.0,1.1518,0.0000,False,False,False,-0.4635,4.7324,-0.2048,-1.3082,-0.1076,1.4718,-0.0000,-0.0000,-0.0000,0.0000,-0.0000,0.0000,0.3575,0.1688,0.3918,1.0699,0.0000,0.0000,0.0000,0.0000,0.0000,0.0000,False,-0.0092,-0.0321,0.0007,-0.0066,-0.0245,0.0727,-1.1105,grasp,0.0000,0.0000,0.0000,0.0000,0.0000,0.0000,False,,0.0500,0.0000,False,0.8020,-0.2600,0.0100,0.8432
1986,0.0,1.1518,0.0000,False,False,False,-0.4635,4.7324,-0.2048,-1.3082,-0.1076,1.4718,-0.0000,-0.0000,-0.0000,0.0000,-0.0000,0.0000,0.3575,0.1688,0.3918,1.0699,0.0000,0.0000,0.0000,0.0000,0.0000,0.0000,False,-0.0396,0.0207,-0.0651,-0.0564,-0.0354,-0.0315,-2.3482,grasp,0.0000,0.0000,0.0000,0.0000,0.0000,0.0000,False,,0.0500,0.0000,False,0.8020,-0.2600,0.0100,0.8432
1987,0.0,1.1513,0.0000,False,False,False,-0.4633,4.7331,-0.2041,-1.3088,-0.1066,1.4718,0.0213,0.0662,0.0437,-0.0380,0.0784,-0.0424,0.3204,0.1679,0.3909,1.0699,0.0000,0.0000,0.0000,0.0000,0.0000,0.0000,False,0.0112,0.0348,0.0230,-0.0200,0.0412,-0.0223,-0.7759,grasp,0.0000,0.0000,0.0000,0.0000,0.0000,0.0000,False,,0.0500,0.0000,False,0.8020,-0.2600,0.0100,0.8432
1988,0.0,1.1513,0.0000,False,False,False,-0.4633,4.7331,-0.2041,-1.3088,-0.1066,1.4718,0.0213,0.0662,0.0437,-0.0380,0.0784,-0.0424,0.3204,0.1679,0.3909,1.0699,0.0000,0.0000,0.0000,0.0000,0.0000,0.0000,False,-0.0508,-0.0396,-0.0767,-0.0516,0.0098,-0.0502,-0.4381,grasp,0.0000,0.0000,0.0000,0.0000,0.0000,0.0000,False,,0.0500,0.0000,False,0.8020,-0.2600,0.0100,0.8432
1989,0.0,1.1515,0.0000,False,False,False,-0.4635,4.7337,-0.2042,-1.3099,-0.1054,1.4707,-0.0511,-0.0418,-0.0773,-0.0510,0.0087,-0.0496,0.3234,0.1686,0.3905,1.0701,0.0000,0.0000,0.0000,0.0000,0.0000,0.0000,False,0.0429,0.0270,0.0181,-0.0438,-0.0402,0.0645,2.9890,grasp,0.0000,0.0000,0.0000,0.0000,0.0000,0.0000,False,,0.0500,0.0000,True,0.8020,-0.2600,0.0100,0.8432
1990,0.0,1.1515,0.0000,False,False,False,-0.4635,4.7337,-0.2042,-1.3099,-0.1054,1.4707,0.0000,-0.0000,-0.0000,0.0000,-0.0000,0.0000,0.3434,0.1686,0.3905,1.0701,0.0000,0.0000,0.0000,0.0000,0.0000,0.0000,False,0.0708,0.0500,0.0666,-0.0637,0.0089,-0.0491,0.0178,grasp,0.0000,0.0000,0.0000,0.0000,0.0000,0.0000,False,,0.0500,0.0000,False,0.8020,-0.2600,0.0100,0.8432
1991,0.0,1.1515,0.0000,False,False,False,-0.4635,4.7337,-0.2042,-1.3099,-0.1054,1.4707,0.0000,-0.0000,-0.0000,0.0000,-0.0000,0.0000,0.3634,0.1686,0.3905,1.0701,0.0000,0.0000,0.0000,0.0000,0.0000,0.0000,False,-0.0500,-0.0767,-0.0406,0.0232,0.0468,0.0714,-1.5739,grasp,0.0000,0.0000,0.0000,0.0000,0.0000,0.0000,False,,0.0500,0.0000,False,0.8020,-0.2600,0.0100,0.8432
1992,0.0,1.1515,0.0000,False,False,False,-0.4630,4.7362,-0.2043,-1.3103,-0.1056,1.4710,-0.0135,0.1344,-0.0465,0.0142,-0.0197,0.0475,0.4287,0.1686,0.3905,1.0701,0.0000,0.0000,0.0000,0.0000,0.0000,0.0000,False,-0.0071,0.0706,-0.0245,0.0075,-0.0104,0.0250,1.7962,grasp,0.0000,0.0000,0.0000,0.0000,0.0000,0.0000,False,,0.0500,0.0000,True,0.8020,-0.2600,0.0100,0.8432
1993,0.0,1.1523,0.0000,False,False,False,-0.4632,4.7381,-0.2049,-1.3101,-0.1059,1.4717,-0.0192,0.1918,-0.0663,0.0202,-0.0281,0.0678,0.4487,0.1701,0.3922,1.0701,0.0000,0.0000,0.0000,0.0000,0.0000,0.0000,False,0.0446,0.0424,-0.0440,0.0576,0.0357,0.0699,-3.0889,grasp,0.0000,0.0000,0.0000,0.0000,0.0000,0.0000,False,,0.0500,0.0000,False,0.8020,-0.2600,0.0100,0.8432
1994,0.0,1.1525,0.0000,False,False,False,-0.4628,4.7388,-0.2054,-1.3095,-0.1055,1.4723,0.0448,0.0372,-0.0434,0.0574,0.0360,0.0692,0.4124,0.1736,0.3912,1.0701,0.0000,0.0000,0.0000,0.0000,0.0000,0.0000,False,-0.0254,0.0193,0.0144,0.0067,0.0174,0.0415,-0.3491,grasp,0.0000,0.0000,0.0000,0.0000,0.0000,0.0000,False,,0.0500,0.0000,False,0.8020,-0.2600,0.0100,0.8432
1995,0.0,1.1525,0.0000,False,False,False,-0.4628,4.7388,-0.2054,-1.3095,-0.1055,1.4723,0.0448,0.0372,-0.0434,0.0574,0.0360,0.0692,0.4124,0.1736,0.3912,1.0701,0.0000,0.0000,0.0000,0.0000,0.0000,0.0000,False,0.0709,0.0311,-0.0789,-0.0630,0.0570,-0.0634,-1.8760,grasp,0.0000,0.0000,0.0000,0.0000,0.0000,0.0000,False,,0.0500,0.0000,False,0.8020,-0.2600,0.0100,0.8432
1996,0.0,1.1515,0.0000,False,False,False,-0.4580,4.7378,-0.2026,-1.3088,-0.1033,1.4729,0.1532,-0.1007,0.2133,0.0147,0.0500,-0.0068,0.3038,0.1711,0.3893,1.0701,0.0000,0.0000,0.0000,0.0000,0.0000,0.0000,False,0.0572,-0.0368,0.0779,0.0048,0.0190,-0.0031,-1.4832,grasp,0.0000,0.0000,0.0000,0.0000,0.0000,0.0000,False,,0.0500,0.0000,False,0.8020,-0.2600,0.0100,0.8432
1997,0.0,1.1515,0.0000,False,False,False,-0.4580,4.7378,-0.2026,-1.3088,-0.1033,1.4729,0.1532,-0.1007,0.2133,0.0147,0.0500,-0.0068,0.3038,0.1711,0.3893,1.0701,0.0000,0.0000,0.0000,0.0000,0.0000,0.0000,False,0.0007,0.0012,-0.0659,0.0209,-0.0646,-0.0591,2.5033,grasp,0.0000,0.0000,0.0000,0.0000,0.0000,0.0000,False,,0.0500,0.0000,True,0.8020,-0.2600,0.0100,0.8432
1998,0.0,1.1514,0.0000,False,False,False,-0.4558,4.7368,-0.2004,-1.3085,-0.1022,1.4734,0.0333,0.0293,-0.0539,0.0147,0.0437,0.0563,0.3060,0.1687,0.3896,1.0703,0.0000,0.0000,0.0000,0.0000,0.0000,0.0000,False,0.0352,0.0279,-0.0512,0.0149,0.0444,0.0562,-0.3564,grasp,0.0000,0.0000,0.0000,0.0000,0.0000,0.0000,False,,0.0500,0.0000,False,0.8020,-0.2600,0.0100,0.8432
1999,0.0,1.1514,0.0000,False,False,False,-0.4551,4.7373,-0.2014,-1.3082,-0.1014,1.4744,0.0000,-0.0000,-0.0000,0.0000,-0.0000,0.0000,0.3308,0.1687,0.3896,1.0703,0.0000,0.0000,0.0000,0.0000,0.0000,0.0000,False,-0.0361,-0.0658,-0.0217,0.0183,-0.0036,-0.0336,1.1929,grasp,0.0000,0.0000,0.0000,0.0000,0.0000,0.0000,False,,0.0500,0.0000,True,0.8020,-0.2600,0.0100,0.8432
2000,0.0,1.1514,0.0000,False,False,False,-0.4551,4.7373,-0.2014,-1.3082,-0.1014,1.4744,0.0000,-0.0000,-0.0000,0.0000,-0.0000,0.0000,0.3308,0.1687,0.3896,1.0703,0.0000,0.0000,0.0000,0.0000,0.0000,0.0000,False,0.0094,-0.0182,-0.0496,0.0166,0.0669,0.0773,1.7792,grasp,0.0000,0.0000,0.0000,0.0000,0.0000,0.0000,False,,0.0500,0.0000,True,0.8020,-0.2600,0.0100,0.8432
2001,0.0,1.1460,-0.0230,False,False,False,-0.4500,4.7442,-0.2206,-1.2931,-0.0970,1.4827,0.1468,-0.0298,-0.0661,0.0549,-0.1027,-0.0402,0.0598,0.1576,0.3803,1.0695,0.0000,0.0000,0.0000,0.0000,0.0000,0.0000,False,0.0773,-0.0154,-0.0349,0.0291,-0.0542,-0.0213,3.1197,grasp,0.0000,0.0000,0.0000,0.0000,0.0000,0.0000,False,,0.0500,0.0000,True,0.8020,-0.2600,0.0100,0.8432
2002,0.0,1.1460,-0.0212,False,False,False,-0.4500,4.7442,-0.2206,-1.2931,-0.0970,1.4827,0.1468,-0.0298,-0.0661,0.0549,-0.1027,-0.0402,0.0598,0.1576,0.3803,1.0695,0.0000,0.0000,0.0000,0.0000,0.0000,0.0000,False,0.0069,-0.0278,0.0202,0.0505,0.0426,0.0303,0.6686,grasp,0.0000,0.0000,0.0000,0.0000,0.0000,0.0000,False,,0.0500,0.0000,True,0.8020,-0.2600,0.0100,0.8432
2003,0.0,1.1460,-0.0091,False,False,False,-0.4479,4.7434,-0.2213,-1.2918,-0.0980,1.4824,0.0048,-0.0261,0.0211,0.0497,0.0440,0.0309,0.1194,0.1576,0.3803,1.0695,0.0000,0.0000,0.0000,0.0000,0.0000,0.0000,False,0.0073,0.0098,-0.0736,0.0636,-0.0078,0.0199,-0.7015,grasp,0.0000,0.0000,0.0000,0.0000,0.0000,0.0000,False,,0.0500,0.0000,False,0.8020,-0.2600,0.0100,0.8432
2004,0.0,1.1460,-0.0105,False,False,False,-0.4474,4.7436,-0.2218,-1.2911,-0.0988,1.4826,0.0442,0.0189,-0.0455,0.0671,-0.0775,0.0192,0.1794,0.1576,0.3803,1.0695,0.0000,0.0000,0.0000,0.0000,0.0000,0.0000,False,0.0442,0.0189,-0.0455,0.0671,-0.0775,0.0192,-2.8118,grasp,0.0000,0.0000,0.0000,0.0000,0.0000,0.0000,False,,0.0500,0.0000,False,0.8020,-0.2600,0.0100,0.8432
2005,0.0,1.1478,-0.0159,False,False,False,-0.4474,4.7436,-0.2218,-1.2911,-0.0988,1.4826,0.0442,0.0189,-0.0455,0.0671,-0.0775,0.0192,0.1794,0.1584,0.3861,1.0693,0.0000,0.0000,0.0000,0.0000,0.0000,0.0000,False,0.0417,-0.0725,0.0453,-0.0706,-0.0709,0.0118,1.8233,grasp,0.0000,0.0000,0.0000,0.0000,0.0000,0.0000,False,,0.0500,0.0000,True,0.8020,-0.2600,0.0100,0.8432
2006,0.0,1.1478,-0.0125,False,False,False,-0.4474,4.7436,-0.2218,-1.2911,-0.0988,1.4826,0.0442,0.0189,-0.0455,0.0671,-0.0775,0.0192,0.1794,0.1584,0.3861,1.0693,0.0000,0.0000,0.0000,0.0000,0.0000,0.0000,False,0.0508,-0.0292,0.0121,0.0451,-0.0668,-0.0204,0.7115,grasp,0.0000,0.0000,0.0000,0.0000,0.0000,0.0000,False,,0.0500,0.0000,True,0.8020,-0.2600,0.0100,0.8432
2007,0.0,1.1493,-0.0246,False,False,False,-0.4451,4.7431,-0.2222,-1.2886,-0.1021,1.4824,0.0949,-0.0562,0.0247,0.0832,-0.1242,-0.0395,0.2590,0.1608,0.3902,1.0690,0.0000,0.0000,0.0000,0.0000,0.0000,0.0000,False,0.0501,0.0583,0.0300,0.0294,-0.0247,-0.0724,1.2120,grasp,0.0000,0.0000,0.0000,0.0000,0.0000,0.0000,False,,0.0500,0.0000,True,0.8020,-0.2600,0.0100,0.8432
2008,0.0,1.1505,-0.0133,False,False,False,-0.4426,4.7443,-0.2214,-1.2861,-0.1038,1.4794,-0.0226,0.0287,-0.0339,0.0495,0.0725,-0.0312,0.3782,0.1634,0.3931,1.0688,0.0000,0.0000,0.0000,0.0000,0.0000,0.0000,False,-0.0217,0.0315,-0.0333,0.0500,0.0721,-0.0326,2.2622,grasp,0.0000,0.0000,0.0000,0.0000,0.0000,0.0000,False,,0.0500,0.0000,True,0.8020,-0.2600,0.0100,0.8432
2009,0.0,1.1505,-0.0099,False,False,False,-0.4426,4.7443,-0.2214,-1.2861,-0.1038,1.4794,-0.0226,0.0287,-0.0339,0.0495,0.0725,-0.0312,0.3782,0.1634,0.3931,1.0688,0.0000,0.0000,0.0000,0.0000,0.0000,0.0000,False,0.0689,0.0422,0.0448,-0.0111,0.0377,0.0525,-2.7657,grasp,0.0000,0.0000,0.0000,0.0000,0.0000,0.0000,False,,0.0500,0.0000,False,0.8020,-0.2600,0.0100,0.8432
2010,0.0,1.1505,-0.0135,False,False,False,-0.4426,4.7443,-0.2214,-1.2861,-0.1038,1.4794,-0.0226,0.0287,-0.0339,0.0495,0.0725,-0.0312,0.3782,0.1634,0.3931,1.0688,0.0000,0.0000,0.0000,0.0000,0.0000,0.0000,False,0.0657,0.0497,0.0476,-0.0145,-0.0425,0.0686,1.9594,grasp,0.0000,0.0000,0.0000,0.0000,0.0000,0.0000,False,,0.0500,0.0000,True,0.8020,-0.2600,0.0100,0.8432
2011,0.0,1.1516,-0.0288,False,False,False,-0.4401,4.7483,-0.2186,-1.2856,-0.1051,1.4825,-0.0781,0.0495,0.0672,0.0446,-0.0191,-0.0152,0.4417,0.1657,0.3955,1.0688,0.0000,0.0000,0.0000,0.0000,0.0000,0.0000,False,-0.0763,0.0537,0.0685,0.0442,-0.0203,-0.0133,-2.1568,grasp,0.0000,0.0000,0.0000,0.0000,0.0000,0.0000,False,,0.0500,0.0000,False,0.8020,-0.2600,0.0100,0.8432
2012,0.0,1.1516,-0.0131,False,False,False,-0.4411,4.7503,-0.2178,-1.2852,-0.1061,1.4818,0.0442,0.0651,-0.0429,-0.0490,-0.0604,-0.0448,0.4612,0.1657,0.3955,1.0688,0.0000,0.0000,0.0000,0.0000,0.0000,0.0000,False,0.0427,0.0701,-0.0416,-0.0482,-0.0608,-0.0451,1.9885,grasp,0.0000,0.0000,0.0000,0.0000,0.0000,0.0000,False,,0.0500,0.0000,True,0.8020,-0.2600,0.0100,0.8432
2013,0.0,1.1514,-0.0158,False,False,False,-0.4411,4.7503,-0.2178,-1.2852,-0.1061,1.4818,0.0442,0.0651,-0.0429,-0.0490,-0.0604,-0.0448,0.4612,0.1708,0.3925,1.0689,0.0000,0.0000,0.0000,0.0000,0.0000,0.0000,False,-0.0774,0.0063,0.0539,-0.0768,-0.0476,0.0412,-1.2956,grasp,0.0000,0.0000,0.0000,0.0000,0.0000,0.0000,False,,0.0500,0.0000,False,0.8020,-0.2600,0.0100,0.8432
2014,0.0,1.1514,-0.0283,False,False,False,-0.4403,4.7515,-0.2186,-1.2861,-0.1072,1.4810,0.0840,0.1279,-0.0815,-0.0931,-0.1147,-0.0851,0.4812,0.1708,0.3925,1.0689,0.0000,0.0000,0.0000,0.0000,0.0000,0.0000,False,-0.0031,-0.0669,0.0495,0.0493,-0.0574,0.0278,-1.9663,grasp,0.0000,0.0000,0.0000,0.0000,0.0000,0.0000,False,,0.0500,0.0000,False,0.8020,-0.2600,0.0100,0.8432
2015,0.0,1.1516,-0.0233,False,False,False,-0.4404,4.7496,-0.2171,-1.2847,-0.1089,1.4818,-0.0075,-0.1300,0.0955,0.0954,-0.1070,0.0545,0.4250,0.1723,0.3924,1.0689,0.0000,0.0000,0.0000,0.0000,0.0000,0.0000,False,-0.0277,0.0419,-0.0721,-0.0048,0.0463,0.0655,-1.5736,grasp,0.0000,0.0000,0.0000,0.0000,0.0000,0.0000,False,,0.0500,0.0000,False,0.8020,-0.2600,0.0100,0.8432
2016,0.0,1.1516,-0.0244,False,False,False,-0.4404,4.7496,-0.2171,-1.2847,-0.1089,1.4818,-0.0075,-0.1300,0.0955,0.0954,-0.1070,0.0545,0.4250,0.1723,0.3924,1.0689,0.0000,0.0000,0.0000,0.0000,0.0000,0.0000,False,-0.0509,-0.0775,0.0608,0.0466,-0.0359,-0.0621,2.9008,grasp,0.0000,0.0000,0.0000,0.0000,0.0000,0.0000,False,,0.0500,0.0000,True,0.8020,-0.2600,0.0100,0.8432
2017,0.0,1.1516,-0.0164,False,False,False,-0.4419,4.7473,-0.2154,-1.2833,-0.1099,1.4800,-0.0000,-0.0000,-0.0000,0.0000,-0.0000,0.0000,0.4487,0.1723,0.3924,1.0689,0.0000,0.0000,0.0000,0.0000,0.0000,0.0000,False,0.0427,-0.0151,0.0213,-0.0452,-0.0775,-0.0713,-1.7044,grasp,0.0000,0.0000,0.0000,0.0000,0.0000,0.0000,False,,0.0500,0.0000,False,0.8020,-0.2600,0.0100,0.8432
2018,0.0,1.1516,-0.0125,False,False,False,-0.4414,4.7471,-0.2152,-1.2838,-0.1107,1.4793,0.0437,-0.0130,0.0201,-0.0461,-0.0768,-0.0701,0.4287,0.1721,0.3930,1.0687,0.0000,0.0000,0.0000,0.0000,0.0000,0.0000,False,-0.0288,-0.0140,-0.0651,0.0618,0.0665,-0.0556,-0.2618,grasp,0.0000,0.0000,0.0000,0.0000,0.0000,0.0000,False,,0.0500,0.0000,False,0.8020,-0.2600,0.0100,0.8432
2019,0.0,1.1516,-0.0134,False,False,False,-0.4414,4.7471,-0.2152,-1.2838,-0.1107,1.4793,0.0437,-0.0130,0.0201,-0.0461,-0.0768,-0.0701,0.4287,0.1721,0.3930,1.0687,0.0000,0.0000,0.0000,0.0000,0.0000,0.0000,False,-0.0309,-0.0198,0.0137,-0.0283,0.0635,0.0623,-0.2081,grasp,0.0000,0.0000,0.0000,0.0000,0.0000,0.0000,False,,0.0500,0.0000,False,0.8020,-0.2600,0.0100,0.8432
2020,0.0,1.1510,-0.0124,False,False,False,-0.4409,4.7467,-0.2147,-1.2849,-0.1115,1.4786,-0.0317,-0.0195,0.0133,-0.0275,0.0649,0.0637,0.4020,0.1709,0.3916,1.0688,0.0000,0.0000,0.0000,0.0000,0.0000,0.0000,False,0.0415,0.0395,0.0480,-0.0115,-0.0615,0.0192,1.9866,grasp,0.0000,0.0000,0.0000,0.0000,0.0000,0.0000,False,,0.0500,0.0000,True,0.8020,-0.2600,0.0100,0.8432
2021,0.0,1.1510,-0.0092,False,False,False,-0.4409,4.7467,-0.2147,-1.2849,-0.1115,1.4786,-0.0317,-0.0195,0.0133,-0.0275,0.0649,0.0637,0.4020,0.1709,0.3916,1.0688,0.0000,0.0000,0.0000,0.0000,0.0000,0.0000,False,-0.0202,0.0071,0.0069,0.0488,0.0470,0.0564,0.4038,grasp,0.0000,0.0000,0.0000,0.0000,0.0000,0.0000,False,,0.0500,0.0000,False,0.8020,-0.2600,0.0100,0.8432
2022,0.0,1.1519,-0.0118,False,False,False,-0.4414,4.7476,-0.2144,-1.2815,-0.1083,1.4819,0.0622,0.0492,-0.0117,0.0651,0.0545,0.0132,0.5051,0.1727,0.3936,1.0687,0.0000,0.0000,0.0000,0.0000,0.0000,0.0000,False,0.0617,0.0494,-0.0116,0.0665,0.0558,0.0147,0.8663,grasp,0.0000,0.0000,0.0000,0.0000,0.0000,0.0000,False,,0.0500,0.0000,False,0.8020,-0.2600,0.0100,0.8432
2023,0.0,1.1519,-0.0105,False,False,False,-0.4414,4.7476,-0.2144,-1.2815,-0.1083,1.4819,0.0622,0.0492,-0.0117,0.0651,0.0545,0.0132,0.5051,0.1727,0.3936,1.0687,0.0000,0.0000,0.0000,0.0000,0.0000,0.0000,False,-0.0041,0.0133,-0.0608,0.0532,-0.0366,-0.0014,-0.5305,grasp,0.0000,0.0000,0.0000,0.0000,0.0000,0.0000,False,,0.0500,0.0000,False,0.8020,-0.2600,0.0100,0.8432
2024,0.0,1.1519,-0.0117,False,False,False,-0.4414,4.7476,-0.2144,-1.2815,-0.1083,1.4819,0.0622,0.0492,-0.0117,0.0651,0.0545,0.0132,0.5051,0.1727,0.3936,1.0687,0.0000,0.0000,0.0000,0.0000,0.0000,0.0000,False,0.0475,0.0575,-0.0318,0.0253,0.0283,-0.0527,0.2901,grasp,0.0000,0.0000,0.0000,0.0000,0.0000,0.0000,False,,0.0500,0.0000,False,0.8020,-0.2600,0.0100,0.8432
2025,0.0,1.1518,-0.0112,False,False,False,-0.4398,4.7491,-0.2149,-1.2801,-0.1070,1.4816,0.0463,0.0562,-0.0316,0.0241,0.0273,-0.0529,0.4926,0.1728,0.3934,1.0687,0.0000,0.0000,0.0000,0.0000,0.0000,0.0000,False,0.0660,-0.0125,-0.0323,-0.0153,0.0410,-0.0778,2.1545,grasp,0.0000,0.0000,0.0000,0.0000,0.0000,0.0000,False,,0.0500,0.0000,True,0.8020,-0.2600,0.0100,0.8432
2026,0.0,1.1518,-0.0120,False,False,False,-0.4398,4.7491,-0.2149,-1.2801,-0.1070,1.4816,0.0463,0.0562,-0.0316,0.0241,0.0273,-0.0529,0.4926,0.1728,0.3934,1.0687,0.0000,0.0000,0.0000,0.0000,0.0000,0.0000,False,0.0734,-0.0463,0.0408,-0.0731,-0.0086,-0.0251,0.1620,grasp,0.0000,0.0000,0.0000,0.0000,0.0000,0.0000,False,,0.0500,0.0000,False,0.8020,-0.2600,0.0100,0.8432
2027,0.0,1.1518,-0.0127,False,False,False,-0.4344,4.7469,-0.2135,-1.2832,-0.1068,1.4786,0.0408,-0.0565,-0.0261,0.0512,0.0147,-0.0654,0.4754,0.1697,0.3941,1.0689,0.0000,0.0000,0.0000,0.0000,0.0000,0.0000,False,0.0428,-0.0595,-0.0249,0.0493,0.0145,-0.0661,0.9676,grasp,0.0000,0.0000,0.0000,0.0000,0.0000,0.0000,False,,0.0500,0.0000,False,0.8020,-0.2600,0.0100,0.8432
2028,0.0,1.1518,-0.0127,False,False,False,-0.4344,4.7469,-0.2135,-1.2832,-0.1068,1.4786,0.0408,-0.0565,-0.0261,0.0512,0.0147,-0.0654,0.4754,0.1697,0.3941,1.0689,0.0000,0.0000,0.0000,0.0000,0.0000,0.0000,False,-0.0666,-0.0097,-0.0068,-0.0281,-0.0023,-0.0706,1.0118,grasp,0.0000,0.0000,0.0000,0.0000,0.0000,0.0000,False,,0.0500,0.0000,False,0.8020,-0.2600,0.0100,0.8432
2029,0.0,1.1516,-0.0140,False,False,False,-0.4341,4.7462,-0.2146,-1.2824,-0.1070,1.4766,-0.0444,0.0653,-0.0665,-0.0189,-0.0419,-0.0718,0.4537,0.1677,0.3947,1.0688,0.0000,0.0000,0.0000,0.0000,0.0000,0.0000,False,-0.0436,0.0619,-0.0670,-0.0179,-0.0416,-0.0731,-0.4641,grasp,0.0000,0.0000,0.0000,0.0000,0.0000,0.0000,False,,0.0500,0.0000,False,0.8020,-0.2600,0.0100,0.8432
2030,0.0,1.1516,-0.0276,False,False,False,-0.4334,4.7491,-0.2171,-1.2838,-0.1059,1.4739,0.1013,0.1054,-0.0802,-0.0681,0.1201,-0.0922,0.4579,0.1677,0.3947,1.0688,0.0000,0.0000,0.0000,0.0000,0.0000,0.0000,False,0.0525,0.0570,-0.0435,-0.0362,0.0624,-0.0499,0.7816,grasp,0.0000,0.0000,0.0000,0.0000,0.0000,0.0000,False,,0.0500,0.0000,False,0.8020,-0.2600,0.0100,0.8432
2031,0.0,1.1518,-0.0028,False,False,False,-0.4320,4.7506,-0.2183,-1.2848,-0.1042,1.4725,-0.0000,-0.0000,-0.0000,0.0000,-0.0000,0.0000,0.4577,0.1680,0.3948,1.0689,0.0000,0.0000,0.0000,0.0000,0.0000,0.0000,False,-0.0292,-0.0306,0.0547,0.0149,-0.0261,0.0033,0.1446,grasp,0.0000,0.0000,0.0000,0.0000,0.0000,0.0000,False,,0.0500,0.0000,False,0.8020,-0.2600,0.0100,0.8432
2032,0.0,1.1518,-0.0079,False,False,False,-0.4323,4.7503,-0.2177,-1.2846,-0.1045,1.4726,-0.0306,-0.0324,0.0559,0.0159,-0.0278,0.0047,0.4538,0.1680,0.3948,1.0689,0.0000,0.0000,0.0000,0.0000,0.0000,0.0000,False,-0.0008,-0.0021,0.0070,-0.0415,-0.0538,0.0644,3.0370,grasp,0.0000,0.0000,0.0000,0.0000,0.0000,0.0000,False,,0.0500,0.0000,True,0.8020,-0.2600,0.0100,0.8432
2033,0.0,1.1518,-0.0092,False,False,False,-0.4323,4.7503,-0.2177,-1.2846,-0.1045,1.4726,-0.0306,-0.0324,0.0559,0.0159,-0.0278,0.0047,0.4538,0.1680,0.3948,1.0689,0.0000,0.0000,0.0000,0.0000,0.0000,0.0000,False,-0.0237,0.0299,0.0525,-0.0478,0.0794,0.0474,3.0039,grasp,0.0000,0.0000,0.0000,0.0000,0.0000,0.0000,False,,0.0500,0.0000,True,0.8020,-0.2600,0.0100,0.8432
2034,0.0,1.1521,-0.0149,False,False,False,-0.4331,4.7500,-0.2161,-1.2848,-0.1042,1.4732,-0.0231,0.0305,0.0514,-0.0481,0.0800,0.0473,0.4902,0.1692,0.3950,1.0690,0.0000,0.0000,0.0000,0.0000,0.0000,0.0000,False,0.0033,0.0493,0.0652,0.0552,0.0025,-0.0315,-2.8385,grasp,0.0000,0.0000,0.0000,0.0000,0.0000,0.0000,False,,0.0500,0.0000,False,0.8020,-0.2600,0.0100,0.8432
2035,0.0,1.1521,-0.0100,False,False,False,-0.4332,4.7502,-0.2157,-1.2842,-0.1038,1.4738,-0.0112,0.0166,0.0426,0.0577,0.0450,0.0616,0.4977,0.1692,0.3950,1.0690,0.0000,0.0000,0.0000,0.0000,0.0000,0.0000,False,-0.0112,0.0166,0.0426,0.0577,0.0450,0.0616,1.5599,grasp,0.0000,0.0000,0.0000,0.0000,0.0000,0.0000,False,,0.0500,0.0000,False,0.8020,-0.2600,0.0100,0.8432
2036,0.0,1.1521,-0.0269,False,False,False,-0.4326,4.7504,-0.2151,-1.2834,-0.1036,1.4752,0.0799,-0.0137,-0.0221,-0.0200,-0.0660,0.0255,0.4678,0.1701,0.3946,1.0690,0.0000,0.0000,0.0000,0.0000,0.0000,0.0000,False,0.0797,-0.0130,-0.0213,-0.0189,-0.0652,0.0267,-1.1391,grasp,0.0000,0.0000,0.0000,0.0000,0.0000,0.0000,False,,0.0500,0.0000,False,0.8020,-0.2600,0.0100,0.8432
2037,0.0,1.1521,-0.0216,False,False,False,-0.4311,4.7501,-0.2155,-1.2837,-0.1049,1.4757,0.1518,-0.0257,-0.0420,-0.0380,-0.1255,0.0485,0.4478,0.1701,0.3946,1.0690,0.0000,0.0000,0.0000,0.0000,0.0000,0.0000,False,-0.0681,0.0081,0.0085,-0.0209,0.0749,0.0298,-2.4395,grasp,0.0000,0.0000,0.0000,0.0000,0.0000,0.0000,False,,0.0500,0.0000,False,0.8020,-0.2600,0.0100,0.8432
2038,0.0,1.1521,-0.0317,False,False,False,-0.4289,4.7497,-0.2161,-1.2843,-0.1066,1.4764,0.0000,-0.0000,-0.0000,0.0000,-0.0000,0.0000,0.4313,0.1701,0.3946,1.0690,0.0000,0.0000,0.0000,0.0000,0.0000,0.0000,False,-0.0341,0.0417,-0.0072,0.0554,0.0718,0.0563,0.4407,grasp,0.0000,0.0000,0.0000,0.0000,0.0000,0.0000,False,,0.0500,0.0000,False,0.8020,-0.2600,0.0100,0.8432
2039,0.0,1.1515,-0.0140,False,False,False,-0.4293,4.7501,-0.2162,-1.2837,-0.1059,1.4769,-0.0363,0.0430,-0.0066,0.0559,0.0736,0.0556,0.4338,0.1676,0.3942,1.0689,0.0000,0.0000,0.0000,0.0000,0.0000,0.0000,False,0.0033,0.0721,-0.0370,-0.0126,0.0659,-0.0677,0.7989,grasp,0.0000,0.0000,0.0000,0.0000,0.0000,0.0000,False,,0.0500,0.0000,False,0.8020,-0.2600,0.0100,0.8432
2040,0.0,1.1515,-0.0034,False,False,False,-0.4300,4.7510,-0.2163,-1.2827,-0.1045,1.4780,0.0000,-0.0000,-0.0000,0.0000,-0.0000,0.0000,0.4626,0.1676,0.3942,1.0689,0.0000,0.0000,0.0000,0.0000,0.0000,0.0000,False,-0.0100,-0.0012,0.0628,0.0380,-0.0192,0.0521,2.7937,grasp,0.0000,0.0000,0.0000,0.0000,0.0000,0.0000,False,,0.0500,0.0000,True,0.8020,-0.2600,0.0100,0.8432
2041,0.0,1.1518,-0.0297,False,False,False,-0.4321,4.7527,-0.2160,-1.2817,-0.1067,1.4805,-0.1345,0.1196,-0.0223,0.0404,-0.1278,0.1288,0.4262,0.1691,0.3944,1.0689,0.0000,0.0000,0.0000,0.0000,0.0000,0.0000,False,-0.0709,0.0627,-0.0111,0.0216,-0.0675,0.0683,-2.8550,grasp,0.0000,0.0000,0.0000,0.0000,0.0000,0.0000,False,,0.0500,0.0000,False,0.8020,-0.2600,0.0100,0.8432
2042,0.0,1.1518,-0.0294,False,False,False,-0.4321,4.7527,-0.2160,-1.2817,-0.1067,1.4805,-0.1345,0.1196,-0.0223,0.0404,-0.1278,0.1288,0.4262,0.1691,0.3944,1.0689,0.0000,0.0000,0.0000,0.0000,0.0000,0.0000,False,-0.0320,0.0052,0.0713,-0.0290,-0.0481,-0.0735,-2.3499,grasp,0.0000,0.0000,0.0000,0.0000,0.0000,0.0000,False,,0.0500,0.0000,False,0.8020,-0.2600,0.0100,0.8432
2043,0.0,1.1510,-0.0103,False,False,False,-0.4339,4.7551,-0.2164,-1.2819,-0.1091,1.4821,0.0170,0.0203,-0.0065,-0.0763,-0.0634,-0.0250,0.4035,0.1739,0.3903,1.0687,0.0000,0.0000,0.0000,0.0000,0.0000,0.0000,False,0.0151,0.0268,-0.0068,-0.0757,-0.0652,-0.0232,-0.0633,grasp,0.0000,0.0000,0.0000,0.0000,0.0000,0.0000,False,,0.0500,0.0000,False,0.8020,-0.2600,0.0100,0.8432
2044,0.0,1.1510,-0.0101,False,False,False,-0.4339,4.7551,-0.2164,-1.2819,-0.1091,1.4821,0.0170,0.0203,-0.0065,-0.0763,-0.0634,-0.0250,0.4035,0.1739,0.3903,1.0687,0.0000,0.0000,0.0000,0.0000,0.0000,0.0000,False,0.0234,-0.0714,-0.0274,-0.0212,0.0618,0.0181,2.4585,grasp,0.0000,0.0000,0.0000,0.0000,0.0000,0.0000,False,,0.0500,0.0000,True,0.8020,-0.2600,0.0100,0.8432
2045,0.0,1.1510,-0.0086,False,False,False,-0.4342,4.7555,-0.2160,-1.2825,-0.1096,1.4814,-0.0624,0.0006,0.0529,0.0811,0.0684,-0.0188,0.4400,0.1739,0.3903,1.0687,0.0000,0.0000,0.0000,0.0000,0.0000,0.0000,False,-0.0621,0.0010,0.0528,0.0797,0.0672,-0.0193,1.5755,grasp,0.0000,0.0000,0.0000,0.0000,0.0000,0.0000,False,,0.0500,0.0000,True,0.8020,-0.2600,0.0100,0.8432
2046,0.0,1.1513,-0.0146,False,False,False,-0.4360,4.7560,-0.2146,-1.2808,-0.1091,1.4794,-0.0400,0.0276,0.0292,0.0081,-0.0514,-0.1071,0.3961,0.1759,0.3904,1.0688,0.0000,0.0000,0.0000,0.0000,0.0000,0.0000,False,-0.0222,0.0147,0.0164,0.0058,-0.0257,-0.0567,-2.6383,grasp,0.0000,0.0000,0.0000,0.0000,0.0000,0.0000,False,,0.0500,0.0000,False,0.8020,-0.2600,0.0100,0.8432
2047,0.0,1.1513,-0.0120,False,False,False,-0.4360,4.7560,-0.2146,-1.2808,-0.1091,1.4794,-0.0400,0.0276,0.0292,0.0081,-0.0514,-0.1071,0.3961,0.1759,0.3904,1.0688,0.0000,0.0000,0.0000,0.0000,0.0000,0.0000,False,0.0732,0.0633,0.0216,0.0400,-0.0582,-0.0754,1.9998,grasp,0.0000,0.0000,0.0000,0.0000,0.0000,0.0000,False,,0.0500,0.0000,True,0.8020,-0.2600,0.0100,0.8432
2048,0.0,1.1511,-0.0011,False,False,False,-0.4365,4.7564,-0.2141,-1.2807,-0.1099,1.4779,0.0000,-0.0000,-0.0000,0.0000,-0.0000,0.0000,0.4159,0.1775,0.3890,1.0687,0.0000,0.0000,0.0000,0.0000,0.0000,0.0000,False,-0.0062,0.0625,0.0110,-0.0589,-0.0358,-0.0717,2.4165,grasp,0.0000,0.0000,0.0000,0.0000,0.0000,0.0000,False,,0.0500,0.0000,True,0.8020,-0.2600,0.0100,0.8432
2049,0.0,1.1511,-0.0027,False,False,False,-0.4365,4.7564,-0.2141,-1.2807,-0.1099,1.4779,0.0000,-0.0000,-0.0000,0.0000,-0.0000,0.0000,0.4159,0.1775,0.3890,1.0687,0.0000,0.0000,0.0000,0.0000,0.0000,0.0000,False,0.0142,0.0436,0.0572,-0.0544,0.0681,0.0495,1.9128,grasp,0.0000,0.0000,0.0000,0.0000,0.0000,0.0000,False,,0.0500,0.0000,True,0.8020,-0.2600,0.0100,0.8432
2050,0.0,1.1511,-0.0019,False,False,False,-0.4365,4.7564,-0.2141,-1.2807,-0.1099,1.4779,0.0000,-0.0000,-0.0000,0.0000,-0.0000,0.0000,0.4159,0.1775,0.3890,1.0687,0.0000,0.0000,0.0000,0.0000,0.0000,0.0000,False,-0.0480,-0.0561,-0.0357,-0.0024,0.0288,0.0615,-0.4445,grasp,0.0000,0.0000,0.0000,0.0000,0.0000,0.0000,False,,0.0500,0.0000,False,0.8020,-0.2600,0.0100,0.8432
2051,0.0,1.1513,-0.0028,False,False,False,-0.4380,4.7553,-0.2151,-1.2814,-0.1094,1.4790,0.0000,-0.0000,-0.0000,0.0000,-0.0000,0.0000,0.4329,0.1768,0.3898,1.0687,0.0000,0.0000,0.0000,0.0000,0.0000,0.0000,False,0.0102,-0.0564,-0.0552,-0.0071,-0.0282,-0.0767,2.5965,grasp,0.0000,0.0000,0.0000,0.0000,0.0000,0.0000,False,,0.0500,0.0000,True,0.8020,-0.2600,0.0100,0.8432
2052,0.0,1.1513,-0.0111,False,False,False,-0.4379,4.7548,-0.2156,-1.2814,-0.1097,1.4782,0.0111,-0.0537,-0.0546,-0.0071,-0.0288,-0.0779,0.4526,0.1768,0.3898,1.0687,0.0000,0.0000,0.0000,0.0000,0.0000,0.0000,False,-0.0266,-0.0415,-0.0614,-0.0743,-0.0483,0.0698,0.0760,grasp,0.0000,0.0000,0.0000,0.0000,0.0000,0.0000,False,,0.0500,0.0000,False,0.8020,-0.2600,0.0100,0.8432
2053,0.0,1.1513,-0.0233,False,False,False,-0.4377,4.7538,-0.2167,-1.2816,-0.1102,1.4767,0.0212,-0.1042,-0.1037,-0.0135,-0.0546,-0.1480,0.4723,0.1768,0.3898,1.0687,0.0000,0.0000,0.0000,0.0000,0.0000,0.0000,False,0.0448,-0.0137,-0.0067,0.0212,-0.0332,-0.0692,-1.8689,grasp,0.0000,0.0000,0.0000,0.0000,0.0000,0.0000,False,,0.0500,0.0000,False,0.8020,-0.2600,0.0100,0.8432
2054,0.0,1.1513,-0.0232,False,False,False,-0.4377,4.7538,-0.2167,-1.2816,-0.1102,1.4767,0.0212,-0.1042,-0.1037,-0.0135,-0.0546,-0.1480,0.4723,0.1768,0.3898,1.0687,0.0000,0.0000,0.0000,0.0000,0.0000,0.0000,False,0.0533,0.0716,-0.0531,0.0223,0.0053,0.0496,0.0708,grasp,0.0000,0.0000,0.0000,0.0000,0.0000,0.0000,False,,0.0500,0.0000,False,0.8020,-0.2600,0.0100,0.8432
2055,0.0,1.1520,-0.0157,False,False,False,-0.4371,4.7542,-0.2172,-1.2813,-0.1102,1.4772,0.0533,0.0719,-0.0531,0.0223,0.0053,0.0496,0.5321,0.1760,0.3925,1.0686,0.0000,0.0000,0.0000,0.0000,0.0000,0.0000,False,-0.0050,0.0722,-0.0394,0.0417,-0.0181,0.0182,-0.4001,grasp,0.0000,0.0000,0.0000,0.0000,0.0000,0.0000,False,,0.0500,0.0000,False,0.8020,-0.2600,0.0100,0.8432
2056,0.0,1.1520,-0.0097,False,False,False,-0.4362,4.7563,-0.2186,-1.2805,-0.1102,1.4783,-0.0060,0.0703,-0.0384,0.0413,-0.0182,0.0172,0.5207,0.1760,0.3925,1.0686,0.0000,0.0000,0.0000,0.0000,0.0000,0.0000,False,0.0680,0.0354,0.0193,0.0381,-0.0335,0.0668,-0.0299,grasp,0.0000,0.0000,0.0000,0.0000,0.0000,0.0000,False,,0.0500,0.0000,False,0.8020,-0.2600,0.0100,0.8432
2057,0.0,1.1516,-0.0252,False,False,False,-0.4343,4.7587,-0.2187,-1.2786,-0.1115,1.4806,0.1294,0.0635,0.0381,0.0709,-0.0630,0.1262,0.4745,0.1776,0.3910,1.0685,0.0000,0.0000,0.0000,0.0000,0.0000,0.0000,False,0.0525,0.0751,0.0373,0.0770,0.0493,0.0768,-1.1363,grasp,0.0000,0.0000,0.0000,0.0000,0.0000,0.0000,False,,0.0500,0.0000,False,0.8020,-0.2600,0.0100,0.8432
2058,0.0,1.1516,-0.0237,False,False,False,-0.4343,4.7587,-0.2187,-1.2786,-0.1115,1.4806,0.1294,0.0635,0.0381,0.0709,-0.0630,0.1262,0.4745,0.1776,0.3910,1.0685,0.0000,0.0000,0.0000,0.0000,0.0000,0.0000,False,0.0326,0.0405,0.0770,0.0582,-0.0662,-0.0749,0.5202,grasp,0.0000,0.0000,0.0000,0.0000,0.0000,0.0000,False,,0.0500,0.0000,False,0.8020,-0.2600,0.0100,0.8432
2059,0.0,1.1512,-0.0597,False,False,False,-0.4297,4.7632,-0.2113,-1.2725,-0.1183,1.4754,0.1057,0.1365,0.2631,0.1966,-0.2247,-0.2637,0.4665,0.1792,0.3895,1.0684,0.0000,0.0000,0.0000,0.0000,0.0000,0.0000,False,-0.0220,-0.0560,0.0294,-0.0663,0.0752,0.0440,2.2733,grasp,0.0000,0.0000,0.0000,0.0000,0.0000,0.0000,False,,0.0500,0.0000,True,0.8020,-0.2600,0.0100,0.8432
2060,0.0,1.1505,-0.0117,False,False,False,-0.4282,4.7664,-0.2081,-1.2694,-0.1215,1.4729,0.0208,0.0555,0.0037,0.0695,-0.0437,0.0579,0.4264,0.1890,0.3842,1.0678,0.0000,0.0000,0.0000,0.0000,0.0000,0.0000,False,0.0221,0.0682,0.0069,0.0719,-0.0464,0.0548,-2.3787,grasp,0.0000,0.0000,0.0000,0.0000,0.0000,0.0000,False,,0.0500,0.0000,False,0.8020,-0.2600,0.0100,0.8432
2061,0.0,1.1505,-0.0119,False,False,False,-0.4282,4.7664,-0.2081,-1.2694,-0.1215,1.4729,0.0208,0.0555,0.0037,0.0695,-0.0437,0.0579,0.4264,0.1890,0.3842,1.0678,0.0000,0.0000,0.0000,0.0000,0.0000,0.0000,False,0.0389,-0.0147,0.0457,-0.0081,-0.0771,0.0084,-0.0799,grasp,0.0000,0.0000,0.0000,0.0000,0.0000,0.0000,False,,0.0500,0.0000,False,0.8020,-0.2600,0.0100,0.8432
2062,0.0,1.1505,-0.0022,False,False,False,-0.4278,4.7677,-0.2080,-1.2681,-0.1223,1.4740,0.0000,-0.0000,-0.0000,0.0000,-0.0000,0.0000,0.4243,0.1890,0.3842,1.0678,0.0000,0.0000,0.0000,0.0000,0.0000,0.0000,False,-0.0125,-0.0241,-0.0272,-0.0516,0.0611,0.0341,1.5731,grasp,0.0000,0.0000,0.0000,0.0000,0.0000,0.0000,False,,0.0500,0.0000,True,0.8020,-0.2600,0.0100,0.8432
2063,0.0,1.1503,-0.0147,False,False,False,-0.4270,4.7684,-0.2061,-1.2683,-0.1216,1.4743,0.0656,0.0592,0.1410,0.0180,0.0024,-0.0006,0.4841,0.1903,0.3835,1.0677,0.0000,0.0000,0.0000,0.0000,0.0000,0.0000,False,0.0344,0.0308,0.0739,0.0090,0.0019,0.0000,1.5509,grasp,0.0000,0.0000,0.0000,0.0000,0.0000,0.0000,False,,0.0500,0.0000,False,0.8020,-0.2600,0.0100,0.8432
2064,0.0,1.1506,-0.0096,False,False,False,-0.4260,4.7694,-0.2038,-1.2688,-0.1214,1.4739,0.0006,-0.0082,0.0383,-0.0680,0.0194,-0.0417,0.4554,0.1934,0.3829,1.0677,0.0000,0.0000,0.0000,0.0000,0.0000,0.0000,False,0.0015,-0.0046,0.0403,-0.0678,0.0194,-0.0417,-1.0006,grasp,0.0000,0.0000,0.0000,0.0000,0.0000,0.0000,False,,0.0500,0.0000,False,0.8020,-0.2600,0.0100,0.8432
2065,0.0,1.1506,-0.0071,False,False,False,-0.4260,4.7693,-0.2030,-1.2700,-0.1210,1.4731,0.0011,-0.0128,0.0728,-0.1292,0.0368,-0.0792,0.4371,0.1934,0.3829,1.0677,0.0000,0.0000,0.0000,0.0000,0.0000,0.0000,False,-0.0122,-0.0638,-0.0787,-0.0661,0.0333,0.0282,0.7010,grasp,0.0000,0.0000,0.0000,0.0000,0.0000,0.0000,False,,0.0500,0.0000,False,0.8020,-0.2600,0.0100,0.8432
2066,0.0,1.1506,-0.0166,False,False,False,-0.4260,4.7693,-0.2030,-1.2700,-0.1210,1.4731,0.0011,-0.0128,0.0728,-0.1292,0.0368,-0.0792,0.4371,0.1934,0.3829,1.0677,0.0000,0.0000,0.0000,0.0000,0.0000,0.0000,False,0.0090,-0.0786,-0.0406,0.0759,0.0288,-0.0042,1.9952,grasp,0.0000,0.0000,0.0000,0.0000,0.0000,0.0000,False,,0.0500,0.0000,True,0.8020,-0.2600,0.0100,0.8432
2067,0.0,1.1506,-0.0153,False,False,False,-0.4260,4.7693,-0.2030,-1.2700,-0.1210,1.4731,-0.0000,0.0000,-0.0000,0.0000,-0.0000,0.0000,0.4224,0.1934,0.3829,1.0677,0.0000,0.0000,0.0000,0.0000,0.0000,0.0000,False,-0.0655,-0.0379,-0.0732,-0.0611,0.0132,-0.0464,-2.7257,grasp,0.0000,0.0000,0.0000,0.0000,0.0000,0.0000,False,,0.0500,0.0000,False,0.8020,-0.2600,0.0100,0.8432
2068,0.0,1.1501,-0.0214,False,False,False,-0.4268,4.7671,-0.2023,-1.2723,-0.1213,1.4741,-0.0111,-0.1143,0.0923,-0.1063,-0.0271,0.0996,0.3439,0.1920,0.3815,1.0679,0.0000,0.0000,0.0000,0.0000,0.0000,0.0000,False,-0.0065,-0.0606,0.0478,-0.0566,-0.0141,0.0520,-1.7428,grasp,0.0000,0.0000,0.0000,0.0000,0.0000,0.0000,False,,0.0500,0.0000,False,0.8020,-0.2600,0.0100,0.8432
2069,0.0,1.1501,-0.0232,False,False,False,-0.4268,4.7671,-0.2023,-1.2723,-0.1213,1.4741,-0.0111,-0.1143,0.0923,-0.1063,-0.0271,0.0996,0.3439,0.1920,0.3815,1.0679,0.0000,0.0000,0.0000,0.0000,0.0000,0.0000,False,0.0682,-0.0490,-0.0331,-0.0641,0.0551,-0.0451,-1.2220,grasp,0.0000,0.0000,0.0000,0.0000,0.0000,0.0000,False,,0.0500,0.0000,False,0.8020,-0.2600,0.0100,0.8432
2070,0.0,1.1493,-0.0294,False,False,False,-0.4250,4.7641,-0.2020,-1.2756,-0.1201,1.4742,0.1299,-0.0894,-0.0653,-0.1188,0.1054,-0.0883,0.3049,0.1889,0.3799,1.0681,0.0000,0.0000,0.0000,0.0000,0.0000,0.0000,False,-0.0720,-0.0524,0.0656,0.0138,0.0133,-0.0438,-2.3523,grasp,0.0000,0.0000,0.0000,0.0000,0.0000,0.0000,False,,0.0500,0.0000,False,0.8020,-0.2600,0.0100,0.8432
2071,0.0,1.1493,-0.0284,False,False,False,-0.4250,4.7641,-0.2020,-1.2756,-0.1201,1.4742,0.1299,-0.0894,-0.0653,-0.1188,0.1054,-0.0883,0.3049,0.1889,0.3799,1.0681,0.0000,0.0000,0.0000,0.0000,0.0000,0.0000,False,-0.0737,-0.0605,-0.0131,-0.0340,0.0264,-0.0628,2.6705,grasp,0.0000,0.0000,0.0000,0.0000,0.0000,0.0000,False,,0.0500,0.0000,True,0.8020,-0.2600,0.0100,0.8432
2072,0.0,1.1495,-0.0525,False,False,False,-0.4235,4.7680,-0.1987,-1.2799,-0.1240,1.4780,0.0711,0.2096,0.1631,-0.2082,-0.1893,0.1809,0.3848,0.1860,0.3815,1.0683,0.0000,0.0000,0.0000,0.0000,0.0000,0.0000,False,0.0262,0.0768,0.0602,-0.0768,-0.0699,0.0668,2.9691,grasp,0.0000,0.0000,0.0000,0.0000,0.0000,0.0000,False,,0.0500,0.0000,True,0.8020,-0.2600,0.0100,0.8432
2073,0.0,1.1495,-0.0487,False,False,False,-0.4235,4.7680,-0.1987,-1.2799,-0.1240,1.4780,0.0711,0.2096,0.1631,-0.2082,-0.1893,0.1809,0.3848,0.1860,0.3815,1.0683,0.0000,0.0000,0.0000,0.0000,0.0000,0.0000,False,0.0172,-0.0100,-0.0293,0.0477,0.0217,-0.0033,-1.2278,grasp,0.0000,0.0000,0.0000,0.0000,0.0000,0.0000,False,,0.0500,0.0000,False,0.8020,-0.2600,0.0100,0.8432
2074,0.0,1.1503,-0.0109,False,False,False,-0.4232,4.7725,-0.1965,-1.2827,-0.1270,1.4805,-0.0577,0.0416,0.0044,-0.0156,-0.0590,0.0237,0.3679,0.1964,0.3790,1.0682,0.0000,0.0000,0.0000,0.0000,0.0000,0.0000,False,-0.0568,0.0589,0.0064,-0.0183,-0.0614,0.0260,-2.6850,grasp,0.0000,0.0000,0.0000,0.0000,0.0000,0.0000,False,,0.0500,0.0000,False,0.8020,-0.2600,0.0100,0.8432
2075,0.0,1.1503,-0.0202,False,False,False,-0.4243,4.7734,-0.1965,-1.2830,-0.1281,1.4809,-0.1096,0.0939,0.0083,-0.0297,-0.1121,0.0451,0.3479,0.1964,0.3790,1.0682,0.0000,0.0000,0.0000,0.0000,0.0000,0.0000,False,0.0508,-0.0174,0.0590,0.0673,-0.0644,0.0119,-1.5537,grasp,0.0000,0.0000,0.0000,0.0000,0.0000,0.0000,False,,0.0500,0.0000,False,0.8020,-0.2600,0.0100,0.8432
2076,0.0,1.1503,-0.0207,False,False,False,-0.4243,4.7734,-0.1965,-1.2830,-0.1281,1.4809,-0.1096,0.0939,0.0083,-0.0297,-0.1121,0.0451,0.3479,0.1964,0.3790,1.0682,0.0000,0.0000,0.0000,0.0000,0.0000,0.0000,False,0.0109,0.0400,-0.0311,-0.0614,-0.0467,0.0026,1.5224,grasp,0.0000,0.0000,0.0000,0.0000,0.0000,0.0000,False,,0.0500,0.0000,True,0.8020,-0.2600,0.0100,0.8432
2077,0.0,1.1493,-0.0230,False,False,False,-0.4229,4.7717,-0.1981,-1.2844,-0.1288,1.4819,0.0917,-0.1364,-0.1089,-0.0878,-0.0435,0.0649,0.2963,0.1963,0.3758,1.0682,0.0000,0.0000,0.0000,0.0000,0.0000,0.0000,False,0.0483,-0.0710,-0.0573,-0.0462,-0.0229,0.0342,-1.5974,grasp,0.0000,0.0000,0.0000,0.0000,0.0000,0.0000,False,,0.0500,0.0000,False,0.8020,-0.2600,0.0100,0.8432
2078,0.0,1.1493,-0.0457,False,False,False,-0.4199,4.7674,-0.2016,-1.2872,-0.1302,1.4840,0.1660,-0.2473,-0.1971,-0.1589,-0.0788,0.1175,0.2774,0.1963,0.3758,1.0682,0.0000,0.0000,0.0000,0.0000,0.0000,0.0000,False,0.0716,0.0723,-0.0343,0.0766,-0.0510,0.0530,-1.6860,grasp,0.0000,0.0000,0.0000,0.0000,0.0000,0.0000,False,,0.0500,0.0000,False,0.8020,-0.2600,0.0100,0.8432
2079,0.0,1.1493,-0.0503,False,False,False,-0.4199,4.7674,-0.2016,-1.2872,-0.1302,1.4840,0.1660,-0.2473,-0.1971,-0.1589,-0.0788,0.1175,0.2774,0.1963,0.3758,1.0682,0.0000,0.0000,0.0000,0.0000,0.0000,0.0000,False,-0.0034,0.0209,0.0254,-0.0464,-0.0672,0.0480,-0.1208,grasp,0.0000,0.0000,0.0000,0.0000,0.0000,0.0000,False,,0.0500,0.0000,False,0.8020,-0.2600,0.0100,0.8432
2080,0.0,1.1490,-0.0216,False,False,False,-0.4181,4.7629,-0.2032,-1.2904,-0.1331,1.4868,-0.0101,0.0706,0.0526,-0.0846,-0.1259,0.0885,0.3005,0.1816,0.3813,1.0686,0.0000,0.0000,0.0000,0.0000,0.0000,0.0000,False,-0.0162,-0.0410,0.0541,0.0345,-0.0563,0.0499,-2.5326,grasp,0.0000,0.0000,0.0000,0.0000,0.0000,0.0000,False,,0.0500,0.0000,False,0.8020,-0.2600,0.0100,0.8432
2081,0.0,1.1490,-0.0212,False,False,False,-0.4181,4.7629,-0.2032,-1.2904,-0.1331,1.4868,-0.0101,0.0706,0.0526,-0.0846,-0.1259,0.0885,0.3005,0.1816,0.3813,1.0686,0.0000,0.0000,0.0000,0.0000,0.0000,0.0000,False,-0.0581,-0.0629,-0.0744,-0.0532,0.0021,0.0296,2.8463,grasp,0.0000,0.0000,0.0000,0.0000,0.0000,0.0000,False,,0.0500,0.0000,True,0.8020,-0.2600,0.0100,0.8432
2082,0.0,1.1490,-0.0220,False,False,False,-0.4181,4.7629,-0.2032,-1.2904,-0.1331,1.4868,-0.0101,0.0706,0.0526,-0.0846,-0.1259,0.0885,0.3005,0.1816,0.3813,1.0686,0.0000,0.0000,0.0000,0.0000,0.0000,0.0000,False,-0.0374,-0.0508,0.0168,-0.0426,0.0671,0.0776,-0.5069,grasp,0.0000,0.0000,0.0000,0.0000,0.0000,0.0000,False,,0.0500,0.0000,False,0.8020,-0.2600,0.0100,0.8432
2083,0.0,1.1492,-0.0419,False,False,False,-0.4202,4.7601,-0.2022,-1.2928,-0.1293,1.4911,-0.1015,-0.1381,0.0457,-0.1155,0.1819,0.2104,0.2994,0.1830,0.3810,1.0686,0.0000,0.0000,0.0000,0.0000,0.0000,0.0000,False,0.0638,-0.0728,0.0300,0.0497,0.0547,0.0082,2.4994,grasp,0.0000,0.0000,0.0000,0.0000,0.0000,0.0000,False,,0.0500,0.0000,True,0.8020,-0.2600,0.0100,0.8432
2084,0.0,1.1503,-0.0282,False,False,False,-0.4196,4.7562,-0.2008,-1.2928,-0.1255,1.4940,0.1236,-0.1332,0.0559,0.0971,0.0996,0.0104,0.3621,0.1798,0.3848,1.0690,0.0000,0.0000,0.0000,0.0000,0.0000,0.0000,False,-0.0068,0.0787,0.0102,-0.0042,-0.0420,0.0297,0.4806,grasp,0.0000,0.0000,0.0000,0.0000,0.0000,0.0000,False,,0.0500,0.0000,False,0.8020,-0.2600,0.0100,0.8432
2085,0.0,1.1503,-0.0247,False,False,False,-0.4196,4.7562,-0.2008,-1.2928,-0.1255,1.4940,0.1236,-0.1332,0.0559,0.0971,0.0996,0.0104,0.3621,0.1798,0.3848,1.0690,0.0000,0.0000,0.0000,0.0000,0.0000,0.0000,False,0.0137,-0.0083,-0.0424,0.0772,-0.0119,-0.0412,-2.6966,grasp,0.0000,0.0000,0.0000,0.0000,0.0000,0.0000,False,,0.0500,0.0000,False,0.8020,-0.2600,0.0100,0.8432
2086,0.0,1.1503,-0.0025,False,False,False,-0.4178,4.7538,-0.2000,-1.2914,-0.1241,1.4941,0.0000,-0.0000,-0.0000,0.0000,-0.0000,0.0000,0.3656,0.1798,0.3848,1.0690,0.0000,0.0000,0.0000,0.0000,0.0000,0.0000,False,-0.0046,0.0324,-0.0574,-0.0103,0.0520,0.0473,0.0135,grasp,0.0000,0.0000,0.0000,0.0000,0.0000,0.0000,False,,0.0500,0.0000,False,0.8020,-0.2600,0.0100,0.8432
2087,0.0,1.1506,-0.0101,False,False,False,-0.4176,4.7538,-0.2003,-1.2910,-0.1233,1.4944,0.0312,-0.0404,0.0238,0.0497,0.0246,-0.0229,0.3292,0.1762,0.3875,1.0690,0.0000,0.0000,0.0000,0.0000,0.0000,0.0000,False,0.0311,-0.0400,0.0233,0.0496,0.0251,-0.0225,-2.8804,grasp,0.0000,0.0000,0.0000,0.0000,0.0000,0.0000,False,,0.0500,0.0000,False,0.8020,-0.2600,0.0100,0.8432
2088,0.0,1.1506,-0.0092,False,False,False,-0.4176,4.7538,-0.2003,-1.2910,-0.1233,1.4944,0.0312,-0.0404,0.0238,0.0497,0.0246,-0.0229,0.3292,0.1762,0.3875,1.0690,0.0000,0.0000,0.0000,0.0000,0.0000,0.0000,False,-0.0238,-0.0768,-0.0227,-0.0232,0.0769,0.0218,0.4882,grasp,0.0000,0.0000,0.0000,0.0000,0.0000,0.0000,False,,0.0500,0.0000,True,0.8020,-0.2600,0.0100,0.8432
2089,0.0,1.1503,-0.0223,False,False,False,-0.4177,4.7509,-0.2006,-1.2907,-0.1206,1.4946,-0.0464,-0.1450,-0.0440,-0.0459,0.1452,0.0423,0.3507,0.1737,0.3875,1.0690,0.0000,0.0000,0.0000,0.0000,0.0000,0.0000,False,-0.0038,0.0606,0.0677,0.0729,-0.0127,0.0454,-2.1592,grasp,0.0000,0.0000,0.0000,0.0000,0.0000,0.0000,False,,0.0500,0.0000,False,0.8020,-0.2600,0.0100,0.8432
2090,0.0,1.1503,-0.0321,False,False,False,-0.4184,4.7488,-0.2012,-1.2914,-0.1185,1.4952,-0.0661,-0.2071,-0.0627,-0.0654,0.2071,0.0603,0.3618,0.1737,0.3875,1.0690,0.0000,0.0000,0.0000,0.0000,0.0000,0.0000,False,0.0641,-0.0402,0.0677,0.0332,0.0517,-0.0093,0.4384,grasp,0.0000,0.0000,0.0000,0.0000,0.0000,0.0000,False,,0.0500,0.0000,False,0.8020,-0.2600,0.0100,0.8432
2091,0.0,1.1503,-0.0022,False,False,False,-0.4184,4.7481,-0.2012,-1.2914,-0.1185,1.4952,-0.0000,-0.0000,-0.0000,0.0000,-0.0000,0.0000,0.3512,0.1737,0.3875,1.0690,0.0000,0.0000,0.0000,0.0000,0.0000,0.0000,False,0.0085,0.0620,0.0732,-0.0763,0.0558,0.0771,-2.2968,grasp,0.0000,0.0000,0.0000,0.0000,0.0000,0.0000,False,,0.0500,0.0000,False,0.8020,-0.2600,0.0100,0.8432
2092,0.0,1.1503,-0.0024,False,False,False,-0.4188,4.7492,-0.1999,-1.2929,-0.1186,1.4953,-0.0494,0.0529,0.0540,-0.0715,-0.0613,-0.0592,0.3452,0.1737,0.3875,1.0690,0.0000,0.0000,0.0000,0.0000,0.0000,0.0000,False,-0.0494,0.0542,0.0547,-0.0723,-0.0607,-0.0584,0.0378,grasp,0.0000,0.0000,0.0000,0.0000,0.0000,0.0000,False,,0.0500,0.0000,False,0.8020,-0.2600,0.0100,0.8432
2093,0.0,1.1502,-0.0259,False,False,False,-0.4180,4.7519,-0.1980,-1.2920,-0.1185,1.4952,0.1135,0.0988,0.0561,0.1425,0.0807,0.0618,0.2951,0.1726,0.3871,1.0693,0.0000,0.0000,0.0000,0.0000,0.0000,0.0000,False,0.0588,0.0542,0.0306,0.0736,0.0413,0.0314,-2.0295,grasp,0.0000,0.0000,0.0000,0.0000,0.0000,0.0000,False,,0.0500,0.0000,False,0.8020,-0.2600,0.0100,0.8432
2094,0.0,1.1502,-0.0265,False,False,False,-0.4180,4.7519,-0.1980,-1.2920,-0.1185,1.4952,0.1135,0.0988,0.0561,0.1425,0.0807,0.0618,0.2951,0.1726,0.3871,1.0693,0.0000,0.0000,0.0000,0.0000,0.0000,0.0000,False,-0.0314,-0.0086,0.0266,0.0447,-0.0663,0.0612,-2.8373,grasp,0.0000,0.0000,0.0000,0.0000,0.0000,0.0000,False,,0.0500,0.0000,False,0.8020,-0.2600,0.0100,0.8432
2095,0.0,1.1502,-0.0392,False,False,False,-0.4164,4.7534,-0.1972,-1.2900,-0.1174,1.4960,0.1618,0.1424,0.0801,0.2032,0.1151,0.0882,0.2798,0.1726,0.3871,1.0693,0.0000,0.0000,0.0000,0.0000,0.0000,0.0000,False,-0.0698,-0.0507,-0.0430,-0.0475,-0.0223,0.0644,-1.2114,grasp,0.0000,0.0000,0.0000,0.0000,0.0000,0.0000,False,,0.0500,0.0000,False,0.8020,-0.2600,0.0100,0.8432
2096,0.0,1.1502,-0.0399,False,False,False,-0.4164,4.7536,-0.1972,-1.2900,-0.1174,1.4960,0.0000,-0.0000,-0.0000,0.0000,-0.0000,0.0000,0.2964,0.1726,0.3871,1.0693,0.0000,0.0000,0.0000,0.0000,0.0000,0.0000,False,0.0429,-0.0732,-0.0523,-0.0094,0.0758,-0.0136,2.3164,grasp,0.0000,0.0000,0.0000,0.0000,0.0000,0.0000,False,,0.0500,0.0000,True,0.8020,-0.2600,0.0100,0.8432
2097,0.0,1.1503,-0.0026,False,False,False,-0.4153,4.7524,-0.1977,-1.2905,-0.1168,1.4962,0.0639,-0.0579,0.0098,-0.0359,-0.0188,0.0280,0.3192,0.1731,0.3871,1.0693,0.0000,0.0000,0.0000,0.0000,0.0000,0.0000,False,0.0643,-0.0597,0.0093,-0.0360,-0.0181,0.0279,-2.4360,grasp,0.0000,0.0000,0.0000,0.0000,0.0000,0.0000,False,,0.0500,0.0000,False,0.8020,-0.2600,0.0100,0.8432
2098,0.0,1.1495,-0.0114,False,False,False,-0.4146,4.7514,-0.1976,-1.2914,-0.1179,1.4972,-0.0553,0.0316,-0.0122,-0.0274,-0.0686,0.0493,0.2592,0.1704,0.3858,1.0693,0.0000,0.0000,0.0000,0.0000,0.0000,0.0000,False,-0.0541,0.0287,-0.0120,-0.0281,-0.0690,0.0499,-2.8411,grasp,0.0000,0.0000,0.0000,0.0000,0.0000,0.0000,False,,0.0500,0.0000,False,0.8020,-0.2600,0.0100,0.8432
2099,0.0,1.1495,-0.0244,False,False,False,-0.4157,4.7520,-0.1978,-1.2919,-0.1192,1.4982,-0.1050,0.0583,-0.0232,-0.0520,-0.1304,0.0937,0.2392,0.1704,0.3858,1.0693,0.0000,0.0000,0.0000,0.0000,0.0000,0.0000,False,-0.0528,-0.0732,-0.0244,-0.0489,0.0736,-0.0711,-0.0297,grasp,0.0000,0.0000,0.0000,0.0000,0.0000,0.0000,False,,0.0500,0.0000,False,0.8020,-0.2600,0.0100,0.8432
2100,0.0,1.1495,-0.0033,False,False,False,-0.4157,4.7520,-0.1978,-1.2919,-0.1192,1.4982,0.0000,-0.0000,-0.0000,0.0000,-0.0000,0.0000,0.2549,0.1704,0.3858,1.0693,0.0000,0.0000,0.0000,0.0000,0.0000,0.0000,False,-0.0038,-0.0629,-0.0458,0.0646,0.0684,0.0070,2.3101,grasp,0.0000,0.0000,0.0000,0.0000,0.0000,0.0000,False,,0.0500,0.0000,True,0.8020,-0.2600,0.0100,0.8432
2101,0.0,1.1495,-0.0026,False,False,False,-0.4162,4.7513,-0.1981,-1.2924,-0.1184,1.4974,0.0000,-0.0000,-0.0000,0.0000,-0.0000,0.0000,0.2891,0.1704,0.3858,1.0693,0.0000,0.0000,0.0000,0.0000,0.0000,0.0000,False,0.0494,0.0531,-0.0314,-0.0620,-0.0638,-0.0770,1.5483,grasp,0.0000,0.0000,0.0000,0.0000,0.0000,0.0000,False,,0.0500,0.0000,True,0.8020,-0.2600,0.0100,0.8432
2102,0.0,1.1502,-0.0032,False,False,False,-0.4147,4.7529,-0.1990,-1.2942,-0.1203,1.4952,0.0000,-0.0000,-0.0000,0.0000,-0.0000,0.0000,0.3487,0.1720,0.3872,1.0693,0.0000,0.0000,0.0000,0.0000,0.0000,0.0000,False,0.0384,0.0700,0.0451,0.0327,0.0426,-0.0525,3.0176,grasp,0.0000,0.0000,0.0000,0.0000,0.0000,0.0000,False,,0.0500,0.0000,True,0.8020,-0.2600,0.0100,0.8432
2103,0.0,1.1514,-0.0147,False,False,False,-0.4136,4.7537,-0.1983,-1.2934,-0.1193,1.4940,0.0770,0.0112,0.0180,0.0443,0.0518,-0.0711,0.4081,0.1745,0.3897,1.0693,0.0000,0.0000,0.0000,0.0000,0.0000,0.0000,False,0.0774,0.0124,0.0185,0.0447,0.0523,-0.0716,2.4605,grasp,0.0000,0.0000,0.0000,0.0000,0.0000,0.0000,False,,0.0500,0.0000,True,0.8020,-0.2600,0.0100,0.8432
2104,0.0,1.1514,-0.0249,False,False,False,-0.4121,4.7539,-0.1980,-1.2926,-0.1183,1.4927,-0.0000,-0.0000,-0.0000,0.0000,-0.0000,0.0000,0.4410,0.1745,0.3897,1.0693,0.0000,0.0000,0.0000,0.0000,0.0000,0.0000,False,0.0672,0.0519,-0.0434,0.0457,0.0589,-0.0642,0.4658,grasp,0.0000,0.0000,0.0000,0.0000,0.0000,0.0000,False,,0.0500,0.0000,False,0.8020,-0.2600,0.0100,0.8432
2105,0.0,1.1514,-0.0013,False,False,False,-0.4121,4.7539,-0.1980,-1.2926,-0.1183,1.4927,-0.0000,-0.0000,-0.0000,0.0000,-0.0000,0.0000,0.4410,0.1745,0.3897,1.0693,0.0000,0.0000,0.0000,0.0000,0.0000,0.0000,False,-0.0002,-0.0260,-0.0163,0.0470,-0.0798,-0.0362,2.9037,grasp,0.0000,0.0000,0.0000,0.0000,0.0000,0.0000,False,,0.0500,0.0000,True,0.8020,-0.2600,0.0100,0.8432
2106,0.0,1.1514,-0.0174,False,False,False,-0.4115,4.7544,-0.1984,-1.2921,-0.1178,1.4920,0.0658,0.0517,-0.0438,0.0448,0.0579,-0.0629,0.4429,0.1745,0.3897,1.0693,0.0000,0.0000,0.0000,0.0000,0.0000,0.0000,False,0.0664,0.0733,0.0006,-0.0033,0.0369,0.0549,-3.1085,grasp,0.0000,0.0000,0.0000,0.0000,0.0000,0.0000,False,,0.0500,0.0000,False,0.8020,-0.2600,0.0100,0.8432
2107,0.0,1.1521,-0.0330,False,False,False,-0.4078,4.7585,-0.1984,-1.2923,-0.1157,1.4951,0.1801,0.1991,0.0017,-0.0089,0.0999,0.1487,0.4588,0.1749,0.3917,1.0692,0.0000,0.0000,0.0000,0.0000,0.0000,0.0000,False,-0.0611,0.0519,-0.0000,-0.0674,0.0141,0.0560,0.8235,grasp,0.0000,0.0000,0.0000,0.0000,0.0000,0.0000,False,,0.0500,0.0000,False,0.8020,-0.2600,0.0100,0.8432
2108,0.0,1.1521,-0.0129,False,False,False,-0.4084,4.7592,-0.1984,-1.2930,-0.1156,1.4956,-0.0629,0.0466,-0.0000,-0.0673,0.0131,0.0545,0.4676,0.1769,0.3905,1.0693,0.0000,0.0000,0.0000,0.0000,0.0000,0.0000,False,0.0089,-0.0408,-0.0188,0.0612,-0.0158,-0.0267,-0.3517,grasp,0.0000,0.0000,0.0000,0.0000,0.0000,0.0000,False,,0.0500,0.0000,False,0.8020,-0.2600,0.0100,0.8432
2109,0.0,1.1521,-0.0118,False,False,False,-0.4084,4.7592,-0.1984,-1.2930,-0.1156,1.4956,-0.0629,0.0466,-0.0000,-0.0673,0.0131,0.0545,0.4676,0.1769,0.3905,1.0693,0.0000,0.0000,0.0000,0.0000,0.0000,0.0000,False,0.0643,0.0164,0.0243,0.0782,0.0241,-0.0495,0.5462,grasp,0.0000,0.0000,0.0000,0.0000,0.0000,0.0000,False,,0.0500,0.0000,False,0.8020,-0.2600,0.0100,0.8432
2110,0.0,1.1521,-0.0129,False,False,False,-0.4089,4.7604,-0.1982,-1.2935,-0.1151,1.4962,0.0655,0.0143,0.0243,0.0795,0.0238,-0.0505,0.4710,0.1769,0.3905,1.0693,0.0000,0.0000,0.0000,0.0000,0.0000,0.0000,False,0.0664,-0.0596,0.0477,0.0565,-0.0182,0.0365,-0.7099,grasp,0.0000,0.0000,0.0000,0.0000,0.0000,0.0000,False,,0.0500,0.0000,False,0.8020,-0.2600,0.0100,0.8432
2111,0.0,1.1520,-0.0263,False,False,False,-0.4058,4.7590,-0.1963,-1.2904,-0.1152,1.4963,0.1239,-0.1140,0.0898,0.1045,-0.0354,0.0711,0.4271,0.1778,0.3898,1.0693,0.0000,0.0000,0.0000,0.0000,0.0000,0.0000,False,-0.0369,-0.0309,0.0239,-0.0217,0.0188,0.0465,2.4336,grasp,0.0000,0.0000,0.0000,0.0000,0.0000,0.0000,False,,0.0500,0.0000,True,0.8020,-0.2600,0.0100,0.8432
2112,0.0,1.1519,-0.0083,False,False,False,-0.4044,4.7569,-0.1948,-1.2891,-0.1155,1.4978,-0.0386,-0.0275,0.0226,-0.0232,0.0193,0.0455,0.4553,0.1752,0.3910,1.0692,0.0000,0.0000,0.0000,0.0000,0.0000,0.0000,False,-0.0007,-0.0610,-0.0162,-0.0005,0.0598,0.0018,0.3376,grasp,0.0000,0.0000,0.0000,0.0000,0.0000,0.0000,False,,0.0500,0.0000,False,0.8020,-0.2600,0.0100,0.8432
2113,0.0,1.1519,-0.0019,False,False,False,-0.4051,4.7564,-0.1944,-1.2896,-0.1151,1.4986,-0.0000,0.0000,-0.0000,0.0000,-0.0000,0.0000,0.4792,0.1752,0.3910,1.0692,0.0000,0.0000,0.0000,0.0000,0.0000,0.0000,False,0.0615,-0.0043,-0.0705,0.0315,0.0636,-0.0463,-1.6780,grasp,0.0000,0.0000,0.0000,0.0000,0.0000,0.0000,False,,0.0500,0.0000,False,0.8020,-0.2600,0.0100,0.8432
2114,0.0,1.1519,-0.0032,False,False,False,-0.4051,4.7564,-0.1944,-1.2896,-0.1151,1.4986,-0.0000,0.0000,-0.0000,0.0000,-0.0000,0.0000,0.4792,0.1752,0.3910,1.0692,0.0000,0.0000,0.0000,0.0000,0.0000,0.0000,False,0.0161,0.0767,-0.0319,0.0083,0.0035,-0.0745,2.8484,grasp,0.0000,0.0000,0.0000,0.0000,0.0000,0.0000,False,,0.0500,0.0000,True,0.8020,-0.2600,0.0100,0.8432
2115,0.0,1.1519,-0.0139,False,False,False,-0.4045,4.7563,-0.1951,-1.2892,-0.1145,1.4982,0.0623,-0.0037,-0.0709,0.0320,0.0632,-0.0471,0.4592,0.1752,0.3910,1.0692,0.0000,0.0000,0.0000,0.0000,0.0000,0.0000,False,-0.0523,0.0585,-0.0781,0.0670,-0.0045,-0.0393,0.0818,grasp,0.0000,0.0000,0.0000,0.0000,0.0000,0.0000,False,,0.0500,0.0000,False,0.8020,-0.2600,0.0100,0.8432
2116,0.0,1.1523,-0.0287,False,False,False,-0.4069,4.7598,-0.2000,-1.2848,-0.1150,1.4961,0.0593,0.0129,-0.0501,0.0723,-0.0259,0.0186,0.4780,0.1748,0.3923,1.0692,0.0000,0.0000,0.0000,0.0000,0.0000,0.0000,False,0.0578,0.0156,-0.0523,0.0741,-0.0260,0.0175,-3.0449,grasp,0.0000,0.0000,0.0000,0.0000,0.0000,0.0000,False,,0.0500,0.0000,False,0.8020,-0.2600,0.0100,0.8432
2117,0.0,1.1518,-0.0030,False,False,False,-0.4057,4.7601,-0.2009,-1.2834,-0.1155,1.4965,0.0000,-0.0000,-0.0000,0.0000,-0.0000,0.0000,0.4443,0.1768,0.3909,1.0689,0.0000,0.0000,0.0000,0.0000,0.0000,0.0000,False,-0.0172,0.0381,0.0080,-0.0328,0.0384,-0.0460,-0.6173,grasp,0.0000,0.0000,0.0000,0.0000,0.0000,0.0000,False,,0.0500,0.0000,False,0.8020,-0.2600,0.0100,0.8432
2118,0.0,1.1518,-0.0053,False,False,False,-0.4057,4.7601,-0.2009,-1.2834,-0.1155,1.4965,0.0000,-0.0000,-0.0000,0.0000,-0.0000,0.0000,0.4443,0.1768,0.3909,1.0689,0.0000,0.0000,0.0000,0.0000,0.0000,0.0000,False,-0.0065,-0.0688,0.0168,-0.0247,-0.0385,0.0628,2.1737,grasp,0.0000,0.0000,0.0000,0.0000,0.0000,0.0000,False,,0.0500,0.0000,True,0.8020,-0.2600,0.0100,0.8432
2119,0.0,1.1518,-0.0090,False,False,False,-0.4059,4.7605,-0.2008,-1.2837,-0.1151,1.4960,-0.0183,0.0378,0.0089,-0.0342,0.0389,-0.0463,0.4320,0.1768,0.3909,1.0689,0.0000,0.0000,0.0000,0.0000,0.0000,0.0000,False,-0.0591,-0.0466,-0.0127,-0.0605,0.0728,-0.0607,0.1978,grasp,0.0000,0.0000,0.0000,0.0000,0.0000,0.0000,False,,0.0500,0.0000,False,0.8020,-0.2600,0.0100,0.8432
2120,0.0,1.1514,-0.0016,False,False,False,-0.4076,4.7590,-0.2012,-1.2855,-0.1130,1.4943,-0.0000,-0.0000,-0.0000,0.0000,-0.0000,0.0000,0.4118,0.1757,0.3901,1.0689,0.0000,0.0000,0.0000,0.0000,0.0000,0.0000,False,0.0316,-0.0251,-0.0434,0.0286,-0.0448,-0.0347,-1.2059,grasp,0.0000,0.0000,0.0000,0.0000,0.0000,0.0000,False,,0.0500,0.0000,False,0.8020,-0.2600,0.0100,0.8432
2121,0.0,1.1515,-0.0103,False,False,False,-0.4070,4.7588,-0.2017,-1.2845,-0.1128,1.4945,0.0262,0.0017,-0.0015,0.0642,0.0601,0.0558,0.4351,0.1742,0.3909,1.0690,0.0000,0.0000,0.0000,0.0000,0.0000,0.0000,False,0.0265,0.0014,-0.0019,0.0645,0.0597,0.0555,2.1283,grasp,0.0000,0.0000,0.0000,0.0000,0.0000,0.0000,False,,0.0500,0.0000,True,0.8020,-0.2600,0.0100,0.8432
2122,0.0,1.1515,-0.0125,False,False,False,-0.4065,4.7589,-0.2017,-1.2833,-0.1117,1.4956,0.0497,0.0032,-0.0028,0.1219,0.1142,0.1061,0.4549,0.1742,0.3909,1.0690,0.0000,0.0000,0.0000,0.0000,0.0000,0.0000,False,-0.0265,-0.0580,0.0454,0.0224,0.0567,0.0047,0.4341,grasp,0.0000,0.0000,0.0000,0.0000,0.0000,0.0000,False,,0.0500,0.0000,False,0.8020,-0.2600,0.0100,0.8432
2123,0.0,1.1515,-0.0088,False,False,False,-0.4068,4.7583,-0.2012,-1.2831,-0.1112,1.4956,-0.0270,-0.0580,0.0455,0.0212,0.0556,0.0036,0.4675,0.1742,0.3909,1.0690,0.0000,0.0000,0.0000,0.0000,0.0000,0.0000,False,0.0322,-0.0463,-0.0413,-0.0069,0.0096,-0.0726,-1.5403,grasp,0.0000,0.0000,0.0000,0.0000,0.0000,0.0000,False,,0.0500,0.0000,False,0.8020,-0.2600,0.0100,0.8432
2124,0.0,1.1515,-0.0109,False,False,False,-0.4068,4.7583,-0.2012,-1.2831,-0.1112,1.4956,-0.0000,-0.0000,-0.0000,0.0000,-0.0000,0.0000,0.4475,0.1742,0.3909,1.0690,0.0000,0.0000,0.0000,0.0000,0.0000,0.0000,False,0.0024,0.0530,0.0608,-0.0202,-0.0052,0.0740,-0.8488,grasp,0.0000,0.0000,0.0000,0.0000,0.0000,0.0000,False,,0.0500,0.0000,False,0.8020,-0.2600,0.0100,0.8432
2125,0.0,1.1515,-0.0212,False,False,False,-0.4070,4.7617,-0.1976,-1.2848,-0.1116,1.4995,-0.0291,0.0020,0.0262,-0.0561,-0.0142,-0.0215,0.4334,0.1735,0.3912,1.0690,0.0000,0.0000,0.0000,0.0000,0.0000,0.0000,False,-0.0291,0.0091,0.0279,-0.0566,-0.0144,-0.0195,2.6234,grasp,0.0000,0.0000,0.0000,0.0000,0.0000,0.0000,False,,0.0500,0.0000,True,0.8020,-0.2600,0.0100,0.8432
2126,0.0,1.1516,-0.0026,False,False,False,-0.4075,4.7618,-0.1971,-1.2859,-0.1119,1.4991,-0.0000,0.0000,-0.0000,0.0000,-0.0000,0.0000,0.4369,0.1781,0.3893,1.0691,0.0000,0.0000,0.0000,0.0000,0.0000,0.0000,False,-0.0477,0.0415,-0.0518,0.0398,0.0787,-0.0452,-2.2263,grasp,0.0000,0.0000,0.0000,0.0000,0.0000,0.0000,False,,0.0500,0.0000,False,0.8020,-0.2600,0.0100,0.8432
2127,0.0,1.1516,-0.0013,False,False,False,-0.4075,4.7618,-0.1971,-1.2859,-0.1119,1.4991,-0.0000,0.0000,-0.0000,0.0000,-0.0000,0.0000,0.4369,0.1781,0.3893,1.0691,0.0000,0.0000,0.0000,0.0000,0.0000,0.0000,False,0.0429,-0.0396,-0.0239,0.0299,-0.0330,-0.0326,2.0384,grasp,0.0000,0.0000,0.0000,0.0000,0.0000,0.0000,False,,0.0500,0.0000,True,0.8020,-0.2600,0.0100,0.8432
2128,0.0,1.1516,-0.0019,False,False,False,-0.4075,4.7618,-0.1971,-1.2859,-0.1119,1.4991,-0.0000,0.0000,-0.0000,0.0000,-0.0000,0.0000,0.4369,0.1781,0.3893,1.0691,0.0000,0.0000,0.0000,0.0000,0.0000,0.0000,False,0.0608,-0.0076,-0.0382,0.0510,-0.0557,0.0267,-1.2037,grasp,0.0000,0.0000,0.0000,0.0000,0.0000,0.0000,False,,0.0500,0.0000,False,0.8020,-0.2600,0.0100,0.8432
2129,0.0,1.1512,-0.0144,False,False,False,-0.4072,4.7621,-0.1972,-1.2857,-0.1104,1.4980,0.0770,-0.0103,0.0341,-0.0291,0.0676,-0.0648,0.3780,0.1781,0.3879,1.0692,0.0000,0.0000,0.0000,0.0000,0.0000,0.0000,False,0.0770,-0.0103,0.0341,-0.0291,0.0676,-0.0648,-0.9063,grasp,0.0000,0.0000,0.0000,0.0000,0.0000,0.0000,False,,0.0500,0.0000,False,0.8020,-0.2600,0.0100,0.8432
2130,0.0,1.1511,-0.0144,False,False,False,-0.4056,4.7607,-0.1963,-1.2872,-0.1108,1.4965,0.0087,-0.0834,0.0173,-0.0564,-0.1116,-0.0228,0.3658,0.1758,0.3881,1.0693,0.0000,0.0000,0.0000,0.0000,0.0000,0.0000,False,0.0060,-0.0440,0.0098,-0.0302,-0.0574,-0.0132,-0.3274,grasp,0.0000,0.0000,0.0000,0.0000,0.0000,0.0000,False,,0.0500,0.0000,False,0.8020,-0.2600,0.0100,0.8432
2131,0.0,1.1511,-0.0156,False,False,False,-0.4056,4.7607,-0.1963,-1.2872,-0.1108,1.4965,0.0087,-0.0834,0.0173,-0.0564,-0.1116,-0.0228,0.3658,0.1758,0.3881,1.0693,0.0000,0.0000,0.0000,0.0000,0.0000,0.0000,False,-0.0665,-0.0572,-0.0276,0.0563,-0.0228,0.0537,2.8663,grasp,0.0000,0.0000,0.0000,0.0000,0.0000,0.0000,False,,0.0500,0.0000,True,0.8020,-0.2600,0.0100,0.8432
2132,0.0,1.1511,-0.0020,False,False,False,-0.4055,4.7594,-0.1961,-1.2880,-0.1124,1.4961,0.0000,-0.0000,-0.0000,0.0000,-0.0000,0.0000,0.3690,0.1758,0.3881,1.0693,0.0000,0.0000,0.0000,0.0000,0.0000,0.0000,False,0.0133,-0.0717,0.0502,0.0505,-0.0490,-0.0699,0.0326,grasp,0.0000,0.0000,0.0000,0.0000,0.0000,0.0000,False,,0.0500,0.0000,False,0.8020,-0.2600,0.0100,0.8432
2133,0.0,1.1511,-0.0017,False,False,False,-0.4054,4.7587,-0.1956,-1.2874,-0.1129,1.4954,0.0132,-0.0692,0.0499,0.0513,-0.0475,-0.0696,0.3725,0.1758,0.3881,1.0693,0.0000,0.0000,0.0000,0.0000,0.0000,0.0000,False,-0.0080,0.0635,0.0583,-0.0577,0.0500,-0.0316,2.5403,grasp,0.0000,0.0000,0.0000,0.0000,0.0000,0.0000,False,,0.0500,0.0000,True,0.8020,-0.2600,0.0100,0.8432
2134,0.0,1.1511,-0.0135,False,False,False,-0.4057,4.7593,-0.1963,-1.2877,-0.1130,1.4951,-0.0371,0.0681,-0.0729,-0.0262,-0.0099,-0.0301,0.4325,0.1758,0.3881,1.0693,0.0000,0.0000,0.0000,0.0000,0.0000,0.0000,False,-0.0371,0.0681,-0.0729,-0.0262,-0.0099,-0.0301,2.9796,grasp,0.0000,0.0000,0.0000,0.0000,0.0000,0.0000,False,,0.0500,0.0000,True,0.8020,-0.2600,0.0100,0.8432
2135,0.0,1.1515,-0.0126,False,False,False,-0.4057,4.7593,-0.1963,-1.2877,-0.1130,1.4951,-0.0371,0.0681,-0.0729,-0.0262,-0.0099,-0.0301,0.4325,0.1756,0.3897,1.0692,0.0000,0.0000,0.0000,0.0000,0.0000,0.0000,False,-0.0265,-0.0477,0.0036,0.0450,-0.0646,0.0585,-2.5534,grasp,0.0000,0.0000,0.0000,0.0000,0.0000,0.0000,False,,0.0500,0.0000,False,0.8020,-0.2600,0.0100,0.8432
2136,0.0,1.1512,-0.0227,False,False,False,-0.4072,4.7593,-0.1976,-1.2869,-0.1150,1.4963,-0.0490,-0.0937,0.0095,0.0864,-0.1223,0.1122,0.3960,0.1763,0.3888,1.0691,0.0000,0.0000,0.0000,0.0000,0.0000,0.0000,False,0.0042,-0.0050,0.0161,0.0041,0.0554,-0.0525,1.6117,grasp,0.0000,0.0000,0.0000,0.0000,0.0000,0.0000,False,,0.0500,0.0000,True,0.8020,-0.2600,0.0100,0.8432
2137,0.0,1.1512,-0.0024,False,False,False,-0.4078,4.7578,-0.1973,-1.2856,-0.1162,1.4973,0.0049,-0.0026,0.0160,0.0029,0.0572,-0.0541,0.4160,0.1763,0.3888,1.0691,0.0000,0.0000,0.0000,0.0000,0.0000,0.0000,False,-0.0697,0.0515,-0.0773,-0.0201,0.0715,0.0207,1.7857,grasp,0.0000,0.0000,0.0000,0.0000,0.0000,0.0000,False,,0.0500,0.0000,True,0.8020,-0.2600,0.0100,0.8432
2138,0.0,1.1512,-0.0088,False,False,False,-0.4078,4.7578,-0.1973,-1.2856,-0.1162,1.4973,-0.0000,-0.0000,-0.0000,0.0000,-0.0000,0.0000,0.4517,0.1763,0.3888,1.0691,0.0000,0.0000,0.0000,0.0000,0.0000,0.0000,False,-0.0353,0.0060,-0.0394,0.0473,0.0291,0.0376,1.1952,grasp,0.0000,0.0000,0.0000,0.0000,0.0000,0.0000,False,,0.0500,0.0000,True,0.8020,-0.2600,0.0100,0.8432
2139,0.0,1.1516,-0.0112,False,False,False,-0.4089,4.7580,-0.1984,-1.2842,-0.1154,1.4984,-0.0670,0.0114,-0.0749,0.0899,0.0553,0.0715,0.4708,0.1766,0.3902,1.0690,0.0000,0.0000,0.0000,0.0000,0.0000,0.0000,False,0.0375,0.0380,-0.0723,0.0055,0.0682,0.0352,0.4983,grasp,0.0000,0.0000,0.0000,0.0000,0.0000,0.0000,False,,0.0500,0.0000,False,0.8020,-0.2600,0.0100,0.8432
2140,0.0,1.1518,-0.0262,False,False,False,-0.4078,4.7591,-0.2005,-1.2841,-0.1134,1.4994,0.0725,0.0721,-0.1359,0.0088,0.1286,0.0656,0.4688,0.1758,0.3911,1.0690,0.0000,0.0000,0.0000,0.0000,0.0000,0.0000,False,0.0059,0.0418,-0.0550,0.0724,0.0126,-0.0517,-2.0850,grasp,0.0000,0.0000,0.0000,0.0000,0.0000,0.0000,False,,0.0500,0.0000,False,0.8020,-0.2600,0.0100,0.8432
2141,0.0,1.1518,-0.0031,False,False,False,-0.4067,4.7601,-0.2024,-1.2840,-0.1116,1.5004,-0.0000,-0.0000,-0.0000,0.0000,-0.0000,0.0000,0.4483,0.1758,0.3911,1.0690,0.0000,0.0000,0.0000,0.0000,0.0000,0.0000,False,0.0275,0.0699,0.0014,-0.0651,-0.0563,-0.0114,-2.8308,grasp,0.0000,0.0000,0.0000,0.0000,0.0000,0.0000,False,,0.0500,0.0000,False,0.8020,-0.2600,0.0100,0.8432
2142,0.0,1.1518,-0.0029,False,False,False,-0.4067,4.7605,-0.2029,-1.2833,-0.1115,1.4998,0.0049,0.0408,-0.0530,0.0723,0.0107,-0.0526,0.4283,0.1758,0.3911,1.0690,0.0000,0.0000,0.0000,0.0000,0.0000,0.0000,False,0.0482,-0.0064,0.0098,0.0294,0.0796,-0.0660,1.6305,grasp,0.0000,0.0000,0.0000,0.0000,0.0000,0.0000,False,,0.0500,0.0000,True,0.8020,-0.2600,0.0100,0.8432
2143,0.0,1.1517,-0.0019,False,False,False,-0.4061,4.7610,-0.2031,-1.2828,-0.1109,1.4994,0.0547,0.0494,-0.0141,0.0467,0.0587,-0.0468,0.4676,0.1749,0.3913,1.0690,0.0000,0.0000,0.0000,0.0000,0.0000,0.0000,False,0.0547,0.0494,-0.0141,0.0467,0.0587,-0.0468,1.2475,grasp,0.0000,0.0000,0.0000,0.0000,0.0000,0.0000,False,,0.0500,0.0000,False,0.8020,-0.2600,0.0100,0.8432
2144,0.0,1.1517,-0.0136,False,False,False,-0.4056,4.7620,-0.2033,-1.2818,-0.1100,1.4982,-0.0472,0.0076,0.0102,0.0104,-0.0264,-0.0298,0.5165,0.1749,0.3913,1.0690,0.0000,0.0000,0.0000,0.0000,0.0000,0.0000,False,-0.0462,0.0089,0.0099,0.0112,-0.0253,-0.0307,2.8445,grasp,0.0000,0.0000,0.0000,0.0000,0.0000,0.0000,False,,0.0500,0.0000,True,0.8020,-0.2600,0.0100,0.8432
2145,0.0,1.1522,-0.0067,False,False,False,-0.4067,4.7623,-0.2024,-1.2818,-0.1107,1.4974,-0.0266,0.0097,0.0687,-0.0147,-0.0135,-0.0177,0.4997,0.1769,0.3922,1.0689,0.0000,0.0000,0.0000,0.0000,0.0000,0.0000,False,-0.0275,0.0099,0.0688,-0.0145,-0.0140,-0.0183,-1.6524,grasp,0.0000,0.0000,0.0000,0.0000,0.0000,0.0000,False,,0.0500,0.0000,False,0.8020,-0.2600,0.0100,0.8432
2146,0.0,1.1522,-0.0056,False,False,False,-0.4067,4.7623,-0.2024,-1.2818,-0.1107,1.4974,-0.0266,0.0097,0.0687,-0.0147,-0.0135,-0.0177,0.4997,0.1769,0.3922,1.0689,0.0000,0.0000,0.0000,0.0000,0.0000,0.0000,False,-0.0563,0.0753,0.0384,-0.0385,-0.0199,-0.0201,-2.0934,grasp,0.0000,0.0000,0.0000,0.0000,0.0000,0.0000,False,,0.0500,0.0000,False,0.8020,-0.2600,0.0100,0.8432
2147,0.0,1.1516,-0.0244,False,False,False,-0.4074,4.7619,-0.1989,-1.2836,-0.1096,1.4952,-0.0110,-0.0417,0.1406,-0.0998,0.0869,-0.1227,0.4197,0.1774,0.3898,1.0690,0.0000,0.0000,0.0000,0.0000,0.0000,0.0000,False,-0.0063,-0.0215,0.0753,-0.0528,0.0455,-0.0649,-2.8887,grasp,0.0000,0.0000,0.0000,0.0000,0.0000,0.0000,False,,0.0500,0.0000,False,0.8020,-0.2600,0.0100,0.8432
2148,0.0,1.1516,-0.0258,False,False,False,-0.4074,4.7619,-0.1989,-1.2836,-0.1096,1.4952,-0.0110,-0.0417,0.1406,-0.0998,0.0869,-0.1227,0.4197,0.1774,0.3898,1.0690,0.0000,0.0000,0.0000,0.0000,0.0000,0.0000,False,-0.0517,0.0567,0.0113,0.0664,-0.0624,-0.0656,1.7111,grasp,0.0000,0.0000,0.0000,0.0000,0.0000,0.0000,False,,0.0500,0.0000,True,0.8020,-0.2600,0.0100,0.8432
2149,0.0,1.1516,-0.0237,False,False,False,-0.4074,4.7619,-0.1989,-1.2836,-0.1096,1.4952,-0.0110,-0.0417,0.1406,-0.0998,0.0869,-0.1227,0.4197,0.1774,0.3898,1.0690,0.0000,0.0000,0.0000,0.0000,0.0000,0.0000,False,-0.0615,0.0298,0.0405,-0.0735,-0.0472,-0.0493,0.1794,grasp,0.0000,0.0000,0.0000,0.0000,0.0000,0.0000,False,,0.0500,0.0000,False,0.8020,-0.2600,0.0100,0.8432
2150,0.0,1.1516,-0.0123,False,False,False,-0.4101,4.7623,-0.1956,-1.2875,-0.1091,1.4919,-0.0746,0.0017,0.0200,-0.0386,0.0683,-0.0185,0.3857,0.1791,0.3881,1.0693,0.0000,0.0000,0.0000,0.0000,0.0000,0.0000,False,-0.0757,0.0034,0.0207,-0.0399,0.0673,-0.0194,-0.7929,grasp,0.0000,0.0000,0.0000,0.0000,0.0000,0.0000,False,,0.0500,0.0000,False,0.8020,-0.2600,0.0100,0.8432
2151,0.0,1.1516,-0.0101,False,False,False,-0.4101,4.7623,-0.1956,-1.2875,-0.1091,1.4919,-0.0746,0.0017,0.0200,-0.0386,0.0683,-0.0185,0.3857,0.1791,0.3881,1.0693,0.0000,0.0000,0.0000,0.0000,0.0000,0.0000,False,0.0632,0.0352,0.0448,-0.0784,-0.0302,0.0650,-2.5931,grasp,0.0000,0.0000,0.0000,0.0000,0.0000,0.0000,False,,0.0500,0.0000,False,0.8020,-0.2600,0.0100,0.8432
2152,0.0,1.1508,-0.0013,False,False,False,-0.4123,4.7625,-0.1963,-1.2863,-0.1096,1.4899,-0.0542,0.0093,-0.0707,0.1232,-0.1199,-0.1097,0.3170,0.1788,0.3858,1.0694,0.0000,0.0000,0.0000,0.0000,0.0000,0.0000,False,-0.0300,0.0050,-0.0368,0.0641,-0.0618,-0.0581,-2.9986,grasp,0.0000,0.0000,0.0000,0.0000,0.0000,0.0000,False,,0.0500,0.0000,False,0.8020,-0.2600,0.0100,0.8432
2153,0.0,1.1508,-0.0223,False,False,False,-0.4131,4.7626,-0.1973,-1.2846,-0.1113,1.4883,-0.0773,0.0133,-0.1008,0.1758,-0.1710,-0.1565,0.2970,0.1788,0.3858,1.0694,0.0000,0.0000,0.0000,0.0000,0.0000,0.0000,False,0.0779,-0.0386,0.0670,-0.0276,0.0029,0.0009,-0.8503,grasp,0.0000,0.0000,0.0000,0.0000,0.0000,0.0000,False,,0.0500,0.0000,False,0.8020,-0.2600,0.0100,0.8432
2154,0.0,1.1508,-0.0021,False,False,False,-0.4131,4.7626,-0.1973,-1.2846,-0.1113,1.4883,0.0000,-0.0000,-0.0000,0.0000,-0.0000,0.0000,0.2965,0.1788,0.3858,1.0694,0.0000,0.0000,0.0000,0.0000,0.0000,0.0000,False,0.0071,-0.0320,-0.0238,-0.0184,0.0200,-0.0681,1.4747,grasp,0.0000,0.0000,0.0000,0.0000,0.0000,0.0000,False,,0.0500,0.0000,True,0.8020,-0.2600,0.0100,0.8432
2155,0.0,1.1500,-0.0156,False,False,False,-0.4121,4.7613,-0.1973,-1.2854,-0.1107,1.4864,0.0120,-0.0602,-0.0466,-0.0345,0.0380,-0.1294,0.3352,0.1786,0.3841,1.0692,0.0000,0.0000,0.0000,0.0000,0.0000,0.0000,False,0.0223,-0.0666,-0.0706,-0.0735,0.0247,0.0049,-1.1732,grasp,0.0000,0.0000,0.0000,0.0000,0.0000,0.0000,False,,0.0500,0.0000,False,0.8020,-0.2600,0.0100,0.8432
2156,0.0,1.1514,-0.0194,False,False,False,-0.4130,4.7613,-0.1963,-1.2858,-0.1094,1.4845,-0.0680,0.0734,0.1132,0.0012,0.0509,0.0004,0.4113,0.1782,0.3880,1.0692,0.0000,0.0000,0.0000,0.0000,0.0000,0.0000,False,-0.0356,0.0368,0.0589,0.0001,0.0274,-0.0016,1.2789,grasp,0.0000,0.0000,0.0000,0.0000,0.0000,0.0000,False,,0.0500,0.0000,True,0.8020,-0.2600,0.0100,0.8432
2157,0.0,1.1514,-0.0172,False,False,False,-0.4130,4.7613,-0.1963,-1.2858,-0.1094,1.4845,-0.0680,0.0734,0.1132,0.0012,0.0509,0.0004,0.4113,0.1782,0.3880,1.0692,0.0000,0.0000,0.0000,0.0000,0.0000,0.0000,False,-0.0004,-0.0019,-0.0491,-0.0295,-0.0750,0.0694,1.6270,grasp,0.0000,0.0000,0.0000,0.0000,0.0000,0.0000,False,,0.0500,0.0000,True,0.8020,-0.2600,0.0100,0.8432
2158,0.0,1.1514,-0.0128,False,False,False,-0.4140,4.7627,-0.1952,-1.2861,-0.1094,1.4852,0.0006,-0.0072,-0.0507,-0.0295,-0.0758,0.0694,0.4608,0.1782,0.3880,1.0692,0.0000,0.0000,0.0000,0.0000,0.0000,0.0000,False,-0.0136,-0.0508,0.0560,-0.0540,0.0084,0.0589,-2.5994,grasp,0.0000,0.0000,0.0000,0.0000,0.0000,0.0000,False,,0.0500,0.0000,False,0.8020,-0.2600,0.0100,0.8432
2159,0.0,1.1521,-0.0142,False,False,False,-0.4141,4.7621,-0.1956,-1.2872,-0.1107,1.4871,-0.0137,-0.0506,0.0570,-0.0534,0.0098,0.0575,0.4354,0.1823,0.3885,1.0692,0.0000,0.0000,0.0000,0.0000,0.0000,0.0000,False,-0.0336,0.0466,0.0296,-0.0385,0.0585,-0.0059,2.7137,grasp,0.0000,0.0000,0.0000,0.0000,0.0000,0.0000,False,,0.0500,0.0000,True,0.8020,-0.2600,0.0100,0.8432
2160,0.0,1.1521,-0.0028,False,False,False,-0.4143,4.7611,-0.1945,-1.2882,-0.1106,1.4882,0.0000,-0.0000,-0.0000,0.0000,-0.0000,0.0000,0.4104,0.1823,0.3885,1.0692,0.0000,0.0000,0.0000,0.0000,0.0000,0.0000,False,0.0206,-0.0754,-0.0550,-0.0723,-0.0717,-0.0545,-0.2730,grasp,0.0000,0.0000,0.0000,0.0000,0.0000,0.0000,False,,0.0500,0.0000,False,0.8020,-0.2600,0.0100,0.8432
2161,0.0,1.1516,-0.0318,False,False,False,-0.4137,4.7591,-0.1961,-1.2903,-0.1126,1.4866,0.0397,-0.1424,-0.1065,-0.1354,-0.1366,-0.1056,0.4018,0.1801,0.3875,1.0694,0.0000,0.0000,0.0000,0.0000,0.0000,0.0000,False,-0.0281,0.0114,-0.0760,-0.0100,0.0150,0.0112,1.0322,grasp,0.0000,0.0000,0.0000,0.0000,0.0000,0.0000,False,,0.0500,0.0000,False,0.8020,-0.2600,0.0100,0.8432
2162,0.0,1.1516,-0.0327,False,False,False,-0.4129,4.7558,-0.1972,-1.2919,-0.1143,1.4854,0.0301,-0.0313,0.0478,0.0364,0.0239,0.0330,0.3704,0.1801,0.3875,1.0694,0.0000,0.0000,0.0000,0.0000,0.0000,0.0000,False,0.0307,-0.0438,0.0463,0.0345,0.0219,0.0315,-1.1616,grasp,0.0000,0.0000,0.0000,0.0000,0.0000,0.0000,False,,0.0500,0.0000,False,0.8020,-0.2600,0.0100,0.8432
2163,0.0,1.1510,-0.0111,False,False,False,-0.4125,4.7544,-0.1961,-1.2905,-0.1146,1.4859,-0.0201,-0.0761,0.0174,0.0705,-0.0734,-0.0173,0.3984,0.1741,0.3884,1.0694,0.0000,0.0000,0.0000,0.0000,0.0000,0.0000,False,-0.0195,-0.0769,0.0184,0.0712,-0.0729,-0.0167,2.1736,grasp,0.0000,0.0000,0.0000,0.0000,0.0000,0.0000,False,,0.0500,0.0000,True,0.8020,-0.2600,0.0100,0.8432
2164,0.0,1.1510,-0.0119,False,False,False,-0.4125,4.7544,-0.1961,-1.2905,-0.1146,1.4859,-0.0201,-0.0761,0.0174,0.0705,-0.0734,-0.0173,0.3984,0.1741,0.3884,1.0694,0.0000,0.0000,0.0000,0.0000,0.0000,0.0000,False,-0.0066,-0.0366,-0.0718,0.0263,-0.0049,-0.0343,-0.6458,grasp,0.0000,0.0000,0.0000,0.0000,0.0000,0.0000,False,,0.0500,0.0000,False,0.8020,-0.2600,0.0100,0.8432
2165,0.0,1.1516,-0.0253,False,False,False,-0.4148,4.7537,-0.1968,-1.2914,-0.1169,1.4845,-0.1250,0.0569,-0.0683,-0.1475,-0.0607,-0.0710,0.4335,0.1748,0.3904,1.0692,0.0000,0.0000,0.0000,0.0000,0.0000,0.0000,False,-0.0662,0.0278,-0.0356,-0.0763,-0.0334,-0.0377,0.5541,grasp,0.0000,0.0000,0.0000,0.0000,0.0000,0.0000,False,,0.0500,0.0000,False,0.8020,-0.2600,0.0100,0.8432
2166,0.0,1.1516,-0.0289,False,False,False,-0.4148,4.7537,-0.1968,-1.2914,-0.1169,1.4845,-0.1250,0.0569,-0.0683,-0.1475,-0.0607,-0.0710,0.4335,0.1748,0.3904,1.0692,0.0000,0.0000,0.0000,0.0000,0.0000,0.0000,False,-0.0070,0.0477,0.0503,-0.0329,-0.0666,0.0421,-3.0979,grasp,0.0000,0.0000,0.0000,0.0000,0.0000,0.0000,False,,0.0500,0.0000,False,0.8020,-0.2600,0.0100,0.8432
2167,0.0,1.1516,-0.0127,False,False,False,-0.4166,4.7549,-0.1972,-1.2938,-0.1185,1.4839,-0.0053,0.0467,0.0513,-0.0308,-0.0657,0.0431,0.3972,0.1748,0.3904,1.0692,0.0000,0.0000,0.0000,0.0000,0.0000,0.0000,False,-0.0588,0.0644,-0.0796,0.0018,-0.0113,0.0394,-2.1344,grasp,0.0000,0.0000,0.0000,0.0000,0.0000,0.0000,False,,0.0500,0.0000,False,0.8020,-0.2600,0.0100,0.8432
2168,0.0,1.1511,-0.0225,False,False,False,-0.4167,4.7560,-0.1963,-1.2944,-0.1197,1.4847,-0.0000,-0.0000,-0.0000,0.0000,-0.0000,0.0000,0.3572,0.1779,0.3872,1.0693,0.0000,0.0000,0.0000,0.0000,0.0000,0.0000,False,0.0001,0.0172,0.0030,0.0295,0.0396,0.0681,2.3438,grasp,0.0000,0.0000,0.0000,0.0000,0.0000,0.0000,False,,0.0500,0.0000,True,0.8020,-0.2600,0.0100,0.8432
2169,0.0,1.1511,-0.0020,False,False,False,-0.4167,4.7560,-0.1963,-1.2944,-0.1197,1.4847,0.0000,-0.0000,-0.0000,0.0000,-0.0000,0.0000,0.3772,0.1779,0.3872,1.0693,0.0000,0.0000,0.0000,0.0000,0.0000,0.0000,False,0.0424,0.0073,-0.0406,-0.0676,0.0575,0.0375,2.6024,grasp,0.0000,0.0000,0.0000,0.0000,0.0000,0.0000,False,,0.0500,0.0000,True,0.8020,-0.2600,0.0100,0.8432
2170,0.0,1.1518,-0.0230,False,False,False,-0.4155,4.7564,-0.1974,-1.2960,-0.1177,1.4865,0.0805,0.0135,-0.0773,-0.1290,0.1085,0.0700,0.4562,0.1785,0.3888,1.0693,0.0000,0.0000,0.0000,0.0000,0.0000,0.0000,False,-0.0434,-0.0710,-0.0195,0.0698,-0.0294,0.0034,-2.5545,grasp,0.0000,0.0000,0.0000,0.0000,0.0000,0.0000,False,,0.0500,0.0000,False,0.8020,-0.2600,0.0100,0.8432
2171,0.0,1.1518,-0.0121,False,False,False,-0.4156,4.7545,-0.1991,-1.2958,-0.1170,1.4875,-0.0847,-0.1354,-0.0350,0.1361,-0.0588,0.0045,0.4441,0.1785,0.3888,1.0693,0.0000,0.0000,0.0000,0.0000,0.0000,0.0000,False,0.0035,-0.0231,0.0195,-0.0745,0.0363,-0.0257,2.1577,grasp,0.0000,0.0000,0.0000,0.0000,0.0000,0.0000,False,,0.0500,0.0000,True,0.8020,-0.2600,0.0100,0.8432
2172,0.0,1.1519,-0.0098,False,False,False,-0.4156,4.7542,-0.1989,-1.2966,-0.1166,1.4873,0.0044,-0.0200,0.0198,-0.0759,0.0369,-0.0257,0.4834,0.1754,0.3905,1.0694,0.0000,0.0000,0.0000,0.0000,0.0000,0.0000,False,-0.0752,0.0107,-0.0649,0.0289,0.0777,0.0442,2.7714,grasp,0.0000,0.0000,0.0000,0.0000,0.0000,0.0000,False,,0.0500,0.0000,True,0.8020,-0.2600,0.0100,0.8432
2173,0.0,1.1519,-0.0178,False,False,False,-0.4155,4.7538,-0.1985,-1.2980,-0.1159,1.4868,0.0083,-0.0397,0.0377,-0.1442,0.0702,-0.0489,0.5024,0.1754,0.3905,1.0694,0.0000,0.0000,0.0000,0.0000,0.0000,0.0000,False,0.0696,0.0257,0.0347,-0.0354,0.0528,-0.0622,-0.0100,grasp,0.0000,0.0000,0.0000,0.0000,0.0000,0.0000,False,,0.0500,0.0000,False,0.8020,-0.2600,0.0100,0.8432
2174,0.0,1.1524,-0.0152,False,False,False,-0.4148,4.7540,-0.1981,-1.2984,-0.1154,1.4862,0.0695,0.0262,0.0343,-0.0340,0.0521,-0.0617,0.4827,0.1749,0.3918,1.0696,0.0000,0.0000,0.0000,0.0000,0.0000,0.0000,False,-0.0028,-0.0073,-0.0631,-0.0770,-0.0305,0.0556,0.9319,grasp,0.0000,0.0000,0.0000,0.0000,0.0000,0.0000,False,,0.0500,0.0000,False,0.8020,-0.2600,0.0100,0.8432
2175,0.0,1.1524,-0.0140,False,False,False,-0.4148,4.7540,-0.1981,-1.2984,-0.1154,1.4862,0.0695,0.0262,0.0343,-0.0340,0.0521,-0.0617,0.4827,0.1749,0.3918,1.0696,0.0000,0.0000,0.0000,0.0000,0.0000,0.0000,False,-0.0091,-0.0165,-0.0510,0.0550,-0.0759,-0.0384,-0.6192,grasp,0.0000,0.0000,0.0000,0.0000,0.0000,0.0000,False,,0.0500,0.0000,False,0.8020,-0.2600,0.0100,0.8432
2176,0.0,1.1524,-0.0235,False,False,False,-0.4138,4.7540,-0.1990,-1.2974,-0.1167,1.4839,-0.0198,-0.0324,-0.0982,0.1057,-0.1462,-0.0708,0.4328,0.1749,0.3918,1.0696,0.0000,0.0000,0.0000,0.0000,0.0000,0.0000,False,0.0500,0.0621,0.0602,-0.0703,-0.0525,0.0605,-0.3471,grasp,0.0000,0.0000,0.0000,0.0000,0.0000,0.0000,False,,0.0500,0.0000,False,0.8020,-0.2600,0.0100,0.8432
2177,0.0,1.1516,-0.0156,False,False,False,-0.4136,4.7541,-0.1998,-1.2966,-0.1193,1.4835,0.0503,0.0633,0.0616,-0.0718,-0.0504,0.0615,0.4091,0.1735,0.3906,1.0694,0.0000,0.0000,0.0000,0.0000,0.0000,0.0000,False,-0.0392,0.0712,-0.0485,-0.0660,-0.0415,-0.0162,-0.9033,grasp,0.0000,0.0000,0.0000,0.0000,0.0000,0.0000,False,,0.0500,0.0000,False,0.8020,-0.2600,0.0100,0.8432
2178,0.0,1.1516,-0.0160,False,False,False,-0.4136,4.7541,-0.1998,-1.2966,-0.1193,1.4835,0.0503,0.0633,0.0616,-0.0718,-0.0504,0.0615,0.4091,0.1735,0.3906,1.0694,0.0000,0.0000,0.0000,0.0000,0.0000,0.0000,False,-0.0061,-0.0278,-0.0562,-0.0094,0.0313,0.0764,1.8807,grasp,0.0000,0.0000,0.0000,0.0000,0.0000,0.0000,False,,0.0500,0.0000,True,0.8020,-0.2600,0.0100,0.8432
2179,0.0,1.1519,-0.0109,False,False,False,-0.4137,4.7568,-0.2014,-1.2993,-0.1176,1.4861,-0.0599,0.1489,-0.0738,-0.0747,0.1088,-0.0503,0.4552,0.1753,0.3904,1.0694,0.0000,0.0000,0.0000,0.0000,0.0000,0.0000,False,-0.0317,0.0771,-0.0399,-0.0395,0.0579,-0.0250,0.2824,grasp,0.0000,0.0000,0.0000,0.0000,0.0000,0.0000,False,,0.0500,0.0000,False,0.8020,-0.2600,0.0100,0.8432
2180,0.0,1.1519,-0.0365,False,False,False,-0.4146,4.7589,-0.2024,-1.3004,-0.1161,1.4854,-0.0855,0.2119,-0.1053,-0.1066,0.1552,-0.0717,0.4532,0.1753,0.3904,1.0694,0.0000,0.0000,0.0000,0.0000,0.0000,0.0000,False,-0.0610,-0.0360,-0.0348,0.0118,-0.0775,0.0076,-1.9530,grasp,0.0000,0.0000,0.0000,0.0000,0.0000,0.0000,False,,0.0500,0.0000,False,0.8020,-0.2600,0.0100,0.8432
2181,0.0,1.1522,-0.0111,False,False,False,-0.4152,4.7588,-0.2028,-1.3003,-0.1169,1.4855,-0.0602,-0.0416,-0.0337,0.0129,-0.0790,0.0083,0.4132,0.1765,0.3903,1.0696,0.0000,0.0000,0.0000,0.0000,0.0000,0.0000,False,0.0654,-0.0482,0.0776,0.0657,-0.0170,0.0246,1.4160,grasp,0.0000,0.0000,0.0000,0.0000,0.0000,0.0000,False,,0.0500,0.0000,True,0.8020,-0.2600,0.0100,0.8432
2182,0.0,1.1522,-0.0123,False,False,False,-0.4152,4.7588,-0.2028,-1.3003,-0.1169,1.4855,-0.0602,-0.0416,-0.0337,0.0129,-0.0790,0.0083,0.4132,0.1765,0.3903,1.0696,0.0000,0.0000,0.0000,0.0000,0.0000,0.0000,False,0.0690,0.0243,-0.0595,-0.0735,0.0284,0.0667,0.8995,grasp,0.0000,0.0000,0.0000,0.0000,0.0000,0.0000,False,,0.0500,0.0000,False,0.8020,-0.2600,0.0100,0.8432
2183,0.0,1.1522,-0.0122,False,False,False,-0.4152,4.7588,-0.2028,-1.3003,-0.1169,1.4855,-0.0602,-0.0416,-0.0337,0.0129,-0.0790,0.0083,0.4132,0.1765,0.3903,1.0696,0.0000,0.0000,0.0000,0.0000,0.0000,0.0000,False,0.0734,-0.0148,0.0086,0.0069,0.0313,0.0759,3.0156,grasp,0.0000,0.0000,0.0000,0.0000,0.0000,0.0000,False,,0.0500,0.0000,True,0.8020,-0.2600,0.0100,0.8432
2184,0.0,1.1519,-0.0265,False,False,False,-0.4153,4.7589,-0.2014,-1.3006,-0.1166,1.4856,-0.0738,0.0940,0.1172,-0.0485,0.0548,-0.1426,0.5124,0.1760,0.3899,1.0695,0.0000,0.0000,0.0000,0.0000,0.0000,0.0000,False,-0.0374,0.0488,0.0619,-0.0254,0.0295,-0.0736,-0.7650,grasp,0.0000,0.0000,0.0000,0.0000,0.0000,0.0000,False,,0.0500,0.0000,False,0.8020,-0.2600,0.0100,0.8432
2185,0.0,1.1519,-0.0270,False,False,False,-0.4153,4.7589,-0.2014,-1.3006,-0.1166,1.4856,-0.0738,0.0940,0.1172,-0.0485,0.0548,-0.1426,0.5124,0.1760,0.3899,1.0695,0.0000,0.0000,0.0000,0.0000,0.0000,0.0000,False,-0.0609,-0.0568,0.0655,-0.0567,-0.0408,-0.0371,0.6812,grasp,0.0000,0.0000,0.0000,0.0000,0.0000,0.0000,False,,0.0500,0.0000,False,0.8020,-0.2600,0.0100,0.8432
2186,0.0,1.1528,-0.0041,False,False,False,-0.4164,4.7608,-0.1997,-1.3013,-0.1158,1.4836,-0.0000,-0.0000,-0.0000,0.0000,-0.0000,0.0000,0.5006,0.1802,0.3903,1.0697,0.0000,0.0000,0.0000,0.0000,0.0000,0.0000,False,0.0487,-0.0179,0.0167,0.0293,-0.0045,0.0493,-1.6874,grasp,0.0000,0.0000,0.0000,0.0000,0.0000,0.0000,False,,0.0500,0.0000,False,0.8020,-0.2600,0.0100,0.8432
2187,0.0,1.1528,-0.0021,False,False,False,-0.4164,4.7608,-0.1997,-1.3013,-0.1158,1.4836,-0.0000,-0.0000,-0.0000,0.0000,-0.0000,0.0000,0.5006,0.1802,0.3903,1.0697,0.0000,0.0000,0.0000,0.0000,0.0000,0.0000,False,-0.0499,-0.0022,0.0613,-0.0741,0.0300,-0.0641,-1.5391,grasp,0.0000,0.0000,0.0000,0.0000,0.0000,0.0000,False,,0.0500,0.0000,False,0.8020,-0.2600,0.0100,0.8432
2188,0.0,1.1528,-0.0015,False,False,False,-0.4164,4.7606,-0.1989,-1.3017,-0.1155,1.4835,-0.0504,-0.0020,0.0611,-0.0744,0.0301,-0.0646,0.4406,0.1802,0.3903,1.0697,0.0000,0.0000,0.0000,0.0000,0.0000,0.0000,False,-0.0540,0.0654,-0.0735,-0.0572,0.0273,0.0227,0.8315,grasp,0.0000,0.0000,0.0000,0.0000,0.0000,0.0000,False,,0.0500,0.0000,False,0.8020,-0.2600,0.0100,0.8432
2189,0.0,1.1522,-0.0138,False,False,False,-0.4164,4.7606,-0.1989,-1.3017,-0.1155,1.4835,-0.0504,-0.0020,0.0611,-0.0744,0.0301,-0.0646,0.4406,0.1798,0.3885,1.0697,0.0000,0.0000,0.0000,0.0000,0.0000,0.0000,False,0.0325,0.0271,-0.0650,-0.0244,0.0022,0.0325,2.6223,grasp,0.0000,0.0000,0.0000,0.0000,0.0000,0.0000,False,,0.0500,0.0000,True,0.8020,-0.2600,0.0100,0.8432
2190,0.0,1.1529,-0.0040,False,False,False,-0.4162,4.7612,-0.2014,-1.3026,-0.1151,1.4848,-0.0769,-0.0225,-0.0557,-0.0217,0.0387,0.0404,0.5104,0.1802,0.3904,1.0697,0.0000,0.0000,0.0000,0.0000,0.0000,0.0000,False,-0.0763,-0.0220,-0.0569,-0.0221,0.0388,0.0410,-1.3569,grasp,0.0000,0.0000,0.0000,0.0000,0.0000,0.0000,False,,0.0500,0.0000,False,0.8020,-0.2600,0.0100,0.8432
2191,0.0,1.1529,-0.0226,False,False,False,-0.4177,4.7607,-0.2024,-1.3030,-0.1144,1.4856,-0.1461,-0.0427,-0.1058,-0.0411,0.0736,0.0767,0.4904,0.1802,0.3904,1.0697,0.0000,0.0000,0.0000,0.0000,0.0000,0.0000,False,0.0389,-0.0473,-0.0711,0.0095,0.0732,0.0432,0.4096,grasp,0.0000,0.0000,0.0000,0.0000,0.0000,0.0000,False,,0.0500,0.0000,False,0.8020,-0.2600,0.0100,0.8432
2192,0.0,1.1529,-0.0256,False,False,False,-0.4177,4.7607,-0.2024,-1.3030,-0.1144,1.4856,-0.1461,-0.0427,-0.1058,-0.0411,0.0736,0.0767,0.4904,0.1802,0.3904,1.0697,0.0000,0.0000,0.0000,0.0000,0.0000,0.0000,False,0.0350,-0.0241,-0.0231,0.0524,-0.0660,0.0522,2.3187,grasp,0.0000,0.0000,0.0000,0.0000,0.0000,0.0000,False,,0.0500,0.0000,True,0.8020,-0.2600,0.0100,0.8432
2193,0.0,1.1529,-0.0017,False,False,False,-0.4197,4.7601,-0.2039,-1.3036,-0.1133,1.4867,0.0000,-0.0000,-0.0000,0.0000,-0.0000,0.0000,0.5104,0.1785,0.3908,1.0698,0.0000,0.0000,0.0000,0.0000,0.0000,0.0000,False,-0.0419,-0.0753,-0.0481,-0.0084,-0.0309,-0.0676,0.9339,grasp,0.0000,0.0000,0.0000,0.0000,0.0000,0.0000,False,,0.0500,0.0000,False,0.8020,-0.2600,0.0100,0.8432
2194,0.0,1.1529,-0.0025,False,False,False,-0.4197,4.7601,-0.2039,-1.3036,-0.1133,1.4867,0.0000,-0.0000,-0.0000,0.0000,-0.0000,0.0000,0.5104,0.1785,0.3908,1.0698,0.0000,0.0000,0.0000,0.0000,0.0000,0.0000,False,-0.0545,0.0451,0.0579,-0.0299,0.0516,-0.0548,1.7391,grasp,0.0000,0.0000,0.0000,0.0000,0.0000,0.0000,False,,0.0500,0.0000,False,0.8020,-0.2600,0.0100,0.8432
2195,0.0,1.1529,-0.0167,False,False,False,-0.4207,4.7597,-0.2038,-1.3040,-0.1131,1.4855,-0.0541,0.0465,0.0584,-0.0298,0.0520,-0.0541,0.5336,0.1785,0.3908,1.0698,0.0000,0.0000,0.0000,0.0000,0.0000,0.0000,False,0.0619,0.0787,-0.0366,0.0351,0.0420,-0.0060,-1.8691,grasp,0.0000,0.0000,0.0000,0.0000,0.0000,0.0000,False,,0.0500,0.0000,False,0.8020,-0.2600,0.0100,0.8432
2196,0.0,1.1530,-0.0251,False,False,False,-0.4199,4.7630,-0.2038,-1.3035,-0.1109,1.4843,0.1195,0.1458,-0.0716,0.0678,0.0780,-0.0094,0.4824,0.1802,0.3904,1.0699,0.0000,0.0000,0.0000,0.0000,0.0000,0.0000,False,0.0593,-0.0721,0.0216,0.0679,-0.0403,0.0047,-0.3448,grasp,0.0000,0.0000,0.0000,0.0000,0.0000,0.0000,False,,0.0500,0.0000,False,0.8020,-0.2600,0.0100,0.8432
2197,0.0,1.1524,-0.0114,False,False,False,-0.4176,4.7646,-0.2046,-1.3019,-0.1102,1.4842,0.0576,-0.0764,0.0227,0.0669,-0.0414,0.0048,0.4422,0.1797,0.3888,1.0698,0.0000,0.0000,0.0000,0.0000,0.0000,0.0000,False,0.0747,-0.0446,0.0583,0.0528,0.0679,0.0735,-2.5768,grasp,0.0000,0.0000,0.0000,0.0000,0.0000,0.0000,False,,0.0500,0.0000,False,0.8020,-0.2600,0.0100,0.8432
2198,0.0,1.1524,-0.0130,False,False,False,-0.4176,4.7646,-0.2046,-1.3019,-0.1102,1.4842,0.0576,-0.0764,0.0227,0.0669,-0.0414,0.0048,0.4422,0.1797,0.3888,1.0698,0.0000,0.0000,0.0000,0.0000,0.0000,0.0000,False,0.0011,-0.0008,-0.0339,0.0243,-0.0499,-0.0416,-1.9135,grasp,0.0000,0.0000,0.0000,0.0000,0.0000,0.0000,False,,0.0500,0.0000,False,0.8020,-0.2600,0.0100,0.8432
2199,0.0,1.1524,-0.0073,False,False,False,-0.4165,4.7630,-0.2045,-1.3004,-0.1115,1.4839,0.0000,0.0027,-0.0343,0.0230,-0.0491,-0.0417,0.3936,0.1797,0.3888,1.0698,0.0000,0.0000,0.0000,0.0000,0.0000,0.0000,False,-0.0272,0.0228,-0.0307,-0.0334,-0.0706,0.0482,1.6587,grasp,0.0000,0.0000,0.0000,0.0000,0.0000,0.0000,False,,0.0500,0.0000,True,0.8020,-0.2600,0.0100,0.8432
2200,0.0,1.1517,-0.0113,False,False,False,-0.4168,4.7632,-0.2055,-1.3003,-0.1131,1.4836,-0.0272,0.0227,-0.0300,-0.0338,-0.0697,0.0490,0.4136,0.1778,0.3881,1.0697,0.0000,0.0000,0.0000,0.0000,0.0000,0.0000,False,-0.0423,0.0517,0.0480,0.0111,-0.0450,-0.0491,-1.5913,grasp,0.0000,0.0000,0.0000,0.0000,0.0000,0.0000,False,,0.0500,0.0000,False,0.8020,-0.2600,0.0100,0.8432
2201,0.0,1.1514,-0.0029,False,False,False,-0.4177,4.7642,-0.2056,-1.3008,-0.1149,1.4840,-0.0000,-0.0000,-0.0000,0.0000,-0.0000,0.0000,0.3770,0.1794,0.3867,1.0696,0.0000,0.0000,0.0000,0.0000,0.0000,0.0000,False,-0.0194,-0.0620,0.0676,-0.0753,0.0775,0.0563,-2.7612,grasp,0.0000,0.0000,0.0000,0.0000,0.0000,0.0000,False,,0.0500,0.0000,False,0.8020,-0.2600,0.0100,0.8432
2202,0.0,1.1514,-0.0031,False,False,False,-0.4177,4.7642,-0.2056,-1.3008,-0.1149,1.4840,-0.0000,-0.0000,-0.0000,0.0000,-0.0000,0.0000,0.3770,0.1794,0.3867,1.0696,0.0000,0.0000,0.0000,0.0000,0.0000,0.0000,False,-0.0527,0.0563,-0.0386,-0.0679,0.0357,0.0507,2.5728,grasp,0.0000,0.0000,0.0000,0.0000,0.0000,0.0000,False,,0.0500,0.0000,True,0.8020,-0.2600,0.0100,0.8432
2203,0.0,1.1514,-0.0145,False,False,False,-0.4184,4.7641,-0.2053,-1.3023,-0.1138,1.4851,-0.0525,0.0570,-0.0393,-0.0672,0.0350,0.0501,0.3970,0.1794,0.3867,1.0696,0.0000,0.0000,0.0000,0.0000,0.0000,0.0000,False,0.0772,0.0329,-0.0363,0.0179,0.0507,-0.0389,0.0960,grasp,0.0000,0.0000,0.0000,0.0000,0.0000,0.0000,False,,0.0500,0.0000,False,0.8020,-0.2600,0.0100,0.8432
2204,0.0,1.1514,-0.0150,False,False,False,-0.4189,4.7636,-0.2059,-1.3017,-0.1140,1.4850,-0.0442,-0.0614,-0.0609,0.0533,-0.0265,-0.0072,0.3602,0.1794,0.3867,1.0696,0.0000,0.0000,0.0000,0.0000,0.0000,0.0000,False,-0.0442,-0.0614,-0.0609,0.0533,-0.0265,-0.0072,-2.4090,grasp,0.0000,0.0000,0.0000,0.0000,0.0000,0.0000,False,,0.0500,0.0000,False,0.8020,-0.2600,0.0100,0.8432
2205,0.0,1.1516,-0.0138,False,False,False,-0.4189,4.7636,-0.2059,-1.3017,-0.1140,1.4850,-0.0442,-0.0614,-0.0609,0.0533,-0.0265,-0.0072,0.3602,0.1794,0.3869,1.0697,0.0000,0.0000,0.0000,0.0000,0.0000,0.0000,False,0.0502,-0.0202,0.0643,0.0411,-0.0013,-0.0075,-1.8259,grasp,0.0000,0.0000,0.0000,0.0000,0.0000,0.0000,False,,0.0500,0.0000,False,0.8020,-0.2600,0.0100,0.8432
2206,0.0,1.1516,-0.0240,False,False,False,-0.4197,4.7622,-0.2070,-1.3007,-0.1145,1.4849,0.0000,-0.0000,-0.0000,0.0000,-0.0000,0.0000,0.3229,0.1794,0.3869,1.0697,0.0000,0.0000,0.0000,0.0000,0.0000,0.0000,False,-0.0683,-0.0227,0.0162,-0.0134,0.0765,-0.0607,-0.2835,grasp,0.0000,0.0000,0.0000,0.0000,0.0000,0.0000,False,,0.0500,0.0000,False,0.8020,-0.2600,0.0100,0.8432
2207,0.0,1.1509,-0.0436,False,False,False,-0.4259,4.7602,-0.2056,-1.3019,-0.1076,1.4794,-0.2349,-0.0771,0.0556,-0.0460,0.2632,-0.2088,0.3397,0.1769,0.3861,1.0697,0.0000,0.0000,0.0000,0.0000,0.0000,0.0000,False,-0.0204,-0.0070,0.0379,-0.0675,-0.0388,-0.0503,1.8385,grasp,0.0000,0.0000,0.0000,0.0000,0.0000,0.0000,False,,0.0500,0.0000,True,0.8020,-0.2600,0.0100,0.8432
2208,0.0,1.1518,-0.0110,False,False,False,-0.4289,4.7592,-0.2046,-1.3031,-0.1049,1.4764,-0.0176,-0.0061,0.0372,-0.0670,-0.0419,-0.0478,0.3821,0.1768,0.3877,1.0701,0.0000,0.0000,0.0000,0.0000,0.0000,0.0000,False,-0.0058,0.0415,-0.0599,-0.0669,-0.0030,-0.0233,1.6543,grasp,0.0000,0.0000,0.0000,0.0000,0.0000,0.0000,False,,0.0500,0.0000,True,0.8020,-0.2600,0.0100,0.8432
2209,0.0,1.1518,-0.0205,False,False,False,-0.4292,4.7591,-0.2038,-1.3044,-0.1057,1.4755,-0.0334,-0.0116,0.0707,-0.1272,-0.0796,-0.0908,0.4021,0.1768,0.3877,1.0701,0.0000,0.0000,0.0000,0.0000,0.0000,0.0000,False,-0.0240,0.0242,-0.0714,-0.0324,-0.0243,-0.0726,-1.2869,grasp,0.0000,0.0000,0.0000,0.0000,0.0000,0.0000,False,,0.0500,0.0000,False,0.8020,-0.2600,0.0100,0.8432
2210,0.0,1.1523,-0.0118,False,False,False,-0.4291,4.7596,-0.2037,-1.3043,-0.1064,1.4760,0.0150,0.0580,0.0140,0.0068,-0.0694,0.0537,0.4057,0.1788,0.3882,1.0701,0.0000,0.0000,0.0000,0.0000,0.0000,0.0000,False,0.0150,0.0580,0.0140,0.0068,-0.0694,0.0537,0.6100,grasp,0.0000,0.0000,0.0000,0.0000,0.0000,0.0000,False,,0.0500,0.0000,False,0.8020,-0.2600,0.0100,0.8432
2211,0.0,1.1523,-0.0074,False,False,False,-0.4287,4.7608,-0.2033,-1.3041,-0.1070,1.4776,0.0033,-0.0082,0.0164,0.0147,0.0706,0.0547,0.3729,0.1788,0.3882,1.0701,0.0000,0.0000,0.0000,0.0000,0.0000,0.0000,False,0.0035,-0.0055,0.0167,0.0149,0.0693,0.0557,-2.4328,grasp,0.0000,0.0000,0.0000,0.0000,0.0000,0.0000,False,,0.0500,0.0000,False,0.8020,-0.2600,0.0100,0.8432
2212,0.0,1.1523,-0.0097,False,False,False,-0.4287,4.7608,-0.2033,-1.3041,-0.1070,1.4776,0.0033,-0.0082,0.0164,0.0147,0.0706,0.0547,0.3729,0.1788,0.3882,1.0701,0.0000,0.0000,0.0000,0.0000,0.0000,0.0000,False,-0.0741,-0.0404,0.0083,-0.0702,0.0636,-0.0245,-3.0476,grasp,0.0000,0.0000,0.0000,0.0000,0.0000,0.0000,False,,0.0500,0.0000,False,0.8020,-0.2600,0.0100,0.8432
2213,0.0,1.1514,-0.0146,False,False,False,-0.4294,4.7602,-0.2029,-1.3045,-0.1050,1.4784,-0.0741,-0.0402,0.0080,-0.0704,0.0623,-0.0255,0.3129,0.1785,0.3857,1.0701,0.0000,0.0000,0.0000,0.0000,0.0000,0.0000,False,-0.0118,0.0289,0.0115,0.0591,0.0287,0.0093,-0.3570,grasp,0.0000,0.0000,0.0000,0.0000,0.0000,0.0000,False,,0.0500,0.0000,False,0.8020,-0.2600,0.0100,0.8432
2214,0.0,1.1514,-0.0275,False,False,False,-0.4308,4.7595,-0.2027,-1.3058,-0.1038,1.4779,-0.1408,-0.0764,0.0152,-0.1338,0.1183,-0.0484,0.2929,0.1785,0.3857,1.0701,0.0000,0.0000,0.0000,0.0000,0.0000,0.0000,False,-0.0428,-0.0022,-0.0378,0.0043,-0.0636,0.0281,2.4395,grasp,0.0000,0.0000,0.0000,0.0000,0.0000,0.0000,False,,0.0500,0.0000,True,0.8020,-0.2600,0.0100,0.8432
2215,0.0,1.1514,-0.0291,False,False,False,-0.4308,4.7595,-0.2027,-1.3058,-0.1038,1.4779,-0.1408,-0.0764,0.0152,-0.1338,0.1183,-0.0484,0.2929,0.1785,0.3857,1.0701,0.0000,0.0000,0.0000,0.0000,0.0000,0.0000,False,0.0636,0.0408,-0.0586,-0.0319,-0.0158,0.0352,3.0192,grasp,0.0000,0.0000,0.0000,0.0000,0.0000,0.0000,False,,0.0500,0.0000,True,0.8020,-0.2600,0.0100,0.8432
2216,0.0,1.1527,-0.0098,False,False,False,-0.4221,4.7654,-0.2105,-1.3100,-0.1063,1.4824,0.0418,0.0579,-0.0043,0.0036,-0.0408,-0.0103,0.4583,0.1774,0.3898,1.0702,0.0000,0.0000,0.0000,0.0000,0.0000,0.0000,False,0.0444,0.0596,-0.0067,0.0023,-0.0414,-0.0089,1.8526,grasp,0.0000,0.0000,0.0000,0.0000,0.0000,0.0000,False,,0.0500,0.0000,True,0.8020,-0.2600,0.0100,0.8432
2217,0.0,1.1527,-0.0144,False,False,False,-0.4213,4.7665,-0.2106,-1.3099,-0.1071,1.4822,0.0794,0.1102,-0.0082,0.0068,-0.0774,-0.0197,0.4783,0.1774,0.3898,1.0702,0.0000,0.0000,0.0000,0.0000,0.0000,0.0000,False,0.0742,-0.0473,0.0635,0.0745,-0.0742,-0.0622,-0.7182,grasp,0.0000,0.0000,0.0000,0.0000,0.0000,0.0000,False,,0.0500,0.0000,False,0.8020,-0.2600,0.0100,0.8432
2218,0.0,1.1527,-0.0157,False,False,False,-0.4213,4.7665,-0.2106,-1.3099,-0.1071,1.4822,0.0794,0.1102,-0.0082,0.0068,-0.0774,-0.0197,0.4783,0.1774,0.3898,1.0702,0.0000,0.0000,0.0000,0.0000,0.0000,0.0000,False,-0.0456,0.0359,-0.0727,-0.0450,-0.0236,-0.0534,-0.3187,grasp,0.0000,0.0000,0.0000,0.0000,0.0000,0.0000,False,,0.0500,0.0000,False,0.8020,-0.2600,0.0100,0.8432
2219,0.0,1.1525,-0.0299,False,False,False,-0.4185,4.7624,-0.2115,-1.3121,-0.1063,1.4806,0.1321,-0.2128,-0.0438,-0.1028,0.0400,-0.0787,0.3847,0.1775,0.3893,1.0702,0.0000,0.0000,0.0000,0.0000,0.0000,0.0000,False,0.0487,-0.0779,-0.0162,-0.0379,0.0148,-0.0291,-2.4097,grasp,0.0000,0.0000,0.0000,0.0000,0.0000,0.0000,False,,0.0500,0.0000,False,0.8020,-0.2600,0.0100,0.8432
2220,0.0,1.1525,-0.0386,False,False,False,-0.4168,4.7597,-0.2120,-1.3134,-0.1058,1.4796,0.1676,-0.2701,-0.0556,-0.1305,0.0507,-0.0999,0.3647,0.1775,0.3893,1.0702,0.0000,0.0000,0.0000,0.0000,0.0000,0.0000,False,0.0410,0.0380,-0.0504,0.0392,-0.0663,-0.0240,2.7033,grasp,0.0000,0.0000,0.0000,0.0000,0.0000,0.0000,False,,0.0500,0.0000,True,0.8020,-0.2600,0.0100,0.8432
2221,0.0,1.1521,-0.0192,False,False,False,-0.4142,4.7539,-0.2131,-1.3156,-0.1057,1.4791,0.0701,-0.0516,-0.0450,-0.0730,-0.0564,0.0677,0.3804,0.1631,0.3938,1.0703,0.0000,0.0000,0.0000,0.0000,0.0000,0.0000,False,0.0721,-0.0755,-0.0457,-0.0745,-0.0558,0.0665,1.0403,grasp,0.0000,0.0000,0.0000,0.0000,0.0000,0.0000,False,,0.0500,0.0000,True,0.8020,-0.2600,0.0100,0.8432
2222,0.0,1.1521,-0.0174,False,False,False,-0.4142,4.7539,-0.2131,-1.3156,-0.1057,1.4791,0.0701,-0.0516,-0.0450,-0.0730,-0.0564,0.0677,0.3804,0.1631,0.3938,1.0703,0.0000,0.0000,0.0000,0.0000,0.0000,0.0000,False,-0.0301,-0.0495,-0.0618,-0.0657,0.0577,0.0245,-2.1099,grasp,0.0000,0.0000,0.0000,0.0000,0.0000,0.0000,False,,0.0500,0.0000,False,0.8020,-0.2600,0.0100,0.8432
2223,0.0,1.1521,-0.0350,False,False,False,-0.4128,4.7528,-0.2140,-1.3170,-0.1068,1.4804,0.1332,-0.1188,-0.0855,-0.1387,-0.1072,0.1286,0.3956,0.1631,0.3938,1.0703,0.0000,0.0000,0.0000,0.0000,0.0000,0.0000,False,0.0052,-0.0615,0.0406,-0.0610,0.0551,0.0332,2.7591,grasp,0.0000,0.0000,0.0000,0.0000,0.0000,0.0000,False,,0.0500,0.0000,True,0.8020,-0.2600,0.0100,0.8432
2224,0.0,1.1527,-0.0464,False,False,False,-0.4123,4.7469,-0.2103,-1.3225,-0.1018,1.4834,0.0180,-0.2102,0.1398,-0.2097,0.1893,0.1140,0.4741,0.1605,0.3966,1.0703,0.0000,0.0000,0.0000,0.0000,0.0000,0.0000,False,-0.0686,0.0413,-0.0644,-0.0523,-0.0676,-0.0715,-1.4758,grasp,0.0000,0.0000,0.0000,0.0000,0.0000,0.0000,False,,0.0500,0.0000,False,0.8020,-0.2600,0.0100,0.8432
2225,0.0,1.1541,-0.0208,False,False,False,-0.4128,4.7444,-0.2093,-1.3255,-0.1003,1.4840,-0.0688,0.0489,-0.0660,-0.0498,-0.0699,-0.0729,0.5337,0.1546,0.4019,1.0708,0.0000,0.0000,0.0000,0.0000,0.0000,0.0000,False,-0.0321,0.0294,0.0577,-0.0251,0.0136,0.0632,-1.0833,grasp,0.0000,0.0000,0.0000,0.0000,0.0000,0.0000,False,,0.0500,0.0000,False,0.8020,-0.2600,0.0100,0.8432
2226,0.0,1.1541,-0.0350,False,False,False,-0.4141,4.7453,-0.2106,-1.3265,-0.1016,1.4826,-0.1307,0.0879,-0.1254,-0.0947,-0.1327,-0.1384,0.5537,0.1546,0.4019,1.0708,0.0000,0.0000,0.0000,0.0000,0.0000,0.0000,False,0.0650,-0.0594,-0.0401,0.0624,0.0790,-0.0014,-3.0485,grasp,0.0000,0.0000,0.0000,0.0000,0.0000,0.0000,False,,0.0500,0.0000,False,0.8020,-0.2600,0.0100,0.8432
2227,0.0,1.1541,-0.0024,False,False,False,-0.4141,4.7453,-0.2106,-1.3265,-0.1016,1.4826,-0.0000,-0.0000,-0.0000,0.0000,-0.0000,0.0000,0.5169,0.1546,0.4019,1.0708,0.0000,0.0000,0.0000,0.0000,0.0000,0.0000,False,0.0644,-0.0414,0.0277,-0.0528,0.0665,0.0260,-0.7170,grasp,0.0000,0.0000,0.0000,0.0000,0.0000,0.0000,False,,0.0500,0.0000,False,0.8020,-0.2600,0.0100,0.8432
2228,0.0,1.1540,-0.0110,False,False,False,-0.4124,4.7444,-0.2090,-1.3273,-0.0998,1.4827,-0.0187,0.0437,0.0739,0.0679,-0.0177,-0.0720,0.4760,0.1553,0.4012,1.0708,0.0000,0.0000,0.0000,0.0000,0.0000,0.0000,False,-0.0175,0.0423,0.0745,0.0669,-0.0164,-0.0715,0.5282,grasp,0.0000,0.0000,0.0000,0.0000,0.0000,0.0000,False,,0.0500,0.0000,False,0.8020,-0.2600,0.0100,0.8432
2229,0.0,1.1537,-0.0114,False,False,False,-0.4121,4.7457,-0.2079,-1.3257,-0.0996,1.4817,0.0690,0.0271,-0.0254,0.0321,0.0528,0.0428,0.4352,0.1561,0.3998,1.0709,0.0000,0.0000,0.0000,0.0000,0.0000,0.0000,False,0.0686,0.0306,-0.0240,0.0334,0.0525,0.0415,-2.2282,grasp,0.0000,0.0000,0.0000,0.0000,0.0000,0.0000,False,,0.0500,0.0000,False,0.8020,-0.2600,0.0100,0.8432
