Global_Step,Curriculum_Lvl,Dist_to_Target,Reward,Terminated,Table_Collision,Self_Collision,J1_Pos,J2_Pos,J3_Pos,J4_Pos,J5_Pos,J6_Pos,J1_Vel,J2_Vel,J3_Vel,J4_Vel,J5_Vel,J6_Vel,Gripper_Pos,EE_X,EE_Y,EE_Z,Target_X,Target_Y,Target_Z,Handoff_X,Handoff_Y,Handoff_Z,Handoff_OK,Act_J1,Act_J2,Act_J3,Act_J4,Act_J5,Act_J6,Act_Gripper,Phase,Goal_X,Goal_Y,Goal_Z,Transport_X,Transport_Y,Transport_Z,Transport_OK,Placement_Error_M,Standoff_M,Spawn_Radius_M,Contact_Detected,GT_X,GT_Y,GT_Z,Perception_Error_M
1,0.0,0.1773,-5.0080,True,False,False,0.5557,4.7320,0.6702,-1.5601,-0.6916,0.8844,-0.0000,0.1315,0.0000,0.0000,-0.0000,0.0000,0.0200,0.2170,0.5173,0.8765,0.2993,0.3920,0.9711,0.0000,0.0000,0.0000,False,-0.0568,-0.0149,-0.0387,-0.0438,0.0222,-0.0797,-0.3942,grasp,0.2993,0.3920,0.9711,0.0000,0.0000,0.0000,False,,0.0500,0.0000,False,0.8020,-0.2600,0.0099,1.2656
2,0.0,0.5475,-4.9727,True,False,False,1.3514,4.7096,1.3786,-1.7880,-1.1617,0.3981,0.1132,-0.0000,0.0000,0.0000,0.0000,-0.0000,0.0200,-0.1074,0.6170,0.4740,-0.0295,0.6792,-0.0643,0.0000,0.0000,0.0000,False,0.0049,0.0055,0.0217,0.0564,-0.0737,-0.0502,3.1393,grasp,-0.0295,0.6792,-0.0643,0.0000,0.0000,0.0000,False,,0.0500,0.0000,True,0.8020,-0.2600,0.0100,1.2566
3,0.0,0.5781,-4.9962,True,False,False,1.6709,4.7035,1.6675,-1.8594,-1.3700,0.2011,-0.0652,-0.0251,-0.0278,0.0538,0.0429,0.0561,0.0344,-0.2418,0.5173,0.3062,-0.6951,0.5921,-0.0447,0.0000,0.0000,0.0000,False,-0.0434,-0.0253,-0.0117,0.0517,0.0391,0.0523,-1.7188,grasp,-0.6951,0.5921,-0.0447,0.0000,0.0000,0.0000,False,,0.0500,0.0000,False,0.8020,-0.2600,0.0099,1.7234
4,0.0,0.2951,-5.0095,True,False,False,1.8488,4.6950,1.8276,-1.9084,-1.4650,0.1088,0.0280,-0.0408,0.0716,0.0302,-0.0434,0.0489,0.0397,-0.2937,0.4362,0.2282,-0.1214,0.4764,-0.0080,0.0000,0.0000,0.0000,False,0.0353,-0.0408,0.0773,0.0289,-0.0455,0.0467,1.1158,grasp,-0.1214,0.4764,-0.0080,0.0000,0.0000,0.0000,False,,0.0500,0.0000,True,0.8020,-0.2600,0.0100,1.1812
5,0.0,0.2688,-5.0034,True,False,False,1.9165,4.6914,1.8892,-1.9280,-1.5046,0.0756,0.0000,0.0000,0.0000,0.0000,-0.0000,0.0000,0.0204,-0.3049,0.4048,0.2052,-0.1411,0.4500,-0.0032,0.0000,0.0000,0.0000,False,0.0121,-0.0697,-0.0477,0.0423,-0.0504,-0.0682,0.7594,grasp,-0.1411,0.4500,-0.0032,0.0000,0.0000,0.0000,False,,0.0500,0.0000,True,0.8020,-0.2600,0.0099,1.1806
6,0.0,0.2582,-5.0120,True,False,False,1.9600,4.6879,1.9211,-1.9405,-1.5303,0.0464,0.0781,-0.0360,0.0139,0.0303,-0.0053,0.0619,0.0407,-0.3125,0.3842,0.1911,-0.1514,0.4406,-0.0026,0.0000,0.0000,0.0000,False,0.0793,-0.0359,0.0149,0.0298,-0.0059,0.0612,-1.4192,grasp,-0.1514,0.4406,-0.0026,0.0000,0.0000,0.0000,False,,0.0500,0.0000,False,0.8020,-0.2600,0.0099,1.1832
7,0.0,0.2501,-5.0011,True,False,False,1.9866,4.6861,1.9393,-1.9456,-1.5406,0.0409,0.0000,0.0000,0.0000,0.0000,-0.0000,0.0000,0.0212,-0.3180,0.3706,0.1834,-0.1604,0.4302,-0.0015,0.0000,0.0000,0.0000,False,0.0776,-0.0720,0.0439,-0.0549,-0.0123,0.0343,0.4415,grasp,-0.1604,0.4302,-0.0015,0.0000,0.0000,0.0000,False,,0.0500,0.0000,True,0.8020,-0.2600,0.0099,1.1844
8,0.0,0.2434,-5.0139,True,False,False,2.0097,4.6839,1.9596,-1.9585,-1.5524,0.0295,0.0260,-0.0632,0.0031,-0.0292,-0.0698,0.0468,0.0411,-0.3217,0.3597,0.1754,-0.1675,0.4245,-0.0015,0.0000,0.0000,0.0000,False,0.0264,-0.0631,0.0036,-0.0294,-0.0701,0.0464,0.7670,grasp,-0.1675,0.4245,-0.0015,0.0000,0.0000,0.0000,False,,0.0500,0.0000,True,0.8020,-0.2600,0.0099,1.1869
9,0.0,0.2420,-5.0020,True,False,False,2.0221,4.6824,1.9705,-1.9658,-1.5643,0.0232,0.0000,0.0000,0.0000,0.0000,-0.0000,0.0000,0.0212,-0.3220,0.3548,0.1719,-0.1676,0.4231,-0.0016,0.0000,0.0000,0.0000,False,0.0598,0.0649,-0.0139,0.0268,0.0623,-0.0635,1.9395,grasp,-0.1676,0.4231,-0.0016,0.0000,0.0000,0.0000,False,,0.0500,0.0000,True,0.8020,-0.2600,0.0099,1.1861
10,0.0,0.2273,-0.0046,False,False,False,2.0394,4.6995,1.9719,-1.9614,-1.5519,0.0039,0.0007,-0.0067,0.0236,-0.0144,-0.0237,-0.0048,0.0007,-0.3305,0.3460,0.1629,-0.1874,0.4143,0.0001,0.0000,0.0000,0.0000,False,-0.0765,-0.0192,-0.0428,0.0055,0.0574,0.0133,2.1258,grasp,-0.1874,0.4143,0.0001,0.0000,0.0000,0.0000,False,,0.0500,0.0000,True,0.8020,-0.2600,0.0338,1.1978
11,0.0,0.2251,-0.0103,False,False,False,2.0386,4.6995,1.9717,-1.9612,-1.5520,0.0032,-0.0754,0.0043,-0.0461,0.0342,0.0137,-0.0600,0.0406,-0.3302,0.3462,0.1604,-0.1874,0.4143,0.0001,0.0000,0.0000,0.0000,False,-0.0754,0.0043,-0.0459,0.0341,0.0134,-0.0600,-0.6879,grasp,-0.1874,0.4143,0.0001,0.0000,0.0000,0.0000,False,,0.0500,0.0000,False,0.8020,-0.2600,0.0338,1.1978
12,0.0,0.2251,-0.0225,False,False,False,2.0372,4.6995,1.9708,-1.9605,-1.5517,0.0021,-0.1432,0.0082,-0.0876,0.0650,0.0259,-0.1139,0.0606,-0.3302,0.3462,0.1604,-0.1874,0.4143,0.0001,0.0000,0.0000,0.0000,False,-0.0378,-0.0456,0.0620,-0.0585,0.0796,-0.0489,0.6127,grasp,-0.1874,0.4143,0.0001,0.0000,0.0000,0.0000,False,,0.0500,0.0000,True,0.8020,-0.2600,0.0338,1.1978
13,0.0,0.2251,-0.0020,False,False,False,2.0372,4.6995,1.9708,-1.9605,-1.5517,0.0021,0.0000,0.0000,0.0000,0.0000,-0.0000,0.0000,0.1002,-0.3302,0.3462,0.1604,-0.1874,0.4143,0.0001,0.0000,0.0000,0.0000,False,-0.0241,0.0660,-0.0085,-0.0045,-0.0304,-0.0576,-2.0035,grasp,-0.1874,0.4143,0.0001,0.0000,0.0000,0.0000,False,,0.0500,0.0000,False,0.8020,-0.2600,0.0338,1.1978
14,0.0,0.2257,-0.0032,False,False,False,2.0372,4.6995,1.9708,-1.9605,-1.5517,0.0021,0.0000,0.0000,0.0000,0.0000,-0.0000,0.0000,0.1002,-0.3302,0.3462,0.1604,-0.1865,0.4146,0.0003,0.0000,0.0000,0.0000,False,-0.0456,-0.0209,0.0140,-0.0219,-0.0681,0.0042,1.4754,grasp,-0.1865,0.4146,0.0003,0.0000,0.0000,0.0000,False,,0.0500,0.0000,True,0.8020,-0.2600,0.0338,1.1978
15,0.0,0.2218,-0.0047,False,False,False,2.0372,4.7007,1.9712,-1.9606,-1.5515,0.0018,0.0218,0.0490,0.0400,0.0010,0.0487,0.0291,0.1456,-0.3298,0.3470,0.1555,-0.1865,0.4146,0.0003,0.0000,0.0000,0.0000,False,0.0216,0.0496,0.0400,0.0010,0.0484,0.0286,-0.0600,grasp,-0.1865,0.4146,0.0003,0.0000,0.0000,0.0000,False,,0.0500,0.0000,False,0.8020,-0.2600,0.0338,1.1978
16,0.0,0.2218,-0.0183,False,False,False,2.0376,4.7016,1.9719,-1.9605,-1.5506,0.0024,0.0415,0.0930,0.0761,0.0019,0.0925,0.0554,0.1653,-0.3298,0.3470,0.1555,-0.1865,0.4146,0.0003,0.0000,0.0000,0.0000,False,0.0672,-0.0606,0.0444,0.0466,-0.0791,0.0523,-1.1298,grasp,-0.1865,0.4146,0.0003,0.0000,0.0000,0.0000,False,,0.0500,0.0000,False,0.8020,-0.2600,0.0338,1.1978
17,0.0,0.2182,-0.0052,False,False,False,2.0381,4.7021,1.9723,-1.9610,-1.5506,0.0026,0.0508,0.0466,0.0351,-0.0402,0.0005,0.0187,0.2182,-0.3303,0.3459,0.1493,-0.1865,0.4146,0.0003,0.0000,0.0000,0.0000,False,0.0508,0.0467,0.0351,-0.0402,0.0005,0.0187,-0.5600,grasp,-0.1865,0.4146,0.0003,0.0000,0.0000,0.0000,False,,0.0500,0.0000,False,0.8020,-0.2600,0.0338,1.1978
18,0.0,0.2182,-0.0182,False,False,False,2.0391,4.7030,1.9729,-1.9617,-1.5506,0.0029,0.0965,0.0886,0.0667,-0.0764,0.0009,0.0356,0.2293,-0.3303,0.3459,0.1493,-0.1865,0.4146,0.0003,0.0000,0.0000,0.0000,False,-0.0167,0.0736,0.0332,0.0185,0.0631,-0.0185,1.2236,grasp,-0.1865,0.4146,0.0003,0.0000,0.0000,0.0000,False,,0.0500,0.0000,True,0.8020,-0.2600,0.0338,1.1978
19,0.0,0.2182,-0.0204,False,False,False,2.0391,4.7030,1.9729,-1.9617,-1.5506,0.0029,0.0965,0.0886,0.0667,-0.0764,0.0009,0.0356,0.2293,-0.3303,0.3459,0.1493,-0.1865,0.4146,0.0003,0.0000,0.0000,0.0000,False,-0.0693,0.0074,-0.0406,0.0608,-0.0405,-0.0309,-0.0137,grasp,-0.1865,0.4146,0.0003,0.0000,0.0000,0.0000,False,,0.0500,0.0000,False,0.8020,-0.2600,0.0338,1.1978
20,0.0,0.2182,-0.0034,False,False,False,2.0391,4.7030,1.9729,-1.9617,-1.5506,0.0029,0.0000,0.0000,0.0000,0.0000,-0.0000,0.0000,0.2693,-0.3303,0.3459,0.1493,-0.1865,0.4146,0.0003,0.0000,0.0000,0.0000,False,-0.0764,0.0674,-0.0192,-0.0276,-0.0238,-0.0477,-0.7986,grasp,-0.1865,0.4146,0.0003,0.0000,0.0000,0.0000,False,,0.0500,0.0000,False,0.8020,-0.2600,0.0338,1.1978
21,0.0,0.2214,-5.0059,True,False,False,2.0391,4.7030,1.9729,-1.9617,-1.5506,0.0029,0.0000,0.0000,0.0000,0.0000,-0.0000,0.0000,0.2693,-0.3303,0.3459,0.1493,-0.1838,0.4150,-0.0017,0.0000,0.0000,0.0000,False,-0.0740,-0.0667,0.0393,0.0364,0.0101,-0.0065,-1.0453,grasp,-0.1838,0.4150,-0.0017,0.0000,0.0000,0.0000,False,,0.0500,0.0000,False,0.8020,-0.2600,0.0338,1.1978
22,0.0,0.2245,-0.0090,False,False,False,2.0264,4.6900,1.9838,-1.9590,-1.5542,0.0003,0.0122,0.0276,-0.0470,-0.0365,0.0227,-0.0491,0.0432,-0.3228,0.3454,0.1587,-0.1781,0.4112,0.0002,0.0000,0.0000,0.0000,False,0.0124,0.0277,-0.0469,-0.0367,0.0225,-0.0491,0.7894,grasp,-0.1781,0.4112,0.0002,0.0000,0.0000,0.0000,False,,0.0500,0.0000,True,0.8020,-0.2600,0.0099,1.1880
23,0.0,0.2245,-0.0190,False,False,False,2.0266,4.6906,1.9829,-1.9597,-1.5537,-0.0007,0.0231,0.0525,-0.0892,-0.0693,0.0432,-0.0932,0.0632,-0.3228,0.3454,0.1587,-0.1781,0.4112,0.0002,0.0000,0.0000,0.0000,False,-0.0082,0.0734,0.0036,0.0159,-0.0135,-0.0464,-2.5174,grasp,-0.1781,0.4112,0.0002,0.0000,0.0000,0.0000,False,,0.0500,0.0000,False,0.8020,-0.2600,0.0099,1.1880
24,0.0,0.2245,-0.0027,False,False,False,2.0266,4.6906,1.9829,-1.9597,-1.5537,-0.0007,-0.0000,0.0000,0.0000,0.0000,-0.0000,0.0000,0.0654,-0.3228,0.3454,0.1587,-0.1781,0.4112,0.0002,0.0000,0.0000,0.0000,False,0.0673,0.0667,-0.0746,-0.0753,-0.0527,0.0483,-2.6753,grasp,-0.1781,0.4112,0.0002,0.0000,0.0000,0.0000,False,,0.0500,0.0000,False,0.8020,-0.2600,0.0099,1.1880
25,0.0,0.2244,-0.0015,False,False,False,2.0266,4.6906,1.9829,-1.9597,-1.5537,-0.0007,-0.0000,0.0000,0.0000,0.0000,-0.0000,0.0000,0.0654,-0.3228,0.3454,0.1587,-0.1785,0.4118,0.0003,0.0000,0.0000,0.0000,False,-0.0323,0.0222,-0.0046,-0.0512,0.0314,0.0074,2.6129,grasp,-0.1785,0.4118,0.0003,0.0000,0.0000,0.0000,False,,0.0500,0.0000,True,0.8020,-0.2600,0.0099,1.1880
26,0.0,0.2232,-0.0093,False,False,False,2.0276,4.6911,1.9816,-1.9608,-1.5546,0.0003,0.0328,-0.0094,-0.0488,-0.0396,-0.0348,0.0499,0.1048,-0.3237,0.3460,0.1566,-0.1785,0.4118,0.0003,0.0000,0.0000,0.0000,False,0.0334,-0.0087,-0.0495,-0.0404,-0.0353,0.0503,-1.0024,grasp,-0.1785,0.4118,0.0003,0.0000,0.0000,0.0000,False,,0.0500,0.0000,False,0.8020,-0.2600,0.0099,1.1880
27,0.0,0.2232,-0.0120,False,False,False,2.0276,4.6911,1.9816,-1.9608,-1.5546,0.0003,0.0328,-0.0094,-0.0488,-0.0396,-0.0348,0.0499,0.1048,-0.3237,0.3460,0.1566,-0.1785,0.4118,0.0003,0.0000,0.0000,0.0000,False,0.0433,0.0773,0.0391,0.0661,0.0727,0.0758,-0.7255,grasp,-0.1785,0.4118,0.0003,0.0000,0.0000,0.0000,False,,0.0500,0.0000,False,0.8020,-0.2600,0.0099,1.1880
28,0.0,0.2232,-0.0143,False,False,False,2.0275,4.6910,1.9812,-1.9621,-1.5550,0.0006,-0.0754,0.0074,0.0455,-0.0534,0.0270,-0.0626,0.1205,-0.3237,0.3460,0.1566,-0.1785,0.4118,0.0003,0.0000,0.0000,0.0000,False,-0.0747,0.0072,0.0446,-0.0541,0.0263,-0.0617,-2.3999,grasp,-0.1785,0.4118,0.0003,0.0000,0.0000,0.0000,False,,0.0500,0.0000,False,0.8020,-0.2600,0.0099,1.1880
29,0.0,0.2217,0.0003,False,False,False,2.0261,4.6912,1.9820,-1.9631,-1.5545,-0.0005,-0.0000,0.0000,0.0000,0.0000,-0.0000,0.0000,0.1095,-0.3235,0.3472,0.1551,-0.1785,0.4118,0.0003,0.0000,0.0000,0.0000,False,-0.0662,-0.0104,-0.0049,-0.0777,-0.0559,-0.0197,-2.8716,grasp,-0.1785,0.4118,0.0003,0.0000,0.0000,0.0000,False,,0.0500,0.0000,False,0.8020,-0.2600,0.0099,1.1880
30,0.0,0.2217,-0.0022,False,False,False,2.0254,4.6911,1.9820,-1.9639,-1.5550,-0.0007,-0.0648,-0.0105,-0.0058,-0.0767,-0.0564,-0.0185,0.1020,-0.3235,0.3472,0.1551,-0.1785,0.4118,0.0003,0.0000,0.0000,0.0000,False,-0.0116,-0.0333,0.0659,0.0382,0.0149,-0.0344,2.6370,grasp,-0.1785,0.4118,0.0003,0.0000,0.0000,0.0000,False,,0.0500,0.0000,True,0.8020,-0.2600,0.0099,1.1880
31,0.0,0.2217,-0.0025,False,False,False,2.0254,4.6911,1.9820,-1.9639,-1.5550,-0.0007,0.0000,0.0000,0.0000,0.0000,-0.0000,0.0000,0.1220,-0.3235,0.3472,0.1551,-0.1785,0.4118,0.0003,0.0000,0.0000,0.0000,False,-0.0204,-0.0221,-0.0233,-0.0686,-0.0458,-0.0239,2.9225,grasp,-0.1785,0.4118,0.0003,0.0000,0.0000,0.0000,False,,0.0500,0.0000,True,0.8020,-0.2600,0.0099,1.1880
32,0.0,0.2207,-0.0001,False,False,False,2.0254,4.6911,1.9820,-1.9639,-1.5550,-0.0007,0.0000,0.0000,0.0000,0.0000,-0.0000,0.0000,0.1620,-0.3233,0.3477,0.1529,-0.1781,0.4151,0.0008,0.0000,0.0000,0.0000,False,0.0129,0.0101,0.0297,-0.0711,-0.0233,0.0548,-2.9431,grasp,-0.1781,0.4151,0.0008,0.0000,0.0000,0.0000,False,,0.0500,0.0000,False,0.8020,-0.2600,0.0099,1.1880
33,0.0,0.2207,-0.0098,False,False,False,2.0256,4.6912,1.9823,-1.9646,-1.5553,-0.0002,0.0129,0.0101,0.0297,-0.0711,-0.0233,0.0548,0.1820,-0.3233,0.3477,0.1529,-0.1781,0.4151,0.0008,0.0000,0.0000,0.0000,False,-0.0470,-0.0474,0.0138,0.0591,0.0618,-0.0516,-0.9496,grasp,-0.1781,0.4151,0.0008,0.0000,0.0000,0.0000,False,,0.0500,0.0000,False,0.8020,-0.2600,0.0099,1.1880
34,0.0,0.2207,-0.0121,False,False,False,2.0257,4.6916,1.9817,-1.9641,-1.5554,0.0005,0.0152,0.0414,-0.0546,0.0557,-0.0148,0.0707,0.2420,-0.3233,0.3477,0.1529,-0.1781,0.4151,0.0008,0.0000,0.0000,0.0000,False,0.0152,0.0414,-0.0546,0.0557,-0.0148,0.0707,-0.1311,grasp,-0.1781,0.4151,0.0008,0.0000,0.0000,0.0000,False,,0.0500,0.0000,False,0.8020,-0.2600,0.0099,1.1880
35,0.0,0.2176,0.0017,False,False,False,2.0260,4.6924,1.9807,-1.9630,-1.5557,0.0019,-0.0000,0.0000,0.0000,0.0000,-0.0000,0.0000,0.2629,-0.3235,0.3478,0.1481,-0.1781,0.4151,0.0008,0.0000,0.0000,0.0000,False,-0.0634,0.0414,0.0079,-0.0705,-0.0480,-0.0756,-1.1770,grasp,-0.1781,0.4151,0.0008,0.0000,0.0000,0.0000,False,,0.0500,0.0000,False,0.8020,-0.2600,0.0099,1.1880
36,0.0,0.2176,-0.0026,False,False,False,2.0260,4.6924,1.9807,-1.9630,-1.5557,0.0019,-0.0000,0.0000,0.0000,0.0000,-0.0000,0.0000,0.2629,-0.3235,0.3478,0.1481,-0.1781,0.4151,0.0008,0.0000,0.0000,0.0000,False,-0.0709,0.0117,0.0254,0.0449,-0.0373,0.0504,-0.4263,grasp,-0.1781,0.4151,0.0008,0.0000,0.0000,0.0000,False,,0.0500,0.0000,False,0.8020,-0.2600,0.0099,1.1880
37,0.0,0.2176,-0.0035,False,False,False,2.0254,4.6928,1.9808,-1.9637,-1.5562,0.0011,0.0000,0.0000,0.0000,0.0000,-0.0000,0.0000,0.2816,-0.3235,0.3478,0.1481,-0.1781,0.4151,0.0008,0.0000,0.0000,0.0000,False,0.0609,0.0367,-0.0677,0.0606,-0.0449,0.0155,2.2205,grasp,-0.1781,0.4151,0.0008,0.0000,0.0000,0.0000,False,,0.0500,0.0000,True,0.8020,-0.2600,0.0099,1.1880
38,0.0,0.2205,-0.0055,False,False,False,2.0254,4.6928,1.9808,-1.9637,-1.5562,0.0011,0.0000,0.0000,0.0000,0.0000,-0.0000,0.0000,0.2816,-0.3235,0.3478,0.1481,-0.1748,0.4167,0.0005,0.0000,0.0000,0.0000,False,0.0158,0.0284,0.0446,-0.0695,-0.0776,0.0783,2.5994,grasp,-0.1748,0.4167,0.0005,0.0000,0.0000,0.0000,False,,0.0500,0.0000,True,0.8020,-0.2600,0.0099,1.1880
39,0.0,0.2194,-0.0101,False,False,False,2.0263,4.6938,1.9804,-1.9624,-1.5569,0.0011,0.0352,0.0706,0.0279,0.0737,-0.0275,-0.0128,0.2803,-0.3234,0.3482,0.1467,-0.1748,0.4167,0.0005,0.0000,0.0000,0.0000,False,0.0358,0.0710,0.0272,0.0743,-0.0279,-0.0127,-1.7760,grasp,-0.1748,0.4167,0.0005,0.0000,0.0000,0.0000,False,,0.0500,0.0000,False,0.8020,-0.2600,0.0099,1.1880
40,0.0,0.2194,-0.0129,False,False,False,2.0271,4.6948,1.9803,-1.9611,-1.5575,0.0002,0.0092,-0.0512,-0.0608,-0.0136,-0.0077,-0.0643,0.2757,-0.3234,0.3482,0.1467,-0.1748,0.4167,0.0005,0.0000,0.0000,0.0000,False,0.0099,-0.0491,-0.0603,-0.0122,-0.0082,-0.0645,-0.7747,grasp,-0.1748,0.4167,0.0005,0.0000,0.0000,0.0000,False,,0.0500,0.0000,False,0.8020,-0.2600,0.0099,1.1880
41,0.0,0.2200,-0.0020,False,False,False,2.0273,4.6937,1.9791,-1.9614,-1.5576,-0.0010,-0.0000,0.0000,0.0000,0.0000,-0.0000,0.0000,0.2676,-0.3236,0.3478,0.1473,-0.1748,0.4167,0.0005,0.0000,0.0000,0.0000,False,-0.0448,-0.0311,0.0286,0.0263,0.0600,-0.0359,-1.7893,grasp,-0.1748,0.4167,0.0005,0.0000,0.0000,0.0000,False,,0.0500,0.0000,False,0.8020,-0.2600,0.0099,1.1880
42,0.0,0.2200,-0.0027,False,False,False,2.0273,4.6937,1.9791,-1.9614,-1.5576,-0.0010,-0.0000,0.0000,0.0000,0.0000,-0.0000,0.0000,0.2676,-0.3236,0.3478,0.1473,-0.1748,0.4167,0.0005,0.0000,0.0000,0.0000,False,-0.0238,0.0578,-0.0301,0.0306,-0.0675,-0.0587,0.2393,grasp,-0.1748,0.4167,0.0005,0.0000,0.0000,0.0000,False,,0.0500,0.0000,True,0.8020,-0.2600,0.0099,1.1880
43,0.0,0.2200,-0.0113,False,False,False,2.0268,4.6934,1.9794,-1.9611,-1.5570,-0.0013,-0.0449,-0.0297,0.0298,0.0266,0.0602,-0.0347,0.2581,-0.3236,0.3478,0.1473,-0.1748,0.4167,0.0005,0.0000,0.0000,0.0000,False,-0.0266,-0.0788,0.0198,0.0244,0.0654,0.0102,0.0935,grasp,-0.1748,0.4167,0.0005,0.0000,0.0000,0.0000,False,,0.0500,0.0000,True,0.8020,-0.2600,0.0099,1.1880
44,0.0,0.2204,-0.0126,False,False,False,2.0268,4.6934,1.9794,-1.9611,-1.5570,-0.0013,-0.0449,-0.0297,0.0298,0.0266,0.0602,-0.0347,0.2581,-0.3236,0.3478,0.1473,-0.1746,0.4172,0.0005,0.0000,0.0000,0.0000,False,0.0398,0.0563,0.0232,0.0472,0.0611,0.0116,-1.7532,grasp,-0.1746,0.4172,0.0005,0.0000,0.0000,0.0000,False,,0.0500,0.0000,False,0.8020,-0.2600,0.0099,1.1880
45,0.0,0.2205,-0.0113,False,False,False,2.0273,4.6939,1.9794,-1.9617,-1.5570,-0.0017,0.0530,0.0488,-0.0091,-0.0643,0.0040,-0.0406,0.2759,-0.3235,0.3477,0.1476,-0.1746,0.4172,0.0005,0.0000,0.0000,0.0000,False,0.0530,0.0488,-0.0091,-0.0643,0.0040,-0.0406,-0.5690,grasp,-0.1746,0.4172,0.0005,0.0000,0.0000,0.0000,False,,0.0500,0.0000,False,0.8020,-0.2600,0.0099,1.1880
46,0.0,0.2205,-0.0081,False,False,False,2.0285,4.6946,1.9789,-1.9630,-1.5573,-0.0031,0.0103,-0.0226,-0.0294,-0.0020,-0.0424,-0.0644,0.3211,-0.3235,0.3477,0.1476,-0.1746,0.4172,0.0005,0.0000,0.0000,0.0000,False,0.0113,-0.0217,-0.0295,-0.0032,-0.0423,-0.0652,1.9013,grasp,-0.1746,0.4172,0.0005,0.0000,0.0000,0.0000,False,,0.0500,0.0000,True,0.8020,-0.2600,0.0099,1.1880
47,0.0,0.2194,-0.0017,False,False,False,2.0287,4.6942,1.9783,-1.9630,-1.5582,-0.0044,0.0000,0.0000,0.0000,0.0000,-0.0000,0.0000,0.3608,-0.3243,0.3482,0.1452,-0.1746,0.4172,0.0005,0.0000,0.0000,0.0000,False,-0.0793,-0.0620,0.0582,-0.0683,0.0034,0.0187,1.9133,grasp,-0.1746,0.4172,0.0005,0.0000,0.0000,0.0000,False,,0.0500,0.0000,True,0.8020,-0.2600,0.0099,1.1880
48,0.0,0.2194,-0.0023,False,False,False,2.0287,4.6942,1.9783,-1.9630,-1.5582,-0.0044,0.0000,0.0000,0.0000,0.0000,-0.0000,0.0000,0.3608,-0.3243,0.3482,0.1452,-0.1746,0.4172,0.0005,0.0000,0.0000,0.0000,False,0.0515,0.0729,0.0603,0.0125,-0.0796,0.0035,-2.6526,grasp,-0.1746,0.4172,0.0005,0.0000,0.0000,0.0000,False,,0.0500,0.0000,False,0.8020,-0.2600,0.0099,1.1880
49,0.0,0.2194,-0.0145,False,False,False,2.0279,4.6936,1.9789,-1.9637,-1.5581,-0.0042,-0.0795,-0.0616,0.0588,-0.0683,0.0043,0.0199,0.3808,-0.3243,0.3482,0.1452,-0.1746,0.4172,0.0005,0.0000,0.0000,0.0000,False,-0.0592,0.0477,-0.0259,-0.0396,0.0257,-0.0094,2.0276,grasp,-0.1746,0.4172,0.0005,0.0000,0.0000,0.0000,False,,0.0500,0.0000,True,0.8020,-0.2600,0.0099,1.1880
50,0.0,0.2191,-0.0152,False,False,False,2.0279,4.6936,1.9789,-1.9637,-1.5581,-0.0042,-0.0795,-0.0616,0.0588,-0.0683,0.0043,0.0199,0.3808,-0.3243,0.3482,0.1452,-0.1756,0.4186,0.0006,0.0000,0.0000,0.0000,False,-0.0607,-0.0546,0.0560,-0.0662,0.0348,0.0786,2.7740,grasp,-0.1756,0.4186,0.0006,0.0000,0.0000,0.0000,False,,0.0500,0.0000,True,0.8020,-0.2600,0.0099,1.1880
51,0.0,0.2166,-0.0138,False,False,False,2.0279,4.6941,1.9804,-1.9633,-1.5591,-0.0027,0.0039,0.0359,0.0996,0.0259,-0.0672,0.0985,0.4599,-0.3239,0.3482,0.1419,-0.1756,0.4186,0.0006,0.0000,0.0000,0.0000,False,0.0021,0.0189,0.0524,0.0136,-0.0354,0.0519,2.0861,grasp,-0.1756,0.4186,0.0006,0.0000,0.0000,0.0000,False,,0.0500,0.0000,True,0.8020,-0.2600,0.0099,1.1880
52,0.0,0.2166,-0.0090,False,False,False,2.0281,4.6946,1.9818,-1.9635,-1.5606,-0.0009,0.0129,-0.0108,-0.0118,-0.0561,-0.0472,0.0329,0.5195,-0.3239,0.3482,0.1419,-0.1756,0.4186,0.0006,0.0000,0.0000,0.0000,False,0.0129,-0.0101,-0.0100,-0.0557,-0.0481,0.0343,-1.4874,grasp,-0.1756,0.4186,0.0006,0.0000,0.0000,0.0000,False,,0.0500,0.0000,False,0.8020,-0.2600,0.0099,1.1880
53,0.0,0.2140,0.0011,False,False,False,2.0283,4.6944,1.9816,-1.9646,-1.5615,-0.0003,-0.0000,0.0000,0.0000,0.0000,-0.0000,0.0000,0.5230,-0.3229,0.3478,0.1387,-0.1756,0.4186,0.0006,0.0000,0.0000,0.0000,False,-0.0665,0.0626,-0.0014,-0.0004,-0.0623,0.0479,-1.1489,grasp,-0.1756,0.4186,0.0006,0.0000,0.0000,0.0000,False,,0.0500,0.0000,False,0.8020,-0.2600,0.0099,1.1880
54,0.0,0.2140,-0.0032,False,False,False,2.0283,4.6944,1.9816,-1.9646,-1.5615,-0.0003,-0.0000,0.0000,0.0000,0.0000,-0.0000,0.0000,0.5230,-0.3229,0.3478,0.1387,-0.1756,0.4186,0.0006,0.0000,0.0000,0.0000,False,-0.0695,0.0464,-0.0542,0.0398,0.0731,0.0175,0.1539,grasp,-0.1756,0.4186,0.0006,0.0000,0.0000,0.0000,False,,0.0500,0.0000,False,0.8020,-0.2600,0.0099,1.1880
55,0.0,0.2140,-0.0130,False,False,False,2.0277,4.6950,1.9815,-1.9646,-1.5621,0.0002,-0.0668,0.0628,-0.0012,0.0007,-0.0614,0.0473,0.5030,-0.3229,0.3478,0.1387,-0.1756,0.4186,0.0006,0.0000,0.0000,0.0000,False,0.0790,-0.0044,-0.0063,0.0579,0.0308,-0.0499,0.8492,grasp,-0.1756,0.4186,0.0006,0.0000,0.0000,0.0000,False,,0.0500,0.0000,False,0.8020,-0.2600,0.0099,1.1880
56,0.0,0.2151,-5.0117,True,False,False,2.0277,4.6950,1.9815,-1.9646,-1.5621,0.0002,-0.0668,0.0628,-0.0012,0.0007,-0.0614,0.0473,0.5030,-0.3229,0.3478,0.1387,-0.1743,0.4170,-0.0007,0.0000,0.0000,0.0000,False,-0.0319,-0.0297,-0.0339,-0.0669,-0.0461,-0.0017,1.3431,grasp,-0.1743,0.4170,-0.0007,0.0000,0.0000,0.0000,False,,0.0500,0.0000,False,0.8020,-0.2600,0.0099,1.1880
57,0.0,0.2338,-5.0114,True,False,False,2.0268,4.6904,1.9798,-1.9763,-1.5709,-0.0006,-0.0124,-0.0532,0.0055,-0.0717,-0.0396,-0.0498,0.0496,-0.3216,0.3531,0.1640,-0.1720,0.4247,-0.0008,0.0000,0.0000,0.0000,False,-0.0122,-0.0531,0.0056,-0.0716,-0.0396,-0.0498,-0.5785,grasp,-0.1720,0.4247,-0.0008,0.0000,0.0000,0.0000,False,,0.0500,0.0000,False,0.8020,-0.2600,0.0099,1.1906
58,0.0,0.2356,-5.0039,True,False,False,2.0303,4.6874,1.9840,-1.9809,-1.5741,-0.0044,0.0000,0.0000,0.0000,0.0000,0.0000,-0.0000,0.0213,-0.3218,0.3521,0.1648,-0.1717,0.4260,-0.0011,0.0000,0.0000,0.0000,False,0.0726,-0.0428,0.0587,0.0611,-0.0331,0.0516,2.7604,grasp,-0.1717,0.4260,-0.0011,0.0000,0.0000,0.0000,False,,0.0500,0.0000,True,0.8020,-0.2600,0.0099,1.1912
59,0.0,0.2313,-5.0117,True,False,False,2.0375,4.6877,1.9894,-1.9743,-1.5751,0.0004,-0.0386,0.0565,-0.0541,0.0250,-0.0066,0.0254,0.0403,-0.3223,0.3458,0.1615,-0.1739,0.4176,-0.0007,0.0000,0.0000,0.0000,False,-0.0386,0.0566,-0.0541,0.0250,-0.0065,0.0254,2.0276,grasp,-0.1739,0.4176,-0.0007,0.0000,0.0000,0.0000,False,,0.0500,0.0000,True,0.8020,-0.2600,0.0099,1.1881
60,0.0,0.2344,-5.0017,True,False,False,2.0355,4.6945,1.9858,-1.9719,-1.5741,0.0022,0.0000,0.0000,0.0000,0.0000,0.0000,-0.0000,0.0209,-0.3222,0.3473,0.1584,-0.1665,0.4215,-0.0004,0.0000,0.0000,0.0000,False,-0.0001,-0.0659,0.0401,0.0598,-0.0283,0.0448,2.3563,grasp,-0.1665,0.4215,-0.0004,0.0000,0.0000,0.0000,False,,0.0500,0.0000,True,0.8020,-0.2600,0.0099,1.1843
61,0.0,0.2291,-5.0040,True,False,False,2.0371,4.6888,1.9911,-1.9673,-1.5753,0.0052,0.0045,0.0084,-0.0001,-0.0089,0.0067,-0.0080,0.0002,-0.3208,0.3438,0.1594,-0.1719,0.4129,-0.0004,0.0000,0.0000,0.0000,False,-0.0770,0.0280,-0.0448,-0.0664,-0.0329,-0.0403,0.3806,grasp,-0.1719,0.4129,-0.0004,0.0000,0.0000,0.0000,False,,0.0500,0.0000,True,0.8020,-0.2600,0.0099,1.1838
62,0.0,0.2295,-5.0033,True,False,False,2.0330,4.6922,1.9882,-1.9732,-1.5762,0.0011,0.0000,0.0000,0.0000,0.0000,0.0000,-0.0000,0.0217,-0.3205,0.3478,0.1597,-0.1720,0.4181,-0.0005,0.0000,0.0000,0.0000,False,-0.0684,0.0779,0.0298,0.0514,0.0713,-0.0710,1.4491,grasp,-0.1720,0.4181,-0.0005,0.0000,0.0000,0.0000,False,,0.0500,0.0000,True,0.8020,-0.2600,0.0099,1.1869
63,0.0,0.2181,-0.0120,False,False,False,2.0272,4.7025,1.9922,-1.9673,-1.5668,-0.0072,-0.0268,0.0584,-0.0423,-0.0102,-0.0650,0.0351,0.0402,-0.3194,0.3451,0.1526,-0.1775,0.4114,0.0008,0.0000,0.0000,0.0000,False,-0.0266,0.0583,-0.0423,-0.0102,-0.0650,0.0352,-0.5991,grasp,-0.1775,0.4114,0.0008,0.0000,0.0000,0.0000,False,,0.0500,0.0000,False,0.8020,-0.2600,0.0099,1.1876
64,0.0,0.2150,0.0007,False,False,False,2.0267,4.7036,1.9914,-1.9675,-1.5680,-0.0065,-0.0000,0.0000,0.0000,0.0000,-0.0000,0.0000,0.0599,-0.3190,0.3460,0.1488,-0.1775,0.4114,0.0008,0.0000,0.0000,0.0000,False,-0.0021,0.0692,-0.0040,0.0170,0.0226,0.0293,-2.8454,grasp,-0.1775,0.4114,0.0008,0.0000,0.0000,0.0000,False,,0.0500,0.0000,False,0.8020,-0.2600,0.0099,1.1876
65,0.0,0.2150,-0.0082,False,False,False,2.0267,4.7043,1.9913,-1.9673,-1.5678,-0.0062,-0.0016,0.0679,-0.0032,0.0172,0.0239,0.0286,0.0577,-0.3190,0.3460,0.1488,-0.1775,0.4114,0.0008,0.0000,0.0000,0.0000,False,-0.0042,0.0159,-0.0226,-0.0521,0.0495,-0.0291,-2.4098,grasp,-0.1775,0.4114,0.0008,0.0000,0.0000,0.0000,False,,0.0500,0.0000,False,0.8020,-0.2600,0.0099,1.1876
66,0.0,0.2160,-0.0094,False,False,False,2.0267,4.7043,1.9913,-1.9673,-1.5678,-0.0062,-0.0016,0.0679,-0.0032,0.0172,0.0239,0.0286,0.0577,-0.3190,0.3460,0.1488,-0.1766,0.4125,0.0007,0.0000,0.0000,0.0000,False,-0.0230,-0.0574,0.0644,-0.0181,-0.0250,-0.0598,2.9767,grasp,-0.1766,0.4125,0.0007,0.0000,0.0000,0.0000,False,,0.0500,0.0000,True,0.8020,-0.2600,0.0099,1.1876
67,0.0,0.2164,-0.0167,False,False,False,2.0272,4.7038,1.9907,-1.9678,-1.5673,-0.0060,0.0484,-0.0547,-0.0623,-0.0543,0.0475,0.0207,0.0616,-0.3195,0.3461,0.1490,-0.1766,0.4125,0.0007,0.0000,0.0000,0.0000,False,0.0484,-0.0547,-0.0623,-0.0543,0.0475,0.0207,-2.6452,grasp,-0.1766,0.4125,0.0007,0.0000,0.0000,0.0000,False,,0.0500,0.0000,False,0.8020,-0.2600,0.0099,1.1876
68,0.0,0.2164,-0.0025,False,False,False,2.0281,4.7027,1.9895,-1.9689,-1.5664,-0.0056,0.0000,0.0000,0.0000,0.0000,-0.0000,0.0000,0.0816,-0.3195,0.3461,0.1490,-0.1766,0.4125,0.0007,0.0000,0.0000,0.0000,False,-0.0344,0.0767,0.0411,0.0277,0.0763,0.0307,-0.5449,grasp,-0.1766,0.4125,0.0007,0.0000,0.0000,0.0000,False,,0.0500,0.0000,False,0.8020,-0.2600,0.0099,1.1876
69,0.0,0.2164,-0.0038,False,False,False,2.0278,4.7035,1.9900,-1.9686,-1.5656,-0.0053,0.0000,0.0000,0.0000,0.0000,-0.0000,0.0000,0.1212,-0.3195,0.3461,0.1490,-0.1766,0.4125,0.0007,0.0000,0.0000,0.0000,False,0.0205,-0.0555,-0.0622,0.0188,0.0221,-0.0201,2.6647,grasp,-0.1766,0.4125,0.0007,0.0000,0.0000,0.0000,False,,0.0500,0.0000,True,0.8020,-0.2600,0.0099,1.1876
70,0.0,0.2147,-0.0014,False,False,False,2.0280,4.7029,1.9893,-1.9684,-1.5654,-0.0055,0.0000,0.0000,0.0000,0.0000,-0.0000,0.0000,0.1608,-0.3206,0.3463,0.1456,-0.1766,0.4125,0.0007,0.0000,0.0000,0.0000,False,-0.0734,0.0235,-0.0189,0.0778,0.0086,0.0430,2.5779,grasp,-0.1766,0.4125,0.0007,0.0000,0.0000,0.0000,False,,0.0500,0.0000,True,0.8020,-0.2600,0.0099,1.1876
71,0.0,0.2147,-0.0118,False,False,False,2.0272,4.7032,1.9892,-1.9676,-1.5654,-0.0051,-0.0736,0.0240,-0.0183,0.0777,0.0084,0.0432,0.1808,-0.3206,0.3463,0.1456,-0.1766,0.4125,0.0007,0.0000,0.0000,0.0000,False,0.0264,0.0507,0.0039,0.0395,-0.0151,0.0351,2.8397,grasp,-0.1766,0.4125,0.0007,0.0000,0.0000,0.0000,False,,0.0500,0.0000,True,0.8020,-0.2600,0.0099,1.1876
72,0.0,0.2146,-0.0131,False,False,False,2.0272,4.7032,1.9892,-1.9676,-1.5654,-0.0051,-0.0736,0.0240,-0.0183,0.0777,0.0084,0.0432,0.1808,-0.3206,0.3463,0.1456,-0.1772,0.4138,0.0010,0.0000,0.0000,0.0000,False,-0.0712,-0.0720,0.0333,-0.0636,0.0799,-0.0334,-2.6189,grasp,-0.1772,0.4138,0.0010,0.0000,0.0000,0.0000,False,,0.0500,0.0000,False,0.8020,-0.2600,0.0099,1.1876
73,0.0,0.2113,-0.0072,False,False,False,2.0278,4.7036,1.9887,-1.9681,-1.5652,-0.0051,0.0560,0.0497,-0.0491,-0.0459,0.0144,-0.0032,0.2408,-0.3207,0.3464,0.1407,-0.1772,0.4138,0.0010,0.0000,0.0000,0.0000,False,0.0560,0.0497,-0.0491,-0.0459,0.0144,-0.0032,-1.3369,grasp,-0.1772,0.4138,0.0010,0.0000,0.0000,0.0000,False,,0.0500,0.0000,False,0.8020,-0.2600,0.0099,1.1876
74,0.0,0.2113,-0.0098,False,False,False,2.0278,4.7036,1.9887,-1.9681,-1.5652,-0.0051,0.0560,0.0497,-0.0491,-0.0459,0.0144,-0.0032,0.2408,-0.3207,0.3464,0.1407,-0.1772,0.4138,0.0010,0.0000,0.0000,0.0000,False,-0.0447,0.0106,-0.0734,-0.0725,0.0517,-0.0793,1.1580,grasp,-0.1772,0.4138,0.0010,0.0000,0.0000,0.0000,False,,0.0500,0.0000,True,0.8020,-0.2600,0.0099,1.1876
75,0.0,0.2113,-0.0154,False,False,False,2.0285,4.7041,1.9874,-1.9696,-1.5653,-0.0059,-0.0409,-0.0475,-0.0286,-0.0658,-0.0374,-0.0747,0.3203,-0.3207,0.3464,0.1407,-0.1772,0.4138,0.0010,0.0000,0.0000,0.0000,False,-0.0398,-0.0466,-0.0295,-0.0667,-0.0371,-0.0747,-1.6511,grasp,-0.1772,0.4138,0.0010,0.0000,0.0000,0.0000,False,,0.0500,0.0000,False,0.8020,-0.2600,0.0099,1.1876
76,0.0,0.2093,-0.0003,False,False,False,2.0277,4.7032,1.9869,-1.9709,-1.5660,-0.0073,-0.0000,0.0000,0.0000,0.0000,-0.0000,0.0000,0.3552,-0.3212,0.3480,0.1380,-0.1772,0.4138,0.0010,0.0000,0.0000,0.0000,False,0.0441,0.0407,0.0033,0.0296,0.0463,0.0510,0.7661,grasp,-0.1772,0.4138,0.0010,0.0000,0.0000,0.0000,False,,0.0500,0.0000,True,0.8020,-0.2600,0.0099,1.1876
77,0.0,0.2093,-0.0119,False,False,False,2.0281,4.7036,1.9869,-1.9706,-1.5655,-0.0068,0.0448,0.0417,0.0039,0.0308,0.0470,0.0525,0.3695,-0.3212,0.3480,0.1380,-0.1772,0.4138,0.0010,0.0000,0.0000,0.0000,False,0.0237,0.0215,-0.0007,-0.0141,0.0634,0.0514,2.1361,grasp,-0.1772,0.4138,0.0010,0.0000,0.0000,0.0000,False,,0.0500,0.0000,True,0.8020,-0.2600,0.0099,1.1876
78,0.0,0.2118,-0.0138,False,False,False,2.0281,4.7036,1.9869,-1.9706,-1.5655,-0.0068,0.0448,0.0417,0.0039,0.0308,0.0470,0.0525,0.3695,-0.3212,0.3480,0.1380,-0.1751,0.4177,0.0014,0.0000,0.0000,0.0000,False,-0.0578,-0.0603,-0.0149,0.0179,0.0148,-0.0591,0.5547,grasp,-0.1751,0.4177,0.0014,0.0000,0.0000,0.0000,False,,0.0500,0.0000,False,0.8020,-0.2600,0.0099,1.1876
79,0.0,0.2108,-0.0139,False,False,False,2.0284,4.7030,1.9862,-1.9709,-1.5652,-0.0065,0.0316,-0.0702,-0.0719,-0.0306,0.0365,0.0345,0.4295,-0.3218,0.3479,0.1356,-0.1751,0.4177,0.0014,0.0000,0.0000,0.0000,False,0.0316,-0.0702,-0.0719,-0.0306,0.0365,0.0345,2.9366,grasp,-0.1751,0.4177,0.0014,0.0000,0.0000,0.0000,False,,0.0500,0.0000,True,0.8020,-0.2600,0.0099,1.1876
80,0.0,0.2108,-0.0138,False,False,False,2.0284,4.7030,1.9862,-1.9709,-1.5652,-0.0065,0.0316,-0.0702,-0.0719,-0.0306,0.0365,0.0345,0.4295,-0.3218,0.3479,0.1356,-0.1751,0.4177,0.0014,0.0000,0.0000,0.0000,False,-0.0394,0.0141,-0.0618,0.0088,-0.0713,-0.0444,1.7114,grasp,-0.1751,0.4177,0.0014,0.0000,0.0000,0.0000,False,,0.0500,0.0000,True,0.8020,-0.2600,0.0099,1.1876
81,0.0,0.2108,-0.0280,False,False,False,2.0267,4.7020,1.9864,-1.9699,-1.5634,-0.0070,-0.1509,0.0281,0.1045,0.1025,0.0701,-0.0785,0.3922,-0.3218,0.3479,0.1356,-0.1751,0.4177,0.0014,0.0000,0.0000,0.0000,False,-0.0788,0.0130,0.0536,0.0533,0.0376,-0.0407,-2.4316,grasp,-0.1751,0.4177,0.0014,0.0000,0.0000,0.0000,False,,0.0500,0.0000,False,0.8020,-0.2600,0.0099,1.1876
82,0.0,0.2106,-0.0021,False,False,False,2.0246,4.7024,1.9880,-1.9684,-1.5624,-0.0081,0.0000,0.0000,0.0000,0.0000,-0.0000,0.0000,0.3553,-0.3205,0.3474,0.1365,-0.1751,0.4177,0.0014,0.0000,0.0000,0.0000,False,-0.0419,0.0686,-0.0649,-0.0694,0.0710,-0.0563,-1.5486,grasp,-0.1751,0.4177,0.0014,0.0000,0.0000,0.0000,False,,0.0500,0.0000,False,0.8020,-0.2600,0.0099,1.1876
83,0.0,0.2106,-0.0200,False,False,False,2.0242,4.7031,1.9873,-1.9691,-1.5617,-0.0087,-0.0394,0.0677,-0.0665,-0.0708,0.0700,-0.0552,0.3401,-0.3205,0.3474,0.1365,-0.1751,0.4177,0.0014,0.0000,0.0000,0.0000,False,0.0266,0.0710,-0.0121,0.0062,-0.0215,0.0052,-1.0079,grasp,-0.1751,0.4177,0.0014,0.0000,0.0000,0.0000,False,,0.0500,0.0000,False,0.8020,-0.2600,0.0099,1.1876
84,0.0,0.2136,-5.0188,True,False,False,2.0242,4.7031,1.9873,-1.9691,-1.5617,-0.0087,-0.0394,0.0677,-0.0665,-0.0708,0.0700,-0.0552,0.3401,-0.3205,0.3474,0.1365,-0.1725,0.4170,-0.0008,0.0000,0.0000,0.0000,False,0.0782,-0.0258,-0.0339,-0.0484,-0.0070,-0.0187,1.2130,grasp,-0.1725,0.4170,-0.0008,0.0000,0.0000,0.0000,False,,0.0500,0.0000,True,0.8020,-0.2600,0.0099,1.1876
85,0.0,0.2250,-0.0023,False,False,False,2.0360,4.6982,1.9851,-1.9748,-1.5650,-0.0080,0.0000,0.0000,0.0000,0.0000,-0.0000,0.0000,0.0210,-0.3252,0.3471,0.1584,-0.1818,0.4180,0.0001,0.0000,0.0000,0.0000,False,-0.0370,0.0541,-0.0565,-0.0728,-0.0767,-0.0064,-1.7657,grasp,-0.1818,0.4180,0.0001,0.0000,0.0000,0.0000,False,,0.0500,0.0000,False,0.8020,-0.2600,0.0099,1.1948
86,0.0,0.2226,-0.0092,False,False,False,2.0358,4.6993,1.9850,-1.9753,-1.5652,-0.0084,0.0190,0.0578,0.0414,0.0230,0.0561,-0.0320,0.0760,-0.3250,0.3476,0.1552,-0.1818,0.4180,0.0001,0.0000,0.0000,0.0000,False,0.0187,0.0584,0.0409,0.0223,0.0553,-0.0320,-0.3722,grasp,-0.1818,0.4180,0.0001,0.0000,0.0000,0.0000,False,,0.0500,0.0000,False,0.8020,-0.2600,0.0099,1.1948
87,0.0,0.2226,-0.0109,False,False,False,2.0358,4.6993,1.9850,-1.9753,-1.5652,-0.0084,0.0190,0.0578,0.0414,0.0230,0.0561,-0.0320,0.0760,-0.3250,0.3476,0.1552,-0.1818,0.4180,0.0001,0.0000,0.0000,0.0000,False,-0.0581,0.0425,0.0756,0.0429,0.0487,0.0060,1.9132,grasp,-0.1818,0.4180,0.0001,0.0000,0.0000,0.0000,False,,0.0500,0.0000,True,0.8020,-0.2600,0.0099,1.1948
88,0.0,0.2228,-0.0124,False,False,False,2.0358,4.6993,1.9850,-1.9753,-1.5652,-0.0084,0.0190,0.0578,0.0414,0.0230,0.0561,-0.0320,0.0760,-0.3250,0.3476,0.1552,-0.1813,0.4183,0.0003,0.0000,0.0000,0.0000,False,-0.0125,0.0634,-0.0482,-0.0696,0.0613,0.0258,-2.9195,grasp,-0.1813,0.4183,0.0003,0.0000,0.0000,0.0000,False,,0.0500,0.0000,False,0.8020,-0.2600,0.0099,1.1948
89,0.0,0.2228,-0.0110,False,False,False,2.0361,4.7002,1.9861,-1.9743,-1.5638,-0.0085,-0.0069,-0.0253,0.0315,0.0568,0.0296,0.0520,0.1354,-0.3250,0.3476,0.1552,-0.1813,0.4183,0.0003,0.0000,0.0000,0.0000,False,-0.0065,-0.0236,0.0323,0.0572,0.0307,0.0514,0.8476,grasp,-0.1813,0.4183,0.0003,0.0000,0.0000,0.0000,False,,0.0500,0.0000,True,0.8020,-0.2600,0.0099,1.1948
90,0.0,0.2186,-0.0126,False,False,False,2.0360,4.6997,1.9867,-1.9732,-1.5633,-0.0075,-0.0130,-0.0475,0.0599,0.1079,0.0563,0.0988,0.1551,-0.3251,0.3457,0.1480,-0.1813,0.4183,0.0003,0.0000,0.0000,0.0000,False,-0.0195,0.0501,0.0516,-0.0254,0.0719,0.0408,-1.3184,grasp,-0.1813,0.4183,0.0003,0.0000,0.0000,0.0000,False,,0.0500,0.0000,False,0.8020,-0.2600,0.0099,1.1948
91,0.0,0.2186,-0.0062,False,False,False,2.0365,4.6996,1.9865,-1.9731,-1.5630,-0.0074,0.0482,-0.0116,-0.0176,0.0078,0.0288,0.0063,0.2151,-0.3251,0.3457,0.1480,-0.1813,0.4183,0.0003,0.0000,0.0000,0.0000,False,0.0482,-0.0116,-0.0176,0.0078,0.0288,0.0063,-0.9325,grasp,-0.1813,0.4183,0.0003,0.0000,0.0000,0.0000,False,,0.0500,0.0000,False,0.8020,-0.2600,0.0099,1.1948
92,0.0,0.2173,-0.0106,False,False,False,2.0377,4.6991,1.9868,-1.9730,-1.5628,-0.0079,0.0271,-0.0229,0.0583,0.0026,-0.0352,-0.0561,0.2014,-0.3259,0.3453,0.1452,-0.1813,0.4183,0.0003,0.0000,0.0000,0.0000,False,0.0280,-0.0231,0.0580,0.0027,-0.0347,-0.0560,-2.8334,grasp,-0.1813,0.4183,0.0003,0.0000,0.0000,0.0000,False,,0.0500,0.0000,False,0.8020,-0.2600,0.0099,1.1948
93,0.0,0.2173,-0.0104,False,False,False,2.0377,4.6991,1.9868,-1.9730,-1.5628,-0.0079,0.0271,-0.0229,0.0583,0.0026,-0.0352,-0.0561,0.2014,-0.3259,0.3453,0.1452,-0.1813,0.4183,0.0003,0.0000,0.0000,0.0000,False,0.0729,0.0552,-0.0105,0.0046,0.0150,0.0067,0.7963,grasp,-0.1813,0.4183,0.0003,0.0000,0.0000,0.0000,False,,0.0500,0.0000,True,0.8020,-0.2600,0.0099,1.1948
94,0.0,0.2173,-0.0113,False,False,False,2.0377,4.6991,1.9868,-1.9730,-1.5628,-0.0079,0.0271,-0.0229,0.0583,0.0026,-0.0352,-0.0561,0.2014,-0.3259,0.3453,0.1452,-0.1813,0.4183,0.0003,0.0000,0.0000,0.0000,False,-0.0234,-0.0304,-0.0055,-0.0342,0.0342,0.0343,0.9383,grasp,-0.1813,0.4183,0.0003,0.0000,0.0000,0.0000,False,,0.0500,0.0000,True,0.8020,-0.2600,0.0099,1.1948
95,0.0,0.2186,-5.0105,True,False,False,2.0377,4.6991,1.9868,-1.9730,-1.5628,-0.0079,0.0271,-0.0229,0.0583,0.0026,-0.0352,-0.0561,0.2014,-0.3259,0.3453,0.1452,-0.1800,0.4166,-0.0012,0.0000,0.0000,0.0000,False,0.0534,0.0796,0.0002,-0.0565,-0.0668,-0.0011,-2.4647,grasp,-0.1800,0.4166,-0.0012,0.0000,0.0000,0.0000,False,,0.0500,0.0000,False,0.8020,-0.2600,0.0099,1.1948
96,0.0,0.2202,-0.0033,False,False,False,2.0455,4.7079,1.9886,-1.9803,-1.5741,-0.0065,0.0000,0.0000,0.0000,0.0000,0.0000,-0.0000,0.0218,-0.3262,0.3450,0.1530,-0.1843,0.4163,0.0004,0.0000,0.0000,0.0000,False,-0.0119,-0.0594,0.0231,-0.0399,0.0663,0.0258,0.4631,grasp,-0.1843,0.4163,0.0004,0.0000,0.0000,0.0000,False,,0.0500,0.0000,True,0.8020,-0.2600,0.0099,1.1959
97,0.0,0.2181,-0.0218,False,False,False,2.0475,4.7087,1.9870,-1.9811,-1.5747,-0.0059,0.1373,0.0934,-0.1173,-0.0296,-0.0837,0.0235,0.0715,-0.3265,0.3450,0.1495,-0.1843,0.4163,0.0004,0.0000,0.0000,0.0000,False,0.0722,0.0485,-0.0615,-0.0160,-0.0434,0.0126,-1.9709,grasp,-0.1843,0.4163,0.0004,0.0000,0.0000,0.0000,False,,0.0500,0.0000,False,0.8020,-0.2600,0.0099,1.1959
98,0.0,0.2181,-0.0250,False,False,False,2.0475,4.7087,1.9870,-1.9811,-1.5747,-0.0059,0.1373,0.0934,-0.1173,-0.0296,-0.0837,0.0235,0.0715,-0.3265,0.3450,0.1495,-0.1843,0.4163,0.0004,0.0000,0.0000,0.0000,False,0.0600,0.0515,-0.0360,0.0125,-0.0208,0.0544,0.4298,grasp,-0.1843,0.4163,0.0004,0.0000,0.0000,0.0000,False,,0.0500,0.0000,True,0.8020,-0.2600,0.0099,1.1959
99,0.0,0.2180,-0.0259,False,False,False,2.0475,4.7087,1.9870,-1.9811,-1.5747,-0.0059,0.1373,0.0934,-0.1173,-0.0296,-0.0837,0.0235,0.0715,-0.3265,0.3450,0.1495,-0.1843,0.4163,0.0004,0.0000,0.0000,0.0000,False,0.0059,0.0423,-0.0779,0.0429,0.0449,0.0182,-1.2728,grasp,-0.1843,0.4163,0.0004,0.0000,0.0000,0.0000,False,,0.0500,0.0000,False,0.8020,-0.2600,0.0099,1.1959
100,0.0,0.2180,-0.0074,False,False,False,2.0496,4.7102,1.9855,-1.9810,-1.5754,-0.0059,0.0137,0.0130,0.0170,0.0513,0.0537,-0.0396,0.1190,-0.3265,0.3450,0.1495,-0.1843,0.4163,0.0004,0.0000,0.0000,0.0000,False,0.0157,0.0143,0.0154,0.0509,0.0525,-0.0393,-0.6245,grasp,-0.1843,0.4163,0.0004,0.0000,0.0000,0.0000,False,,0.0500,0.0000,False,0.8020,-0.2600,0.0099,1.1959
101,0.0,0.2180,-0.0088,False,False,False,2.0496,4.7102,1.9855,-1.9810,-1.5754,-0.0059,0.0137,0.0130,0.0170,0.0513,0.0537,-0.0396,0.1190,-0.3265,0.3450,0.1495,-0.1843,0.4163,0.0004,0.0000,0.0000,0.0000,False,0.0710,-0.0530,0.0636,0.0614,-0.0137,-0.0086,-1.4946,grasp,-0.1843,0.4163,0.0004,0.0000,0.0000,0.0000,False,,0.0500,0.0000,False,0.8020,-0.2600,0.0099,1.1959
102,0.0,0.2161,-0.0099,False,False,False,2.0506,4.7099,1.9865,-1.9795,-1.5745,-0.0068,0.0707,-0.0532,0.0632,0.0604,-0.0147,-0.0078,0.1649,-0.3280,0.3446,0.1450,-0.1843,0.4163,0.0004,0.0000,0.0000,0.0000,False,-0.0225,-0.0730,-0.0662,-0.0423,0.0690,0.0711,2.0332,grasp,-0.1843,0.4163,0.0004,0.0000,0.0000,0.0000,False,,0.0500,0.0000,True,0.8020,-0.2600,0.0099,1.1959
103,0.0,0.2132,-0.0270,False,False,False,2.0488,4.7119,1.9842,-1.9776,-1.5741,-0.0064,-0.1184,0.1346,-0.1506,0.1240,0.0246,0.0216,0.2449,-0.3279,0.3443,0.1406,-0.1843,0.4163,0.0004,0.0000,0.0000,0.0000,False,-0.0623,0.0709,-0.0793,0.0653,0.0129,0.0114,-1.8430,grasp,-0.1843,0.4163,0.0004,0.0000,0.0000,0.0000,False,,0.0500,0.0000,False,0.8020,-0.2600,0.0099,1.1959
104,0.0,0.2132,-0.0179,False,False,False,2.0464,4.7137,1.9813,-1.9766,-1.5732,-0.0055,-0.0586,-0.0237,-0.0734,-0.0808,0.0536,0.0634,0.3043,-0.3279,0.3443,0.1406,-0.1843,0.4163,0.0004,0.0000,0.0000,0.0000,False,-0.0610,-0.0208,-0.0756,-0.0790,0.0539,0.0637,1.2749,grasp,-0.1843,0.4163,0.0004,0.0000,0.0000,0.0000,False,,0.0500,0.0000,True,0.8020,-0.2600,0.0099,1.1959
105,0.0,0.2132,-0.0184,False,False,False,2.0464,4.7137,1.9813,-1.9766,-1.5732,-0.0055,-0.0586,-0.0237,-0.0734,-0.0808,0.0536,0.0634,0.3043,-0.3279,0.3443,0.1406,-0.1843,0.4163,0.0004,0.0000,0.0000,0.0000,False,0.0289,-0.0722,-0.0039,-0.0495,0.0246,-0.0640,-2.3367,grasp,-0.1843,0.4163,0.0004,0.0000,0.0000,0.0000,False,,0.0500,0.0000,False,0.8020,-0.2600,0.0099,1.1959
106,0.0,0.2152,-5.0206,True,False,False,2.0464,4.7137,1.9813,-1.9766,-1.5732,-0.0055,-0.0586,-0.0237,-0.0734,-0.0808,0.0536,0.0634,0.3043,-0.3279,0.3443,0.1406,-0.1829,0.4173,-0.0006,0.0000,0.0000,0.0000,False,0.0198,-0.0390,0.0345,-0.0606,-0.0410,-0.0654,-1.3182,grasp,-0.1829,0.4173,-0.0006,0.0000,0.0000,0.0000,False,,0.0500,0.0000,False,0.8020,-0.2600,0.0099,1.1959
107,0.0,0.2248,-5.0026,True,False,False,2.0465,4.7030,1.9876,-1.9842,-1.5773,-0.0116,-0.0089,-0.0120,0.0046,0.0153,0.0085,0.0158,0.0034,-0.3264,0.3464,0.1560,-0.1829,0.4212,-0.0001,0.0000,0.0000,0.0000,False,0.0260,0.0047,-0.0114,0.0714,0.0516,-0.0002,2.9648,grasp,-0.1829,0.4212,-0.0001,0.0000,0.0000,0.0000,False,,0.0500,0.0000,True,0.8020,-0.2600,0.0099,1.1975
108,0.0,0.2247,-5.0032,True,False,False,2.0446,4.6998,1.9887,-1.9788,-1.5740,-0.0073,-0.0071,-0.0087,0.0036,0.0089,0.0046,0.0114,0.0000,-0.3257,0.3449,0.1567,-0.1820,0.4177,-0.0000,0.0000,0.0000,0.0000,False,0.0661,-0.0139,0.0509,0.0013,-0.0460,-0.0161,-2.6144,grasp,-0.1820,0.4177,-0.0000,0.0000,0.0000,0.0000,False,,0.0500,0.0000,False,0.8020,-0.2600,0.0099,1.1948
109,0.0,0.2244,-0.0027,False,False,False,2.0454,4.6973,1.9913,-1.9767,-1.5746,-0.0053,-0.0082,-0.0048,-0.0005,0.0056,0.0055,0.0082,0.0000,-0.3251,0.3432,0.1563,-0.1810,0.4152,0.0000,0.0000,0.0000,0.0000,False,-0.0365,0.0721,-0.0787,-0.0345,-0.0461,0.0658,1.0539,grasp,-0.1810,0.4152,0.0000,0.0000,0.0000,0.0000,False,,0.0500,0.0000,True,0.8020,-0.2600,0.0099,1.1925
110,0.0,0.2235,-0.0007,False,False,False,2.0454,4.6973,1.9913,-1.9767,-1.5746,-0.0053,0.0000,0.0000,0.0000,0.0000,0.0000,-0.0000,0.0400,-0.3250,0.3432,0.1551,-0.1810,0.4152,0.0000,0.0000,0.0000,0.0000,False,-0.0112,-0.0590,-0.0348,-0.0379,0.0037,-0.0166,1.3871,grasp,-0.1810,0.4152,0.0000,0.0000,0.0000,0.0000,False,,0.0500,0.0000,True,0.8020,-0.2600,0.0099,1.1925
111,0.0,0.2235,-0.0086,False,False,False,2.0453,4.6968,1.9910,-1.9771,-1.5746,-0.0055,-0.0112,-0.0590,-0.0348,-0.0379,0.0037,-0.0166,0.0600,-0.3250,0.3432,0.1551,-0.1810,0.4152,0.0000,0.0000,0.0000,0.0000,False,-0.0663,0.0452,0.0610,-0.0100,0.0656,0.0068,-0.5369,grasp,-0.1810,0.4152,0.0000,0.0000,0.0000,0.0000,False,,0.0500,0.0000,False,0.8020,-0.2600,0.0099,1.1925
112,0.0,0.2237,-0.0105,False,False,False,2.0453,4.6968,1.9910,-1.9771,-1.5746,-0.0055,-0.0112,-0.0590,-0.0348,-0.0379,0.0037,-0.0166,0.0600,-0.3250,0.3432,0.1551,-0.1807,0.4150,0.0000,0.0000,0.0000,0.0000,False,0.0222,0.0066,-0.0325,0.0359,-0.0018,-0.0233,1.4323,grasp,-0.1807,0.4150,0.0000,0.0000,0.0000,0.0000,False,,0.0500,0.0000,True,0.8020,-0.2600,0.0099,1.1925
113,0.0,0.2198,-0.0179,False,False,False,2.0439,4.6946,1.9929,-1.9770,-1.5743,-0.0060,-0.0925,-0.1406,0.1282,0.0029,0.0187,-0.0299,0.1394,-0.3248,0.3434,0.1497,-0.1807,0.4150,0.0000,0.0000,0.0000,0.0000,False,-0.0487,-0.0740,0.0675,0.0015,0.0098,-0.0157,2.5518,grasp,-0.1807,0.4150,0.0000,0.0000,0.0000,0.0000,False,,0.0500,0.0000,True,0.8020,-0.2600,0.0099,1.1925
114,0.0,0.2198,-0.0031,False,False,False,2.0425,4.6926,1.9948,-1.9770,-1.5740,-0.0064,0.0000,0.0000,0.0000,0.0000,0.0000,-0.0000,0.1793,-0.3248,0.3434,0.1497,-0.1807,0.4150,0.0000,0.0000,0.0000,0.0000,False,-0.0620,0.0020,0.0226,0.0170,0.0323,0.0311,-2.2406,grasp,-0.1807,0.4150,0.0000,0.0000,0.0000,0.0000,False,,0.0500,0.0000,False,0.8020,-0.2600,0.0099,1.1925
115,0.0,0.2198,-0.0088,False,False,False,2.0419,4.6926,1.9950,-1.9768,-1.5737,-0.0061,-0.0607,0.0042,0.0208,0.0169,0.0320,0.0315,0.1754,-0.3248,0.3434,0.1497,-0.1807,0.4150,0.0000,0.0000,0.0000,0.0000,False,0.0374,-0.0290,-0.0180,-0.0541,-0.0570,0.0332,-0.3085,grasp,-0.1807,0.4150,0.0000,0.0000,0.0000,0.0000,False,,0.0500,0.0000,False,0.8020,-0.2600,0.0099,1.1925
116,0.0,0.2167,0.0011,False,False,False,2.0408,4.6927,1.9954,-1.9765,-1.5731,-0.0055,-0.0000,0.0000,0.0000,0.0000,0.0000,-0.0000,0.1538,-0.3230,0.3430,0.1468,-0.1807,0.4150,0.0000,0.0000,0.0000,0.0000,False,-0.0096,0.0290,-0.0420,-0.0467,-0.0140,0.0262,-3.0311,grasp,-0.1807,0.4150,0.0000,0.0000,0.0000,0.0000,False,,0.0500,0.0000,False,0.8020,-0.2600,0.0099,1.1925
117,0.0,0.2167,-0.0088,False,False,False,2.0407,4.6930,1.9949,-1.9770,-1.5732,-0.0052,-0.0084,0.0289,-0.0424,-0.0470,-0.0146,0.0256,0.1398,-0.3230,0.3430,0.1468,-0.1807,0.4150,0.0000,0.0000,0.0000,0.0000,False,-0.0407,-0.0403,-0.0054,-0.0070,-0.0718,0.0651,-0.4013,grasp,-0.1807,0.4150,0.0000,0.0000,0.0000,0.0000,False,,0.0500,0.0000,False,0.8020,-0.2600,0.0099,1.1925
118,0.0,0.2189,-5.0098,True,False,False,2.0407,4.6930,1.9949,-1.9770,-1.5732,-0.0052,-0.0084,0.0289,-0.0424,-0.0470,-0.0146,0.0256,0.1398,-0.3230,0.3430,0.1468,-0.1773,0.4147,-0.0001,0.0000,0.0000,0.0000,False,-0.0572,0.0025,0.0690,-0.0726,0.0758,0.0340,-1.8217,grasp,-0.1773,0.4147,-0.0001,0.0000,0.0000,0.0000,False,,0.0500,0.0000,False,0.8020,-0.2600,0.0099,1.1925
119,0.0,0.2182,-0.0041,False,False,False,2.0333,4.6937,2.0025,-1.9850,-1.5630,0.0006,0.0093,0.0007,-0.0160,0.0166,-0.0111,-0.0008,0.0016,-0.3225,0.3434,0.1533,-0.1821,0.4115,0.0008,0.0000,0.0000,0.0000,False,-0.0230,0.0456,-0.0270,-0.0282,0.0606,-0.0679,-2.9751,grasp,-0.1821,0.4115,0.0008,0.0000,0.0000,0.0000,False,,0.0500,0.0000,False,0.8020,-0.2600,0.0099,1.1914
120,0.0,0.2184,-0.0028,False,False,False,2.0333,4.6937,2.0025,-1.9850,-1.5630,0.0006,0.0000,0.0000,0.0000,0.0000,-0.0000,0.0000,0.0236,-0.3226,0.3435,0.1535,-0.1821,0.4115,0.0008,0.0000,0.0000,0.0000,False,-0.0542,0.0052,-0.0073,-0.0084,-0.0273,0.0710,-1.1314,grasp,-0.1821,0.4115,0.0008,0.0000,0.0000,0.0000,False,,0.0500,0.0000,False,0.8020,-0.2600,0.0099,1.1914
121,0.0,0.2184,-0.0107,False,False,False,2.0327,4.6937,2.0024,-1.9851,-1.5633,0.0013,-0.0542,0.0052,-0.0073,-0.0084,-0.0273,0.0710,0.0436,-0.3226,0.3435,0.1535,-0.1821,0.4115,0.0008,0.0000,0.0000,0.0000,False,-0.0131,0.0412,-0.0311,-0.0541,0.0764,-0.0590,-2.2465,grasp,-0.1821,0.4115,0.0008,0.0000,0.0000,0.0000,False,,0.0500,0.0000,False,0.8020,-0.2600,0.0099,1.1914
122,0.0,0.2187,-0.0095,False,False,False,2.0327,4.6937,2.0024,-1.9851,-1.5633,0.0013,-0.0542,0.0052,-0.0073,-0.0084,-0.0273,0.0710,0.0436,-0.3226,0.3435,0.1535,-0.1817,0.4117,0.0007,0.0000,0.0000,0.0000,False,-0.0177,-0.0333,0.0533,-0.0572,0.0225,-0.0690,0.0540,grasp,-0.1817,0.4117,0.0007,0.0000,0.0000,0.0000,False,,0.0500,0.0000,True,0.8020,-0.2600,0.0099,1.1914
123,0.0,0.2166,-0.0117,False,False,False,2.0332,4.6944,2.0021,-1.9845,-1.5638,0.0012,0.0469,0.0673,-0.0366,0.0557,-0.0520,-0.0117,0.0462,-0.3224,0.3436,0.1506,-0.1817,0.4117,0.0007,0.0000,0.0000,0.0000,False,0.0469,0.0673,-0.0366,0.0557,-0.0520,-0.0117,-2.9699,grasp,-0.1817,0.4117,0.0007,0.0000,0.0000,0.0000,False,,0.0500,0.0000,False,0.8020,-0.2600,0.0099,1.1914
124,0.0,0.2166,-0.0150,False,False,False,2.0347,4.6950,2.0020,-1.9830,-1.5646,0.0005,0.0601,-0.0730,0.0579,0.0424,0.0147,-0.0440,0.0834,-0.3224,0.3436,0.1506,-0.1817,0.4117,0.0007,0.0000,0.0000,0.0000,False,0.0610,-0.0715,0.0572,0.0434,0.0137,-0.0442,0.4410,grasp,-0.1817,0.4117,0.0007,0.0000,0.0000,0.0000,False,,0.0500,0.0000,True,0.8020,-0.2600,0.0099,1.1914
125,0.0,0.2166,-0.0132,False,False,False,2.0347,4.6950,2.0020,-1.9830,-1.5646,0.0005,0.0601,-0.0730,0.0579,0.0424,0.0147,-0.0440,0.0834,-0.3224,0.3436,0.1506,-0.1817,0.4117,0.0007,0.0000,0.0000,0.0000,False,0.0084,0.0781,0.0036,-0.0124,-0.0683,0.0426,-3.0226,grasp,-0.1817,0.4117,0.0007,0.0000,0.0000,0.0000,False,,0.0500,0.0000,False,0.8020,-0.2600,0.0099,1.1914
126,0.0,0.2141,-0.0005,False,False,False,2.0358,4.6936,2.0031,-1.9822,-1.5644,-0.0003,0.0000,0.0000,0.0000,0.0000,-0.0000,0.0000,0.1432,-0.3227,0.3419,0.1459,-0.1817,0.4117,0.0007,0.0000,0.0000,0.0000,False,-0.0477,0.0458,-0.0445,-0.0473,-0.0328,0.0148,2.6276,grasp,-0.1817,0.4117,0.0007,0.0000,0.0000,0.0000,False,,0.0500,0.0000,True,0.8020,-0.2600,0.0099,1.1914
127,0.0,0.2141,-0.0138,False,False,False,2.0354,4.6940,2.0026,-1.9827,-1.5647,-0.0002,-0.0477,0.0458,-0.0445,-0.0473,-0.0328,0.0148,0.1632,-0.3227,0.3419,0.1459,-0.1817,0.4117,0.0007,0.0000,0.0000,0.0000,False,-0.0518,-0.0034,-0.0478,-0.0432,0.0073,0.0128,-2.3901,grasp,-0.1817,0.4117,0.0007,0.0000,0.0000,0.0000,False,,0.0500,0.0000,False,0.8020,-0.2600,0.0099,1.1914
128,0.0,0.2125,-5.0122,True,False,False,2.0359,4.6948,2.0031,-1.9827,-1.5649,0.0002,0.0583,0.0742,0.0452,-0.0017,-0.0252,0.0337,0.1981,-0.3227,0.3420,0.1415,-0.1801,0.4109,-0.0001,0.0000,0.0000,0.0000,False,0.0583,0.0742,0.0452,-0.0017,-0.0252,0.0337,0.1360,grasp,-0.1801,0.4109,-0.0001,0.0000,0.0000,0.0000,False,,0.0500,0.0000,True,0.8020,-0.2600,0.0099,1.1914
129,0.0,0.2064,-0.0043,False,False,False,2.0489,4.7098,2.0092,-1.9805,-1.5717,0.0070,-0.0119,-0.0209,-0.0241,0.0099,0.0009,-0.0093,0.0027,-0.3238,0.3352,0.1422,-0.1875,0.4006,0.0016,0.0000,0.0000,0.0000,False,0.0724,0.0707,-0.0153,-0.0638,-0.0654,0.0365,-1.8496,grasp,-0.1875,0.4006,0.0016,0.0000,0.0000,0.0000,False,,0.0500,0.0000,False,0.8020,-0.2600,0.0277,1.1900
130,0.0,0.2053,-0.0057,False,False,False,2.0485,4.7098,2.0090,-1.9810,-1.5717,0.0073,-0.0450,0.0002,-0.0164,-0.0468,-0.0012,0.0224,0.0541,-0.3237,0.3355,0.1406,-0.1875,0.4006,0.0016,0.0000,0.0000,0.0000,False,-0.0450,0.0002,-0.0164,-0.0468,-0.0012,0.0224,-1.5369,grasp,-0.1875,0.4006,0.0016,0.0000,0.0000,0.0000,False,,0.0500,0.0000,False,0.8020,-0.2600,0.0277,1.1900
131,0.0,0.2053,-0.0051,False,False,False,2.0485,4.7098,2.0090,-1.9810,-1.5717,0.0073,-0.0450,0.0002,-0.0164,-0.0468,-0.0012,0.0224,0.0541,-0.3237,0.3355,0.1406,-0.1875,0.4006,0.0016,0.0000,0.0000,0.0000,False,0.0536,0.0360,0.0251,-0.0336,0.0601,0.0014,-2.9789,grasp,-0.1875,0.4006,0.0016,0.0000,0.0000,0.0000,False,,0.0500,0.0000,False,0.8020,-0.2600,0.0277,1.1900
132,0.0,0.2065,-0.0077,False,False,False,2.0485,4.7098,2.0090,-1.9810,-1.5717,0.0073,-0.0450,0.0002,-0.0164,-0.0468,-0.0012,0.0224,0.0541,-0.3237,0.3355,0.1406,-0.1866,0.4018,0.0013,0.0000,0.0000,0.0000,False,0.0139,0.0487,-0.0272,-0.0300,0.0039,0.0617,-2.5197,grasp,-0.1866,0.4018,0.0013,0.0000,0.0000,0.0000,False,,0.0500,0.0000,False,0.8020,-0.2600,0.0277,1.1900
133,0.0,0.2023,-0.0177,False,False,False,2.0463,4.7113,2.0084,-1.9829,-1.5700,0.0085,-0.0912,0.0970,-0.0194,-0.0685,0.1154,0.0517,0.1291,-0.3237,0.3369,0.1352,-0.1866,0.4018,0.0013,0.0000,0.0000,0.0000,False,-0.0488,0.0510,-0.0105,-0.0369,0.0607,0.0277,2.6710,grasp,-0.1866,0.4018,0.0013,0.0000,0.0000,0.0000,False,,0.0500,0.0000,True,0.8020,-0.2600,0.0277,1.1900
134,0.0,0.2023,-0.0019,False,False,False,2.0449,4.7124,2.0083,-1.9846,-1.5682,0.0094,-0.0074,-0.0403,0.0176,-0.0677,0.0101,0.0190,0.1887,-0.3237,0.3369,0.1352,-0.1866,0.4018,0.0013,0.0000,0.0000,0.0000,False,-0.0087,-0.0381,0.0173,-0.0687,0.0118,0.0197,0.5812,grasp,-0.1866,0.4018,0.0013,0.0000,0.0000,0.0000,False,,0.0500,0.0000,True,0.8020,-0.2600,0.0277,1.1900
135,0.0,0.2023,-0.0080,False,False,False,2.0449,4.7124,2.0083,-1.9846,-1.5682,0.0094,-0.0074,-0.0403,0.0176,-0.0677,0.0101,0.0190,0.1887,-0.3237,0.3369,0.1352,-0.1866,0.4018,0.0013,0.0000,0.0000,0.0000,False,0.0654,-0.0217,0.0500,-0.0558,-0.0675,-0.0360,1.3915,grasp,-0.1866,0.4018,0.0013,0.0000,0.0000,0.0000,False,,0.0500,0.0000,True,0.8020,-0.2600,0.0277,1.1900
136,0.0,0.1991,-0.0131,False,False,False,2.0442,4.7114,2.0093,-1.9854,-1.5687,0.0094,-0.0561,-0.0198,0.0713,0.0451,-0.0633,-0.0391,0.2478,-0.3239,0.3377,0.1303,-0.1866,0.4018,0.0013,0.0000,0.0000,0.0000,False,-0.0562,-0.0206,0.0716,0.0438,-0.0631,-0.0387,1.5203,grasp,-0.1866,0.4018,0.0013,0.0000,0.0000,0.0000,False,,0.0500,0.0000,True,0.8020,-0.2600,0.0277,1.1900
137,0.0,0.1991,-0.0151,False,False,False,2.0442,4.7114,2.0093,-1.9854,-1.5687,0.0094,-0.0561,-0.0198,0.0713,0.0451,-0.0633,-0.0391,0.2478,-0.3239,0.3377,0.1303,-0.1866,0.4018,0.0013,0.0000,0.0000,0.0000,False,0.0103,-0.0450,-0.0472,-0.0265,0.0506,0.0171,0.5979,grasp,-0.1866,0.4018,0.0013,0.0000,0.0000,0.0000,False,,0.0500,0.0000,True,0.8020,-0.2600,0.0277,1.1900
138,0.0,0.2033,-5.0210,True,False,False,2.0442,4.7114,2.0093,-1.9854,-1.5687,0.0094,-0.0561,-0.0198,0.0713,0.0451,-0.0633,-0.0391,0.2478,-0.3239,0.3377,0.1303,-0.1838,0.4048,-0.0008,0.0000,0.0000,0.0000,False,-0.0744,-0.0462,-0.0493,-0.0710,-0.0638,-0.0199,-1.5984,grasp,-0.1838,0.4048,-0.0008,0.0000,0.0000,0.0000,False,,0.0500,0.0000,False,0.8020,-0.2600,0.0277,1.1900
139,0.0,0.2270,-5.0053,True,False,False,2.0267,4.6969,1.9948,-1.9968,-1.5834,0.0023,0.0176,-0.0035,-0.0049,0.0314,0.0164,-0.0030,0.0168,-0.3180,0.3542,0.1557,-0.1696,0.4260,-0.0004,0.0000,0.0000,0.0000,False,-0.0381,-0.0616,0.0419,-0.0308,-0.0547,-0.0711,2.9434,grasp,-0.1696,0.4260,-0.0004,0.0000,0.0000,0.0000,False,,0.0500,0.0000,True,0.8020,-0.2600,0.0277,1.1897
140,0.0,0.2313,-5.0061,True,False,False,2.0271,4.6888,1.9983,-1.9918,-1.5853,-0.0067,0.0197,0.0083,-0.0111,0.0287,0.0218,0.0103,0.0001,-0.3166,0.3515,0.1586,-0.1662,0.4258,-0.0008,0.0000,0.0000,0.0000,False,-0.0701,0.0521,0.0771,-0.0243,-0.0570,0.0187,0.0377,grasp,-0.1662,0.4258,-0.0008,0.0000,0.0000,0.0000,False,,0.0500,0.0000,True,0.8020,-0.2600,0.0099,1.1865
141,0.0,0.2271,-5.0012,True,False,False,2.0304,4.6917,1.9971,-1.9855,-1.5812,-0.0040,0.0000,0.0000,0.0000,0.0000,0.0000,-0.0000,0.0200,-0.3182,0.3489,0.1559,-0.1700,0.4209,-0.0004,0.0000,0.0000,0.0000,False,-0.0762,0.0178,-0.0398,-0.0084,0.0484,0.0738,0.8192,grasp,-0.1700,0.4209,-0.0004,0.0000,0.0000,0.0000,False,,0.0500,0.0000,True,0.8020,-0.2600,0.0099,1.1868
142,0.0,0.2269,-5.0027,True,False,False,2.0288,4.6936,1.9927,-1.9820,-1.5750,0.0018,0.0163,0.0009,-0.0025,0.0131,0.0058,-0.0027,0.0012,-0.3195,0.3495,0.1579,-0.1725,0.4194,-0.0002,0.0000,0.0000,0.0000,False,0.0311,0.0432,-0.0540,-0.0658,0.0332,0.0258,-0.6971,grasp,-0.1725,0.4194,-0.0002,0.0000,0.0000,0.0000,False,,0.0500,0.0000,False,0.8020,-0.2600,0.0099,1.1879
143,0.0,0.2269,-5.0036,True,False,False,2.0355,4.6975,1.9875,-1.9842,-1.5707,0.0033,0.0069,-0.0050,0.0054,0.0174,-0.0004,-0.0052,0.0000,-0.3243,0.3496,0.1589,-0.1788,0.4206,-0.0001,0.0000,0.0000,0.0000,False,-0.0549,0.0196,0.0358,-0.0125,-0.0247,-0.0267,-2.2717,grasp,-0.1788,0.4206,-0.0001,0.0000,0.0000,0.0000,False,,0.0500,0.0000,False,0.8020,-0.2600,0.0099,1.1938
144,0.0,0.2254,-5.0021,True,False,False,2.0351,4.6970,1.9901,-1.9807,-1.5717,0.0012,0.0075,-0.0043,0.0014,0.0118,0.0011,-0.0018,0.0001,-0.3229,0.3479,0.1575,-0.1777,0.4181,-0.0000,0.0000,0.0000,0.0000,False,-0.0496,-0.0627,0.0731,-0.0295,-0.0430,0.0122,0.9284,grasp,-0.1777,0.4181,-0.0000,0.0000,0.0000,0.0000,False,,0.0500,0.0000,True,0.8020,-0.2600,0.0099,1.1915
145,0.0,0.2257,-5.0107,True,False,False,2.0358,4.6931,1.9930,-1.9788,-1.5736,0.0008,0.0683,-0.0670,0.0041,0.0160,-0.0634,-0.0370,0.0056,-0.3219,0.3463,0.1572,-0.1760,0.4165,-0.0001,0.0000,0.0000,0.0000,False,0.0684,-0.0670,0.0041,0.0161,-0.0634,-0.0371,-2.9160,grasp,-0.1760,0.4165,-0.0001,0.0000,0.0000,0.0000,False,,0.0500,0.0000,False,0.8020,-0.2600,0.0099,1.1892
146,0.0,0.2274,-5.0011,True,False,False,2.0393,4.6914,1.9925,-1.9763,-1.5746,-0.0006,0.0010,0.0042,-0.0022,0.0050,0.0055,0.0009,0.0001,-0.3226,0.3447,0.1585,-0.1762,0.4158,-0.0003,0.0000,0.0000,0.0000,False,-0.0356,-0.0288,-0.0204,0.0630,-0.0183,0.0241,2.7298,grasp,-0.1762,0.4158,-0.0003,0.0000,0.0000,0.0000,False,,0.0500,0.0000,True,0.8020,-0.2600,0.0099,1.1890
147,0.0,0.2300,-5.0017,True,False,False,2.0355,4.6891,1.9896,-1.9678,-1.5755,0.0024,0.0069,0.0078,0.0022,-0.0079,0.0068,-0.0037,0.0000,-0.3206,0.3451,0.1600,-0.1715,0.4148,-0.0005,0.0000,0.0000,0.0000,False,-0.0059,0.0126,0.0264,-0.0496,0.0508,0.0676,0.3600,grasp,-0.1715,0.4148,-0.0005,0.0000,0.0000,0.0000,False,,0.0500,0.0000,True,0.8020,-0.2600,0.0099,1.1845
148,0.0,0.2134,-5.0023,True,False,False,2.0368,4.6913,1.9910,-1.9714,-1.5720,0.0040,0.0048,0.0044,-0.0001,-0.0024,0.0016,-0.0061,0.6256,-0.3220,0.3446,0.1351,-0.1721,0.4138,-0.0002,0.0000,0.0000,0.0000,False,0.0266,-0.0666,0.0357,0.0527,0.0434,-0.0081,-2.7364,grasp,-0.1721,0.4138,-0.0002,0.0000,0.0000,0.0000,False,,0.0500,0.0000,False,0.8020,-0.2600,0.0099,1.1845
149,0.0,0.2258,-5.0030,True,False,False,2.0395,4.6884,1.9931,-1.9689,-1.5691,0.0021,0.0008,0.0088,-0.0032,-0.0063,-0.0029,-0.0033,0.0097,-0.3230,0.3418,0.1579,-0.1773,0.4110,-0.0001,0.0000,0.0000,0.0000,False,-0.0577,-0.0492,0.0713,-0.0240,-0.0206,-0.0319,1.6387,grasp,-0.1773,0.4110,-0.0001,0.0000,0.0000,0.0000,False,,0.0500,0.0000,True,0.8020,-0.2600,0.0099,1.1872
150,0.0,0.2258,-5.0021,True,False,False,2.0376,4.6887,1.9950,-1.9712,-1.5705,0.0002,0.0037,0.0085,-0.0061,-0.0027,-0.0007,-0.0004,0.0002,-0.3219,0.3425,0.1581,-0.1763,0.4119,-0.0000,0.0000,0.0000,0.0000,False,0.0223,-0.0426,0.0045,-0.0594,-0.0613,0.0233,-2.7289,grasp,-0.1763,0.4119,-0.0000,0.0000,0.0000,0.0000,False,,0.0500,0.0000,False,0.8020,-0.2600,0.0099,1.1868
151,0.0,0.2273,-5.0024,True,False,False,2.0392,4.6889,1.9938,-1.9741,-1.5730,0.0010,0.0011,0.0078,-0.0041,0.0015,0.0029,-0.0015,0.0000,-0.3225,0.3435,0.1588,-0.1761,0.4139,-0.0002,0.0000,0.0000,0.0000,False,-0.0608,-0.0125,0.0658,-0.0390,0.0357,0.0468,-2.9927,grasp,-0.1761,0.4139,-0.0002,0.0000,0.0000,0.0000,False,,0.0500,0.0000,False,0.8020,-0.2600,0.0099,1.1878
152,0.0,0.2236,-0.0023,False,False,False,2.0343,4.6897,1.9984,-1.9770,-1.5693,0.0047,0.0087,0.0068,-0.0113,0.0061,-0.0027,-0.0071,0.0000,-0.3211,0.3435,0.1565,-0.1765,0.4118,0.0002,0.0000,0.0000,0.0000,False,0.0561,-0.0521,0.0561,0.0592,-0.0338,0.0250,0.3711,grasp,-0.1765,0.4118,0.0002,0.0000,0.0000,0.0000,False,,0.0500,0.0000,True,0.8020,-0.2600,0.0099,1.1869
153,0.0,0.2218,-0.0213,False,False,False,2.0354,4.6906,2.0002,-1.9774,-1.5699,0.0026,0.0656,0.0528,0.1210,-0.0269,-0.0393,-0.1335,0.0592,-0.3212,0.3432,0.1537,-0.1765,0.4118,0.0002,0.0000,0.0000,0.0000,False,0.0346,0.0278,0.0636,-0.0141,-0.0207,-0.0703,2.2875,grasp,-0.1765,0.4118,0.0002,0.0000,0.0000,0.0000,False,,0.0500,0.0000,True,0.8020,-0.2600,0.0099,1.1869
154,0.0,0.2218,-0.0214,False,False,False,2.0354,4.6906,2.0002,-1.9774,-1.5699,0.0026,0.0656,0.0528,0.1210,-0.0269,-0.0393,-0.1335,0.0592,-0.3212,0.3432,0.1537,-0.1765,0.4118,0.0002,0.0000,0.0000,0.0000,False,0.0392,-0.0760,0.0025,-0.0268,0.0456,0.0685,1.8510,grasp,-0.1765,0.4118,0.0002,0.0000,0.0000,0.0000,False,,0.0500,0.0000,True,0.8020,-0.2600,0.0099,1.1869
155,0.0,0.2220,-5.0227,True,False,False,2.0354,4.6906,2.0002,-1.9774,-1.5699,0.0026,0.0656,0.0528,0.1210,-0.0269,-0.0393,-0.1335,0.0592,-0.3212,0.3432,0.1537,-0.1767,0.4117,-0.0002,0.0000,0.0000,0.0000,False,-0.0792,-0.0290,0.0255,-0.0626,0.0339,0.0716,-2.1739,grasp,-0.1767,0.4117,-0.0002,0.0000,0.0000,0.0000,False,,0.0500,0.0000,False,0.8020,-0.2600,0.0099,1.1869
156,0.0,0.2278,-0.0047,False,False,False,2.0304,4.6896,2.0005,-1.9818,-1.5675,0.0070,0.0140,0.0067,-0.0139,0.0127,-0.0050,-0.0102,0.0024,-0.3204,0.3449,0.1560,-0.1699,0.4156,0.0003,0.0000,0.0000,0.0000,False,-0.0440,-0.0190,0.0579,0.0525,0.0097,-0.0089,-2.9277,grasp,-0.1699,0.4156,0.0003,0.0000,0.0000,0.0000,False,,0.0500,0.0000,False,0.8020,-0.2600,0.0099,1.1836
157,0.0,0.2278,-0.0016,False,False,False,2.0304,4.6896,2.0005,-1.9818,-1.5675,0.0070,0.0000,0.0000,0.0000,0.0000,-0.0000,0.0000,0.0049,-0.3204,0.3449,0.1560,-0.1699,0.4156,0.0003,0.0000,0.0000,0.0000,False,-0.0639,-0.0175,-0.0449,-0.0063,0.0007,0.0078,-2.7820,grasp,-0.1699,0.4156,0.0003,0.0000,0.0000,0.0000,False,,0.0500,0.0000,False,0.8020,-0.2600,0.0099,1.1836
158,0.0,0.2278,-0.0023,False,False,False,2.0304,4.6896,2.0005,-1.9818,-1.5675,0.0070,0.0000,0.0000,0.0000,0.0000,-0.0000,0.0000,0.0290,-0.3204,0.3449,0.1560,-0.1699,0.4156,0.0003,0.0000,0.0000,0.0000,False,0.0156,0.0453,-0.0757,0.0344,0.0687,0.0670,1.0642,grasp,-0.1699,0.4156,0.0003,0.0000,0.0000,0.0000,False,,0.0500,0.0000,True,0.8020,-0.2600,0.0099,1.1836
159,0.0,0.2276,-0.0016,False,False,False,2.0304,4.6896,2.0005,-1.9818,-1.5675,0.0070,0.0000,0.0000,0.0000,0.0000,-0.0000,0.0000,0.0290,-0.3204,0.3449,0.1560,-0.1702,0.4158,0.0003,0.0000,0.0000,0.0000,False,-0.0714,-0.0792,0.0500,-0.0520,-0.0545,-0.0565,-1.1416,grasp,-0.1702,0.4158,0.0003,0.0000,0.0000,0.0000,False,,0.0500,0.0000,False,0.8020,-0.2600,0.0099,1.1836
160,0.0,0.2251,-0.0218,False,False,False,2.0299,4.6893,1.9979,-1.9827,-1.5687,0.0087,-0.0379,-0.0470,-0.1228,-0.0834,-0.1195,0.0646,0.1088,-0.3208,0.3450,0.1520,-0.1702,0.4158,0.0003,0.0000,0.0000,0.0000,False,-0.0198,-0.0243,-0.0654,-0.0436,-0.0622,0.0346,2.1171,grasp,-0.1702,0.4158,0.0003,0.0000,0.0000,0.0000,False,,0.0500,0.0000,True,0.8020,-0.2600,0.0099,1.1836
161,0.0,0.2226,-0.0144,False,False,False,2.0302,4.6883,1.9954,-1.9831,-1.5707,0.0097,0.0756,-0.0373,-0.0754,0.0761,-0.0332,0.0089,0.1672,-0.3208,0.3478,0.1496,-0.1702,0.4158,0.0003,0.0000,0.0000,0.0000,False,0.0750,-0.0380,-0.0777,0.0749,-0.0349,0.0098,0.1536,grasp,-0.1702,0.4158,0.0003,0.0000,0.0000,0.0000,False,,0.0500,0.0000,True,0.8020,-0.2600,0.0099,1.1836
162,0.0,0.2226,-0.0158,False,False,False,2.0302,4.6883,1.9954,-1.9831,-1.5707,0.0097,0.0756,-0.0373,-0.0754,0.0761,-0.0332,0.0089,0.1672,-0.3208,0.3478,0.1496,-0.1702,0.4158,0.0003,0.0000,0.0000,0.0000,False,-0.0012,-0.0265,0.0647,0.0570,-0.0611,-0.0723,-1.9399,grasp,-0.1702,0.4158,0.0003,0.0000,0.0000,0.0000,False,,0.0500,0.0000,False,0.8020,-0.2600,0.0099,1.1836
163,0.0,0.2226,-0.0287,False,False,False,2.0316,4.6876,1.9939,-1.9817,-1.5714,0.0098,0.1436,-0.0709,-0.1438,0.1445,-0.0632,0.0168,0.1872,-0.3208,0.3478,0.1496,-0.1702,0.4158,0.0003,0.0000,0.0000,0.0000,False,-0.0155,-0.0639,-0.0557,-0.0589,0.0712,-0.0370,-2.6091,grasp,-0.1702,0.4158,0.0003,0.0000,0.0000,0.0000,False,,0.0500,0.0000,False,0.8020,-0.2600,0.0099,1.1836
164,0.0,0.2226,-0.0030,False,False,False,2.0316,4.6876,1.9939,-1.9817,-1.5714,0.0098,-0.0000,0.0000,0.0000,0.0000,0.0000,0.0000,0.1691,-0.3208,0.3478,0.1496,-0.1702,0.4158,0.0003,0.0000,0.0000,0.0000,False,-0.0232,0.0497,0.0601,-0.0227,-0.0032,-0.0710,-2.9783,grasp,-0.1702,0.4158,0.0003,0.0000,0.0000,0.0000,False,,0.0500,0.0000,False,0.8020,-0.2600,0.0099,1.1836
165,0.0,0.2184,0.0015,False,False,False,2.0316,4.6876,1.9939,-1.9817,-1.5714,0.0098,-0.0000,0.0000,0.0000,0.0000,0.0000,0.0000,0.1691,-0.3208,0.3478,0.1496,-0.1740,0.4176,0.0037,0.0000,0.0000,0.0000,False,-0.0548,-0.0730,0.0790,0.0333,-0.0553,-0.0049,-1.0079,grasp,-0.1740,0.4176,0.0037,0.0000,0.0000,0.0000,False,,0.0500,0.0000,False,0.8020,-0.2600,0.0099,1.1836
166,0.0,0.2196,-0.0218,False,False,False,2.0331,4.6887,1.9936,-1.9803,-1.5706,0.0102,0.1122,0.0436,-0.0587,0.1029,0.0501,0.0734,0.1338,-0.3211,0.3475,0.1510,-0.1740,0.4176,0.0037,0.0000,0.0000,0.0000,False,0.0588,0.0235,-0.0303,0.0540,0.0264,0.0379,-2.5236,grasp,-0.1740,0.4176,0.0037,0.0000,0.0000,0.0000,False,,0.0500,0.0000,False,0.8020,-0.2600,0.0099,1.1836
167,0.0,0.2221,-0.0148,False,False,False,2.0348,4.6891,1.9924,-1.9794,-1.5692,0.0117,0.0138,-0.0219,-0.0418,-0.0503,0.0697,0.0434,0.1264,-0.3229,0.3463,0.1523,-0.1740,0.4176,0.0037,0.0000,0.0000,0.0000,False,0.0154,-0.0213,-0.0426,-0.0488,0.0705,0.0445,-2.2127,grasp,-0.1740,0.4176,0.0037,0.0000,0.0000,0.0000,False,,0.0500,0.0000,False,0.8020,-0.2600,0.0099,1.1836
168,0.0,0.2221,-0.0230,False,False,False,2.0351,4.6887,1.9916,-1.9803,-1.5679,0.0125,0.0262,-0.0416,-0.0793,-0.0955,0.1325,0.0825,0.1256,-0.3229,0.3463,0.1523,-0.1740,0.4176,0.0037,0.0000,0.0000,0.0000,False,-0.0698,-0.0423,-0.0078,-0.0329,-0.0029,-0.0430,0.5143,grasp,-0.1740,0.4176,0.0037,0.0000,0.0000,0.0000,False,,0.0500,0.0000,True,0.8020,-0.2600,0.0099,1.1836
169,0.0,0.2221,-0.0217,False,False,False,2.0351,4.6887,1.9916,-1.9803,-1.5679,0.0125,0.0262,-0.0416,-0.0793,-0.0955,0.1325,0.0825,0.1256,-0.3229,0.3463,0.1523,-0.1740,0.4176,0.0037,0.0000,0.0000,0.0000,False,-0.0143,-0.0099,0.0196,0.0155,-0.0723,0.0567,1.8510,grasp,-0.1740,0.4176,0.0037,0.0000,0.0000,0.0000,False,,0.0500,0.0000,True,0.8020,-0.2600,0.0099,1.1836
170,0.0,0.2221,-0.0024,False,False,False,2.0351,4.6887,1.9916,-1.9803,-1.5679,0.0125,0.0000,0.0000,0.0000,0.0000,-0.0000,0.0000,0.1656,-0.3229,0.3463,0.1523,-0.1740,0.4176,0.0037,0.0000,0.0000,0.0000,False,-0.0288,0.0006,-0.0075,0.0010,-0.0671,-0.0565,1.5018,grasp,-0.1740,0.4176,0.0037,0.0000,0.0000,0.0000,False,,0.0500,0.0000,True,0.8020,-0.2600,0.0099,1.1836
171,0.0,0.2239,-5.0033,True,False,False,2.0351,4.6887,1.9916,-1.9803,-1.5679,0.0125,0.0000,0.0000,0.0000,0.0000,-0.0000,0.0000,0.1656,-0.3229,0.3463,0.1523,-0.1749,0.4158,-0.0006,0.0000,0.0000,0.0000,False,0.0259,0.0446,0.0692,0.0454,0.0506,0.0559,2.9312,grasp,-0.1749,0.4158,-0.0006,0.0000,0.0000,0.0000,False,,0.0500,0.0000,True,0.8020,-0.2600,0.0099,1.1836
172,0.0,0.2167,-0.0021,False,False,False,2.0396,4.6960,2.0001,-1.9724,-1.5628,0.0156,0.0005,-0.0025,-0.0127,-0.0008,-0.0114,-0.0217,0.0015,-0.3237,0.3392,0.1524,-0.1826,0.4032,0.0009,0.0000,0.0000,0.0000,False,0.0308,0.0418,-0.0560,0.0158,-0.0518,-0.0677,1.4155,grasp,-0.1826,0.4032,0.0009,0.0000,0.0000,0.0000,False,,0.0500,0.0000,True,0.8020,-0.2600,0.0099,1.1872
173,0.0,0.2167,-0.0030,False,False,False,2.0396,4.6960,2.0001,-1.9724,-1.5628,0.0156,0.0000,0.0000,0.0000,0.0000,-0.0000,0.0000,0.0215,-0.3237,0.3392,0.1524,-0.1826,0.4032,0.0009,0.0000,0.0000,0.0000,False,-0.0756,0.0624,0.0423,-0.0721,-0.0020,-0.0552,-0.5200,grasp,-0.1826,0.4032,0.0009,0.0000,0.0000,0.0000,False,,0.0500,0.0000,False,0.8020,-0.2600,0.0099,1.1872
174,0.0,0.2167,-0.0023,False,False,False,2.0396,4.6960,2.0001,-1.9724,-1.5628,0.0156,0.0000,0.0000,0.0000,0.0000,-0.0000,0.0000,0.0615,-0.3237,0.3392,0.1524,-0.1826,0.4032,0.0009,0.0000,0.0000,0.0000,False,-0.0097,-0.0123,-0.0621,-0.0289,-0.0752,-0.0665,0.8200,grasp,-0.1826,0.4032,0.0009,0.0000,0.0000,0.0000,False,,0.0500,0.0000,True,0.8020,-0.2600,0.0099,1.1872
175,0.0,0.2173,-0.0029,False,False,False,2.0396,4.6960,2.0001,-1.9724,-1.5628,0.0156,0.0000,0.0000,0.0000,0.0000,-0.0000,0.0000,0.0615,-0.3237,0.3392,0.1524,-0.1822,0.4045,0.0009,0.0000,0.0000,0.0000,False,-0.0628,0.0128,0.0796,0.0169,0.0411,-0.0300,2.5331,grasp,-0.1822,0.4045,0.0009,0.0000,0.0000,0.0000,False,,0.0500,0.0000,True,0.8020,-0.2600,0.0099,1.1872
176,0.0,0.2133,-0.0068,False,False,False,2.0395,4.6951,1.9991,-1.9731,-1.5633,0.0151,0.0012,-0.0790,-0.0442,-0.0398,0.0217,0.0186,0.1210,-0.3236,0.3396,0.1468,-0.1822,0.4045,0.0009,0.0000,0.0000,0.0000,False,0.0011,-0.0792,-0.0448,-0.0401,0.0210,0.0179,-0.4043,grasp,-0.1822,0.4045,0.0009,0.0000,0.0000,0.0000,False,,0.0500,0.0000,False,0.8020,-0.2600,0.0099,1.1872
177,0.0,0.2133,-0.0107,False,False,False,2.0393,4.6942,1.9979,-1.9736,-1.5625,0.0154,-0.0286,0.0672,-0.0329,0.0267,0.0421,-0.0072,0.1692,-0.3236,0.3396,0.1468,-0.1822,0.4045,0.0009,0.0000,0.0000,0.0000,False,-0.0286,0.0648,-0.0337,0.0259,0.0425,-0.0068,-0.8435,grasp,-0.1822,0.4045,0.0009,0.0000,0.0000,0.0000,False,,0.0500,0.0000,False,0.8020,-0.2600,0.0099,1.1872
178,0.0,0.2114,-0.0011,False,False,False,2.0387,4.6955,1.9973,-1.9731,-1.5617,0.0153,-0.0000,0.0000,0.0000,0.0000,-0.0000,0.0000,0.1658,-0.3244,0.3405,0.1437,-0.1822,0.4045,0.0009,0.0000,0.0000,0.0000,False,-0.0542,0.0652,0.0451,-0.0664,-0.0403,-0.0641,-2.9563,grasp,-0.1822,0.4045,0.0009,0.0000,0.0000,0.0000,False,,0.0500,0.0000,False,0.8020,-0.2600,0.0099,1.1872
179,0.0,0.2114,-0.0024,False,False,False,2.0387,4.6955,1.9973,-1.9731,-1.5617,0.0153,-0.0000,0.0000,0.0000,0.0000,-0.0000,0.0000,0.1658,-0.3244,0.3405,0.1437,-0.1822,0.4045,0.0009,0.0000,0.0000,0.0000,False,0.0372,-0.0614,-0.0200,0.0281,-0.0413,0.0374,-1.7268,grasp,-0.1822,0.4045,0.0009,0.0000,0.0000,0.0000,False,,0.0500,0.0000,False,0.8020,-0.2600,0.0099,1.1872
180,0.0,0.2114,-0.0036,False,False,False,2.0382,4.6961,1.9977,-1.9738,-1.5621,0.0147,0.0000,0.0000,0.0000,0.0000,-0.0000,0.0000,0.1716,-0.3244,0.3405,0.1437,-0.1822,0.4045,0.0009,0.0000,0.0000,0.0000,False,-0.0617,0.0316,-0.0578,0.0691,0.0189,-0.0168,0.5852,grasp,-0.1822,0.4045,0.0009,0.0000,0.0000,0.0000,False,,0.0500,0.0000,True,0.8020,-0.2600,0.0099,1.1872
181,0.0,0.2132,-0.0048,False,False,False,2.0382,4.6961,1.9977,-1.9738,-1.5621,0.0147,0.0000,0.0000,0.0000,0.0000,-0.0000,0.0000,0.1716,-0.3244,0.3405,0.1437,-0.1803,0.4075,0.0015,0.0000,0.0000,0.0000,False,0.0364,-0.0111,0.0422,-0.0160,0.0064,-0.0268,-2.5346,grasp,-0.1803,0.4075,0.0015,0.0000,0.0000,0.0000,False,,0.0500,0.0000,False,0.8020,-0.2600,0.0099,1.1872
182,0.0,0.2116,-0.0082,False,False,False,2.0381,4.6964,1.9974,-1.9727,-1.5626,0.0144,0.0528,-0.0064,0.0275,0.0441,-0.0673,-0.0118,0.2312,-0.3239,0.3409,0.1419,-0.1803,0.4075,0.0015,0.0000,0.0000,0.0000,False,0.0522,-0.0061,0.0269,0.0448,-0.0671,-0.0119,0.7318,grasp,-0.1803,0.4075,0.0015,0.0000,0.0000,0.0000,False,,0.0500,0.0000,True,0.8020,-0.2600,0.0099,1.1872
183,0.0,0.2116,-0.0099,False,False,False,2.0393,4.6967,1.9982,-1.9714,-1.5644,0.0140,0.0218,0.0510,0.0250,0.0372,-0.0557,-0.0184,0.2904,-0.3239,0.3409,0.1419,-0.1803,0.4075,0.0015,0.0000,0.0000,0.0000,False,0.0228,0.0509,0.0255,0.0381,-0.0570,-0.0187,1.9455,grasp,-0.1803,0.4075,0.0015,0.0000,0.0000,0.0000,False,,0.0500,0.0000,True,0.8020,-0.2600,0.0099,1.1872
184,0.0,0.2078,0.0012,False,False,False,2.0397,4.6978,1.9987,-1.9707,-1.5655,0.0136,0.0000,0.0000,0.0000,0.0000,-0.0000,0.0000,0.3300,-0.3231,0.3394,0.1362,-0.1803,0.4075,0.0015,0.0000,0.0000,0.0000,False,-0.0350,-0.0139,0.0685,-0.0672,0.0303,-0.0013,2.1572,grasp,-0.1803,0.4075,0.0015,0.0000,0.0000,0.0000,False,,0.0500,0.0000,True,0.8020,-0.2600,0.0099,1.1872
185,0.0,0.2078,-0.0020,False,False,False,2.0397,4.6978,1.9987,-1.9707,-1.5655,0.0136,0.0000,0.0000,0.0000,0.0000,-0.0000,0.0000,0.3300,-0.3231,0.3394,0.1362,-0.1803,0.4075,0.0015,0.0000,0.0000,0.0000,False,0.0276,-0.0497,0.0493,0.0058,-0.0317,0.0080,-0.4561,grasp,-0.1803,0.4075,0.0015,0.0000,0.0000,0.0000,False,,0.0500,0.0000,False,0.8020,-0.2600,0.0099,1.1872
186,0.0,0.2078,-0.0019,False,False,False,2.0394,4.6976,1.9993,-1.9714,-1.5652,0.0136,0.0000,0.0000,0.0000,0.0000,-0.0000,0.0000,0.3699,-0.3231,0.3394,0.1362,-0.1803,0.4075,0.0015,0.0000,0.0000,0.0000,False,0.0742,0.0148,-0.0348,-0.0549,-0.0128,0.0284,2.3191,grasp,-0.1803,0.4075,0.0015,0.0000,0.0000,0.0000,False,,0.0500,0.0000,True,0.8020,-0.2600,0.0099,1.1872
187,0.0,0.2120,-5.0075,True,False,False,2.0394,4.6976,1.9993,-1.9714,-1.5652,0.0136,0.0000,0.0000,0.0000,0.0000,-0.0000,0.0000,0.3699,-0.3231,0.3394,0.1362,-0.1763,0.4070,-0.0011,0.0000,0.0000,0.0000,False,0.0429,0.0134,-0.0649,0.0458,-0.0713,-0.0631,2.4136,grasp,-0.1763,0.4070,-0.0011,0.0000,0.0000,0.0000,False,,0.0500,0.0000,True,0.8020,-0.2600,0.0099,1.1872
188,0.0,0.2229,-0.0025,False,False,False,2.0440,4.6979,1.9906,-1.9679,-1.5736,0.0039,-0.0056,-0.0052,0.0005,-0.0070,0.0036,-0.0055,0.0048,-0.3238,0.3415,0.1549,-0.1789,0.4102,0.0001,0.0000,0.0000,0.0000,False,0.0318,0.0754,-0.0279,-0.0657,0.0039,0.0779,-1.6090,grasp,-0.1789,0.4102,0.0001,0.0000,0.0000,0.0000,False,,0.0500,0.0000,False,0.8020,-0.2600,0.0099,1.1880
189,0.0,0.2222,-0.0015,False,False,False,2.0440,4.6979,1.9906,-1.9679,-1.5736,0.0039,-0.0000,0.0000,0.0000,0.0000,0.0000,-0.0000,0.0288,-0.3238,0.3416,0.1540,-0.1789,0.4102,0.0001,0.0000,0.0000,0.0000,False,-0.0130,0.0363,0.0559,0.0558,-0.0311,-0.0354,-2.5693,grasp,-0.1789,0.4102,0.0001,0.0000,0.0000,0.0000,False,,0.0500,0.0000,False,0.8020,-0.2600,0.0099,1.1880
190,0.0,0.2222,-0.0108,False,False,False,2.0439,4.6983,1.9912,-1.9674,-1.5739,0.0036,-0.0130,0.0363,0.0559,0.0558,-0.0311,-0.0354,0.0332,-0.3238,0.3416,0.1540,-0.1789,0.4102,0.0001,0.0000,0.0000,0.0000,False,0.0131,0.0050,-0.0709,-0.0681,-0.0758,-0.0713,2.5083,grasp,-0.1789,0.4102,0.0001,0.0000,0.0000,0.0000,False,,0.0500,0.0000,True,0.8020,-0.2600,0.0099,1.1880
191,0.0,0.2223,-0.0134,False,False,False,2.0439,4.6983,1.9912,-1.9674,-1.5739,0.0036,-0.0130,0.0363,0.0559,0.0558,-0.0311,-0.0354,0.0332,-0.3238,0.3416,0.1540,-0.1789,0.4106,0.0001,0.0000,0.0000,0.0000,False,0.0654,0.0732,-0.0738,0.0284,0.0415,0.0498,-2.2792,grasp,-0.1789,0.4106,0.0001,0.0000,0.0000,0.0000,False,,0.0500,0.0000,False,0.8020,-0.2600,0.0099,1.1880
192,0.0,0.2188,-0.0052,False,False,False,2.0440,4.6988,1.9913,-1.9677,-1.5746,0.0038,0.0168,0.0472,0.0096,-0.0282,-0.0707,0.0197,0.0931,-0.3234,0.3414,0.1491,-0.1789,0.4106,0.0001,0.0000,0.0000,0.0000,False,0.0168,0.0472,0.0096,-0.0282,-0.0707,0.0197,1.2189,grasp,-0.1789,0.4106,0.0001,0.0000,0.0000,0.0000,False,,0.0500,0.0000,True,0.8020,-0.2600,0.0099,1.1880
193,0.0,0.2188,-0.0027,False,False,False,2.0441,4.7004,1.9913,-1.9687,-1.5760,0.0042,-0.0291,0.0737,-0.0209,-0.0537,-0.0069,0.0024,0.1531,-0.3234,0.3414,0.1491,-0.1789,0.4106,0.0001,0.0000,0.0000,0.0000,False,-0.0288,0.0747,-0.0207,-0.0542,-0.0083,0.0027,2.3863,grasp,-0.1789,0.4106,0.0001,0.0000,0.0000,0.0000,False,,0.0500,0.0000,True,0.8020,-0.2600,0.0099,1.1880
194,0.0,0.2188,-0.0177,False,False,False,2.0435,4.7018,1.9909,-1.9698,-1.5762,0.0042,-0.0554,0.1401,-0.0397,-0.1020,-0.0131,0.0045,0.1731,-0.3234,0.3414,0.1491,-0.1789,0.4106,0.0001,0.0000,0.0000,0.0000,False,0.0511,-0.0664,0.0480,0.0583,-0.0526,-0.0050,-3.0392,grasp,-0.1789,0.4106,0.0001,0.0000,0.0000,0.0000,False,,0.0500,0.0000,False,0.8020,-0.2600,0.0099,1.1880
195,0.0,0.2134,0.0010,False,False,False,2.0427,4.7040,1.9903,-1.9712,-1.5763,0.0043,-0.0000,0.0000,0.0000,0.0000,0.0000,-0.0000,0.1914,-0.3231,0.3432,0.1424,-0.1789,0.4106,0.0001,0.0000,0.0000,0.0000,False,0.0571,-0.0410,0.0189,0.0325,0.0038,0.0708,-1.8876,grasp,-0.1789,0.4106,0.0001,0.0000,0.0000,0.0000,False,,0.0500,0.0000,False,0.8020,-0.2600,0.0099,1.1880
196,0.0,0.2134,-0.0121,False,False,False,2.0433,4.7035,1.9905,-1.9709,-1.5763,0.0050,0.0579,-0.0446,0.0195,0.0339,0.0040,0.0708,0.1883,-0.3231,0.3432,0.1424,-0.1789,0.4106,0.0001,0.0000,0.0000,0.0000,False,0.0583,0.0761,-0.0727,-0.0499,-0.0654,-0.0180,1.0678,grasp,-0.1789,0.4106,0.0001,0.0000,0.0000,0.0000,False,,0.0500,0.0000,True,0.8020,-0.2600,0.0099,1.1880
197,0.0,0.2171,-5.0137,True,False,False,2.0433,4.7035,1.9905,-1.9709,-1.5763,0.0050,0.0579,-0.0446,0.0195,0.0339,0.0040,0.0708,0.1883,-0.3231,0.3432,0.1424,-0.1762,0.4125,-0.0018,0.0000,0.0000,0.0000,False,-0.0478,-0.0192,-0.0648,-0.0362,-0.0055,0.0151,-2.8700,grasp,-0.1762,0.4125,-0.0018,0.0000,0.0000,0.0000,False,,0.0500,0.0000,False,0.8020,-0.2600,0.0099,1.1880
198,0.0,0.2294,-5.0031,True,False,False,2.0361,4.6986,1.9820,-1.9762,-1.5757,0.0057,0.0051,-0.0058,0.0118,0.0042,0.0061,-0.0075,0.0032,-0.3233,0.3498,0.1598,-0.1751,0.4204,-0.0005,0.0000,0.0000,0.0000,False,-0.0245,0.0570,-0.0297,-0.0786,0.0235,0.0713,1.5968,grasp,-0.1751,0.4204,-0.0005,0.0000,0.0000,0.0000,False,,0.0500,0.0000,True,0.8020,-0.2600,0.0099,1.1907
199,0.0,0.2271,-5.0015,True,False,False,2.0355,4.7018,1.9828,-1.9816,-1.5720,0.0096,0.0070,-0.0118,0.0127,0.0134,0.0015,-0.0149,0.0000,-0.3245,0.3509,0.1588,-0.1781,0.4207,-0.0002,0.0000,0.0000,0.0000,False,-0.0098,-0.0251,-0.0273,-0.0503,0.0652,-0.0333,-0.3329,grasp,-0.1781,0.4207,-0.0002,0.0000,0.0000,0.0000,False,,0.0500,0.0000,False,0.8020,-0.2600,0.0099,1.1933
200,0.0,0.2272,-5.0021,True,False,False,2.0367,4.6982,1.9847,-1.9804,-1.5693,0.0050,0.0050,-0.0061,0.0096,0.0114,-0.0026,-0.0077,0.0007,-0.3251,0.3490,0.1594,-0.1795,0.4195,-0.0002,0.0000,0.0000,0.0000,False,-0.0663,-0.0518,-0.0161,-0.0623,0.0755,-0.0058,1.4272,grasp,-0.1795,0.4195,-0.0002,0.0000,0.0000,0.0000,False,,0.0500,0.0000,True,0.8020,-0.2600,0.0099,1.1938
201,0.0,0.2302,-5.0056,True,False,False,2.0302,4.6908,1.9851,-1.9850,-1.5612,0.0026,0.0150,0.0052,0.0090,0.0183,-0.0150,-0.0039,0.0000,-0.3253,0.3509,0.1631,-0.1801,0.4229,-0.0003,0.0000,0.0000,0.0000,False,0.0751,-0.0400,-0.0064,-0.0021,-0.0383,-0.0113,0.3901,grasp,-0.1801,0.4229,-0.0003,0.0000,0.0000,0.0000,False,,0.0500,0.0000,True,0.8020,-0.2600,0.0099,1.1962
202,0.0,0.2296,-5.0017,True,False,False,2.0364,4.6906,1.9870,-1.9808,-1.5661,0.0012,0.0055,0.0056,0.0062,0.0120,-0.0076,-0.0019,0.0007,-0.3254,0.3478,0.1618,-0.1798,0.4199,-0.0004,0.0000,0.0000,0.0000,False,-0.0490,-0.0112,-0.0742,0.0455,-0.0179,0.0510,2.8807,grasp,-0.1798,0.4199,-0.0004,0.0000,0.0000,0.0000,False,,0.0500,0.0000,True,0.8020,-0.2600,0.0099,1.1942
203,0.0,0.2300,-5.0023,True,False,False,2.0359,4.6914,1.9857,-1.9764,-1.5685,0.0027,0.0063,0.0042,0.0081,0.0052,-0.0039,-0.0041,0.0007,-0.3244,0.3479,0.1618,-0.1775,0.4189,-0.0004,0.0000,0.0000,0.0000,False,-0.0251,0.0221,-0.0315,0.0702,0.0729,0.0085,-1.2520,grasp,-0.1775,0.4189,-0.0004,0.0000,0.0000,0.0000,False,,0.0500,0.0000,False,0.8020,-0.2600,0.0099,1.1918
204,0.0,0.2138,-5.0034,True,False,False,2.0365,4.6932,1.9865,-1.9726,-1.5668,0.0020,0.0055,0.0015,0.0070,-0.0005,-0.0066,-0.0031,0.5977,-0.3245,0.3462,0.1366,-0.1756,0.4160,-0.0002,0.0000,0.0000,0.0000,False,-0.0557,0.0335,-0.0522,0.0647,0.0609,-0.0644,-2.5302,grasp,-0.1756,0.4160,-0.0002,0.0000,0.0000,0.0000,False,,0.0500,0.0000,False,0.8020,-0.2600,0.0099,1.1886
205,0.0,0.2258,-5.0022,True,False,False,2.0357,4.6948,1.9862,-1.9704,-1.5660,-0.0010,0.0066,-0.0009,0.0074,-0.0039,-0.0076,0.0016,0.0093,-0.3240,0.3458,0.1585,-0.1791,0.4153,-0.0000,0.0000,0.0000,0.0000,False,-0.0580,0.0190,0.0778,0.0136,0.0592,-0.0312,-2.0840,grasp,-0.1791,0.4153,-0.0000,0.0000,0.0000,0.0000,False,,0.0500,0.0000,False,0.8020,-0.2600,0.0099,1.1911
206,0.0,0.2226,-0.0177,False,False,False,2.0360,4.6947,1.9901,-1.9716,-1.5655,-0.0024,0.0734,-0.0524,-0.0559,-0.0712,0.0255,-0.0597,0.0298,-0.3231,0.3442,0.1560,-0.1795,0.4128,0.0003,0.0000,0.0000,0.0000,False,0.0735,-0.0524,-0.0559,-0.0712,0.0254,-0.0597,-1.9124,grasp,-0.1795,0.4128,0.0003,0.0000,0.0000,0.0000,False,,0.0500,0.0000,False,0.8020,-0.2600,0.0099,1.1900
207,0.0,0.2226,-0.0171,False,False,False,2.0360,4.6947,1.9901,-1.9716,-1.5655,-0.0024,0.0734,-0.0524,-0.0559,-0.0712,0.0255,-0.0597,0.0298,-0.3231,0.3442,0.1560,-0.1795,0.4128,0.0003,0.0000,0.0000,0.0000,False,-0.0087,0.0574,-0.0209,0.0228,0.0213,-0.0647,2.2318,grasp,-0.1795,0.4128,0.0003,0.0000,0.0000,0.0000,False,,0.0500,0.0000,True,0.8020,-0.2600,0.0099,1.1900
208,0.0,0.2228,-0.0187,False,False,False,2.0360,4.6947,1.9901,-1.9716,-1.5655,-0.0024,0.0734,-0.0524,-0.0559,-0.0712,0.0255,-0.0597,0.0298,-0.3231,0.3442,0.1560,-0.1794,0.4129,0.0003,0.0000,0.0000,0.0000,False,0.0188,-0.0118,-0.0364,0.0707,-0.0739,-0.0468,-0.6443,grasp,-0.1794,0.4129,0.0003,0.0000,0.0000,0.0000,False,,0.0500,0.0000,False,0.8020,-0.2600,0.0099,1.1900
209,0.0,0.2228,-0.0127,False,False,False,2.0374,4.6943,1.9893,-1.9736,-1.5656,-0.0039,0.0031,0.0592,0.0251,-0.0622,-0.0575,-0.0397,0.0823,-0.3231,0.3442,0.1560,-0.1794,0.4129,0.0003,0.0000,0.0000,0.0000,False,0.0045,0.0575,0.0241,-0.0636,-0.0570,-0.0409,2.5303,grasp,-0.1794,0.4129,0.0003,0.0000,0.0000,0.0000,False,,0.0500,0.0000,True,0.8020,-0.2600,0.0099,1.1900
210,0.0,0.2203,-0.0109,False,False,False,2.0369,4.6959,1.9899,-1.9755,-1.5673,-0.0044,-0.0506,0.0451,0.0058,-0.0729,-0.0629,0.0190,0.1422,-0.3243,0.3449,0.1516,-0.1794,0.4129,0.0003,0.0000,0.0000,0.0000,False,-0.0505,0.0467,0.0063,-0.0740,-0.0640,0.0183,0.4498,grasp,-0.1794,0.4129,0.0003,0.0000,0.0000,0.0000,False,,0.0500,0.0000,True,0.8020,-0.2600,0.0099,1.1900
211,0.0,0.2203,-0.0026,False,False,False,2.0360,4.6968,1.9900,-1.9769,-1.5685,-0.0041,0.0000,0.0000,0.0000,0.0000,-0.0000,0.0000,0.1819,-0.3243,0.3449,0.1516,-0.1794,0.4129,0.0003,0.0000,0.0000,0.0000,False,-0.0363,-0.0370,-0.0729,-0.0475,0.0637,-0.0706,1.4831,grasp,-0.1794,0.4129,0.0003,0.0000,0.0000,0.0000,False,,0.0500,0.0000,True,0.8020,-0.2600,0.0099,1.1900
212,0.0,0.2159,-0.0264,False,False,False,2.0350,4.6957,1.9879,-1.9782,-1.5666,-0.0061,-0.0672,-0.0722,-0.1387,-0.0877,0.1233,-0.1348,0.2219,-0.3238,0.3465,0.1464,-0.1794,0.4129,0.0003,0.0000,0.0000,0.0000,False,-0.0061,0.0593,0.0620,0.0364,0.0735,0.0591,-2.2099,grasp,-0.1794,0.4129,0.0003,0.0000,0.0000,0.0000,False,,0.0500,0.0000,False,0.8020,-0.2600,0.0099,1.1900
213,0.0,0.2159,-0.0309,False,False,False,2.0350,4.6957,1.9879,-1.9782,-1.5666,-0.0061,-0.0672,-0.0722,-0.1387,-0.0877,0.1233,-0.1348,0.2219,-0.3238,0.3465,0.1464,-0.1794,0.4129,0.0003,0.0000,0.0000,0.0000,False,-0.0619,-0.0383,-0.0694,0.0311,0.0367,-0.0041,0.5983,grasp,-0.1794,0.4129,0.0003,0.0000,0.0000,0.0000,False,,0.0500,0.0000,True,0.8020,-0.2600,0.0099,1.1900
214,0.0,0.2185,-0.0042,False,False,False,2.0340,4.6943,1.9864,-1.9802,-1.5653,-0.0082,-0.0011,-0.0303,0.0611,-0.0766,-0.0405,-0.0135,0.2803,-0.3238,0.3465,0.1464,-0.1776,0.4181,0.0007,0.0000,0.0000,0.0000,False,-0.0021,-0.0317,0.0582,-0.0779,-0.0388,-0.0154,2.0968,grasp,-0.1776,0.4181,0.0007,0.0000,0.0000,0.0000,False,,0.0500,0.0000,True,0.8020,-0.2600,0.0099,1.1900
215,0.0,0.2185,-0.0111,False,False,False,2.0340,4.6943,1.9864,-1.9802,-1.5653,-0.0082,-0.0011,-0.0303,0.0611,-0.0766,-0.0405,-0.0135,0.2803,-0.3238,0.3465,0.1464,-0.1776,0.4181,0.0007,0.0000,0.0000,0.0000,False,0.0062,-0.0169,-0.0318,-0.0238,-0.0121,0.0044,-2.5468,grasp,-0.1776,0.4181,0.0007,0.0000,0.0000,0.0000,False,,0.0500,0.0000,False,0.8020,-0.2600,0.0099,1.1900
216,0.0,0.2171,0.0003,False,False,False,2.0340,4.6937,1.9875,-1.9817,-1.5661,-0.0085,0.0000,0.0000,0.0000,0.0000,-0.0000,0.0000,0.3403,-0.3247,0.3487,0.1446,-0.1776,0.4181,0.0007,0.0000,0.0000,0.0000,False,-0.0793,-0.0790,-0.0032,0.0761,-0.0617,-0.0135,-2.3857,grasp,-0.1776,0.4181,0.0007,0.0000,0.0000,0.0000,False,,0.0500,0.0000,False,0.8020,-0.2600,0.0099,1.1900
217,0.0,0.2156,-0.0170,False,False,False,2.0351,4.6935,1.9874,-1.9800,-1.5653,-0.0096,0.1241,0.0385,-0.0097,0.0585,0.0896,-0.0673,0.3693,-0.3245,0.3486,0.1423,-0.1776,0.4181,0.0007,0.0000,0.0000,0.0000,False,0.0645,0.0195,-0.0052,0.0315,0.0465,-0.0356,-0.0895,grasp,-0.1776,0.4181,0.0007,0.0000,0.0000,0.0000,False,,0.0500,0.0000,False,0.8020,-0.2600,0.0099,1.1900
218,0.0,0.2156,-0.0149,False,False,False,2.0376,4.6947,1.9866,-1.9787,-1.5641,-0.0103,0.0731,0.0641,-0.0583,0.0499,-0.0024,0.0278,0.3312,-0.3245,0.3486,0.1423,-0.1776,0.4181,0.0007,0.0000,0.0000,0.0000,False,0.0751,0.0646,-0.0585,0.0507,-0.0012,0.0268,-2.6448,grasp,-0.1776,0.4181,0.0007,0.0000,0.0000,0.0000,False,,0.0500,0.0000,False,0.8020,-0.2600,0.0099,1.1900
219,0.0,0.2156,-0.0136,False,False,False,2.0376,4.6947,1.9866,-1.9787,-1.5641,-0.0103,0.0731,0.0641,-0.0583,0.0499,-0.0024,0.0278,0.3312,-0.3245,0.3486,0.1423,-0.1776,0.4181,0.0007,0.0000,0.0000,0.0000,False,-0.0082,-0.0758,-0.0215,-0.0110,0.0308,-0.0190,0.6318,grasp,-0.1776,0.4181,0.0007,0.0000,0.0000,0.0000,False,,0.0500,0.0000,True,0.8020,-0.2600,0.0099,1.1900
220,0.0,0.2168,-0.0145,False,False,False,2.0376,4.6947,1.9866,-1.9787,-1.5641,-0.0103,0.0731,0.0641,-0.0583,0.0499,-0.0024,0.0278,0.3312,-0.3245,0.3486,0.1423,-0.1770,0.4221,0.0016,0.0000,0.0000,0.0000,False,0.0416,0.0451,-0.0030,-0.0548,-0.0183,0.0188,-0.5169,grasp,-0.1770,0.4221,0.0016,0.0000,0.0000,0.0000,False,,0.0500,0.0000,False,0.8020,-0.2600,0.0099,1.1900
221,0.0,0.2199,-0.0055,False,False,False,2.0390,4.6959,1.9855,-1.9777,-1.5641,-0.0098,-0.0000,0.0000,0.0000,0.0000,-0.0000,0.0000,0.2912,-0.3268,0.3466,0.1437,-0.1770,0.4221,0.0016,0.0000,0.0000,0.0000,False,-0.0000,0.0278,0.0065,0.0491,-0.0281,0.0761,-2.6783,grasp,-0.1770,0.4221,0.0016,0.0000,0.0000,0.0000,False,,0.0500,0.0000,False,0.8020,-0.2600,0.0099,1.1900
222,0.0,0.2199,-0.0098,False,False,False,2.0390,4.6962,1.9856,-1.9773,-1.5644,-0.0090,-0.0014,0.0266,0.0076,0.0482,-0.0281,0.0756,0.2712,-0.3268,0.3466,0.1437,-0.1770,0.4221,0.0016,0.0000,0.0000,0.0000,False,0.0056,0.0177,-0.0018,0.0709,0.0110,-0.0577,-1.2536,grasp,-0.1770,0.4221,0.0016,0.0000,0.0000,0.0000,False,,0.0500,0.0000,False,0.8020,-0.2600,0.0099,1.1900
223,0.0,0.2199,-0.0225,False,False,False,2.0401,4.6969,1.9838,-1.9750,-1.5666,-0.0067,0.0789,0.0134,-0.1310,0.0860,-0.1096,0.0573,0.3112,-0.3264,0.3463,0.1441,-0.1770,0.4221,0.0016,0.0000,0.0000,0.0000,False,0.0415,0.0075,-0.0688,0.0462,-0.0582,0.0316,0.9610,grasp,-0.1770,0.4221,0.0016,0.0000,0.0000,0.0000,False,,0.0500,0.0000,True,0.8020,-0.2600,0.0099,1.1900
224,0.0,0.2199,-0.0092,False,False,False,2.0412,4.6965,1.9814,-1.9734,-1.5682,-0.0062,-0.0012,-0.0583,-0.0490,0.0423,-0.0010,-0.0298,0.3366,-0.3264,0.3463,0.1441,-0.1770,0.4221,0.0016,0.0000,0.0000,0.0000,False,-0.0001,-0.0581,-0.0509,0.0436,-0.0025,-0.0290,-0.3656,grasp,-0.1770,0.4221,0.0016,0.0000,0.0000,0.0000,False,,0.0500,0.0000,False,0.8020,-0.2600,0.0099,1.1900
225,0.0,0.2199,-0.0092,False,False,False,2.0412,4.6965,1.9814,-1.9734,-1.5682,-0.0062,-0.0012,-0.0583,-0.0490,0.0423,-0.0010,-0.0298,0.3366,-0.3264,0.3463,0.1441,-0.1770,0.4221,0.0016,0.0000,0.0000,0.0000,False,0.0102,0.0607,-0.0718,-0.0490,0.0094,0.0653,-1.4071,grasp,-0.1770,0.4221,0.0016,0.0000,0.0000,0.0000,False,,0.0500,0.0000,False,0.8020,-0.2600,0.0099,1.1900
226,0.0,0.2187,-5.0086,True,False,False,2.0412,4.6965,1.9814,-1.9734,-1.5682,-0.0062,-0.0012,-0.0583,-0.0490,0.0423,-0.0010,-0.0298,0.3366,-0.3264,0.3463,0.1441,-0.1795,0.4191,-0.0007,0.0000,0.0000,0.0000,False,-0.0475,0.0124,-0.0248,-0.0609,-0.0603,0.0112,-0.9806,grasp,-0.1795,0.4191,-0.0007,0.0000,0.0000,0.0000,False,,0.0500,0.0000,False,0.8020,-0.2600,0.0099,1.1900
227,0.0,0.2315,-5.0041,True,False,False,2.0364,4.6963,1.9813,-1.9785,-1.5746,-0.0037,0.0049,-0.0029,0.0134,0.0076,0.0050,0.0051,0.0036,-0.3241,0.3504,0.1614,-0.1761,0.4240,-0.0006,0.0000,0.0000,0.0000,False,-0.0726,0.0087,-0.0637,-0.0642,0.0738,0.0329,-0.6806,grasp,-0.1761,0.4240,-0.0006,0.0000,0.0000,0.0000,False,,0.0500,0.0000,False,0.8020,-0.2600,0.0099,1.1936
228,0.0,0.2303,-5.0023,True,False,False,2.0351,4.6959,1.9825,-1.9788,-1.5707,-0.0012,0.0076,-0.0026,0.0132,0.0090,-0.0005,0.0018,0.0007,-0.3244,0.3500,0.1613,-0.1775,0.4226,-0.0005,0.0000,0.0000,0.0000,False,-0.0209,0.0663,0.0499,0.0245,0.0186,0.0525,-2.1958,grasp,-0.1775,0.4226,-0.0005,0.0000,0.0000,0.0000,False,,0.0500,0.0000,False,0.8020,-0.2600,0.0099,1.1939
229,0.0,0.2256,-5.0025,True,False,False,2.0361,4.6977,1.9873,-1.9759,-1.5701,0.0011,0.0060,-0.0053,0.0056,0.0044,-0.0014,-0.0017,0.0001,-0.3236,0.3472,0.1580,-0.1784,0.4170,-0.0000,0.0000,0.0000,0.0000,False,-0.0729,-0.0565,0.0290,0.0596,0.0593,0.0605,-0.9487,grasp,-0.1784,0.4170,-0.0000,0.0000,0.0000,0.0000,False,,0.0500,0.0000,False,0.8020,-0.2600,0.0099,1.1915
230,0.0,0.2253,-0.0025,False,False,False,2.0349,4.6944,1.9897,-1.9727,-1.5683,0.0029,0.0080,-0.0003,0.0020,-0.0005,-0.0042,-0.0045,0.0000,-0.3227,0.3456,0.1581,-0.1775,0.4143,0.0000,0.0000,0.0000,0.0000,False,0.0396,0.0037,-0.0052,-0.0543,-0.0302,0.0166,0.7480,grasp,-0.1775,0.4143,0.0000,0.0000,0.0000,0.0000,False,,0.0500,0.0000,True,0.8020,-0.2600,0.0099,1.1892
231,0.0,0.2245,-0.0018,False,False,False,2.0349,4.6944,1.9897,-1.9727,-1.5683,0.0029,0.0000,0.0000,0.0000,0.0000,-0.0000,0.0000,0.0400,-0.3228,0.3455,0.1568,-0.1775,0.4143,0.0000,0.0000,0.0000,0.0000,False,-0.0346,-0.0135,-0.0708,0.0480,0.0690,0.0431,-0.6764,grasp,-0.1775,0.4143,0.0000,0.0000,0.0000,0.0000,False,,0.0500,0.0000,False,0.8020,-0.2600,0.0099,1.1892
232,0.0,0.2245,-0.0153,False,False,False,2.0345,4.6943,1.9890,-1.9722,-1.5676,0.0033,-0.0346,-0.0135,-0.0708,0.0480,0.0690,0.0431,0.0600,-0.3228,0.3455,0.1568,-0.1775,0.4143,0.0000,0.0000,0.0000,0.0000,False,0.0280,-0.0360,-0.0724,0.0690,-0.0158,-0.0445,-1.3228,grasp,-0.1775,0.4143,0.0000,0.0000,0.0000,0.0000,False,,0.0500,0.0000,False,0.8020,-0.2600,0.0099,1.1892
233,0.0,0.2244,-0.0123,False,False,False,2.0345,4.6943,1.9890,-1.9722,-1.5676,0.0033,-0.0346,-0.0135,-0.0708,0.0480,0.0690,0.0431,0.0600,-0.3228,0.3455,0.1568,-0.1777,0.4142,0.0000,0.0000,0.0000,0.0000,False,0.0339,0.0575,0.0230,-0.0720,-0.0203,0.0367,-2.0912,grasp,-0.1777,0.4142,0.0000,0.0000,0.0000,0.0000,False,,0.0500,0.0000,False,0.8020,-0.2600,0.0099,1.1892
234,0.0,0.2209,-0.0180,False,False,False,2.0338,4.6936,1.9885,-1.9714,-1.5669,0.0040,-0.0726,-0.0622,-0.0462,0.0787,0.0759,0.0684,0.1171,-0.3229,0.3458,0.1518,-0.1777,0.4142,0.0000,0.0000,0.0000,0.0000,False,-0.0726,-0.0622,-0.0462,0.0787,0.0759,0.0684,1.5443,grasp,-0.1777,0.4142,0.0000,0.0000,0.0000,0.0000,False,,0.0500,0.0000,True,0.8020,-0.2600,0.0099,1.1892
235,0.0,0.2209,-0.0127,False,False,False,2.0328,4.6928,1.9870,-1.9705,-1.5649,0.0052,0.0397,0.0362,-0.0646,-0.0533,0.0489,-0.0140,0.1764,-0.3229,0.3458,0.1518,-0.1777,0.4142,0.0000,0.0000,0.0000,0.0000,False,0.0384,0.0348,-0.0655,-0.0519,0.0504,-0.0127,2.7782,grasp,-0.1777,0.4142,0.0000,0.0000,0.0000,0.0000,False,,0.0500,0.0000,True,0.8020,-0.2600,0.0099,1.1892
236,0.0,0.2209,-0.0116,False,False,False,2.0328,4.6928,1.9870,-1.9705,-1.5649,0.0052,0.0397,0.0362,-0.0646,-0.0533,0.0489,-0.0140,0.1764,-0.3229,0.3458,0.1518,-0.1777,0.4142,0.0000,0.0000,0.0000,0.0000,False,-0.0596,0.0243,-0.0507,0.0257,0.0643,0.0603,2.0135,grasp,-0.1777,0.4142,0.0000,0.0000,0.0000,0.0000,False,,0.0500,0.0000,True,0.8020,-0.2600,0.0099,1.1892
237,0.0,0.2189,0.0003,False,False,False,2.0336,4.6935,1.9858,-1.9715,-1.5640,0.0049,0.0000,0.0000,0.0000,0.0000,-0.0000,0.0000,0.2356,-0.3241,0.3466,0.1481,-0.1777,0.4142,0.0000,0.0000,0.0000,0.0000,False,-0.0486,0.0686,0.0016,0.0488,-0.0162,-0.0048,3.0513,grasp,-0.1777,0.4142,0.0000,0.0000,0.0000,0.0000,False,,0.0500,0.0000,True,0.8020,-0.2600,0.0099,1.1892
238,0.0,0.2189,-0.0095,False,False,False,2.0331,4.6942,1.9858,-1.9710,-1.5642,0.0049,-0.0494,0.0679,0.0028,0.0498,-0.0171,-0.0046,0.2552,-0.3241,0.3466,0.1481,-0.1777,0.4142,0.0000,0.0000,0.0000,0.0000,False,-0.0222,-0.0560,0.0258,-0.0511,-0.0630,0.0598,1.4476,grasp,-0.1777,0.4142,0.0000,0.0000,0.0000,0.0000,False,,0.0500,0.0000,True,0.8020,-0.2600,0.0099,1.1892
239,0.0,0.2191,-0.0115,False,False,False,2.0331,4.6942,1.9858,-1.9710,-1.5642,0.0049,-0.0494,0.0679,0.0028,0.0498,-0.0171,-0.0046,0.2552,-0.3241,0.3466,0.1481,-0.1770,0.4163,0.0014,0.0000,0.0000,0.0000,False,-0.0428,-0.0171,-0.0537,-0.0010,-0.0116,0.0111,0.4033,grasp,-0.1770,0.4163,0.0014,0.0000,0.0000,0.0000,False,,0.0500,0.0000,True,0.8020,-0.2600,0.0099,1.1892
240,0.0,0.2165,-0.0119,False,False,False,2.0336,4.6949,1.9864,-1.9712,-1.5639,0.0041,0.0471,0.0712,0.0569,-0.0198,0.0246,-0.0770,0.2826,-0.3240,0.3463,0.1442,-0.1770,0.4163,0.0014,0.0000,0.0000,0.0000,False,0.0471,0.0712,0.0569,-0.0198,0.0246,-0.0770,-2.0403,grasp,-0.1770,0.4163,0.0014,0.0000,0.0000,0.0000,False,,0.0500,0.0000,False,0.8020,-0.2600,0.0099,1.1892
241,0.0,0.2165,-0.0108,False,False,False,2.0343,4.6970,1.9882,-1.9719,-1.5637,0.0026,-0.0188,0.0694,0.0786,-0.0336,-0.0282,0.0005,0.3077,-0.3240,0.3463,0.1442,-0.1770,0.4163,0.0014,0.0000,0.0000,0.0000,False,-0.0179,0.0716,0.0797,-0.0340,-0.0278,-0.0010,2.9157,grasp,-0.1770,0.4163,0.0014,0.0000,0.0000,0.0000,False,,0.0500,0.0000,True,0.8020,-0.2600,0.0099,1.1892
242,0.0,0.2165,-0.0211,False,False,False,2.0339,4.6983,1.9897,-1.9725,-1.5643,0.0026,-0.0358,0.1327,0.1493,-0.0639,-0.0537,0.0009,0.3274,-0.3240,0.3463,0.1442,-0.1770,0.4163,0.0014,0.0000,0.0000,0.0000,False,0.0020,0.0037,-0.0603,0.0594,-0.0066,0.0376,2.6121,grasp,-0.1770,0.4163,0.0014,0.0000,0.0000,0.0000,False,,0.0500,0.0000,True,0.8020,-0.2600,0.0099,1.1892
243,0.0,0.2130,-0.0073,False,False,False,2.0339,4.6985,1.9891,-1.9719,-1.5643,0.0030,0.0023,0.0009,-0.0620,0.0600,-0.0061,0.0376,0.3674,-0.3235,0.3451,0.1387,-0.1770,0.4163,0.0014,0.0000,0.0000,0.0000,False,-0.0093,0.0775,-0.0125,-0.0674,0.0272,-0.0478,-0.9062,grasp,-0.1770,0.4163,0.0014,0.0000,0.0000,0.0000,False,,0.0500,0.0000,False,0.8020,-0.2600,0.0099,1.1892
244,0.0,0.2130,-0.0160,False,False,False,2.0340,4.6985,1.9879,-1.9708,-1.5644,0.0037,0.0044,0.0032,-0.1176,0.1140,-0.0115,0.0714,0.3874,-0.3235,0.3451,0.1387,-0.1770,0.4163,0.0014,0.0000,0.0000,0.0000,False,0.0646,0.0269,-0.0282,-0.0289,-0.0041,0.0280,-0.2554,grasp,-0.1770,0.4163,0.0014,0.0000,0.0000,0.0000,False,,0.0500,0.0000,False,0.8020,-0.2600,0.0099,1.1892
245,0.0,0.2180,-5.0220,True,False,False,2.0340,4.6985,1.9879,-1.9708,-1.5644,0.0037,0.0044,0.0032,-0.1176,0.1140,-0.0115,0.0714,0.3874,-0.3235,0.3451,0.1387,-0.1739,0.4149,-0.0038,0.0000,0.0000,0.0000,False,-0.0595,0.0261,0.0476,-0.0649,-0.0690,-0.0535,1.9529,grasp,-0.1739,0.4149,-0.0038,0.0000,0.0000,0.0000,False,,0.0500,0.0000,True,0.8020,-0.2600,0.0099,1.1892
246,0.0,0.2203,-0.0032,False,False,False,2.0256,4.7017,1.9968,-1.9823,-1.5778,-0.0063,0.0193,-0.0102,-0.0078,0.0125,0.0091,0.0084,0.0047,-0.3167,0.3494,0.1518,-0.1723,0.4181,0.0003,0.0000,0.0000,0.0000,False,-0.0500,0.0423,-0.0085,0.0523,-0.0766,0.0727,2.0461,grasp,-0.1723,0.4181,0.0003,0.0000,0.0000,0.0000,False,,0.0500,0.0000,True,0.8020,-0.2600,0.0099,1.1871
247,0.0,0.2190,-0.0098,False,False,False,2.0251,4.7017,1.9965,-1.9824,-1.5774,-0.0056,-0.0535,-0.0021,-0.0288,-0.0102,0.0436,0.0701,0.0647,-0.3170,0.3492,0.1496,-0.1723,0.4181,0.0003,0.0000,0.0000,0.0000,False,-0.0535,-0.0021,-0.0288,-0.0102,0.0436,0.0701,-2.9782,grasp,-0.1723,0.4181,0.0003,0.0000,0.0000,0.0000,False,,0.0500,0.0000,False,0.8020,-0.2600,0.0099,1.1871
248,0.0,0.2190,-0.0115,False,False,False,2.0251,4.7017,1.9965,-1.9824,-1.5774,-0.0056,-0.0535,-0.0021,-0.0288,-0.0102,0.0436,0.0701,0.0647,-0.3170,0.3492,0.1496,-0.1723,0.4181,0.0003,0.0000,0.0000,0.0000,False,0.0464,-0.0481,0.0615,0.0419,0.0565,-0.0705,0.9041,grasp,-0.1723,0.4181,0.0003,0.0000,0.0000,0.0000,False,,0.0500,0.0000,True,0.8020,-0.2600,0.0099,1.1871
249,0.0,0.2186,-0.0105,False,False,False,2.0251,4.7017,1.9965,-1.9824,-1.5774,-0.0056,-0.0535,-0.0021,-0.0288,-0.0102,0.0436,0.0701,0.0647,-0.3170,0.3492,0.1496,-0.1729,0.4177,0.0003,0.0000,0.0000,0.0000,False,-0.0670,-0.0676,0.0620,0.0231,0.0153,-0.0205,1.3481,grasp,-0.1729,0.4177,0.0003,0.0000,0.0000,0.0000,False,,0.0500,0.0000,True,0.8020,-0.2600,0.0099,1.1871
250,0.0,0.2186,-0.0102,False,False,False,2.0238,4.7021,1.9960,-1.9826,-1.5759,-0.0035,-0.0312,0.0365,0.0080,-0.0042,0.0658,0.0727,0.1242,-0.3170,0.3492,0.1496,-0.1729,0.4177,0.0003,0.0000,0.0000,0.0000,False,-0.0322,0.0364,0.0074,-0.0044,0.0666,0.0740,0.1959,grasp,-0.1729,0.4177,0.0003,0.0000,0.0000,0.0000,False,,0.0500,0.0000,True,0.8020,-0.2600,0.0099,1.1871
251,0.0,0.2145,-0.0152,False,False,False,2.0232,4.7028,1.9962,-1.9827,-1.5746,-0.0021,0.0000,0.0000,0.0000,0.0000,0.0000,-0.0000,0.1641,-0.3171,0.3499,0.1438,-0.1729,0.4177,0.0003,0.0000,0.0000,0.0000,False,-0.0388,0.0014,0.0662,-0.0057,0.0273,0.0339,-1.4992,grasp,-0.1729,0.4177,0.0003,0.0000,0.0000,0.0000,False,,0.0500,0.0000,False,0.8020,-0.2600,0.0099,1.1871
252,0.0,0.2145,-0.0160,False,False,False,2.0221,4.7028,1.9981,-1.9829,-1.5739,-0.0012,-0.0725,0.0012,0.1255,-0.0107,0.0495,0.0618,0.1737,-0.3171,0.3499,0.1438,-0.1729,0.4177,0.0003,0.0000,0.0000,0.0000,False,-0.0125,0.0046,0.0439,0.0017,0.0197,0.0055,-2.7140,grasp,-0.1729,0.4177,0.0003,0.0000,0.0000,0.0000,False,,0.0500,0.0000,False,0.8020,-0.2600,0.0099,1.1871
253,0.0,0.2126,-0.0079,False,False,False,2.0225,4.7029,1.9977,-1.9833,-1.5739,-0.0012,0.0438,0.0117,-0.0352,-0.0406,0.0023,-0.0049,0.1862,-0.3165,0.3494,0.1413,-0.1729,0.4177,0.0003,0.0000,0.0000,0.0000,False,0.0438,0.0117,-0.0352,-0.0406,0.0023,-0.0049,-0.8611,grasp,-0.1729,0.4177,0.0003,0.0000,0.0000,0.0000,False,,0.0500,0.0000,False,0.8020,-0.2600,0.0099,1.1871
254,0.0,0.2126,-0.0062,False,False,False,2.0225,4.7029,1.9977,-1.9833,-1.5739,-0.0012,0.0438,0.0117,-0.0352,-0.0406,0.0023,-0.0049,0.1862,-0.3165,0.3494,0.1413,-0.1729,0.4177,0.0003,0.0000,0.0000,0.0000,False,0.0251,0.0165,-0.0666,0.0253,0.0416,-0.0294,2.9437,grasp,-0.1729,0.4177,0.0003,0.0000,0.0000,0.0000,False,,0.0500,0.0000,True,0.8020,-0.2600,0.0099,1.1871
255,0.0,0.2152,-5.0096,True,False,False,2.0225,4.7029,1.9977,-1.9833,-1.5739,-0.0012,0.0438,0.0117,-0.0352,-0.0406,0.0023,-0.0049,0.1862,-0.3165,0.3494,0.1413,-0.1707,0.4169,-0.0018,0.0000,0.0000,0.0000,False,0.0622,0.0152,-0.0209,0.0034,-0.0727,-0.0202,2.1505,grasp,-0.1707,0.4169,-0.0018,0.0000,0.0000,0.0000,False,,0.0500,0.0000,True,0.8020,-0.2600,0.0099,1.1871
256,0.0,0.2232,-0.0043,False,False,False,2.0359,4.7025,1.9928,-1.9804,-1.5823,-0.0035,0.0056,-0.0113,-0.0024,0.0101,0.0155,0.0048,0.0017,-0.3199,0.3477,0.1535,-0.1740,0.4182,0.0000,0.0000,0.0000,0.0000,False,-0.0059,0.0613,0.0027,0.0667,-0.0492,-0.0195,-1.2002,grasp,-0.1740,0.4182,0.0000,0.0000,0.0000,0.0000,False,,0.0500,0.0000,False,0.8020,-0.2600,0.0099,1.1885
257,0.0,0.2216,-0.0104,False,False,False,2.0358,4.7034,1.9916,-1.9801,-1.5831,-0.0044,-0.0119,0.0638,-0.0773,0.0115,-0.0604,-0.0593,0.0615,-0.3200,0.3477,0.1512,-0.1740,0.4182,0.0000,0.0000,0.0000,0.0000,False,-0.0062,0.0335,-0.0407,0.0061,-0.0316,-0.0312,-0.8664,grasp,-0.1740,0.4182,0.0000,0.0000,0.0000,0.0000,False,,0.0500,0.0000,False,0.8020,-0.2600,0.0099,1.1885
258,0.0,0.2216,-0.0075,False,False,False,2.0354,4.7046,1.9902,-1.9799,-1.5839,-0.0054,-0.0163,0.0353,-0.0298,0.0041,0.0057,-0.0175,0.0811,-0.3200,0.3477,0.1512,-0.1740,0.4182,0.0000,0.0000,0.0000,0.0000,False,-0.0164,0.0363,-0.0309,0.0043,0.0048,-0.0184,-2.5860,grasp,-0.1740,0.4182,0.0000,0.0000,0.0000,0.0000,False,,0.0500,0.0000,False,0.8020,-0.2600,0.0099,1.1885
259,0.0,0.2216,-0.0049,False,False,False,2.0354,4.7046,1.9902,-1.9799,-1.5839,-0.0054,-0.0163,0.0353,-0.0298,0.0041,0.0057,-0.0175,0.0811,-0.3200,0.3477,0.1512,-0.1740,0.4182,0.0000,0.0000,0.0000,0.0000,False,0.0475,-0.0200,-0.0171,0.0641,-0.0741,0.0254,-0.7607,grasp,-0.1740,0.4182,0.0000,0.0000,0.0000,0.0000,False,,0.0500,0.0000,False,0.8020,-0.2600,0.0099,1.1885
260,0.0,0.2213,-0.0062,False,False,False,2.0354,4.7046,1.9902,-1.9799,-1.5839,-0.0054,-0.0163,0.0353,-0.0298,0.0041,0.0057,-0.0175,0.0811,-0.3200,0.3477,0.1512,-0.1744,0.4180,0.0001,0.0000,0.0000,0.0000,False,0.0495,0.0517,-0.0543,-0.0467,-0.0264,0.0316,0.6395,grasp,-0.1744,0.4180,0.0001,0.0000,0.0000,0.0000,False,,0.0500,0.0000,True,0.8020,-0.2600,0.0099,1.1885
261,0.0,0.2192,0.0003,False,False,False,2.0356,4.7057,1.9889,-1.9791,-1.5833,-0.0056,0.0446,0.0402,-0.0669,0.0759,0.0505,0.0163,0.0728,-0.3198,0.3491,0.1489,-0.1744,0.4180,0.0001,0.0000,0.0000,0.0000,False,0.0443,0.0408,-0.0675,0.0760,0.0507,0.0160,-2.8130,grasp,-0.1744,0.4180,0.0001,0.0000,0.0000,0.0000,False,,0.0500,0.0000,False,0.8020,-0.2600,0.0099,1.1885
262,0.0,0.2192,-0.0139,False,False,False,2.0356,4.7057,1.9889,-1.9791,-1.5833,-0.0056,0.0446,0.0402,-0.0669,0.0759,0.0505,0.0163,0.0728,-0.3198,0.3491,0.1489,-0.1744,0.4180,0.0001,0.0000,0.0000,0.0000,False,0.0523,-0.0268,0.0654,0.0353,0.0462,0.0337,-1.6923,grasp,-0.1744,0.4180,0.0001,0.0000,0.0000,0.0000,False,,0.0500,0.0000,False,0.8020,-0.2600,0.0099,1.1885
263,0.0,0.2192,-0.0025,False,False,False,2.0364,4.7065,1.9876,-1.9776,-1.5823,-0.0053,0.0000,0.0000,0.0000,0.0000,0.0000,-0.0000,0.1012,-0.3207,0.3487,0.1479,-0.1744,0.4180,0.0001,0.0000,0.0000,0.0000,False,0.0050,-0.0579,-0.0448,0.0622,-0.0200,-0.0432,0.8675,grasp,-0.1744,0.4180,0.0001,0.0000,0.0000,0.0000,False,,0.0500,0.0000,True,0.8020,-0.2600,0.0099,1.1885
264,0.0,0.2192,-0.0122,False,False,False,2.0365,4.7059,1.9872,-1.9770,-1.5825,-0.0057,0.0050,-0.0579,-0.0448,0.0622,-0.0200,-0.0432,0.1212,-0.3207,0.3487,0.1479,-0.1744,0.4180,0.0001,0.0000,0.0000,0.0000,False,-0.0536,0.0254,0.0587,0.0696,0.0191,0.0663,0.2273,grasp,-0.1744,0.4180,0.0001,0.0000,0.0000,0.0000,False,,0.0500,0.0000,True,0.8020,-0.2600,0.0099,1.1885
265,0.0,0.2192,-0.0122,False,False,False,2.0372,4.7064,1.9866,-1.9769,-1.5831,-0.0062,0.0706,0.0551,-0.0586,0.0104,-0.0546,-0.0476,0.1810,-0.3207,0.3487,0.1479,-0.1744,0.4180,0.0001,0.0000,0.0000,0.0000,False,0.0706,0.0551,-0.0586,0.0104,-0.0546,-0.0476,0.1180,grasp,-0.1744,0.4180,0.0001,0.0000,0.0000,0.0000,False,,0.0500,0.0000,True,0.8020,-0.2600,0.0099,1.1885
266,0.0,0.2204,-5.0166,True,False,False,2.0372,4.7064,1.9866,-1.9769,-1.5831,-0.0062,0.0706,0.0551,-0.0586,0.0104,-0.0546,-0.0476,0.1810,-0.3207,0.3487,0.1479,-0.1737,0.4197,-0.0002,0.0000,0.0000,0.0000,False,0.0482,-0.0314,-0.0602,-0.0130,0.0466,-0.0270,-0.7925,grasp,-0.1737,0.4197,-0.0002,0.0000,0.0000,0.0000,False,,0.0500,0.0000,False,0.8020,-0.2600,0.0099,1.1885
267,0.0,0.2287,-5.0020,True,False,False,2.0433,4.7006,1.9816,-1.9769,-1.5759,-0.0074,-0.0046,-0.0088,0.0130,0.0053,0.0067,0.0103,0.0018,-0.3259,0.3478,0.1593,-0.1798,0.4218,-0.0004,0.0000,0.0000,0.0000,False,-0.0456,0.0111,0.0138,0.0013,-0.0626,0.0615,-2.9796,grasp,-0.1798,0.4218,-0.0004,0.0000,0.0000,0.0000,False,,0.0500,0.0000,False,0.8020,-0.2600,0.0277,1.1957
268,0.0,0.2277,-5.0040,True,False,False,2.0405,4.6988,1.9854,-1.9755,-1.5764,-0.0026,-0.0008,-0.0070,0.0085,0.0037,0.0083,0.0040,0.0000,-0.3239,0.3472,0.1584,-0.1773,0.4190,-0.0003,0.0000,0.0000,0.0000,False,-0.0198,-0.0121,-0.0696,-0.0621,-0.0321,-0.0494,1.4730,grasp,-0.1773,0.4190,-0.0003,0.0000,0.0000,0.0000,False,,0.0500,0.0000,True,0.8020,-0.2600,0.0099,1.1917
269,0.0,0.2309,-5.0028,True,False,False,2.0392,4.6964,1.9834,-1.9782,-1.5763,-0.0045,0.0013,-0.0034,0.0118,0.0080,0.0083,0.0070,0.0000,-0.3242,0.3493,0.1608,-0.1765,0.4227,-0.0006,0.0000,0.0000,0.0000,False,-0.0717,0.0099,-0.0782,0.0626,0.0169,0.0163,-0.2010,grasp,-0.1765,0.4227,-0.0006,0.0000,0.0000,0.0000,False,,0.0500,0.0000,False,0.8020,-0.2600,0.0099,1.1931
270,0.0,0.2293,-5.0016,True,False,False,2.0381,4.6958,1.9846,-1.9752,-1.5741,-0.0026,0.0029,-0.0025,0.0098,0.0033,0.0048,0.0040,0.0005,-0.3237,0.3479,0.1601,-0.1766,0.4199,-0.0005,0.0000,0.0000,0.0000,False,0.0500,-0.0122,-0.0518,-0.0027,0.0575,0.0207,-0.6208,grasp,-0.1766,0.4199,-0.0005,0.0000,0.0000,0.0000,False,,0.0500,0.0000,False,0.8020,-0.2600,0.0099,1.1916
271,0.0,0.2287,-5.0037,True,False,False,2.0406,4.6948,1.9850,-1.9745,-1.5709,-0.0009,-0.0009,-0.0009,0.0091,0.0023,-0.0001,0.0014,0.0000,-0.3253,0.3463,0.1603,-0.1792,0.4180,-0.0003,0.0000,0.0000,0.0000,False,0.0727,0.0675,-0.0321,0.0363,0.0704,-0.0584,2.9850,grasp,-0.1792,0.4180,-0.0003,0.0000,0.0000,0.0000,False,,0.0500,0.0000,True,0.8020,-0.2600,0.0099,1.1926
272,0.0,0.2258,-5.0022,True,False,False,2.0430,4.6970,1.9859,-1.9726,-1.5684,-0.0027,-0.0046,-0.0043,0.0077,-0.0005,-0.0040,0.0042,0.0001,-0.3264,0.3443,0.1586,-0.1822,0.4153,-0.0000,0.0000,0.0000,0.0000,False,0.0082,0.0642,-0.0174,0.0317,0.0035,0.0087,0.4087,grasp,-0.1822,0.4153,-0.0000,0.0000,0.0000,0.0000,False,,0.0500,0.0000,True,0.8020,-0.2600,0.0099,1.1936
273,0.0,0.2244,-0.0023,False,False,False,2.0421,4.6982,1.9873,-1.9717,-1.5693,-0.0014,-0.0034,-0.0064,0.0059,-0.0021,-0.0028,0.0022,0.0000,-0.3254,0.3439,0.1573,-0.1815,0.4141,0.0001,0.0000,0.0000,0.0000,False,-0.0765,-0.0331,0.0758,0.0723,-0.0625,-0.0267,-3.0063,grasp,-0.1815,0.4141,0.0001,0.0000,0.0000,0.0000,False,,0.0500,0.0000,False,0.8020,-0.2600,0.0099,1.1924
274,0.0,0.2244,-0.0020,False,False,False,2.0421,4.6981,1.9874,-1.9717,-1.5693,-0.0013,-0.0034,-0.0064,0.0059,-0.0021,-0.0028,0.0022,0.0000,-0.3254,0.3439,0.1573,-0.1815,0.4141,0.0001,0.0000,0.0000,0.0000,False,0.0582,-0.0046,-0.0501,-0.0452,-0.0347,0.0094,-2.4592,grasp,-0.1815,0.4141,0.0001,0.0000,0.0000,0.0000,False,,0.0500,0.0000,False,0.8020,-0.2600,0.0099,1.1924
275,0.0,0.2244,-0.0028,False,False,False,2.0421,4.6981,1.9874,-1.9717,-1.5693,-0.0013,0.0000,0.0000,0.0000,0.0000,-0.0000,0.0000,0.0271,-0.3254,0.3439,0.1573,-0.1815,0.4141,0.0001,0.0000,0.0000,0.0000,False,0.0464,0.0113,-0.0504,-0.0134,-0.0380,-0.0507,-1.6257,grasp,-0.1815,0.4141,0.0001,0.0000,0.0000,0.0000,False,,0.0500,0.0000,False,0.8020,-0.2600,0.0099,1.1924
276,0.0,0.2246,-0.0015,False,False,False,2.0421,4.6981,1.9874,-1.9717,-1.5693,-0.0013,0.0000,0.0000,0.0000,0.0000,-0.0000,0.0000,0.0271,-0.3254,0.3439,0.1573,-0.1811,0.4140,0.0001,0.0000,0.0000,0.0000,False,0.0698,-0.0534,0.0097,-0.0436,0.0461,0.0605,-3.0170,grasp,-0.1811,0.4140,0.0001,0.0000,0.0000,0.0000,False,,0.0500,0.0000,False,0.8020,-0.2600,0.0099,1.1924
277,0.0,0.2220,-0.0249,False,False,False,2.0416,4.7001,1.9878,-1.9728,-1.5714,-0.0035,-0.0621,0.1224,0.0609,-0.0629,-0.1102,-0.1105,0.0988,-0.3255,0.3440,0.1536,-0.1811,0.4140,0.0001,0.0000,0.0000,0.0000,False,-0.0322,0.0645,0.0315,-0.0333,-0.0584,-0.0587,-1.1877,grasp,-0.1811,0.4140,0.0001,0.0000,0.0000,0.0000,False,,0.0500,0.0000,False,0.8020,-0.2600,0.0099,1.1924
278,0.0,0.2159,-0.0078,False,False,False,2.0414,4.7028,1.9884,-1.9737,-1.5724,-0.0044,0.0690,0.0710,-0.0247,-0.0007,0.0563,0.0710,0.1538,-0.3243,0.3445,0.1459,-0.1811,0.4140,0.0001,0.0000,0.0000,0.0000,False,0.0682,0.0749,-0.0238,-0.0016,0.0547,0.0695,1.2332,grasp,-0.1811,0.4140,0.0001,0.0000,0.0000,0.0000,False,,0.0500,0.0000,True,0.8020,-0.2600,0.0099,1.1924
279,0.0,0.2159,-0.0133,False,False,False,2.0414,4.7028,1.9884,-1.9737,-1.5724,-0.0044,0.0690,0.0710,-0.0247,-0.0007,0.0563,0.0710,0.1538,-0.3243,0.3445,0.1459,-0.1811,0.4140,0.0001,0.0000,0.0000,0.0000,False,0.0547,0.0213,0.0261,0.0487,0.0317,-0.0636,-2.2668,grasp,-0.1811,0.4140,0.0001,0.0000,0.0000,0.0000,False,,0.0500,0.0000,False,0.8020,-0.2600,0.0099,1.1924
280,0.0,0.2159,-0.0285,False,False,False,2.0427,4.7041,1.9879,-1.9737,-1.5713,-0.0031,0.1312,0.1371,-0.0469,-0.0013,0.1069,0.1349,0.1737,-0.3243,0.3445,0.1459,-0.1811,0.4140,0.0001,0.0000,0.0000,0.0000,False,-0.0646,-0.0052,0.0478,-0.0531,-0.0069,-0.0408,-0.9346,grasp,-0.1811,0.4140,0.0001,0.0000,0.0000,0.0000,False,,0.0500,0.0000,False,0.8020,-0.2600,0.0099,1.1924
281,0.0,0.2159,-0.0025,False,False,False,2.0427,4.7042,1.9879,-1.9737,-1.5713,-0.0031,0.0000,0.0000,0.0000,0.0000,0.0000,-0.0000,0.2137,-0.3243,0.3445,0.1459,-0.1811,0.4140,0.0001,0.0000,0.0000,0.0000,False,-0.0540,0.0529,0.0506,0.0102,-0.0626,-0.0654,-1.8800,grasp,-0.1811,0.4140,0.0001,0.0000,0.0000,0.0000,False,,0.0500,0.0000,False,0.8020,-0.2600,0.0099,1.1924
282,0.0,0.2195,-5.0057,True,False,False,2.0427,4.7042,1.9879,-1.9737,-1.5713,-0.0031,0.0000,0.0000,0.0000,0.0000,0.0000,-0.0000,0.2137,-0.3243,0.3445,0.1459,-0.1783,0.4154,-0.0019,0.0000,0.0000,0.0000,False,0.0473,-0.0108,-0.0192,0.0730,0.0182,0.0753,-0.8379,grasp,-0.1783,0.4154,-0.0019,0.0000,0.0000,0.0000,False,,0.0500,0.0000,False,0.8020,-0.2600,0.0099,1.1924
283,0.0,0.2225,-0.0028,False,False,False,2.0480,4.7005,1.9865,-1.9637,-1.5692,0.0074,-0.0105,-0.0082,0.0059,-0.0120,-0.0024,-0.0096,0.0025,-0.3266,0.3403,0.1557,-0.1827,0.4083,0.0002,0.0000,0.0000,0.0000,False,0.0710,0.0416,0.0139,0.0323,0.0327,0.0312,-2.6347,grasp,-0.1827,0.4083,0.0002,0.0000,0.0000,0.0000,False,,0.0500,0.0000,False,0.8020,-0.2600,0.0099,1.1900
284,0.0,0.2208,-0.0121,False,False,False,2.0484,4.6997,1.9864,-1.9643,-1.5699,0.0074,0.0511,-0.0721,-0.0174,-0.0455,-0.0719,0.0180,0.0485,-0.3266,0.3405,0.1533,-0.1827,0.4083,0.0002,0.0000,0.0000,0.0000,False,0.0511,-0.0721,-0.0174,-0.0455,-0.0719,0.0180,-0.8230,grasp,-0.1827,0.4083,0.0002,0.0000,0.0000,0.0000,False,,0.0500,0.0000,False,0.8020,-0.2600,0.0099,1.1900
285,0.0,0.2208,-0.0272,False,False,False,2.0494,4.6984,1.9860,-1.9652,-1.5713,0.0078,0.0970,-0.1372,-0.0331,-0.0865,-0.1366,0.0342,0.0685,-0.3266,0.3405,0.1533,-0.1827,0.4083,0.0002,0.0000,0.0000,0.0000,False,-0.0587,-0.0575,-0.0736,0.0701,0.0081,0.0018,1.7810,grasp,-0.1827,0.4083,0.0002,0.0000,0.0000,0.0000,False,,0.0500,0.0000,True,0.8020,-0.2600,0.0099,1.1900
286,0.0,0.2208,-0.0016,False,False,False,2.0494,4.6983,1.9860,-1.9652,-1.5713,0.0078,0.0000,0.0000,0.0000,0.0000,0.0000,-0.0000,0.1080,-0.3266,0.3405,0.1533,-0.1827,0.4083,0.0002,0.0000,0.0000,0.0000,False,-0.0388,-0.0281,-0.0381,-0.0746,0.0059,0.0399,2.8466,grasp,-0.1827,0.4083,0.0002,0.0000,0.0000,0.0000,False,,0.0500,0.0000,True,0.8020,-0.2600,0.0099,1.1900
287,0.0,0.2209,-0.0028,False,False,False,2.0494,4.6983,1.9860,-1.9652,-1.5713,0.0078,0.0000,0.0000,0.0000,0.0000,0.0000,-0.0000,0.1080,-0.3266,0.3405,0.1533,-0.1824,0.4091,0.0007,0.0000,0.0000,0.0000,False,-0.0216,0.0317,-0.0666,0.0646,-0.0009,0.0256,-1.4470,grasp,-0.1824,0.4091,0.0007,0.0000,0.0000,0.0000,False,,0.0500,0.0000,False,0.8020,-0.2600,0.0099,1.1900
288,0.0,0.2184,-0.0093,False,False,False,2.0489,4.6984,1.9859,-1.9666,-1.5705,0.0085,-0.0115,0.0332,0.0258,-0.0695,0.0751,0.0275,0.1317,-0.3268,0.3411,0.1498,-0.1824,0.4091,0.0007,0.0000,0.0000,0.0000,False,-0.0118,0.0329,0.0254,-0.0702,0.0752,0.0279,-2.0299,grasp,-0.1824,0.4091,0.0007,0.0000,0.0000,0.0000,False,,0.0500,0.0000,False,0.8020,-0.2600,0.0099,1.1900
289,0.0,0.2184,-0.0136,False,False,False,2.0489,4.6984,1.9859,-1.9666,-1.5705,0.0085,-0.0115,0.0332,0.0258,-0.0695,0.0751,0.0275,0.1317,-0.3268,0.3411,0.1498,-0.1824,0.4091,0.0007,0.0000,0.0000,0.0000,False,0.0354,0.0752,-0.0087,-0.0109,0.0790,0.0520,-3.0383,grasp,-0.1824,0.4091,0.0007,0.0000,0.0000,0.0000,False,,0.0500,0.0000,False,0.8020,-0.2600,0.0099,1.1900
290,0.0,0.2191,-0.0107,False,False,False,2.0486,4.6987,1.9867,-1.9676,-1.5685,0.0093,-0.0034,-0.0249,0.0356,0.0353,0.0542,0.0295,0.1116,-0.3274,0.3409,0.1502,-0.1824,0.4091,0.0007,0.0000,0.0000,0.0000,False,-0.0034,-0.0249,0.0356,0.0353,0.0542,0.0295,-2.5702,grasp,-0.1824,0.4091,0.0007,0.0000,0.0000,0.0000,False,,0.0500,0.0000,False,0.8020,-0.2600,0.0099,1.1900
291,0.0,0.2191,-0.0176,False,False,False,2.0486,4.6983,1.9874,-1.9669,-1.5675,0.0098,-0.0065,-0.0472,0.0676,0.0671,0.1029,0.0560,0.1077,-0.3274,0.3409,0.1502,-0.1824,0.4091,0.0007,0.0000,0.0000,0.0000,False,-0.0018,0.0243,-0.0629,0.0502,0.0013,0.0717,-1.4856,grasp,-0.1824,0.4091,0.0007,0.0000,0.0000,0.0000,False,,0.0500,0.0000,False,0.8020,-0.2600,0.0099,1.1900
292,0.0,0.2191,-0.0031,False,False,False,2.0486,4.6983,1.9874,-1.9669,-1.5675,0.0098,-0.0000,0.0000,0.0000,0.0000,-0.0000,0.0000,0.1380,-0.3274,0.3409,0.1502,-0.1824,0.4091,0.0007,0.0000,0.0000,0.0000,False,0.0456,0.0721,0.0686,-0.0551,0.0026,-0.0485,1.9896,grasp,-0.1824,0.4091,0.0007,0.0000,0.0000,0.0000,False,,0.0500,0.0000,True,0.8020,-0.2600,0.0099,1.1900
293,0.0,0.2224,-5.0056,True,False,False,2.0486,4.6983,1.9874,-1.9669,-1.5675,0.0098,-0.0000,0.0000,0.0000,0.0000,-0.0000,0.0000,0.1380,-0.3274,0.3409,0.1502,-0.1799,0.4111,-0.0007,0.0000,0.0000,0.0000,False,-0.0473,0.0368,-0.0410,0.0388,0.0730,0.0314,-1.7419,grasp,-0.1799,0.4111,-0.0007,0.0000,0.0000,0.0000,False,,0.0500,0.0000,False,0.8020,-0.2600,0.0099,1.1900
294,0.0,0.2262,-0.0035,False,False,False,2.0420,4.7010,1.9851,-1.9654,-1.5617,0.0096,-0.0027,-0.0094,0.0082,-0.0105,-0.0129,-0.0133,0.0050,-0.3270,0.3422,0.1559,-0.1775,0.4105,0.0005,0.0000,0.0000,0.0000,False,-0.0304,-0.0103,-0.0446,-0.0372,0.0672,-0.0287,2.7396,grasp,-0.1775,0.4105,0.0005,0.0000,0.0000,0.0000,False,,0.0500,0.0000,True,0.8020,-0.2600,0.0099,1.1871
295,0.0,0.2253,-0.0027,False,False,False,2.0420,4.7010,1.9851,-1.9654,-1.5617,0.0096,0.0000,0.0000,0.0000,0.0000,-0.0000,0.0000,0.0450,-0.3268,0.3423,0.1549,-0.1775,0.4105,0.0005,0.0000,0.0000,0.0000,False,-0.0319,-0.0720,-0.0252,-0.0752,-0.0607,0.0479,0.0402,grasp,-0.1775,0.4105,0.0005,0.0000,0.0000,0.0000,False,,0.0500,0.0000,True,0.8020,-0.2600,0.0099,1.1871
296,0.0,0.2253,-0.0135,False,False,False,2.0416,4.7002,1.9848,-1.9662,-1.5623,0.0101,-0.0319,-0.0720,-0.0252,-0.0752,-0.0607,0.0479,0.0650,-0.3268,0.3423,0.1549,-0.1775,0.4105,0.0005,0.0000,0.0000,0.0000,False,-0.0048,0.0750,-0.0500,-0.0002,-0.0438,-0.0345,2.8896,grasp,-0.1775,0.4105,0.0005,0.0000,0.0000,0.0000,False,,0.0500,0.0000,True,0.8020,-0.2600,0.0099,1.1871
297,0.0,0.2249,-0.0160,False,False,False,2.0416,4.7002,1.9848,-1.9662,-1.5623,0.0101,-0.0319,-0.0720,-0.0252,-0.0752,-0.0607,0.0479,0.0650,-0.3268,0.3423,0.1549,-0.1788,0.4117,0.0004,0.0000,0.0000,0.0000,False,-0.0738,0.0373,0.0161,0.0426,-0.0747,0.0675,-2.3781,grasp,-0.1788,0.4117,0.0004,0.0000,0.0000,0.0000,False,,0.0500,0.0000,False,0.8020,-0.2600,0.0099,1.1871
298,0.0,0.2212,-0.0189,False,False,False,2.0432,4.6997,1.9856,-1.9684,-1.5644,0.0101,0.1008,-0.0329,0.0502,-0.1462,-0.1393,-0.0011,0.1445,-0.3268,0.3427,0.1496,-0.1788,0.4117,0.0004,0.0000,0.0000,0.0000,False,0.0531,-0.0173,0.0264,-0.0769,-0.0733,-0.0006,-2.5343,grasp,-0.1788,0.4117,0.0004,0.0000,0.0000,0.0000,False,,0.0500,0.0000,False,0.8020,-0.2600,0.0099,1.1871
299,0.0,0.2212,-0.0028,False,False,False,2.0448,4.6995,1.9865,-1.9698,-1.5660,0.0103,0.0202,0.0225,0.0207,0.0708,0.0410,0.0295,0.2039,-0.3268,0.3427,0.1496,-0.1788,0.4117,0.0004,0.0000,0.0000,0.0000,False,0.0216,0.0220,0.0214,0.0687,0.0390,0.0295,2.7701,grasp,-0.1788,0.4117,0.0004,0.0000,0.0000,0.0000,False,,0.0500,0.0000,True,0.8020,-0.2600,0.0099,1.1871
300,0.0,0.2212,-0.0088,False,False,False,2.0448,4.6995,1.9865,-1.9698,-1.5660,0.0103,0.0202,0.0225,0.0207,0.0708,0.0410,0.0295,0.2039,-0.3268,0.3427,0.1496,-0.1788,0.4117,0.0004,0.0000,0.0000,0.0000,False,0.0643,-0.0390,-0.0012,0.0299,0.0358,0.0489,1.7563,grasp,-0.1788,0.4117,0.0004,0.0000,0.0000,0.0000,False,,0.0500,0.0000,True,0.8020,-0.2600,0.0099,1.1871
301,0.0,0.2180,0.0012,False,False,False,2.0452,4.6999,1.9869,-1.9684,-1.5652,0.0109,-0.0000,0.0000,0.0000,0.0000,-0.0000,0.0000,0.2435,-0.3271,0.3417,0.1440,-0.1788,0.4117,0.0004,0.0000,0.0000,0.0000,False,0.0253,-0.0052,0.0491,0.0505,-0.0660,0.0041,0.7853,grasp,-0.1788,0.4117,0.0004,0.0000,0.0000,0.0000,False,,0.0500,0.0000,True,0.8020,-0.2600,0.0099,1.1871
302,0.0,0.2180,-0.0096,False,False,False,2.0454,4.6999,1.9874,-1.9679,-1.5659,0.0109,0.0249,-0.0056,0.0487,0.0492,-0.0668,0.0035,0.2631,-0.3271,0.3417,0.1440,-0.1788,0.4117,0.0004,0.0000,0.0000,0.0000,False,0.0664,-0.0220,0.0079,0.0392,0.0374,-0.0560,1.1547,grasp,-0.1788,0.4117,0.0004,0.0000,0.0000,0.0000,False,,0.0500,0.0000,True,0.8020,-0.2600,0.0099,1.1871
303,0.0,0.2159,-0.0082,False,False,False,2.0454,4.6999,1.9874,-1.9679,-1.5659,0.0109,0.0249,-0.0056,0.0487,0.0492,-0.0668,0.0035,0.2631,-0.3271,0.3417,0.1440,-0.1812,0.4108,0.0006,0.0000,0.0000,0.0000,False,0.0653,0.0631,0.0701,-0.0669,-0.0759,0.0230,-0.4181,grasp,-0.1812,0.4108,0.0006,0.0000,0.0000,0.0000,False,,0.0500,0.0000,False,0.8020,-0.2600,0.0099,1.1871
304,0.0,0.2128,-0.0220,False,False,False,2.0440,4.6996,1.9887,-1.9660,-1.5637,0.0098,-0.0928,-0.0170,0.0875,0.1287,0.1423,-0.0753,0.3422,-0.3267,0.3410,0.1394,-0.1812,0.4108,0.0006,0.0000,0.0000,0.0000,False,-0.0488,-0.0089,0.0461,0.0677,0.0749,-0.0396,1.6168,grasp,-0.1812,0.4108,0.0006,0.0000,0.0000,0.0000,False,,0.0500,0.0000,True,0.8020,-0.2600,0.0099,1.1871
305,0.0,0.2128,-0.0152,False,False,False,2.0432,4.7001,1.9900,-1.9634,-1.5611,0.0089,0.0538,0.0756,-0.0012,0.0734,0.0582,0.0223,0.4014,-0.3267,0.3410,0.1394,-0.1812,0.4108,0.0006,0.0000,0.0000,0.0000,False,0.0525,0.0754,0.0000,0.0752,0.0603,0.0213,2.2967,grasp,-0.1812,0.4108,0.0006,0.0000,0.0000,0.0000,False,,0.0500,0.0000,True,0.8020,-0.2600,0.0099,1.1871
306,0.0,0.2128,-0.0141,False,False,False,2.0432,4.7001,1.9900,-1.9634,-1.5611,0.0089,0.0538,0.0756,-0.0012,0.0734,0.0582,0.0223,0.4014,-0.3267,0.3410,0.1394,-0.1812,0.4108,0.0006,0.0000,0.0000,0.0000,False,-0.0352,-0.0643,0.0243,0.0618,0.0365,0.0469,2.9303,grasp,-0.1812,0.4108,0.0006,0.0000,0.0000,0.0000,False,,0.0500,0.0000,True,0.8020,-0.2600,0.0099,1.1871
307,0.0,0.2102,-0.0011,False,False,False,2.0443,4.7016,1.9899,-1.9620,-1.5600,0.0094,0.0000,0.0000,0.0000,0.0000,-0.0000,0.0000,0.4409,-0.3267,0.3382,0.1339,-0.1812,0.4108,0.0006,0.0000,0.0000,0.0000,False,0.0737,0.0640,0.0359,-0.0319,-0.0551,0.0063,-0.0251,grasp,-0.1812,0.4108,0.0006,0.0000,0.0000,0.0000,False,,0.0500,0.0000,False,0.8020,-0.2600,0.0099,1.1871
308,0.0,0.2102,-0.0155,False,False,False,2.0439,4.7010,1.9902,-1.9614,-1.5597,0.0098,-0.0362,-0.0663,0.0243,0.0604,0.0354,0.0465,0.4608,-0.3267,0.3382,0.1339,-0.1812,0.4108,0.0006,0.0000,0.0000,0.0000,False,0.0055,0.0656,-0.0772,-0.0202,-0.0015,-0.0138,-2.7197,grasp,-0.1812,0.4108,0.0006,0.0000,0.0000,0.0000,False,,0.0500,0.0000,False,0.8020,-0.2600,0.0099,1.1871
309,0.0,0.2139,-5.0181,True,False,False,2.0439,4.7010,1.9902,-1.9614,-1.5597,0.0098,-0.0362,-0.0663,0.0243,0.0604,0.0354,0.0465,0.4608,-0.3267,0.3382,0.1339,-0.1779,0.4071,-0.0034,0.0000,0.0000,0.0000,False,0.0473,0.0152,0.0159,0.0135,-0.0620,0.0015,2.7381,grasp,-0.1779,0.4071,-0.0034,0.0000,0.0000,0.0000,False,,0.0500,0.0000,True,0.8020,-0.2600,0.0099,1.1871
310,0.0,0.2182,-0.0023,False,False,False,2.0508,4.7017,1.9931,-1.9623,-1.5731,0.0074,-0.0145,-0.0100,-0.0028,-0.0144,0.0029,-0.0099,0.0097,-0.3250,0.3368,0.1511,-0.1821,0.4037,0.0005,0.0000,0.0000,0.0000,False,-0.0433,0.0083,-0.0424,0.0779,0.0416,0.0212,0.6341,grasp,-0.1821,0.4037,0.0005,0.0000,0.0000,0.0000,False,,0.0500,0.0000,True,0.8020,-0.2600,0.0099,1.1870
311,0.0,0.2176,-0.0129,False,False,False,2.0500,4.7017,1.9933,-1.9617,-1.5729,0.0082,-0.0725,-0.0010,0.0184,0.0653,0.0211,0.0779,0.0485,-0.3250,0.3370,0.1504,-0.1821,0.4037,0.0005,0.0000,0.0000,0.0000,False,-0.0725,-0.0010,0.0184,0.0653,0.0211,0.0779,-0.5519,grasp,-0.1821,0.4037,0.0005,0.0000,0.0000,0.0000,False,,0.0500,0.0000,False,0.8020,-0.2600,0.0099,1.1870
312,0.0,0.2176,-0.0243,False,False,False,2.0487,4.7016,1.9936,-1.9604,-1.5725,0.0096,-0.1377,-0.0019,0.0350,0.1241,0.0400,0.1480,0.0684,-0.3250,0.3370,0.1504,-0.1821,0.4037,0.0005,0.0000,0.0000,0.0000,False,0.0464,0.0199,0.0573,-0.0379,0.0438,-0.0228,-2.7739,grasp,-0.1821,0.4037,0.0005,0.0000,0.0000,0.0000,False,,0.0500,0.0000,False,0.8020,-0.2600,0.0099,1.1870
313,0.0,0.2182,-0.0260,False,False,False,2.0487,4.7016,1.9936,-1.9604,-1.5725,0.0096,-0.1377,-0.0019,0.0350,0.1241,0.0400,0.1480,0.0684,-0.3250,0.3370,0.1504,-0.1818,0.4047,0.0004,0.0000,0.0000,0.0000,False,-0.0592,0.0218,-0.0662,-0.0400,-0.0496,0.0141,-0.4322,grasp,-0.1818,0.4047,0.0004,0.0000,0.0000,0.0000,False,,0.0500,0.0000,False,0.8020,-0.2600,0.0099,1.1870
314,0.0,0.2133,-0.0071,False,False,False,2.0492,4.7024,1.9938,-1.9607,-1.5721,0.0098,0.0554,0.0737,0.0158,-0.0255,0.0397,0.0176,0.1280,-0.3243,0.3366,0.1438,-0.1818,0.4047,0.0004,0.0000,0.0000,0.0000,False,0.0554,0.0737,0.0158,-0.0255,0.0397,0.0176,2.0246,grasp,-0.1818,0.4047,0.0004,0.0000,0.0000,0.0000,False,,0.0500,0.0000,True,0.8020,-0.2600,0.0099,1.1870
315,0.0,0.2133,-0.0150,False,False,False,2.0498,4.7035,1.9948,-1.9617,-1.5715,0.0108,-0.0517,-0.0346,0.0733,-0.0572,-0.0152,0.0680,0.1877,-0.3243,0.3366,0.1438,-0.1818,0.4047,0.0004,0.0000,0.0000,0.0000,False,-0.0507,-0.0326,0.0736,-0.0577,-0.0144,0.0684,2.6657,grasp,-0.1818,0.4047,0.0004,0.0000,0.0000,0.0000,False,,0.0500,0.0000,True,0.8020,-0.2600,0.0099,1.1870
316,0.0,0.2133,-0.0152,False,False,False,2.0498,4.7035,1.9948,-1.9617,-1.5715,0.0108,-0.0517,-0.0346,0.0733,-0.0572,-0.0152,0.0680,0.1877,-0.3243,0.3366,0.1438,-0.1818,0.4047,0.0004,0.0000,0.0000,0.0000,False,0.0744,-0.0169,-0.0326,-0.0252,0.0171,0.0457,-2.3354,grasp,-0.1818,0.4047,0.0004,0.0000,0.0000,0.0000,False,,0.0500,0.0000,False,0.8020,-0.2600,0.0099,1.1870
317,0.0,0.2092,-0.0059,False,False,False,2.0495,4.7027,1.9959,-1.9631,-1.5717,0.0126,0.0754,-0.0162,-0.0340,-0.0241,0.0174,0.0444,0.2476,-0.3239,0.3362,0.1377,-0.1818,0.4047,0.0004,0.0000,0.0000,0.0000,False,-0.0558,-0.0149,0.0040,-0.0023,0.0559,0.0253,2.8840,grasp,-0.1818,0.4047,0.0004,0.0000,0.0000,0.0000,False,,0.0500,0.0000,True,0.8020,-0.2600,0.0099,1.1870
318,0.0,0.2092,-0.0115,False,False,False,2.0495,4.7027,1.9959,-1.9631,-1.5717,0.0126,0.0754,-0.0162,-0.0340,-0.0241,0.0174,0.0444,0.2476,-0.3239,0.3362,0.1377,-0.1818,0.4047,0.0004,0.0000,0.0000,0.0000,False,-0.0385,-0.0720,0.0323,-0.0525,0.0602,-0.0583,-2.7342,grasp,-0.1818,0.4047,0.0004,0.0000,0.0000,0.0000,False,,0.0500,0.0000,False,0.8020,-0.2600,0.0099,1.1870
319,0.0,0.2132,-5.0143,True,False,False,2.0495,4.7027,1.9959,-1.9631,-1.5717,0.0126,0.0754,-0.0162,-0.0340,-0.0241,0.0174,0.0444,0.2476,-0.3239,0.3362,0.1377,-0.1776,0.4037,-0.0019,0.0000,0.0000,0.0000,False,0.0107,0.0276,0.0510,0.0689,-0.0271,-0.0073,1.8522,grasp,-0.1776,0.4037,-0.0019,0.0000,0.0000,0.0000,False,,0.0500,0.0000,True,0.8020,-0.2600,0.0099,1.1870
320,0.0,0.2110,-0.0033,False,False,False,2.0486,4.7049,2.0029,-1.9545,-1.5760,0.0078,-0.0118,-0.0146,-0.0164,-0.0253,0.0068,-0.0107,0.0028,-0.3204,0.3318,0.1449,-0.1796,0.3951,0.0011,0.0000,0.0000,0.0000,False,0.0530,0.0335,-0.0446,-0.0480,0.0357,0.0632,1.9132,grasp,-0.1796,0.3951,0.0011,0.0000,0.0000,0.0000,False,,0.0500,0.0000,True,0.8020,-0.2600,0.0099,1.1801
321,0.0,0.2096,-0.0089,False,False,False,2.0480,4.7053,2.0032,-1.9543,-1.5762,0.0078,-0.0610,0.0414,0.0226,0.0158,-0.0226,-0.0065,0.0461,-0.3205,0.3322,0.1429,-0.1796,0.3951,0.0011,0.0000,0.0000,0.0000,False,-0.0610,0.0414,0.0226,0.0158,-0.0226,-0.0065,-2.6748,grasp,-0.1796,0.3951,0.0011,0.0000,0.0000,0.0000,False,,0.0500,0.0000,False,0.8020,-0.2600,0.0099,1.1801
322,0.0,0.2096,-0.0105,False,False,False,2.0480,4.7053,2.0032,-1.9543,-1.5762,0.0078,-0.0610,0.0414,0.0226,0.0158,-0.0226,-0.0065,0.0461,-0.3205,0.3322,0.1429,-0.1796,0.3951,0.0011,0.0000,0.0000,0.0000,False,-0.0299,0.0147,-0.0169,0.0630,-0.0708,-0.0062,-0.1431,grasp,-0.1796,0.3951,0.0011,0.0000,0.0000,0.0000,False,,0.0500,0.0000,False,0.8020,-0.2600,0.0099,1.1801
323,0.0,0.2104,-0.0106,False,False,False,2.0480,4.7053,2.0032,-1.9543,-1.5762,0.0078,-0.0610,0.0414,0.0226,0.0158,-0.0226,-0.0065,0.0461,-0.3205,0.3322,0.1429,-0.1794,0.3968,0.0009,0.0000,0.0000,0.0000,False,-0.0753,0.0649,-0.0195,0.0589,-0.0069,0.0099,0.3405,grasp,-0.1794,0.3968,0.0009,0.0000,0.0000,0.0000,False,,0.0500,0.0000,True,0.8020,-0.2600,0.0099,1.1801
324,0.0,0.2104,-0.0151,False,False,False,2.0471,4.7067,2.0029,-1.9535,-1.5768,0.0071,0.0262,0.0650,-0.0706,0.0495,-0.0155,-0.0580,0.0875,-0.3205,0.3322,0.1429,-0.1794,0.3968,0.0009,0.0000,0.0000,0.0000,False,0.0250,0.0662,-0.0702,0.0498,-0.0159,-0.0581,1.0384,grasp,-0.1794,0.3968,0.0009,0.0000,0.0000,0.0000,False,,0.0500,0.0000,True,0.8020,-0.2600,0.0099,1.1801
325,0.0,0.2104,-0.0136,False,False,False,2.0471,4.7067,2.0029,-1.9535,-1.5768,0.0071,0.0262,0.0650,-0.0706,0.0495,-0.0155,-0.0580,0.0875,-0.3205,0.3322,0.1429,-0.1794,0.3968,0.0009,0.0000,0.0000,0.0000,False,0.0725,-0.0129,-0.0695,-0.0097,0.0048,0.0397,2.4159,grasp,-0.1794,0.3968,0.0009,0.0000,0.0000,0.0000,False,,0.0500,0.0000,True,0.8020,-0.2600,0.0099,1.1801
326,0.0,0.2067,0.0024,False,False,False,2.0483,4.7079,2.0009,-1.9527,-1.5770,0.0064,-0.0000,0.0000,0.0000,0.0000,0.0000,-0.0000,0.1581,-0.3198,0.3325,0.1382,-0.1794,0.3968,0.0009,0.0000,0.0000,0.0000,False,0.0154,0.0742,-0.0777,-0.0171,0.0718,0.0780,-1.1809,grasp,-0.1794,0.3968,0.0009,0.0000,0.0000,0.0000,False,,0.0500,0.0000,False,0.8020,-0.2600,0.0099,1.1801
327,0.0,0.2047,-0.0164,False,False,False,2.0478,4.7091,2.0008,-1.9522,-1.5768,0.0079,-0.0719,0.0511,0.0666,0.0686,-0.0463,0.0741,0.2002,-0.3205,0.3326,0.1346,-0.1794,0.3968,0.0009,0.0000,0.0000,0.0000,False,-0.0717,0.0518,0.0658,0.0684,-0.0456,0.0749,-0.4645,grasp,-0.1794,0.3968,0.0009,0.0000,0.0000,0.0000,False,,0.0500,0.0000,False,0.8020,-0.2600,0.0099,1.1801
328,0.0,0.2047,-0.0191,False,False,False,2.0478,4.7091,2.0008,-1.9522,-1.5768,0.0079,-0.0719,0.0511,0.0666,0.0686,-0.0463,0.0741,0.2002,-0.3205,0.3326,0.1346,-0.1794,0.3968,0.0009,0.0000,0.0000,0.0000,False,-0.0226,0.0103,0.0476,-0.0150,0.0327,-0.0778,2.2367,grasp,-0.1794,0.3968,0.0009,0.0000,0.0000,0.0000,False,,0.0500,0.0000,True,0.8020,-0.2600,0.0099,1.1801
329,0.0,0.2080,-5.0215,True,False,False,2.0478,4.7091,2.0008,-1.9522,-1.5768,0.0079,-0.0719,0.0511,0.0666,0.0686,-0.0463,0.0741,0.2002,-0.3205,0.3326,0.1346,-0.1766,0.3986,-0.0003,0.0000,0.0000,0.0000,False,-0.0717,-0.0662,0.0612,-0.0376,-0.0548,-0.0275,-2.4151,grasp,-0.1766,0.3986,-0.0003,0.0000,0.0000,0.0000,False,,0.0500,0.0000,False,0.8020,-0.2600,0.0099,1.1801
330,0.0,0.2163,-0.0059,False,False,False,2.0356,4.6970,2.0066,-1.9621,-1.5827,0.0030,0.0060,-0.0039,-0.0213,-0.0149,0.0159,-0.0040,0.0019,-0.3146,0.3377,0.1478,-0.1699,0.4023,0.0006,0.0000,0.0000,0.0000,False,0.0413,-0.0190,-0.0420,0.0516,-0.0180,-0.0766,-1.3841,grasp,-0.1699,0.4023,0.0006,0.0000,0.0000,0.0000,False,,0.0500,0.0000,False,0.8020,-0.2600,0.0099,1.1762
331,0.0,0.2156,-0.0158,False,False,False,2.0359,4.6963,2.0057,-1.9628,-1.5822,0.0024,0.0296,-0.0757,-0.0692,-0.0539,0.0265,-0.0505,0.0417,-0.3153,0.3381,0.1463,-0.1699,0.4023,0.0006,0.0000,0.0000,0.0000,False,0.0296,-0.0757,-0.0694,-0.0540,0.0267,-0.0506,-0.6310,grasp,-0.1699,0.4023,0.0006,0.0000,0.0000,0.0000,False,,0.0500,0.0000,False,0.8020,-0.2600,0.0099,1.1762
332,0.0,0.2156,-0.0287,False,False,False,2.0365,4.6949,2.0044,-1.9638,-1.5817,0.0015,0.0562,-0.1441,-0.1314,-0.1023,0.0504,-0.0960,0.0617,-0.3153,0.3381,0.1463,-0.1699,0.4023,0.0006,0.0000,0.0000,0.0000,False,0.0522,0.0208,-0.0025,-0.0352,-0.0061,-0.0289,-0.8724,grasp,-0.1699,0.4023,0.0006,0.0000,0.0000,0.0000,False,,0.0500,0.0000,False,0.8020,-0.2600,0.0099,1.1762
333,0.0,0.2156,-0.0032,False,False,False,2.0364,4.6954,2.0039,-1.9644,-1.5824,0.0014,-0.0093,0.0623,-0.0506,-0.0651,-0.0683,-0.0023,0.1206,-0.3153,0.3381,0.1463,-0.1699,0.4023,0.0006,0.0000,0.0000,0.0000,False,-0.0093,0.0622,-0.0506,-0.0651,-0.0683,-0.0023,-1.3152,grasp,-0.1699,0.4023,0.0006,0.0000,0.0000,0.0000,False,,0.0500,0.0000,False,0.8020,-0.2600,0.0099,1.1762
334,0.0,0.2149,-0.0117,False,False,False,2.0364,4.6954,2.0039,-1.9644,-1.5824,0.0014,-0.0093,0.0623,-0.0506,-0.0651,-0.0683,-0.0023,0.1206,-0.3153,0.3381,0.1463,-0.1713,0.4041,0.0011,0.0000,0.0000,0.0000,False,-0.0709,0.0741,-0.0271,0.0137,-0.0680,-0.0754,-1.4257,grasp,-0.1713,0.4041,0.0011,0.0000,0.0000,0.0000,False,,0.0500,0.0000,False,0.8020,-0.2600,0.0099,1.1762
335,0.0,0.2118,-0.0054,False,False,False,2.0362,4.6972,2.0031,-1.9660,-1.5833,0.0017,-0.0011,0.0687,0.0235,-0.0372,0.0409,0.0300,0.1796,-0.3158,0.3400,0.1421,-0.1713,0.4041,0.0011,0.0000,0.0000,0.0000,False,-0.0012,0.0700,0.0225,-0.0385,0.0396,0.0300,2.8273,grasp,-0.1713,0.4041,0.0011,0.0000,0.0000,0.0000,False,,0.0500,0.0000,True,0.8020,-0.2600,0.0099,1.1762
336,0.0,0.2118,-0.0096,False,False,False,2.0362,4.6972,2.0031,-1.9660,-1.5833,0.0017,-0.0011,0.0687,0.0235,-0.0372,0.0409,0.0300,0.1796,-0.3158,0.3400,0.1421,-0.1713,0.4041,0.0011,0.0000,0.0000,0.0000,False,-0.0621,0.0449,0.0219,-0.0726,0.0648,-0.0681,-2.4022,grasp,-0.1713,0.4041,0.0011,0.0000,0.0000,0.0000,False,,0.0500,0.0000,False,0.8020,-0.2600,0.0099,1.1762
337,0.0,0.2087,-0.0107,False,False,False,2.0356,4.6987,2.0043,-1.9670,-1.5820,0.0017,-0.0563,0.0035,0.0709,-0.0279,0.0504,-0.0576,0.2086,-0.3158,0.3397,0.1372,-0.1713,0.4041,0.0011,0.0000,0.0000,0.0000,False,-0.0563,0.0055,0.0713,-0.0286,0.0512,-0.0570,-2.5015,grasp,-0.1713,0.4041,0.0011,0.0000,0.0000,0.0000,False,,0.0500,0.0000,False,0.8020,-0.2600,0.0099,1.1762
338,0.0,0.2087,-0.0251,False,False,False,2.0346,4.6987,2.0056,-1.9676,-1.5811,0.0006,-0.1069,0.0073,0.1347,-0.0530,0.0958,-0.1094,0.1959,-0.3158,0.3397,0.1372,-0.1713,0.4041,0.0011,0.0000,0.0000,0.0000,False,0.0717,0.0754,-0.0747,-0.0587,-0.0007,0.0653,-2.0295,grasp,-0.1713,0.4041,0.0011,0.0000,0.0000,0.0000,False,,0.0500,0.0000,False,0.8020,-0.2600,0.0099,1.1762
339,0.0,0.2087,-0.0018,False,False,False,2.0346,4.6987,2.0056,-1.9676,-1.5811,0.0006,-0.0000,0.0000,0.0000,0.0000,0.0000,-0.0000,0.1759,-0.3158,0.3397,0.1372,-0.1713,0.4041,0.0011,0.0000,0.0000,0.0000,False,-0.0224,0.0222,-0.0656,-0.0011,-0.0271,-0.0503,-2.7890,grasp,-0.1713,0.4041,0.0011,0.0000,0.0000,0.0000,False,,0.0500,0.0000,False,0.8020,-0.2600,0.0099,1.1762
340,0.0,0.2125,-5.0157,True,False,False,2.0343,4.6990,2.0050,-1.9676,-1.5813,0.0001,-0.0224,0.0222,-0.0656,-0.0011,-0.0271,-0.0503,0.1628,-0.3158,0.3397,0.1372,-0.1695,0.4069,-0.0015,0.0000,0.0000,0.0000,False,-0.0539,0.0685,-0.0222,-0.0682,0.0050,-0.0690,0.5491,grasp,-0.1695,0.4069,-0.0015,0.0000,0.0000,0.0000,False,,0.0500,0.0000,True,0.8020,-0.2600,0.0099,1.1762
341,0.0,0.2179,-0.0024,False,False,False,2.0307,4.7042,1.9981,-1.9755,-1.5782,-0.0069,0.0129,-0.0139,-0.0098,0.0035,0.0100,0.0096,0.0013,-0.3176,0.3454,0.1500,-0.1741,0.4132,0.0006,0.0000,0.0000,0.0000,False,0.0315,-0.0066,-0.0686,-0.0013,0.0029,0.0578,0.4347,grasp,-0.1741,0.4132,0.0006,0.0000,0.0000,0.0000,False,,0.0500,0.0000,True,0.8020,-0.2600,0.0099,1.1858
342,0.0,0.2179,-0.0019,False,False,False,2.0307,4.7042,1.9981,-1.9755,-1.5782,-0.0069,0.0000,0.0000,0.0000,0.0000,0.0000,-0.0000,0.0213,-0.3176,0.3454,0.1500,-0.1741,0.4132,0.0006,0.0000,0.0000,0.0000,False,-0.0434,0.0752,-0.0659,-0.0450,0.0304,-0.0095,-2.6198,grasp,-0.1741,0.4132,0.0006,0.0000,0.0000,0.0000,False,,0.0500,0.0000,False,0.8020,-0.2600,0.0099,1.1858
343,0.0,0.2179,-0.0029,False,False,False,2.0307,4.7042,1.9981,-1.9755,-1.5782,-0.0069,0.0000,0.0000,0.0000,0.0000,0.0000,-0.0000,0.0613,-0.3176,0.3454,0.1500,-0.1741,0.4132,0.0006,0.0000,0.0000,0.0000,False,-0.0367,0.0655,-0.0319,-0.0610,-0.0306,-0.0172,-0.6338,grasp,-0.1741,0.4132,0.0006,0.0000,0.0000,0.0000,False,,0.0500,0.0000,False,0.8020,-0.2600,0.0099,1.1858
344,0.0,0.2175,-0.0021,False,False,False,2.0307,4.7042,1.9981,-1.9755,-1.5782,-0.0069,0.0000,0.0000,0.0000,0.0000,0.0000,-0.0000,0.0613,-0.3176,0.3454,0.1500,-0.1747,0.4133,0.0006,0.0000,0.0000,0.0000,False,-0.0745,0.0349,0.0366,0.0657,-0.0476,-0.0004,2.8582,grasp,-0.1747,0.4133,0.0006,0.0000,0.0000,0.0000,False,,0.0500,0.0000,True,0.8020,-0.2600,0.0099,1.1858
345,0.0,0.2131,-0.0059,False,False,False,2.0311,4.7046,1.9977,-1.9766,-1.5787,-0.0078,0.0702,-0.0293,-0.0006,-0.0427,-0.0230,-0.0664,0.1211,-0.3174,0.3458,0.1438,-0.1747,0.4133,0.0006,0.0000,0.0000,0.0000,False,0.0698,-0.0287,-0.0009,-0.0433,-0.0233,-0.0665,0.6867,grasp,-0.1747,0.4133,0.0006,0.0000,0.0000,0.0000,False,,0.0500,0.0000,True,0.8020,-0.2600,0.0099,1.1858
346,0.0,0.2123,-0.0289,False,False,False,2.0304,4.7057,1.9983,-1.9760,-1.5775,-0.0069,-0.1315,0.1091,0.0390,0.0882,0.1104,0.1403,0.1178,-0.3176,0.3454,0.1423,-0.1747,0.4133,0.0006,0.0000,0.0000,0.0000,False,-0.0679,0.0569,0.0205,0.0456,0.0577,0.0726,-2.7723,grasp,-0.1747,0.4133,0.0006,0.0000,0.0000,0.0000,False,,0.0500,0.0000,False,0.8020,-0.2600,0.0099,1.1858
347,0.0,0.2123,-0.0292,False,False,False,2.0304,4.7057,1.9983,-1.9760,-1.5775,-0.0069,-0.1315,0.1091,0.0390,0.0882,0.1104,0.1403,0.1178,-0.3176,0.3454,0.1423,-0.1747,0.4133,0.0006,0.0000,0.0000,0.0000,False,-0.0534,-0.0038,0.0210,0.0715,-0.0490,-0.0180,-3.0216,grasp,-0.1747,0.4133,0.0006,0.0000,0.0000,0.0000,False,,0.0500,0.0000,False,0.8020,-0.2600,0.0099,1.1858
348,0.0,0.2123,-0.0424,False,False,False,2.0285,4.7072,1.9989,-1.9748,-1.5759,-0.0049,-0.1876,0.1556,0.0556,0.1258,0.1575,0.2001,0.1107,-0.3176,0.3454,0.1423,-0.1747,0.4133,0.0006,0.0000,0.0000,0.0000,False,0.0724,0.0184,0.0728,-0.0576,0.0567,0.0215,0.6134,grasp,-0.1747,0.4133,0.0006,0.0000,0.0000,0.0000,False,,0.0500,0.0000,True,0.8020,-0.2600,0.0099,1.1858
349,0.0,0.2123,-0.0023,False,False,False,2.0285,4.7074,1.9989,-1.9748,-1.5759,-0.0049,0.0000,0.0000,0.0000,0.0000,0.0000,-0.0000,0.1211,-0.3176,0.3454,0.1423,-0.1747,0.4133,0.0006,0.0000,0.0000,0.0000,False,-0.0619,-0.0466,-0.0302,0.0338,0.0312,0.0707,2.7067,grasp,-0.1747,0.4133,0.0006,0.0000,0.0000,0.0000,False,,0.0500,0.0000,True,0.8020,-0.2600,0.0099,1.1858
350,0.0,0.2146,-5.0075,True,False,False,2.0285,4.7074,1.9989,-1.9748,-1.5759,-0.0049,0.0000,0.0000,0.0000,0.0000,0.0000,-0.0000,0.1211,-0.3176,0.3454,0.1423,-0.1731,0.4137,-0.0010,0.0000,0.0000,0.0000,False,-0.0541,0.0390,0.0624,0.0544,0.0609,0.0569,0.1606,grasp,-0.1731,0.4137,-0.0010,0.0000,0.0000,0.0000,False,,0.0500,0.0000,True,0.8020,-0.2600,0.0099,1.1858
351,0.0,0.2075,-0.0036,False,False,False,2.0244,4.7084,2.0045,-1.9671,-1.5665,0.0042,0.0213,-0.0195,-0.0184,-0.0080,-0.0061,-0.0057,0.0013,-0.3156,0.3411,0.1437,-0.1771,0.4020,0.0016,0.0000,0.0000,0.0000,False,0.0354,-0.0551,-0.0589,0.0776,0.0328,-0.0215,0.0982,grasp,-0.1771,0.4020,0.0016,0.0000,0.0000,0.0000,False,,0.0500,0.0000,True,0.8020,-0.2600,0.0099,1.1820
352,0.0,0.2074,-0.0024,False,False,False,2.0244,4.7084,2.0045,-1.9671,-1.5665,0.0042,0.0000,0.0000,0.0000,0.0000,-0.0000,0.0000,0.0413,-0.3160,0.3413,0.1431,-0.1771,0.4020,0.0016,0.0000,0.0000,0.0000,False,0.0004,0.0172,0.0244,0.0245,-0.0574,0.0752,-1.8359,grasp,-0.1771,0.4020,0.0016,0.0000,0.0000,0.0000,False,,0.0500,0.0000,False,0.8020,-0.2600,0.0099,1.1820
353,0.0,0.2074,-0.0100,False,False,False,2.0244,4.7086,2.0047,-1.9669,-1.5671,0.0049,0.0004,0.0172,0.0244,0.0245,-0.0574,0.0752,0.0543,-0.3160,0.3413,0.1431,-0.1771,0.4020,0.0016,0.0000,0.0000,0.0000,False,0.0024,-0.0398,0.0654,-0.0417,0.0283,-0.0570,0.9405,grasp,-0.1771,0.4020,0.0016,0.0000,0.0000,0.0000,False,,0.0500,0.0000,True,0.8020,-0.2600,0.0099,1.1820
354,0.0,0.2077,-0.0122,False,False,False,2.0244,4.7086,2.0047,-1.9669,-1.5671,0.0049,0.0004,0.0172,0.0244,0.0245,-0.0574,0.0752,0.0543,-0.3160,0.3413,0.1431,-0.1773,0.4033,0.0015,0.0000,0.0000,0.0000,False,-0.0002,0.0688,-0.0262,-0.0663,0.0374,0.0622,-2.7693,grasp,-0.1773,0.4033,0.0015,0.0000,0.0000,0.0000,False,,0.0500,0.0000,False,0.8020,-0.2600,0.0099,1.1820
355,0.0,0.2040,-0.0231,False,False,False,2.0261,4.7106,2.0054,-1.9672,-1.5650,0.0062,0.1095,0.1272,0.0410,-0.0223,0.1408,0.0835,0.1246,-0.3161,0.3406,0.1372,-0.1773,0.4033,0.0015,0.0000,0.0000,0.0000,False,0.0576,0.0669,0.0216,-0.0117,0.0741,0.0440,-1.1525,grasp,-0.1773,0.4033,0.0015,0.0000,0.0000,0.0000,False,,0.0500,0.0000,False,0.8020,-0.2600,0.0099,1.1820
356,0.0,0.2040,-0.0143,False,False,False,2.0283,4.7124,2.0064,-1.9672,-1.5636,0.0082,0.0664,-0.0116,0.0446,0.0327,-0.0679,0.0772,0.1771,-0.3161,0.3406,0.1372,-0.1773,0.4033,0.0015,0.0000,0.0000,0.0000,False,0.0680,-0.0086,0.0451,0.0324,-0.0659,0.0784,2.1072,grasp,-0.1773,0.4033,0.0015,0.0000,0.0000,0.0000,False,,0.0500,0.0000,True,0.8020,-0.2600,0.0099,1.1820
357,0.0,0.2040,-0.0155,False,False,False,2.0283,4.7124,2.0064,-1.9672,-1.5636,0.0082,0.0664,-0.0116,0.0446,0.0327,-0.0679,0.0772,0.1771,-0.3161,0.3406,0.1372,-0.1773,0.4033,0.0015,0.0000,0.0000,0.0000,False,-0.0340,0.0754,0.0423,-0.0569,0.0317,-0.0695,0.6728,grasp,-0.1773,0.4033,0.0015,0.0000,0.0000,0.0000,False,,0.0500,0.0000,True,0.8020,-0.2600,0.0099,1.1820
358,0.0,0.2013,0.0001,False,False,False,2.0296,4.7122,2.0072,-1.9666,-1.5649,0.0096,0.0000,0.0000,0.0000,0.0000,-0.0000,0.0000,0.2168,-0.3174,0.3377,0.1304,-0.1773,0.4033,0.0015,0.0000,0.0000,0.0000,False,0.0045,-0.0002,-0.0365,0.0013,0.0215,0.0164,0.1546,grasp,-0.1773,0.4033,0.0015,0.0000,0.0000,0.0000,False,,0.0500,0.0000,True,0.8020,-0.2600,0.0099,1.1820
359,0.0,0.2013,-0.0028,False,False,False,2.0296,4.7122,2.0072,-1.9666,-1.5649,0.0096,0.0000,0.0000,0.0000,0.0000,-0.0000,0.0000,0.2368,-0.3174,0.3377,0.1304,-0.1773,0.4033,0.0015,0.0000,0.0000,0.0000,False,0.0682,0.0057,-0.0279,-0.0485,0.0128,-0.0362,-1.2994,grasp,-0.1773,0.4033,0.0015,0.0000,0.0000,0.0000,False,,0.0500,0.0000,False,0.8020,-0.2600,0.0099,1.1820
360,0.0,0.2048,-5.0065,True,False,False,2.0296,4.7122,2.0072,-1.9666,-1.5649,0.0096,0.0000,0.0000,0.0000,0.0000,-0.0000,0.0000,0.2368,-0.3174,0.3377,0.1304,-0.1752,0.4003,-0.0031,0.0000,0.0000,0.0000,False,0.0160,0.0674,-0.0748,-0.0370,-0.0632,-0.0037,0.8674,grasp,-0.1752,0.4003,-0.0031,0.0000,0.0000,0.0000,False,,0.0500,0.0000,True,0.8020,-0.2600,0.0099,1.1820
361,0.0,0.2159,-0.0029,False,False,False,2.0346,4.7154,1.9931,-1.9731,-1.5747,0.0064,0.0074,-0.0295,-0.0028,0.0002,0.0051,-0.0088,0.0094,-0.3202,0.3450,0.1455,-0.1744,0.4120,0.0011,0.0000,0.0000,0.0000,False,0.0469,0.0110,0.0712,0.0488,0.0345,0.0716,1.9224,grasp,-0.1744,0.4120,0.0011,0.0000,0.0000,0.0000,False,,0.0500,0.0000,True,0.8020,-0.2600,0.0099,1.1853
362,0.0,0.2158,-0.0023,False,False,False,2.0346,4.7154,1.9931,-1.9731,-1.5747,0.0064,0.0000,0.0000,0.0000,0.0000,0.0000,-0.0000,0.0494,-0.3204,0.3449,0.1452,-0.1744,0.4120,0.0011,0.0000,0.0000,0.0000,False,-0.0017,-0.0334,-0.0376,-0.0448,0.0188,0.0520,-2.4176,grasp,-0.1744,0.4120,0.0011,0.0000,0.0000,0.0000,False,,0.0500,0.0000,False,0.8020,-0.2600,0.0099,1.1853
363,0.0,0.2158,-0.0116,False,False,False,2.0346,4.7151,1.9927,-1.9736,-1.5745,0.0069,-0.0017,-0.0334,-0.0376,-0.0448,0.0188,0.0520,0.0694,-0.3204,0.3449,0.1452,-0.1744,0.4120,0.0011,0.0000,0.0000,0.0000,False,0.0722,0.0682,0.0526,0.0282,0.0170,-0.0560,0.2886,grasp,-0.1744,0.4120,0.0011,0.0000,0.0000,0.0000,False,,0.0500,0.0000,True,0.8020,-0.2600,0.0099,1.1853
364,0.0,0.2140,-0.0100,False,False,False,2.0346,4.7151,1.9927,-1.9736,-1.5745,0.0069,-0.0017,-0.0334,-0.0376,-0.0448,0.0188,0.0520,0.0694,-0.3204,0.3449,0.1452,-0.1768,0.4112,0.0010,0.0000,0.0000,0.0000,False,0.0399,0.0407,-0.0477,0.0733,0.0385,0.0519,2.2146,grasp,-0.1768,0.4112,0.0010,0.0000,0.0000,0.0000,False,,0.0500,0.0000,True,0.8020,-0.2600,0.0099,1.1853
365,0.0,0.2106,-0.0102,False,False,False,2.0342,4.7153,1.9922,-1.9742,-1.5738,0.0064,-0.0389,0.0144,-0.0474,-0.0653,0.0657,-0.0474,0.1290,-0.3207,0.3455,0.1399,-0.1768,0.4112,0.0010,0.0000,0.0000,0.0000,False,-0.0389,0.0144,-0.0474,-0.0653,0.0657,-0.0474,-2.4221,grasp,-0.1768,0.4112,0.0010,0.0000,0.0000,0.0000,False,,0.0500,0.0000,False,0.8020,-0.2600,0.0099,1.1853
366,0.0,0.2106,-0.0130,False,False,False,2.0342,4.7153,1.9922,-1.9742,-1.5738,0.0064,-0.0389,0.0144,-0.0474,-0.0653,0.0657,-0.0474,0.1290,-0.3207,0.3455,0.1399,-0.1768,0.4112,0.0010,0.0000,0.0000,0.0000,False,-0.0712,-0.0395,0.0625,-0.0747,0.0620,-0.0565,1.5286,grasp,-0.1768,0.4112,0.0010,0.0000,0.0000,0.0000,False,,0.0500,0.0000,True,0.8020,-0.2600,0.0099,1.1853
367,0.0,0.2106,-0.0029,False,False,False,2.0328,4.7151,1.9919,-1.9762,-1.5720,0.0049,-0.0000,0.0000,0.0000,0.0000,0.0000,-0.0000,0.2081,-0.3207,0.3455,0.1399,-0.1768,0.4112,0.0010,0.0000,0.0000,0.0000,False,-0.0633,-0.0612,0.0390,0.0566,-0.0712,-0.0626,-1.8198,grasp,-0.1768,0.4112,0.0010,0.0000,0.0000,0.0000,False,,0.0500,0.0000,False,0.8020,-0.2600,0.0099,1.1853
368,0.0,0.2078,0.0002,False,False,False,2.0322,4.7145,1.9923,-1.9756,-1.5727,0.0043,-0.0000,0.0000,0.0000,0.0000,0.0000,-0.0000,0.1982,-0.3204,0.3463,0.1364,-0.1768,0.4112,0.0010,0.0000,0.0000,0.0000,False,-0.0078,0.0545,0.0197,-0.0782,0.0353,0.0049,-2.1637,grasp,-0.1768,0.4112,0.0010,0.0000,0.0000,0.0000,False,,0.0500,0.0000,False,0.8020,-0.2600,0.0099,1.1853
369,0.0,0.2078,-0.0106,False,False,False,2.0321,4.7151,1.9925,-1.9764,-1.5723,0.0044,-0.0072,0.0551,0.0194,-0.0788,0.0360,0.0055,0.1908,-0.3204,0.3463,0.1364,-0.1768,0.4112,0.0010,0.0000,0.0000,0.0000,False,-0.0372,0.0039,-0.0720,0.0313,0.0011,0.0767,0.8205,grasp,-0.1768,0.4112,0.0010,0.0000,0.0000,0.0000,False,,0.0500,0.0000,True,0.8020,-0.2600,0.0099,1.1853
370,0.0,0.2077,-0.0104,False,False,False,2.0321,4.7151,1.9925,-1.9764,-1.5723,0.0044,-0.0072,0.0551,0.0194,-0.0788,0.0360,0.0055,0.1908,-0.3204,0.3463,0.1364,-0.1779,0.4125,0.0006,0.0000,0.0000,0.0000,False,0.0217,0.0312,0.0001,0.0490,-0.0038,-0.0472,-2.0552,grasp,-0.1779,0.4125,0.0006,0.0000,0.0000,0.0000,False,,0.0500,0.0000,False,0.8020,-0.2600,0.0099,1.1853
371,0.0,0.2077,-0.0026,False,False,False,2.0321,4.7151,1.9925,-1.9764,-1.5723,0.0044,0.0000,0.0000,0.0000,0.0000,0.0000,-0.0000,0.2308,-0.3204,0.3463,0.1364,-0.1779,0.4125,0.0006,0.0000,0.0000,0.0000,False,-0.0602,0.0092,0.0339,-0.0535,0.0677,-0.0723,-1.0309,grasp,-0.1779,0.4125,0.0006,0.0000,0.0000,0.0000,False,,0.0500,0.0000,False,0.8020,-0.2600,0.0099,1.1853
372,0.0,0.2061,-0.0144,False,False,False,2.0315,4.7152,1.9929,-1.9769,-1.5717,0.0037,-0.0602,0.0092,0.0339,-0.0535,0.0677,-0.0723,0.2508,-0.3205,0.3464,0.1340,-0.1779,0.4125,0.0006,0.0000,0.0000,0.0000,False,0.0450,0.0701,0.0175,-0.0365,0.0732,-0.0011,3.0449,grasp,-0.1779,0.4125,0.0006,0.0000,0.0000,0.0000,False,,0.0500,0.0000,True,0.8020,-0.2600,0.0099,1.1853
373,0.0,0.2061,-0.0134,False,False,False,2.0308,4.7158,1.9938,-1.9787,-1.5706,0.0017,0.0457,0.0457,0.0341,-0.0757,-0.0231,-0.0558,0.3107,-0.3205,0.3464,0.1340,-0.1779,0.4125,0.0006,0.0000,0.0000,0.0000,False,0.0446,0.0458,0.0347,-0.0768,-0.0218,-0.0571,2.1027,grasp,-0.1779,0.4125,0.0006,0.0000,0.0000,0.0000,False,,0.0500,0.0000,True,0.8020,-0.2600,0.0099,1.1853
374,0.0,0.2031,-0.0100,False,False,False,2.0323,4.7162,1.9950,-1.9805,-1.5710,0.0010,0.0638,-0.0458,0.0463,-0.0334,0.0021,0.0361,0.3344,-0.3207,0.3464,0.1289,-0.1779,0.4125,0.0006,0.0000,0.0000,0.0000,False,0.0647,-0.0448,0.0470,-0.0348,0.0017,0.0350,-2.7941,grasp,-0.1779,0.4125,0.0006,0.0000,0.0000,0.0000,False,,0.0500,0.0000,False,0.8020,-0.2600,0.0099,1.1853
375,0.0,0.2031,-0.0220,False,False,False,2.0335,4.7154,1.9958,-1.9811,-1.5710,0.0017,0.1212,-0.0868,0.0881,-0.0634,0.0041,0.0686,0.3144,-0.3207,0.3464,0.1289,-0.1779,0.4125,0.0006,0.0000,0.0000,0.0000,False,-0.0251,-0.0715,0.0103,-0.0784,0.0646,0.0409,2.7202,grasp,-0.1779,0.4125,0.0006,0.0000,0.0000,0.0000,False,,0.0500,0.0000,True,0.8020,-0.2600,0.0099,1.1853
376,0.0,0.2077,-5.0273,True,False,False,2.0335,4.7154,1.9958,-1.9811,-1.5710,0.0017,0.1212,-0.0868,0.0881,-0.0634,0.0041,0.0686,0.3144,-0.3207,0.3464,0.1289,-0.1747,0.4149,-0.0018,0.0000,0.0000,0.0000,False,0.0035,-0.0445,-0.0166,-0.0581,0.0211,-0.0122,1.5584,grasp,-0.1747,0.4149,-0.0018,0.0000,0.0000,0.0000,False,,0.0500,0.0000,True,0.8020,-0.2600,0.0099,1.1853
377,0.0,0.2185,-0.0034,False,False,False,2.0356,4.7055,1.9930,-1.9846,-1.5689,0.0001,0.0059,-0.0149,-0.0026,0.0154,-0.0027,-0.0001,0.0062,-0.3237,0.3470,0.1523,-0.1822,0.4158,0.0006,0.0000,0.0000,0.0000,False,0.0295,-0.0732,0.0623,-0.0454,0.0189,0.0082,1.2580,grasp,-0.1822,0.4158,0.0006,0.0000,0.0000,0.0000,False,,0.0500,0.0000,True,0.8020,-0.2600,0.0099,1.1940
378,0.0,0.2185,-0.0141,False,False,False,2.0359,4.7050,1.9936,-1.9839,-1.5686,0.0004,0.0287,-0.0304,0.0666,0.0622,0.0397,0.0296,0.0451,-0.3237,0.3470,0.1523,-0.1822,0.4158,0.0006,0.0000,0.0000,0.0000,False,0.0288,-0.0305,0.0665,0.0623,0.0397,0.0296,1.9403,grasp,-0.1822,0.4158,0.0006,0.0000,0.0000,0.0000,False,,0.0500,0.0000,True,0.8020,-0.2600,0.0099,1.1940
379,0.0,0.2153,-0.0114,False,False,False,2.0358,4.7042,1.9944,-1.9821,-1.5680,0.0003,-0.0614,-0.0275,-0.0426,0.0559,-0.0239,-0.0630,0.1047,-0.3236,0.3453,0.1469,-0.1822,0.4158,0.0006,0.0000,0.0000,0.0000,False,-0.0608,-0.0280,-0.0413,0.0571,-0.0232,-0.0624,-0.8327,grasp,-0.1822,0.4158,0.0006,0.0000,0.0000,0.0000,False,,0.0500,0.0000,False,0.8020,-0.2600,0.0099,1.1940
380,0.0,0.2153,-0.0132,False,False,False,2.0358,4.7042,1.9944,-1.9821,-1.5680,0.0003,-0.0614,-0.0275,-0.0426,0.0559,-0.0239,-0.0630,0.1047,-0.3236,0.3453,0.1469,-0.1822,0.4158,0.0006,0.0000,0.0000,0.0000,False,0.0486,0.0287,-0.0495,-0.0768,0.0137,0.0519,2.6122,grasp,-0.1822,0.4158,0.0006,0.0000,0.0000,0.0000,False,,0.0500,0.0000,True,0.8020,-0.2600,0.0099,1.1940
381,0.0,0.2167,-5.0169,True,False,False,2.0358,4.7042,1.9944,-1.9821,-1.5680,0.0003,-0.0614,-0.0275,-0.0426,0.0559,-0.0239,-0.0630,0.1047,-0.3236,0.3453,0.1469,-0.1806,0.4142,-0.0005,0.0000,0.0000,0.0000,False,0.0567,0.0469,0.0458,0.0510,-0.0115,0.0510,1.3973,grasp,-0.1806,0.4142,-0.0005,0.0000,0.0000,0.0000,False,,0.0500,0.0000,True,0.8020,-0.2600,0.0099,1.1940
382,0.0,0.2130,-0.0030,False,False,False,2.0436,4.7071,1.9989,-1.9724,-1.5706,0.0060,-0.0049,-0.0176,-0.0108,-0.0008,-0.0005,-0.0082,0.0011,-0.3233,0.3391,0.1478,-0.1835,0.4048,0.0011,0.0000,0.0000,0.0000,False,0.0590,0.0545,-0.0734,-0.0703,0.0069,0.0038,-2.5301,grasp,-0.1835,0.4048,0.0011,0.0000,0.0000,0.0000,False,,0.0500,0.0000,False,0.8020,-0.2600,0.0099,1.1888
383,0.0,0.2123,-0.0200,False,False,False,2.0425,4.7056,1.9981,-1.9725,-1.5720,0.0040,-0.0688,-0.0838,-0.0400,-0.0079,-0.0928,-0.1279,0.0332,-0.3231,0.3396,0.1470,-0.1835,0.4048,0.0011,0.0000,0.0000,0.0000,False,-0.0363,-0.0443,-0.0211,-0.0042,-0.0488,-0.0674,-2.2007,grasp,-0.1835,0.4048,0.0011,0.0000,0.0000,0.0000,False,,0.0500,0.0000,False,0.8020,-0.2600,0.0099,1.1888
384,0.0,0.2123,-0.0206,False,False,False,2.0425,4.7056,1.9981,-1.9725,-1.5720,0.0040,-0.0688,-0.0838,-0.0400,-0.0079,-0.0928,-0.1279,0.0332,-0.3231,0.3396,0.1470,-0.1835,0.4048,0.0011,0.0000,0.0000,0.0000,False,-0.0180,-0.0113,0.0137,0.0649,-0.0058,-0.0467,0.6073,grasp,-0.1835,0.4048,0.0011,0.0000,0.0000,0.0000,False,,0.0500,0.0000,True,0.8020,-0.2600,0.0099,1.1888
385,0.0,0.2130,-0.0225,False,False,False,2.0425,4.7056,1.9981,-1.9725,-1.5720,0.0040,-0.0688,-0.0838,-0.0400,-0.0079,-0.0928,-0.1279,0.0332,-0.3231,0.3396,0.1470,-0.1827,0.4061,0.0012,0.0000,0.0000,0.0000,False,-0.0315,0.0617,-0.0448,-0.0781,0.0125,0.0444,-2.9240,grasp,-0.1827,0.4061,0.0012,0.0000,0.0000,0.0000,False,,0.0500,0.0000,False,0.8020,-0.2600,0.0099,1.1888
386,0.0,0.2130,-0.0142,False,False,False,2.0412,4.7048,1.9972,-1.9721,-1.5726,0.0015,-0.0276,0.0369,-0.0387,0.0570,0.0722,-0.0702,0.0717,-0.3231,0.3396,0.1470,-0.1827,0.4061,0.0012,0.0000,0.0000,0.0000,False,-0.0286,0.0354,-0.0393,0.0569,0.0709,-0.0720,-1.5781,grasp,-0.1827,0.4061,0.0012,0.0000,0.0000,0.0000,False,,0.0500,0.0000,False,0.8020,-0.2600,0.0099,1.1888
387,0.0,0.2130,-0.0163,False,False,False,2.0412,4.7048,1.9972,-1.9721,-1.5726,0.0015,-0.0276,0.0369,-0.0387,0.0570,0.0722,-0.0702,0.0717,-0.3231,0.3396,0.1470,-0.1827,0.4061,0.0012,0.0000,0.0000,0.0000,False,0.0020,0.0659,0.0214,-0.0300,0.0291,-0.0463,2.4332,grasp,-0.1827,0.4061,0.0012,0.0000,0.0000,0.0000,False,,0.0500,0.0000,True,0.8020,-0.2600,0.0099,1.1888
388,0.0,0.2106,-0.0003,False,False,False,2.0407,4.7055,1.9965,-1.9710,-1.5713,0.0001,0.0000,0.0000,0.0000,0.0000,0.0000,-0.0000,0.1245,-0.3224,0.3408,0.1446,-0.1827,0.4061,0.0012,0.0000,0.0000,0.0000,False,0.0648,-0.0528,0.0111,0.0424,0.0765,-0.0335,2.5070,grasp,-0.1827,0.4061,0.0012,0.0000,0.0000,0.0000,False,,0.0500,0.0000,True,0.8020,-0.2600,0.0099,1.1888
389,0.0,0.2074,-0.0194,False,False,False,2.0411,4.7072,1.9948,-1.9723,-1.5706,0.0007,-0.0171,0.1468,-0.1137,-0.1113,-0.0030,0.0564,0.2044,-0.3229,0.3406,0.1394,-0.1827,0.4061,0.0012,0.0000,0.0000,0.0000,False,-0.0084,0.0767,-0.0597,-0.0581,-0.0008,0.0293,-1.5223,grasp,-0.1827,0.4061,0.0012,0.0000,0.0000,0.0000,False,,0.0500,0.0000,False,0.8020,-0.2600,0.0099,1.1888
390,0.0,0.2074,-0.0092,False,False,False,2.0408,4.7087,1.9937,-1.9740,-1.5702,0.0017,-0.0076,-0.0633,0.0490,-0.0187,0.0368,0.0182,0.2261,-0.3229,0.3406,0.1394,-0.1827,0.4061,0.0012,0.0000,0.0000,0.0000,False,-0.0078,-0.0602,0.0474,-0.0202,0.0367,0.0190,-1.3337,grasp,-0.1827,0.4061,0.0012,0.0000,0.0000,0.0000,False,,0.0500,0.0000,False,0.8020,-0.2600,0.0099,1.1888
391,0.0,0.2074,-0.0115,False,False,False,2.0408,4.7087,1.9937,-1.9740,-1.5702,0.0017,-0.0076,-0.0633,0.0490,-0.0187,0.0368,0.0182,0.2261,-0.3229,0.3406,0.1394,-0.1827,0.4061,0.0012,0.0000,0.0000,0.0000,False,-0.0642,-0.0136,-0.0421,-0.0415,-0.0135,-0.0017,-0.9425,grasp,-0.1827,0.4061,0.0012,0.0000,0.0000,0.0000,False,,0.0500,0.0000,False,0.8020,-0.2600,0.0099,1.1888
392,0.0,0.2112,-0.0149,False,False,False,2.0408,4.7087,1.9937,-1.9740,-1.5702,0.0017,-0.0076,-0.0633,0.0490,-0.0187,0.0368,0.0182,0.2261,-0.3229,0.3406,0.1394,-0.1794,0.4093,0.0005,0.0000,0.0000,0.0000,False,0.0350,-0.0425,0.0193,-0.0772,0.0781,-0.0139,0.7806,grasp,-0.1794,0.4093,0.0005,0.0000,0.0000,0.0000,False,,0.0500,0.0000,True,0.8020,-0.2600,0.0099,1.1888
393,0.0,0.2099,-0.0078,False,False,False,2.0406,4.7083,1.9944,-1.9744,-1.5699,0.0021,-0.0031,0.0800,-0.0256,-0.0015,-0.0343,0.0133,0.2665,-0.3236,0.3420,0.1374,-0.1794,0.4093,0.0005,0.0000,0.0000,0.0000,False,-0.0033,0.0788,-0.0246,-0.0018,-0.0336,0.0137,2.4180,grasp,-0.1794,0.4093,0.0005,0.0000,0.0000,0.0000,False,,0.0500,0.0000,True,0.8020,-0.2600,0.0099,1.1888
394,0.0,0.2099,-0.0102,False,False,False,2.0406,4.7083,1.9944,-1.9744,-1.5699,0.0021,-0.0031,0.0800,-0.0256,-0.0015,-0.0343,0.0133,0.2665,-0.3236,0.3420,0.1374,-0.1794,0.4093,0.0005,0.0000,0.0000,0.0000,False,-0.0284,0.0054,-0.0588,-0.0525,-0.0585,0.0671,2.0270,grasp,-0.1794,0.4093,0.0005,0.0000,0.0000,0.0000,False,,0.0500,0.0000,True,0.8020,-0.2600,0.0099,1.1888
395,0.0,0.2066,-0.0263,False,False,False,2.0396,4.7120,1.9920,-1.9724,-1.5716,0.0034,-0.0631,0.1392,-0.1256,0.1345,-0.0673,0.0683,0.3263,-0.3232,0.3426,0.1329,-0.1794,0.4093,0.0005,0.0000,0.0000,0.0000,False,-0.0333,0.0751,-0.0666,0.0708,-0.0361,0.0362,0.2527,grasp,-0.1794,0.4093,0.0005,0.0000,0.0000,0.0000,False,,0.0500,0.0000,False,0.8020,-0.2600,0.0099,1.1888
396,0.0,0.2066,-0.0164,False,False,False,2.0392,4.7134,1.9901,-1.9697,-1.5719,0.0037,0.0505,-0.0713,-0.0087,0.0718,0.0611,-0.0731,0.2976,-0.3232,0.3426,0.1329,-0.1794,0.4093,0.0005,0.0000,0.0000,0.0000,False,0.0496,-0.0681,-0.0105,0.0737,0.0601,-0.0722,-2.1672,grasp,-0.1794,0.4093,0.0005,0.0000,0.0000,0.0000,False,,0.0500,0.0000,False,0.8020,-0.2600,0.0099,1.1888
397,0.0,0.2066,-0.0170,False,False,False,2.0392,4.7134,1.9901,-1.9697,-1.5719,0.0037,0.0505,-0.0713,-0.0087,0.0718,0.0611,-0.0731,0.2976,-0.3232,0.3426,0.1329,-0.1794,0.4093,0.0005,0.0000,0.0000,0.0000,False,0.0433,-0.0285,-0.0216,-0.0208,0.0303,0.0256,-2.1549,grasp,-0.1794,0.4093,0.0005,0.0000,0.0000,0.0000,False,,0.0500,0.0000,False,0.8020,-0.2600,0.0099,1.1888
398,0.0,0.2090,-5.0193,True,False,False,2.0392,4.7134,1.9901,-1.9697,-1.5719,0.0037,0.0505,-0.0713,-0.0087,0.0718,0.0611,-0.0731,0.2976,-0.3232,0.3426,0.1329,-0.1780,0.4116,-0.0007,0.0000,0.0000,0.0000,False,-0.0601,0.0684,-0.0290,-0.0033,0.0386,0.0003,-0.8096,grasp,-0.1780,0.4116,-0.0007,0.0000,0.0000,0.0000,False,,0.0500,0.0000,False,0.8020,-0.2600,0.0099,1.1888
399,0.0,0.2150,-0.0050,False,False,False,2.0344,4.7134,1.9875,-1.9702,-1.5673,0.0018,0.0078,-0.0266,0.0048,-0.0039,-0.0051,-0.0025,0.0027,-0.3229,0.3456,0.1500,-0.1824,0.4111,0.0010,0.0000,0.0000,0.0000,False,0.0265,0.0364,-0.0658,-0.0546,0.0027,-0.0007,-2.8749,grasp,-0.1824,0.4111,0.0010,0.0000,0.0000,0.0000,False,,0.0500,0.0000,False,0.8020,-0.2600,0.0099,1.1914
400,0.0,0.2150,-0.0025,False,False,False,2.0344,4.7134,1.9875,-1.9702,-1.5673,0.0018,0.0000,0.0000,0.0000,0.0000,-0.0000,0.0000,0.0058,-0.3229,0.3456,0.1500,-0.1824,0.4111,0.0010,0.0000,0.0000,0.0000,False,-0.0388,0.0431,-0.0220,0.0122,0.0069,-0.0292,-0.8689,grasp,-0.1824,0.4111,0.0010,0.0000,0.0000,0.0000,False,,0.0500,0.0000,False,0.8020,-0.2600,0.0099,1.1914
401,0.0,0.2150,-0.0025,False,False,False,2.0344,4.7134,1.9875,-1.9702,-1.5673,0.0018,0.0000,0.0000,0.0000,0.0000,-0.0000,0.0000,0.0458,-0.3229,0.3456,0.1500,-0.1824,0.4111,0.0010,0.0000,0.0000,0.0000,False,0.0711,0.0227,-0.0308,0.0350,-0.0657,0.0409,-0.1377,grasp,-0.1824,0.4111,0.0010,0.0000,0.0000,0.0000,False,,0.0500,0.0000,False,0.8020,-0.2600,0.0099,1.1914
402,0.0,0.2153,-0.0027,False,False,False,2.0344,4.7134,1.9875,-1.9702,-1.5673,0.0018,0.0000,0.0000,0.0000,0.0000,-0.0000,0.0000,0.0458,-0.3229,0.3456,0.1500,-0.1820,0.4114,0.0010,0.0000,0.0000,0.0000,False,0.0570,-0.0009,-0.0543,-0.0483,0.0628,0.0485,1.2799,grasp,-0.1820,0.4114,0.0010,0.0000,0.0000,0.0000,False,,0.0500,0.0000,True,0.8020,-0.2600,0.0099,1.1914
403,0.0,0.2119,-0.0101,False,False,False,2.0358,4.7144,1.9857,-1.9702,-1.5688,0.0028,0.0424,0.0502,-0.0996,-0.0235,-0.0525,0.0397,0.1258,-0.3229,0.3454,0.1449,-0.1820,0.4114,0.0010,0.0000,0.0000,0.0000,False,0.0230,0.0267,-0.0527,-0.0120,-0.0283,0.0213,1.1543,grasp,-0.1820,0.4114,0.0010,0.0000,0.0000,0.0000,False,,0.0500,0.0000,True,0.8020,-0.2600,0.0099,1.1914
404,0.0,0.2119,-0.0034,False,False,False,2.0364,4.7151,1.9843,-1.9705,-1.5695,0.0034,0.0000,0.0000,0.0000,0.0000,-0.0000,0.0000,0.1650,-0.3229,0.3454,0.1449,-0.1820,0.4114,0.0010,0.0000,0.0000,0.0000,False,0.0537,0.0369,-0.0038,-0.0352,0.0672,0.0429,1.1689,grasp,-0.1820,0.4114,0.0010,0.0000,0.0000,0.0000,False,,0.0500,0.0000,True,0.8020,-0.2600,0.0099,1.1914
405,0.0,0.2092,-0.0096,False,False,False,2.0369,4.7154,1.9843,-1.9708,-1.5689,0.0038,0.0530,0.0362,-0.0024,-0.0348,0.0680,0.0423,0.1850,-0.3240,0.3462,0.1402,-0.1820,0.4114,0.0010,0.0000,0.0000,0.0000,False,-0.0744,-0.0178,-0.0615,0.0333,-0.0628,-0.0566,-2.7177,grasp,-0.1820,0.4114,0.0010,0.0000,0.0000,0.0000,False,,0.0500,0.0000,False,0.8020,-0.2600,0.0099,1.1914
406,0.0,0.2092,-0.0227,False,False,False,2.0379,4.7161,1.9842,-1.9715,-1.5676,0.0046,0.1008,0.0688,-0.0045,-0.0662,0.1292,0.0805,0.2050,-0.3240,0.3462,0.1402,-0.1820,0.4114,0.0010,0.0000,0.0000,0.0000,False,-0.0363,-0.0562,0.0168,-0.0146,-0.0630,-0.0429,-2.2994,grasp,-0.1820,0.4114,0.0010,0.0000,0.0000,0.0000,False,,0.0500,0.0000,False,0.8020,-0.2600,0.0099,1.1914
407,0.0,0.2092,-0.0029,False,False,False,2.0379,4.7161,1.9842,-1.9715,-1.5676,0.0046,0.0000,0.0000,0.0000,0.0000,-0.0000,0.0000,0.2450,-0.3240,0.3462,0.1402,-0.1820,0.4114,0.0010,0.0000,0.0000,0.0000,False,0.0137,0.0248,0.0608,0.0444,0.0295,0.0432,-0.5145,grasp,-0.1820,0.4114,0.0010,0.0000,0.0000,0.0000,False,,0.0500,0.0000,False,0.8020,-0.2600,0.0099,1.1914
408,0.0,0.2114,-0.0043,False,False,False,2.0379,4.7161,1.9842,-1.9715,-1.5676,0.0046,0.0000,0.0000,0.0000,0.0000,-0.0000,0.0000,0.2450,-0.3240,0.3462,0.1402,-0.1801,0.4139,0.0009,0.0000,0.0000,0.0000,False,-0.0501,-0.0059,-0.0630,0.0350,0.0416,-0.0246,-0.4931,grasp,-0.1801,0.4139,0.0009,0.0000,0.0000,0.0000,False,,0.0500,0.0000,False,0.8020,-0.2600,0.0099,1.1914
409,0.0,0.2096,-0.0305,False,False,False,2.0399,4.7183,1.9869,-1.9696,-1.5682,0.0069,0.1188,0.1256,0.1331,0.0973,-0.0576,0.1254,0.2577,-0.3247,0.3454,0.1363,-0.1801,0.4139,0.0009,0.0000,0.0000,0.0000,False,0.0626,0.0663,0.0707,0.0516,-0.0300,0.0665,-1.0486,grasp,-0.1801,0.4139,0.0009,0.0000,0.0000,0.0000,False,,0.0500,0.0000,False,0.8020,-0.2600,0.0099,1.1914
410,0.0,0.2096,-0.0314,False,False,False,2.0399,4.7183,1.9869,-1.9696,-1.5682,0.0069,0.1188,0.1256,0.1331,0.0973,-0.0576,0.1254,0.2577,-0.3247,0.3454,0.1363,-0.1801,0.4139,0.0009,0.0000,0.0000,0.0000,False,0.0082,-0.0284,-0.0646,-0.0320,0.0698,0.0465,-3.0540,grasp,-0.1801,0.4139,0.0009,0.0000,0.0000,0.0000,False,,0.0500,0.0000,False,0.8020,-0.2600,0.0099,1.1914
411,0.0,0.2087,-0.0013,False,False,False,2.0416,4.7202,1.9890,-1.9682,-1.5690,0.0087,0.0000,0.0000,0.0000,0.0000,-0.0000,0.0000,0.2274,-0.3242,0.3420,0.1336,-0.1801,0.4139,0.0009,0.0000,0.0000,0.0000,False,-0.0647,0.0668,-0.0536,-0.0340,0.0664,0.0139,-2.1430,grasp,-0.1801,0.4139,0.0009,0.0000,0.0000,0.0000,False,,0.0500,0.0000,False,0.8020,-0.2600,0.0099,1.1914
412,0.0,0.2087,-0.0159,False,False,False,2.0409,4.7209,1.9884,-1.9685,-1.5683,0.0089,-0.0647,0.0666,-0.0538,-0.0340,0.0664,0.0139,0.2174,-0.3242,0.3420,0.1336,-0.1801,0.4139,0.0009,0.0000,0.0000,0.0000,False,0.0159,0.0469,-0.0087,0.0757,0.0641,0.0746,-1.4398,grasp,-0.1801,0.4139,0.0009,0.0000,0.0000,0.0000,False,,0.0500,0.0000,False,0.8020,-0.2600,0.0099,1.1914
413,0.0,0.2087,-0.0023,False,False,False,2.0409,4.7209,1.9884,-1.9685,-1.5683,0.0089,-0.0000,0.0000,0.0000,0.0000,-0.0000,0.0000,0.2034,-0.3242,0.3420,0.1336,-0.1801,0.4139,0.0009,0.0000,0.0000,0.0000,False,0.0400,0.0530,-0.0414,-0.0470,0.0709,-0.0518,-2.5285,grasp,-0.1801,0.4139,0.0009,0.0000,0.0000,0.0000,False,,0.0500,0.0000,False,0.8020,-0.2600,0.0099,1.1914
414,0.0,0.2105,-5.0051,True,False,False,2.0409,4.7209,1.9884,-1.9685,-1.5683,0.0089,-0.0000,0.0000,0.0000,0.0000,-0.0000,0.0000,0.2034,-0.3242,0.3420,0.1336,-0.1793,0.4082,-0.0040,0.0000,0.0000,0.0000,False,0.0516,0.0609,-0.0082,0.0736,0.0421,0.0400,-1.1619,grasp,-0.1793,0.4082,-0.0040,0.0000,0.0000,0.0000,False,,0.0500,0.0000,False,0.8020,-0.2600,0.0099,1.1914
415,0.0,0.2076,-0.0052,False,False,False,2.0475,4.7215,1.9879,-1.9606,-1.5633,0.0112,-0.0103,-0.0373,0.0043,-0.0169,-0.0106,-0.0153,0.0017,-0.3272,0.3379,0.1447,-0.1904,0.4005,0.0016,0.0000,0.0000,0.0000,False,0.0123,-0.0156,-0.0463,0.0695,-0.0634,-0.0315,1.7770,grasp,-0.1904,0.4005,0.0016,0.0000,0.0000,0.0000,False,,0.0500,0.0000,True,0.8020,-0.2600,0.0099,1.1921
416,0.0,0.2080,-0.0018,False,False,False,2.0474,4.7211,1.9879,-1.9608,-1.5634,0.0110,0.0000,0.0000,0.0000,0.0000,-0.0000,0.0000,0.0132,-0.3270,0.3383,0.1456,-0.1904,0.4005,0.0016,0.0000,0.0000,0.0000,False,0.0692,-0.0645,-0.0148,-0.0149,-0.0014,-0.0468,-2.2129,grasp,-0.1904,0.4005,0.0016,0.0000,0.0000,0.0000,False,,0.0500,0.0000,False,0.8020,-0.2600,0.0099,1.1921
417,0.0,0.2080,-0.0022,False,False,False,2.0481,4.7205,1.9877,-1.9610,-1.5634,0.0106,0.0000,0.0000,0.0000,0.0000,-0.0000,0.0000,0.0437,-0.3270,0.3383,0.1456,-0.1904,0.4005,0.0016,0.0000,0.0000,0.0000,False,-0.0442,0.0323,-0.0583,-0.0726,-0.0301,-0.0568,-0.1446,grasp,-0.1904,0.4005,0.0016,0.0000,0.0000,0.0000,False,,0.0500,0.0000,False,0.8020,-0.2600,0.0099,1.1921
418,0.0,0.2092,-0.0028,False,False,False,2.0481,4.7205,1.9877,-1.9610,-1.5634,0.0106,0.0000,0.0000,0.0000,0.0000,-0.0000,0.0000,0.0437,-0.3270,0.3383,0.1456,-0.1892,0.4020,0.0017,0.0000,0.0000,0.0000,False,-0.0374,0.0557,0.0306,-0.0265,-0.0231,0.0403,-2.6603,grasp,-0.1892,0.4020,0.0017,0.0000,0.0000,0.0000,False,,0.0500,0.0000,False,0.8020,-0.2600,0.0099,1.1921
419,0.0,0.2062,-0.0047,False,False,False,2.0483,4.7214,1.9873,-1.9618,-1.5634,0.0101,0.0653,0.0531,0.0164,-0.0147,0.0264,0.0069,0.1030,-0.3272,0.3386,0.1411,-0.1892,0.4020,0.0017,0.0000,0.0000,0.0000,False,0.0648,0.0535,0.0158,-0.0154,0.0261,0.0063,0.7935,grasp,-0.1892,0.4020,0.0017,0.0000,0.0000,0.0000,False,,0.0500,0.0000,True,0.8020,-0.2600,0.0099,1.1921
420,0.0,0.2062,-0.0095,False,False,False,2.0483,4.7214,1.9873,-1.9618,-1.5634,0.0101,0.0653,0.0531,0.0164,-0.0147,0.0264,0.0069,0.1030,-0.3272,0.3386,0.1411,-0.1892,0.4020,0.0017,0.0000,0.0000,0.0000,False,-0.0224,0.0699,-0.0601,-0.0542,-0.0621,0.0371,1.3266,grasp,-0.1892,0.4020,0.0017,0.0000,0.0000,0.0000,False,,0.0500,0.0000,True,0.8020,-0.2600,0.0099,1.1921
421,0.0,0.2062,-0.0157,False,False,False,2.0500,4.7230,1.9881,-1.9617,-1.5634,0.0107,0.0491,0.0611,0.0439,0.0433,-0.0529,0.0481,0.1620,-0.3272,0.3386,0.1411,-0.1892,0.4020,0.0017,0.0000,0.0000,0.0000,False,0.0504,0.0622,0.0442,0.0431,-0.0524,0.0482,1.5090,grasp,-0.1892,0.4020,0.0017,0.0000,0.0000,0.0000,False,,0.0500,0.0000,True,0.8020,-0.2600,0.0099,1.1921
422,0.0,0.2020,0.0013,False,False,False,2.0510,4.7242,1.9889,-1.9609,-1.5644,0.0116,0.0000,0.0000,0.0000,0.0000,-0.0000,0.0000,0.2014,-0.3276,0.3364,0.1334,-0.1892,0.4020,0.0017,0.0000,0.0000,0.0000,False,-0.0613,-0.0771,-0.0727,0.0339,0.0009,-0.0626,0.9666,grasp,-0.1892,0.4020,0.0017,0.0000,0.0000,0.0000,False,,0.0500,0.0000,True,0.8020,-0.2600,0.0099,1.1921
423,0.0,0.2020,-0.0163,False,False,False,2.0503,4.7234,1.9882,-1.9605,-1.5644,0.0110,-0.0622,-0.0788,-0.0736,0.0331,0.0019,-0.0635,0.2214,-0.3276,0.3364,0.1334,-0.1892,0.4020,0.0017,0.0000,0.0000,0.0000,False,0.0432,0.0510,0.0106,-0.0439,0.0717,0.0447,1.4970,grasp,-0.1892,0.4020,0.0017,0.0000,0.0000,0.0000,False,,0.0500,0.0000,True,0.8020,-0.2600,0.0099,1.1921
424,0.0,0.2060,-5.0211,True,False,False,2.0503,4.7234,1.9882,-1.9605,-1.5644,0.0110,-0.0622,-0.0788,-0.0736,0.0331,0.0019,-0.0635,0.2214,-0.3276,0.3364,0.1334,-0.1863,0.4017,-0.0015,0.0000,0.0000,0.0000,False,-0.0473,0.0050,-0.0535,0.0432,0.0111,-0.0524,0.6913,grasp,-0.1863,0.4017,-0.0015,0.0000,0.0000,0.0000,False,,0.0500,0.0000,True,0.8020,-0.2600,0.0099,1.1921
425,0.0,0.2180,-0.0052,False,False,False,2.0413,4.7155,1.9822,-1.9587,-1.5649,0.0012,-0.0018,-0.0296,0.0121,-0.0198,-0.0084,-0.0016,0.0086,-0.3255,0.3421,0.1493,-0.1807,0.4096,0.0010,0.0000,0.0000,0.0000,False,-0.0711,0.0245,0.0341,0.0377,0.0114,-0.0740,1.8330,grasp,-0.1807,0.4096,0.0010,0.0000,0.0000,0.0000,False,,0.0500,0.0000,True,0.8020,-0.2600,0.0099,1.1892
426,0.0,0.2175,-0.0007,False,False,False,2.0413,4.7155,1.9822,-1.9587,-1.5649,0.0012,0.0000,0.0000,0.0000,0.0000,-0.0000,0.0000,0.0486,-0.3254,0.3422,0.1487,-0.1807,0.4096,0.0010,0.0000,0.0000,0.0000,False,0.0027,0.0674,0.0493,0.0368,0.0312,0.0728,0.3170,grasp,-0.1807,0.4096,0.0010,0.0000,0.0000,0.0000,False,,0.0500,0.0000,True,0.8020,-0.2600,0.0099,1.1892
427,0.0,0.2175,-0.0122,False,False,False,2.0414,4.7162,1.9827,-1.9583,-1.5646,0.0019,0.0027,0.0674,0.0493,0.0368,0.0312,0.0728,0.0681,-0.3254,0.3422,0.1487,-0.1807,0.4096,0.0010,0.0000,0.0000,0.0000,False,0.0289,-0.0588,-0.0462,0.0134,0.0426,-0.0748,0.8143,grasp,-0.1807,0.4096,0.0010,0.0000,0.0000,0.0000,False,,0.0500,0.0000,True,0.8020,-0.2600,0.0099,1.1892
428,0.0,0.2173,-0.0111,False,False,False,2.0414,4.7162,1.9827,-1.9583,-1.5646,0.0019,0.0027,0.0674,0.0493,0.0368,0.0312,0.0728,0.0681,-0.3254,0.3422,0.1487,-0.1812,0.4097,0.0009,0.0000,0.0000,0.0000,False,-0.0491,-0.0528,-0.0641,-0.0269,-0.0321,0.0414,-1.0015,grasp,-0.1812,0.4097,0.0009,0.0000,0.0000,0.0000,False,,0.0500,0.0000,False,0.8020,-0.2600,0.0099,1.1892
429,0.0,0.2133,-0.0090,False,False,False,2.0414,4.7155,1.9825,-1.9576,-1.5647,0.0012,0.0047,-0.0730,-0.0215,0.0709,-0.0070,-0.0632,0.1281,-0.3253,0.3416,0.1427,-0.1812,0.4097,0.0009,0.0000,0.0000,0.0000,False,0.0047,-0.0730,-0.0215,0.0709,-0.0070,-0.0632,0.6739,grasp,-0.1812,0.4097,0.0009,0.0000,0.0000,0.0000,False,,0.0500,0.0000,True,0.8020,-0.2600,0.0099,1.1892
430,0.0,0.2133,-0.0218,False,False,False,2.0415,4.7141,1.9821,-1.9563,-1.5648,0.0000,0.0090,-0.1388,-0.0409,0.1347,-0.0133,-0.1200,0.1481,-0.3253,0.3416,0.1427,-0.1812,0.4097,0.0009,0.0000,0.0000,0.0000,False,0.0268,0.0419,-0.0688,0.0733,0.0775,0.0551,1.1473,grasp,-0.1812,0.4097,0.0009,0.0000,0.0000,0.0000,False,,0.0500,0.0000,True,0.8020,-0.2600,0.0099,1.1892
431,0.0,0.2133,-0.0308,False,False,False,2.0423,4.7153,1.9801,-1.9542,-1.5626,0.0017,0.0508,0.0827,-0.1299,0.1368,0.1475,0.1070,0.2080,-0.3253,0.3416,0.1427,-0.1812,0.4097,0.0009,0.0000,0.0000,0.0000,False,0.0012,-0.0727,-0.0628,0.0768,0.0433,0.0450,-1.6549,grasp,-0.1812,0.4097,0.0009,0.0000,0.0000,0.0000,False,,0.0500,0.0000,False,0.8020,-0.2600,0.0099,1.1892
432,0.0,0.2120,-0.0019,False,False,False,2.0423,4.7153,1.9801,-1.9542,-1.5626,0.0017,-0.0000,0.0000,0.0000,0.0000,-0.0000,0.0000,0.1981,-0.3261,0.3410,0.1395,-0.1812,0.4097,0.0009,0.0000,0.0000,0.0000,False,0.0024,0.0581,0.0015,-0.0729,0.0257,0.0761,-2.3000,grasp,-0.1812,0.4097,0.0009,0.0000,0.0000,0.0000,False,,0.0500,0.0000,False,0.8020,-0.2600,0.0099,1.1892
433,0.0,0.2120,-0.0114,False,False,False,2.0423,4.7159,1.9801,-1.9549,-1.5623,0.0024,0.0024,0.0581,0.0015,-0.0729,0.0257,0.0761,0.1890,-0.3261,0.3410,0.1395,-0.1812,0.4097,0.0009,0.0000,0.0000,0.0000,False,-0.0609,-0.0222,-0.0567,-0.0510,0.0405,-0.0184,1.2268,grasp,-0.1812,0.4097,0.0009,0.0000,0.0000,0.0000,False,,0.0500,0.0000,True,0.8020,-0.2600,0.0099,1.1892
434,0.0,0.2106,-0.0113,False,False,False,2.0423,4.7159,1.9801,-1.9549,-1.5623,0.0024,0.0024,0.0581,0.0015,-0.0729,0.0257,0.0761,0.1890,-0.3261,0.3410,0.1395,-0.1828,0.4078,0.0004,0.0000,0.0000,0.0000,False,0.0690,-0.0659,0.0084,-0.0291,-0.0637,-0.0220,1.0680,grasp,-0.1828,0.4078,0.0004,0.0000,0.0000,0.0000,False,,0.0500,0.0000,True,0.8020,-0.2600,0.0099,1.1892
435,0.0,0.2100,-0.0047,False,False,False,2.0422,4.7160,1.9803,-1.9547,-1.5626,0.0022,-0.0147,0.0118,0.0165,0.0229,-0.0299,-0.0223,0.2201,-0.3261,0.3411,0.1385,-0.1828,0.4078,0.0004,0.0000,0.0000,0.0000,False,-0.0147,0.0118,0.0165,0.0229,-0.0299,-0.0223,-2.2911,grasp,-0.1828,0.4078,0.0004,0.0000,0.0000,0.0000,False,,0.0500,0.0000,False,0.8020,-0.2600,0.0099,1.1892
436,0.0,0.2100,-0.0102,False,False,False,2.0419,4.7163,1.9806,-1.9543,-1.5632,0.0018,-0.0279,0.0225,0.0314,0.0435,-0.0569,-0.0424,0.2089,-0.3261,0.3411,0.1385,-0.1828,0.4078,0.0004,0.0000,0.0000,0.0000,False,-0.0708,-0.0496,0.0331,-0.0034,-0.0357,0.0365,-1.7528,grasp,-0.1828,0.4078,0.0004,0.0000,0.0000,0.0000,False,,0.0500,0.0000,False,0.8020,-0.2600,0.0099,1.1892
437,0.0,0.2100,-0.0211,False,False,False,2.0398,4.7148,1.9816,-1.9544,-1.5642,0.0029,-0.1340,-0.0947,0.0623,-0.0072,-0.0668,0.0702,0.2002,-0.3261,0.3411,0.1385,-0.1828,0.4078,0.0004,0.0000,0.0000,0.0000,False,-0.0177,0.0142,-0.0450,0.0191,-0.0619,0.0008,-0.1461,grasp,-0.1828,0.4078,0.0004,0.0000,0.0000,0.0000,False,,0.0500,0.0000,False,0.8020,-0.2600,0.0099,1.1892
438,0.0,0.2088,-0.0014,False,False,False,2.0379,4.7135,1.9825,-1.9545,-1.5652,0.0039,0.0000,0.0000,0.0000,0.0000,-0.0000,0.0000,0.2162,-0.3236,0.3419,0.1398,-0.1828,0.4078,0.0004,0.0000,0.0000,0.0000,False,-0.0105,-0.0505,-0.0365,0.0518,0.0020,0.0549,-0.1234,grasp,-0.1828,0.4078,0.0004,0.0000,0.0000,0.0000,False,,0.0500,0.0000,False,0.8020,-0.2600,0.0099,1.1892
439,0.0,0.2088,-0.0102,False,False,False,2.0378,4.7136,1.9820,-1.9543,-1.5658,0.0039,-0.0158,0.0155,-0.0459,0.0192,-0.0609,-0.0002,0.2327,-0.3236,0.3419,0.1398,-0.1828,0.4078,0.0004,0.0000,0.0000,0.0000,False,-0.0084,-0.0186,-0.0467,-0.0359,0.0719,-0.0555,-1.4726,grasp,-0.1828,0.4078,0.0004,0.0000,0.0000,0.0000,False,,0.0500,0.0000,False,0.8020,-0.2600,0.0099,1.1892
440,0.0,0.2112,-0.0101,False,False,False,2.0378,4.7136,1.9820,-1.9543,-1.5658,0.0039,-0.0158,0.0155,-0.0459,0.0192,-0.0609,-0.0002,0.2327,-0.3236,0.3419,0.1398,-0.1793,0.4079,0.0003,0.0000,0.0000,0.0000,False,0.0537,-0.0476,-0.0639,0.0162,0.0209,-0.0113,-1.0319,grasp,-0.1793,0.4079,0.0003,0.0000,0.0000,0.0000,False,,0.0500,0.0000,False,0.8020,-0.2600,0.0099,1.1892
441,0.0,0.2100,-0.0176,False,False,False,2.0381,4.7142,1.9813,-1.9536,-1.5651,0.0044,0.0367,0.0590,-0.0733,0.0634,0.0669,0.0513,0.2426,-0.3238,0.3421,0.1378,-0.1793,0.4079,0.0003,0.0000,0.0000,0.0000,False,0.0367,0.0590,-0.0733,0.0634,0.0669,0.0513,-0.8361,grasp,-0.1793,0.4079,0.0003,0.0000,0.0000,0.0000,False,,0.0500,0.0000,False,0.8020,-0.2600,0.0099,1.1892
442,0.0,0.2100,-0.0146,False,False,False,2.0393,4.7158,1.9803,-1.9528,-1.5646,0.0060,0.0426,0.0478,0.0402,-0.0351,-0.0751,0.0673,0.2875,-0.3238,0.3421,0.1378,-0.1793,0.4079,0.0003,0.0000,0.0000,0.0000,False,0.0433,0.0489,0.0388,-0.0338,-0.0738,0.0683,2.4335,grasp,-0.1793,0.4079,0.0003,0.0000,0.0000,0.0000,False,,0.0500,0.0000,True,0.8020,-0.2600,0.0099,1.1892
443,0.0,0.2100,-0.0158,False,False,False,2.0393,4.7158,1.9803,-1.9528,-1.5646,0.0060,0.0426,0.0478,0.0402,-0.0351,-0.0751,0.0673,0.2875,-0.3238,0.3421,0.1378,-0.1793,0.4079,0.0003,0.0000,0.0000,0.0000,False,0.0542,0.0075,-0.0651,-0.0004,-0.0256,-0.0050,-2.8405,grasp,-0.1793,0.4079,0.0003,0.0000,0.0000,0.0000,False,,0.0500,0.0000,False,0.8020,-0.2600,0.0099,1.1892
444,0.0,0.2076,-0.0078,False,False,False,2.0404,4.7169,1.9805,-1.9534,-1.5653,0.0071,0.0340,0.0137,-0.0578,0.0088,0.0695,-0.0212,0.3473,-0.3241,0.3414,0.1333,-0.1793,0.4079,0.0003,0.0000,0.0000,0.0000,False,0.0348,0.0149,-0.0571,0.0082,0.0681,-0.0199,1.4303,grasp,-0.1793,0.4079,0.0003,0.0000,0.0000,0.0000,False,,0.0500,0.0000,True,0.8020,-0.2600,0.0099,1.1892
445,0.0,0.2076,-0.0195,False,False,False,2.0411,4.7171,1.9794,-1.9532,-1.5640,0.0067,0.0645,0.0263,-0.1099,0.0168,0.1320,-0.0402,0.3673,-0.3241,0.3414,0.1333,-0.1793,0.4079,0.0003,0.0000,0.0000,0.0000,False,-0.0513,0.0039,0.0212,0.0748,0.0787,-0.0632,0.3741,grasp,-0.1793,0.4079,0.0003,0.0000,0.0000,0.0000,False,,0.0500,0.0000,False,0.8020,-0.2600,0.0099,1.1892
446,0.0,0.2090,-5.0033,True,False,False,2.0411,4.7171,1.9794,-1.9532,-1.5640,0.0067,-0.0000,0.0000,0.0000,0.0000,-0.0000,0.0000,0.3560,-0.3241,0.3414,0.1333,-0.1781,0.4077,-0.0007,0.0000,0.0000,0.0000,False,0.0758,0.0462,-0.0180,-0.0232,-0.0599,0.0127,-2.7833,grasp,-0.1781,0.4077,-0.0007,0.0000,0.0000,0.0000,False,,0.0500,0.0000,False,0.8020,-0.2600,0.0099,1.1892
447,0.0,0.2171,-0.0060,False,False,False,2.0569,4.7209,1.9786,-1.9633,-1.5785,0.0076,-0.0223,-0.0354,0.0164,-0.0128,0.0099,-0.0101,0.0044,-0.3289,0.3413,0.1495,-0.1864,0.4093,0.0005,0.0000,0.0000,0.0000,False,-0.0721,0.0079,0.0310,0.0088,0.0026,0.0262,1.9105,grasp,-0.1864,0.4093,0.0005,0.0000,0.0000,0.0000,False,,0.0500,0.0000,True,0.8020,-0.2600,0.0099,1.1937
448,0.0,0.2154,-0.0096,False,False,False,2.0573,4.7210,1.9780,-1.9626,-1.5786,0.0082,0.0443,0.0116,-0.0632,0.0723,-0.0064,0.0617,0.0644,-0.3287,0.3413,0.1474,-0.1864,0.4093,0.0005,0.0000,0.0000,0.0000,False,0.0443,0.0116,-0.0632,0.0723,-0.0064,0.0617,2.6061,grasp,-0.1864,0.4093,0.0005,0.0000,0.0000,0.0000,False,,0.0500,0.0000,True,0.8020,-0.2600,0.0099,1.1937
449,0.0,0.2154,-0.0128,False,False,False,2.0573,4.7210,1.9780,-1.9626,-1.5786,0.0082,0.0443,0.0116,-0.0632,0.0723,-0.0064,0.0617,0.0644,-0.3287,0.3413,0.1474,-0.1864,0.4093,0.0005,0.0000,0.0000,0.0000,False,0.0169,0.0711,0.0155,-0.0755,-0.0612,0.0256,2.9368,grasp,-0.1864,0.4093,0.0005,0.0000,0.0000,0.0000,False,,0.0500,0.0000,True,0.8020,-0.2600,0.0099,1.1937
450,0.0,0.2162,-0.0144,False,False,False,2.0573,4.7210,1.9780,-1.9626,-1.5786,0.0082,0.0443,0.0116,-0.0632,0.0723,-0.0064,0.0617,0.0644,-0.3287,0.3413,0.1474,-0.1856,0.4097,0.0004,0.0000,0.0000,0.0000,False,0.0024,0.0222,-0.0362,-0.0013,0.0645,-0.0638,-1.4336,grasp,-0.1856,0.4097,0.0004,0.0000,0.0000,0.0000,False,,0.0500,0.0000,False,0.8020,-0.2600,0.0099,1.1937
451,0.0,0.2130,-0.0168,False,False,False,2.0586,4.7224,1.9759,-1.9591,-1.5785,0.0076,0.0332,0.0768,-0.0585,0.1404,0.0153,-0.1223,0.1441,-0.3292,0.3406,0.1418,-0.1856,0.4097,0.0004,0.0000,0.0000,0.0000,False,0.0183,0.0406,-0.0320,0.0752,0.0079,-0.0632,1.3509,grasp,-0.1856,0.4097,0.0004,0.0000,0.0000,0.0000,False,,0.0500,0.0000,True,0.8020,-0.2600,0.0099,1.1937
452,0.0,0.2130,-0.0315,False,False,False,2.0591,4.7235,1.9750,-1.9571,-1.5783,0.0058,0.0473,0.1096,-0.0834,0.2002,0.0218,-0.1744,0.1640,-0.3292,0.3406,0.1418,-0.1856,0.4097,0.0004,0.0000,0.0000,0.0000,False,0.0384,0.0267,-0.0388,-0.0370,0.0671,-0.0158,2.7365,grasp,-0.1856,0.4097,0.0004,0.0000,0.0000,0.0000,False,,0.0500,0.0000,True,0.8020,-0.2600,0.0099,1.1937
453,0.0,0.2130,-0.0127,False,False,False,2.0595,4.7238,1.9747,-1.9575,-1.5776,0.0057,0.0379,0.0255,-0.0379,-0.0390,0.0669,-0.0140,0.2040,-0.3292,0.3406,0.1418,-0.1856,0.4097,0.0004,0.0000,0.0000,0.0000,False,0.0293,0.0163,0.0401,-0.0307,-0.0534,-0.0207,1.2952,grasp,-0.1856,0.4097,0.0004,0.0000,0.0000,0.0000,False,,0.0500,0.0000,True,0.8020,-0.2600,0.0099,1.1937
454,0.0,0.2114,-0.0101,False,False,False,2.0599,4.7239,1.9742,-1.9576,-1.5765,0.0059,-0.0337,-0.0383,0.0227,0.0607,-0.0143,0.0514,0.2211,-0.3304,0.3402,0.1378,-0.1856,0.4097,0.0004,0.0000,0.0000,0.0000,False,-0.0329,-0.0378,0.0220,0.0600,-0.0131,0.0512,-1.5658,grasp,-0.1856,0.4097,0.0004,0.0000,0.0000,0.0000,False,,0.0500,0.0000,False,0.8020,-0.2600,0.0099,1.1937
455,0.0,0.2114,-0.0112,False,False,False,2.0599,4.7239,1.9742,-1.9576,-1.5765,0.0059,-0.0337,-0.0383,0.0227,0.0607,-0.0143,0.0514,0.2211,-0.3304,0.3402,0.1378,-0.1856,0.4097,0.0004,0.0000,0.0000,0.0000,False,-0.0686,0.0344,-0.0620,0.0205,0.0503,-0.0075,2.2458,grasp,-0.1856,0.4097,0.0004,0.0000,0.0000,0.0000,False,,0.0500,0.0000,True,0.8020,-0.2600,0.0099,1.1937
456,0.0,0.2115,-5.0113,True,False,False,2.0599,4.7239,1.9742,-1.9576,-1.5765,0.0059,-0.0337,-0.0383,0.0227,0.0607,-0.0143,0.0514,0.2211,-0.3304,0.3402,0.1378,-0.1863,0.4096,-0.0006,0.0000,0.0000,0.0000,False,0.0143,-0.0676,-0.0320,-0.0782,0.0271,-0.0255,-1.7999,grasp,-0.1863,0.4096,-0.0006,0.0000,0.0000,0.0000,False,,0.0500,0.0000,False,0.8020,-0.2600,0.0099,1.1937
457,0.0,0.2274,-5.0047,True,False,False,2.0564,4.7069,1.9744,-1.9712,-1.5716,0.0016,-0.0213,-0.0164,0.0216,-0.0023,0.0008,-0.0021,0.0026,-0.3326,0.3443,0.1590,-0.1875,0.4170,-0.0002,0.0000,0.0000,0.0000,False,0.0244,0.0605,0.0072,0.0087,0.0525,-0.0481,-3.0502,grasp,-0.1875,0.4170,-0.0002,0.0000,0.0000,0.0000,False,,0.0500,0.0000,False,0.8020,-0.2600,0.0099,1.1990
458,0.0,0.2174,-0.0054,False,False,False,2.0565,4.7143,1.9798,-1.9701,-1.5623,-0.0072,-0.0212,-0.0259,0.0143,-0.0037,-0.0111,0.0092,0.0000,-0.3335,0.3406,0.1531,-0.1955,0.4113,0.0008,0.0000,0.0000,0.0000,False,0.0029,0.0007,0.0714,0.0088,0.0418,-0.0041,0.5464,grasp,-0.1955,0.4113,0.0008,0.0000,0.0000,0.0000,False,,0.0500,0.0000,True,0.8020,-0.2600,0.0116,1.2024
459,0.0,0.2155,-0.0059,False,False,False,2.0565,4.7141,1.9804,-1.9705,-1.5622,-0.0072,0.0209,-0.0028,0.0432,-0.0335,0.0190,-0.0097,0.0399,-0.3332,0.3405,0.1506,-0.1955,0.4113,0.0008,0.0000,0.0000,0.0000,False,0.0207,-0.0031,0.0433,-0.0336,0.0189,-0.0096,2.7713,grasp,-0.1955,0.4113,0.0008,0.0000,0.0000,0.0000,False,,0.0500,0.0000,True,0.8020,-0.2600,0.0116,1.2024
460,0.0,0.2155,-0.0122,False,False,False,2.0569,4.7140,1.9812,-1.9711,-1.5619,-0.0074,0.0397,-0.0053,0.0820,-0.0637,0.0360,-0.0184,0.0598,-0.3332,0.3405,0.1506,-0.1955,0.4113,0.0008,0.0000,0.0000,0.0000,False,-0.0351,0.0247,0.0293,0.0387,0.0159,0.0695,-0.0224,grasp,-0.1955,0.4113,0.0008,0.0000,0.0000,0.0000,False,,0.0500,0.0000,False,0.8020,-0.2600,0.0116,1.2024
461,0.0,0.2155,-0.0028,False,False,False,2.0569,4.7140,1.9812,-1.9711,-1.5619,-0.0074,0.0000,0.0000,0.0000,0.0000,-0.0000,0.0000,0.0998,-0.3332,0.3405,0.1506,-0.1955,0.4113,0.0008,0.0000,0.0000,0.0000,False,-0.0102,-0.0504,0.0212,-0.0408,-0.0113,0.0708,-2.4415,grasp,-0.1955,0.4113,0.0008,0.0000,0.0000,0.0000,False,,0.0500,0.0000,False,0.8020,-0.2600,0.0116,1.2024
462,0.0,0.2167,-0.0032,False,False,False,2.0569,4.7140,1.9812,-1.9711,-1.5619,-0.0074,0.0000,0.0000,0.0000,0.0000,-0.0000,0.0000,0.0998,-0.3332,0.3405,0.1506,-0.1940,0.4113,0.0005,0.0000,0.0000,0.0000,False,-0.0761,-0.0209,0.0003,0.0700,-0.0358,0.0687,2.2370,grasp,-0.1940,0.4113,0.0005,0.0000,0.0000,0.0000,False,,0.0500,0.0000,True,0.8020,-0.2600,0.0116,1.2024
463,0.0,0.2128,-0.0170,False,False,False,2.0567,4.7117,1.9807,-1.9697,-1.5605,-0.0068,-0.0055,-0.1206,-0.0445,0.1217,0.0999,-0.0089,0.1797,-0.3333,0.3402,0.1448,-0.1940,0.4113,0.0005,0.0000,0.0000,0.0000,False,-0.0030,-0.0640,-0.0232,0.0636,0.0525,-0.0040,1.2726,grasp,-0.1940,0.4113,0.0005,0.0000,0.0000,0.0000,False,,0.0500,0.0000,True,0.8020,-0.2600,0.0116,1.2024
464,0.0,0.2128,-0.0205,False,False,False,2.0567,4.7117,1.9807,-1.9697,-1.5605,-0.0068,-0.0055,-0.1206,-0.0445,0.1217,0.0999,-0.0089,0.1797,-0.3333,0.3402,0.1448,-0.1940,0.4113,0.0005,0.0000,0.0000,0.0000,False,0.0466,-0.0042,-0.0741,0.0427,0.0060,0.0411,0.3579,grasp,-0.1940,0.4113,0.0005,0.0000,0.0000,0.0000,False,,0.0500,0.0000,True,0.8020,-0.2600,0.0116,1.2024
465,0.0,0.2114,0.0007,False,False,False,2.0567,4.7098,1.9801,-1.9680,-1.5590,-0.0069,0.0000,0.0000,0.0000,0.0000,-0.0000,0.0000,0.2395,-0.3338,0.3394,0.1418,-0.1940,0.4113,0.0005,0.0000,0.0000,0.0000,False,-0.0136,0.0780,0.0426,-0.0047,0.0482,-0.0559,0.7320,grasp,-0.1940,0.4113,0.0005,0.0000,0.0000,0.0000,False,,0.0500,0.0000,True,0.8020,-0.2600,0.0116,1.2024
466,0.0,0.2114,-0.0122,False,False,False,2.0565,4.7106,1.9805,-1.9680,-1.5586,-0.0075,-0.0136,0.0781,0.0426,-0.0047,0.0482,-0.0559,0.2590,-0.3338,0.3394,0.1418,-0.1940,0.4113,0.0005,0.0000,0.0000,0.0000,False,-0.0248,-0.0491,-0.0108,0.0690,-0.0009,-0.0206,0.8534,grasp,-0.1940,0.4113,0.0005,0.0000,0.0000,0.0000,False,,0.0500,0.0000,True,0.8020,-0.2600,0.0116,1.2024
467,0.0,0.2114,-0.0030,False,False,False,2.0565,4.7106,1.9805,-1.9680,-1.5586,-0.0075,0.0000,0.0000,0.0000,0.0000,-0.0000,0.0000,0.2990,-0.3338,0.3394,0.1418,-0.1940,0.4113,0.0005,0.0000,0.0000,0.0000,False,-0.0617,0.0120,0.0756,0.0623,0.0672,-0.0566,1.6095,grasp,-0.1940,0.4113,0.0005,0.0000,0.0000,0.0000,False,,0.0500,0.0000,True,0.8020,-0.2600,0.0116,1.2024
468,0.0,0.2116,-0.0025,False,False,False,2.0565,4.7106,1.9805,-1.9680,-1.5586,-0.0075,0.0000,0.0000,0.0000,0.0000,-0.0000,0.0000,0.2990,-0.3338,0.3394,0.1418,-0.1927,0.4117,0.0018,0.0000,0.0000,0.0000,False,0.0227,-0.0591,0.0347,-0.0169,0.0586,-0.0437,2.8425,grasp,-0.1927,0.4117,0.0018,0.0000,0.0000,0.0000,False,,0.0500,0.0000,True,0.8020,-0.2600,0.0116,1.2024
469,0.0,0.2083,-0.0173,False,False,False,2.0578,4.7112,1.9812,-1.9678,-1.5557,-0.0087,0.1258,0.0264,-0.0093,-0.0270,0.1452,-0.0418,0.3783,-0.3336,0.3388,0.1368,-0.1927,0.4117,0.0018,0.0000,0.0000,0.0000,False,0.0656,0.0140,-0.0042,-0.0136,0.0771,-0.0226,-1.3892,grasp,-0.1927,0.4117,0.0018,0.0000,0.0000,0.0000,False,,0.0500,0.0000,False,0.8020,-0.2600,0.0116,1.2024
470,0.0,0.2083,-0.0272,False,False,False,2.0596,4.7115,1.9810,-1.9682,-1.5536,-0.0093,0.1794,0.0376,-0.0133,-0.0384,0.2072,-0.0596,0.3983,-0.3336,0.3388,0.1368,-0.1927,0.4117,0.0018,0.0000,0.0000,0.0000,False,0.0144,0.0734,0.0166,-0.0333,0.0560,-0.0540,-0.7937,grasp,-0.1927,0.4117,0.0018,0.0000,0.0000,0.0000,False,,0.0500,0.0000,False,0.8020,-0.2600,0.0116,1.2024
471,0.0,0.2090,-0.0122,False,False,False,2.0598,4.7123,1.9812,-1.9685,-1.5531,-0.0098,0.0123,0.0730,0.0167,-0.0329,0.0539,-0.0534,0.4093,-0.3363,0.3371,0.1340,-0.1927,0.4117,0.0018,0.0000,0.0000,0.0000,False,-0.0039,0.0145,-0.0569,-0.0012,0.0067,-0.0078,-1.3613,grasp,-0.1927,0.4117,0.0018,0.0000,0.0000,0.0000,False,,0.0500,0.0000,False,0.8020,-0.2600,0.0116,1.2024
472,0.0,0.2090,-0.0219,False,False,False,2.0600,4.7137,1.9815,-1.9691,-1.5520,-0.0108,0.0236,0.1387,0.0318,-0.0626,0.1025,-0.1014,0.3983,-0.3363,0.3371,0.1340,-0.1927,0.4117,0.0018,0.0000,0.0000,0.0000,False,0.0077,-0.0752,0.0069,0.0473,-0.0783,-0.0421,-1.3170,grasp,-0.1927,0.4117,0.0018,0.0000,0.0000,0.0000,False,,0.0500,0.0000,False,0.8020,-0.2600,0.0116,1.2024
473,0.0,0.2090,-0.0029,False,False,False,2.0600,4.7137,1.9815,-1.9691,-1.5520,-0.0108,0.0000,0.0000,0.0000,0.0000,-0.0000,0.0000,0.3787,-0.3363,0.3371,0.1340,-0.1927,0.4117,0.0018,0.0000,0.0000,0.0000,False,-0.0556,0.0373,-0.0727,0.0426,0.0504,0.0745,-0.3751,grasp,-0.1927,0.4117,0.0018,0.0000,0.0000,0.0000,False,,0.0500,0.0000,False,0.8020,-0.2600,0.0116,1.2024
474,0.0,0.2107,-5.0038,True,False,False,2.0600,4.7137,1.9815,-1.9691,-1.5520,-0.0108,0.0000,0.0000,0.0000,0.0000,-0.0000,0.0000,0.3787,-0.3363,0.3371,0.1340,-0.1931,0.4110,-0.0017,0.0000,0.0000,0.0000,False,0.0143,0.0528,-0.0131,-0.0711,0.0748,0.0717,-0.4168,grasp,-0.1931,0.4110,-0.0017,0.0000,0.0000,0.0000,False,,0.0500,0.0000,False,0.8020,-0.2600,0.0116,1.2024
475,0.0,0.2123,-0.0051,False,False,False,2.0557,4.7149,1.9822,-1.9790,-1.5478,0.0018,-0.0217,-0.0288,0.0122,0.0083,-0.0321,-0.0025,0.0040,-0.3371,0.3404,0.1526,-0.2046,0.4088,0.0014,0.0000,0.0000,0.0000,False,0.0429,-0.0663,-0.0087,0.0646,0.0374,-0.0463,2.3875,grasp,-0.2046,0.4088,0.0014,0.0000,0.0000,0.0000,False,,0.0500,0.0000,True,0.8020,-0.2600,0.0099,1.2086
476,0.0,0.2123,-0.0019,False,False,False,2.0557,4.7149,1.9822,-1.9790,-1.5478,0.0018,0.0000,0.0000,0.0000,0.0000,-0.0000,0.0000,0.0240,-0.3371,0.3404,0.1526,-0.2046,0.4088,0.0014,0.0000,0.0000,0.0000,False,-0.0385,0.0406,-0.0101,0.0269,-0.0060,-0.0787,-1.5028,grasp,-0.2046,0.4088,0.0014,0.0000,0.0000,0.0000,False,,0.0500,0.0000,False,0.8020,-0.2600,0.0099,1.2086
477,0.0,0.2123,-0.0028,False,False,False,2.0557,4.7149,1.9822,-1.9790,-1.5478,0.0018,0.0000,0.0000,0.0000,0.0000,-0.0000,0.0000,0.0640,-0.3371,0.3404,0.1526,-0.2046,0.4088,0.0014,0.0000,0.0000,0.0000,False,-0.0567,0.0419,-0.0252,-0.0156,0.0259,0.0247,-2.9111,grasp,-0.2046,0.4088,0.0014,0.0000,0.0000,0.0000,False,,0.0500,0.0000,False,0.8020,-0.2600,0.0099,1.2086
478,0.0,0.2144,-0.0038,False,False,False,2.0557,4.7149,1.9822,-1.9790,-1.5478,0.0018,0.0000,0.0000,0.0000,0.0000,-0.0000,0.0000,0.0640,-0.3371,0.3404,0.1526,-0.2017,0.4094,0.0014,0.0000,0.0000,0.0000,False,-0.0011,0.0462,0.0480,-0.0456,0.0183,0.0769,2.5570,grasp,-0.2017,0.4094,0.0014,0.0000,0.0000,0.0000,False,,0.0500,0.0000,True,0.8020,-0.2600,0.0099,1.2086
479,0.0,0.2101,-0.0020,False,False,False,2.0550,4.7152,1.9825,-1.9790,-1.5474,0.0019,-0.0069,-0.0186,0.0550,0.0157,0.0126,-0.0171,0.1236,-0.3372,0.3405,0.1465,-0.2017,0.4094,0.0014,0.0000,0.0000,0.0000,False,-0.0075,-0.0182,0.0548,0.0155,0.0129,-0.0168,0.9384,grasp,-0.2017,0.4094,0.0014,0.0000,0.0000,0.0000,False,,0.0500,0.0000,True,0.8020,-0.2600,0.0099,1.2086
480,0.0,0.2101,-0.0132,False,False,False,2.0546,4.7145,1.9829,-1.9785,-1.5467,0.0023,-0.0318,-0.0276,-0.0619,0.0220,0.0541,0.0683,0.1833,-0.3372,0.3405,0.1465,-0.2017,0.4094,0.0014,0.0000,0.0000,0.0000,False,-0.0319,-0.0279,-0.0609,0.0223,0.0544,0.0680,0.0130,grasp,-0.2017,0.4094,0.0014,0.0000,0.0000,0.0000,False,,0.0500,0.0000,True,0.8020,-0.2600,0.0099,1.2086
481,0.0,0.2101,-0.0130,False,False,False,2.0546,4.7145,1.9829,-1.9785,-1.5467,0.0023,-0.0318,-0.0276,-0.0619,0.0220,0.0541,0.0683,0.1833,-0.3372,0.3405,0.1465,-0.2017,0.4094,0.0014,0.0000,0.0000,0.0000,False,0.0008,-0.0099,-0.0776,-0.0299,0.0330,-0.0238,-2.8562,grasp,-0.2017,0.4094,0.0014,0.0000,0.0000,0.0000,False,,0.0500,0.0000,False,0.8020,-0.2600,0.0099,1.2086
482,0.0,0.2071,0.0014,False,False,False,2.0540,4.7140,1.9817,-1.9780,-1.5456,0.0036,-0.0000,0.0000,0.0000,0.0000,-0.0000,0.0000,0.1892,-0.3373,0.3404,0.1419,-0.2017,0.4094,0.0014,0.0000,0.0000,0.0000,False,-0.0001,0.0173,0.0534,-0.0103,-0.0031,-0.0010,-2.8957,grasp,-0.2017,0.4094,0.0014,0.0000,0.0000,0.0000,False,,0.0500,0.0000,False,0.8020,-0.2600,0.0099,1.2086
483,0.0,0.2071,-0.0023,False,False,False,2.0540,4.7140,1.9817,-1.9780,-1.5456,0.0036,-0.0000,0.0000,0.0000,0.0000,-0.0000,0.0000,0.1612,-0.3373,0.3404,0.1419,-0.2017,0.4094,0.0014,0.0000,0.0000,0.0000,False,-0.0052,0.0745,0.0082,-0.0530,0.0210,-0.0758,-2.7399,grasp,-0.2017,0.4094,0.0014,0.0000,0.0000,0.0000,False,,0.0500,0.0000,False,0.8020,-0.2600,0.0099,1.2086
484,0.0,0.2100,-0.0061,False,False,False,2.0540,4.7140,1.9817,-1.9780,-1.5456,0.0036,-0.0000,0.0000,0.0000,0.0000,-0.0000,0.0000,0.1612,-0.3373,0.3404,0.1419,-0.1987,0.4104,0.0006,0.0000,0.0000,0.0000,False,-0.0340,0.0383,0.0124,-0.0665,0.0767,0.0275,-1.8784,grasp,-0.1987,0.4104,0.0006,0.0000,0.0000,0.0000,False,,0.0500,0.0000,False,0.8020,-0.2600,0.0099,1.2086
485,0.0,0.2109,-0.0148,False,False,False,2.0534,4.7141,1.9812,-1.9785,-1.5450,0.0027,-0.0530,-0.0703,-0.0649,0.0092,0.0459,-0.0140,0.1902,-0.3374,0.3405,0.1432,-0.1987,0.4104,0.0006,0.0000,0.0000,0.0000,False,-0.0531,-0.0696,-0.0648,0.0087,0.0461,-0.0148,0.7128,grasp,-0.1987,0.4104,0.0006,0.0000,0.0000,0.0000,False,,0.0500,0.0000,True,0.8020,-0.2600,0.0099,1.2086
486,0.0,0.2109,-0.0117,False,False,False,2.0531,4.7124,1.9792,-1.9782,-1.5444,0.0028,0.0707,-0.0317,-0.0725,0.0159,-0.0352,0.0419,0.2493,-0.3374,0.3405,0.1432,-0.1987,0.4104,0.0006,0.0000,0.0000,0.0000,False,0.0697,-0.0336,-0.0737,0.0160,-0.0343,0.0416,2.9176,grasp,-0.1987,0.4104,0.0006,0.0000,0.0000,0.0000,False,,0.0500,0.0000,True,0.8020,-0.2600,0.0099,1.2086
487,0.0,0.2109,-0.0131,False,False,False,2.0531,4.7124,1.9792,-1.9782,-1.5444,0.0028,0.0707,-0.0317,-0.0725,0.0159,-0.0352,0.0419,0.2493,-0.3374,0.3405,0.1432,-0.1987,0.4104,0.0006,0.0000,0.0000,0.0000,False,0.0172,0.0525,-0.0407,0.0019,-0.0100,-0.0370,-1.9607,grasp,-0.1987,0.4104,0.0006,0.0000,0.0000,0.0000,False,,0.0500,0.0000,False,0.8020,-0.2600,0.0099,1.2086
488,0.0,0.2102,-0.0021,False,False,False,2.0544,4.7117,1.9778,-1.9779,-1.5451,0.0036,-0.0000,0.0000,0.0000,0.0000,-0.0000,0.0000,0.2572,-0.3385,0.3417,0.1417,-0.1987,0.4104,0.0006,0.0000,0.0000,0.0000,False,0.0296,0.0206,-0.0736,-0.0467,-0.0476,0.0205,-2.2062,grasp,-0.1987,0.4104,0.0006,0.0000,0.0000,0.0000,False,,0.0500,0.0000,False,0.8020,-0.2600,0.0099,1.2086
489,0.0,0.2102,-0.0023,False,False,False,2.0547,4.7119,1.9771,-1.9783,-1.5456,0.0038,0.0000,0.0000,0.0000,0.0000,-0.0000,0.0000,0.2403,-0.3385,0.3417,0.1417,-0.1987,0.4104,0.0006,0.0000,0.0000,0.0000,False,-0.0510,0.0567,0.0347,0.0629,0.0271,-0.0632,-1.4759,grasp,-0.1987,0.4104,0.0006,0.0000,0.0000,0.0000,False,,0.0500,0.0000,False,0.8020,-0.2600,0.0099,1.2086
490,0.0,0.2082,-0.0004,False,False,False,2.0547,4.7119,1.9771,-1.9783,-1.5456,0.0038,0.0000,0.0000,0.0000,0.0000,-0.0000,0.0000,0.2403,-0.3385,0.3417,0.1417,-0.2001,0.4124,0.0031,0.0000,0.0000,0.0000,False,0.0633,-0.0219,0.0742,0.0052,0.0553,-0.0561,2.0903,grasp,-0.2001,0.4124,0.0031,0.0000,0.0000,0.0000,False,,0.0500,0.0000,True,0.8020,-0.2600,0.0099,1.2086
491,0.0,0.2083,-0.0081,False,False,False,2.0536,4.7122,1.9777,-1.9778,-1.5455,0.0037,-0.0633,-0.0274,0.0204,-0.0086,-0.0228,0.0525,0.2775,-0.3384,0.3419,0.1421,-0.2001,0.4124,0.0031,0.0000,0.0000,0.0000,False,-0.0638,-0.0267,0.0207,-0.0080,-0.0225,0.0518,0.8334,grasp,-0.2001,0.4124,0.0031,0.0000,0.0000,0.0000,False,,0.0500,0.0000,True,0.8020,-0.2600,0.0099,1.2086
492,0.0,0.2083,-0.0175,False,False,False,2.0524,4.7117,1.9781,-1.9779,-1.5460,0.0047,-0.1203,-0.0519,0.0387,-0.0164,-0.0433,0.0997,0.2975,-0.3384,0.3419,0.1421,-0.2001,0.4124,0.0031,0.0000,0.0000,0.0000,False,-0.0407,0.0407,-0.0595,0.0391,0.0561,-0.0685,0.8537,grasp,-0.2001,0.4124,0.0031,0.0000,0.0000,0.0000,False,,0.0500,0.0000,True,0.8020,-0.2600,0.0099,1.2086
493,0.0,0.2083,-0.0159,False,False,False,2.0520,4.7121,1.9775,-1.9775,-1.5454,0.0040,-0.0395,0.0413,-0.0599,0.0393,0.0565,-0.0695,0.3374,-0.3384,0.3419,0.1421,-0.2001,0.4124,0.0031,0.0000,0.0000,0.0000,False,0.0429,-0.0320,0.0446,0.0097,-0.0289,-0.0481,-2.7455,grasp,-0.2001,0.4124,0.0031,0.0000,0.0000,0.0000,False,,0.0500,0.0000,False,0.8020,-0.2600,0.0099,1.2086
494,0.0,0.2052,0.0003,False,False,False,2.0512,4.7129,1.9763,-1.9768,-1.5443,0.0027,-0.0000,0.0000,0.0000,0.0000,-0.0000,0.0000,0.3410,-0.3378,0.3429,0.1385,-0.2001,0.4124,0.0031,0.0000,0.0000,0.0000,False,0.0078,-0.0447,-0.0025,0.0451,0.0043,0.0357,2.4010,grasp,-0.2001,0.4124,0.0031,0.0000,0.0000,0.0000,False,,0.0500,0.0000,True,0.8020,-0.2600,0.0099,1.2086
495,0.0,0.2052,-0.0034,False,False,False,2.0512,4.7129,1.9763,-1.9768,-1.5443,0.0027,0.0000,0.0000,0.0000,0.0000,-0.0000,0.0000,0.3610,-0.3378,0.3429,0.1385,-0.2001,0.4124,0.0031,0.0000,0.0000,0.0000,False,-0.0570,-0.0338,-0.0480,0.0333,-0.0709,0.0722,1.9210,grasp,-0.2001,0.4124,0.0031,0.0000,0.0000,0.0000,False,,0.0500,0.0000,True,0.8020,-0.2600,0.0099,1.2086
496,0.0,0.2110,-0.0072,False,False,False,2.0512,4.7129,1.9763,-1.9768,-1.5443,0.0027,0.0000,0.0000,0.0000,0.0000,-0.0000,0.0000,0.3610,-0.3378,0.3429,0.1385,-0.1953,0.4147,0.0003,0.0000,0.0000,0.0000,False,0.0395,0.0489,0.0523,-0.0353,0.0671,0.0044,-1.0001,grasp,-0.1953,0.4147,0.0003,0.0000,0.0000,0.0000,False,,0.0500,0.0000,False,0.8020,-0.2600,0.0099,1.2086
497,0.0,0.2105,-0.0145,False,False,False,2.0533,4.7130,1.9763,-1.9772,-1.5426,0.0021,0.1362,0.0080,-0.0009,-0.0285,0.1118,-0.0387,0.3981,-0.3383,0.3426,0.1371,-0.1953,0.4147,0.0003,0.0000,0.0000,0.0000,False,0.0717,0.0042,-0.0005,-0.0150,0.0588,-0.0204,-0.1965,grasp,-0.1953,0.4147,0.0003,0.0000,0.0000,0.0000,False,,0.0500,0.0000,False,0.8020,-0.2600,0.0099,1.2086
498,0.0,0.2105,-0.0149,False,False,False,2.0546,4.7125,1.9756,-1.9775,-1.5406,0.0022,-0.0687,-0.0607,-0.0683,0.0188,0.0387,0.0692,0.3558,-0.3383,0.3426,0.1371,-0.1953,0.4147,0.0003,0.0000,0.0000,0.0000,False,-0.0662,-0.0605,-0.0683,0.0184,0.0403,0.0686,-2.6249,grasp,-0.1953,0.4147,0.0003,0.0000,0.0000,0.0000,False,,0.0500,0.0000,False,0.8020,-0.2600,0.0099,1.2086
499,0.0,0.2105,-0.0166,False,False,False,2.0546,4.7125,1.9756,-1.9775,-1.5406,0.0022,-0.0687,-0.0607,-0.0683,0.0188,0.0387,0.0692,0.3558,-0.3383,0.3426,0.1371,-0.1953,0.4147,0.0003,0.0000,0.0000,0.0000,False,0.0696,0.0632,-0.0603,0.0276,-0.0131,-0.0173,-0.4287,grasp,-0.1953,0.4147,0.0003,0.0000,0.0000,0.0000,False,,0.0500,0.0000,False,0.8020,-0.2600,0.0099,1.2086
500,0.0,0.2143,-0.0071,False,False,False,2.0533,4.7113,1.9743,-1.9771,-1.5399,0.0035,0.0000,0.0000,0.0000,0.0000,-0.0000,0.0000,0.3368,-0.3401,0.3425,0.1409,-0.1953,0.4147,0.0003,0.0000,0.0000,0.0000,False,0.0099,0.0769,0.0746,0.0081,0.0786,0.0089,-1.5514,grasp,-0.1953,0.4147,0.0003,0.0000,0.0000,0.0000,False,,0.0500,0.0000,False,0.8020,-0.2600,0.0099,1.2086
501,0.0,0.2143,-0.0133,False,False,False,2.0540,4.7120,1.9737,-1.9768,-1.5400,0.0033,0.0709,0.0647,-0.0588,0.0272,-0.0138,-0.0186,0.3376,-0.3401,0.3425,0.1409,-0.1953,0.4147,0.0003,0.0000,0.0000,0.0000,False,0.0517,0.0398,-0.0748,0.0733,-0.0491,0.0304,-1.5443,grasp,-0.1953,0.4147,0.0003,0.0000,0.0000,0.0000,False,,0.0500,0.0000,False,0.8020,-0.2600,0.0099,1.2086
502,0.0,0.2114,-0.0104,False,False,False,2.0540,4.7120,1.9737,-1.9768,-1.5400,0.0033,0.0709,0.0647,-0.0588,0.0272,-0.0138,-0.0186,0.3376,-0.3401,0.3425,0.1409,-0.1986,0.4146,0.0014,0.0000,0.0000,0.0000,False,-0.0713,-0.0452,-0.0129,-0.0381,-0.0418,-0.0473,-2.7942,grasp,-0.1986,0.4146,0.0014,0.0000,0.0000,0.0000,False,,0.0500,0.0000,False,0.8020,-0.2600,0.0099,1.2086
503,0.0,0.2135,-0.0283,False,False,False,2.0558,4.7101,1.9721,-1.9775,-1.5384,0.0024,0.1148,-0.1278,-0.1067,-0.0468,0.1102,-0.0620,0.2715,-0.3409,0.3425,0.1433,-0.1986,0.4146,0.0014,0.0000,0.0000,0.0000,False,0.0604,-0.0671,-0.0562,-0.0246,0.0580,-0.0326,-2.1239,grasp,-0.1986,0.4146,0.0014,0.0000,0.0000,0.0000,False,,0.0500,0.0000,False,0.8020,-0.2600,0.0099,1.2086
504,0.0,0.2135,-0.0071,False,False,False,2.0570,4.7084,1.9705,-1.9780,-1.5368,0.0019,-0.0413,0.0353,-0.0061,0.0185,-0.0009,0.0372,0.2191,-0.3409,0.3425,0.1433,-0.1986,0.4146,0.0014,0.0000,0.0000,0.0000,False,-0.0395,0.0310,-0.0076,0.0178,0.0007,0.0363,-2.7015,grasp,-0.1986,0.4146,0.0014,0.0000,0.0000,0.0000,False,,0.0500,0.0000,False,0.8020,-0.2600,0.0099,1.2086
505,0.0,0.2187,-0.0069,False,False,False,2.0562,4.7090,1.9704,-1.9777,-1.5368,0.0026,0.0000,0.0000,0.0000,0.0000,-0.0000,0.0000,0.2086,-0.3426,0.3429,0.1495,-0.1986,0.4146,0.0014,0.0000,0.0000,0.0000,False,-0.0389,0.0351,-0.0377,-0.0740,-0.0782,0.0673,-1.0922,grasp,-0.1986,0.4146,0.0014,0.0000,0.0000,0.0000,False,,0.0500,0.0000,False,0.8020,-0.2600,0.0099,1.2086
506,0.0,0.2187,-0.0029,False,False,False,2.0562,4.7090,1.9704,-1.9777,-1.5368,0.0026,0.0000,0.0000,0.0000,0.0000,-0.0000,0.0000,0.2086,-0.3426,0.3429,0.1495,-0.1986,0.4146,0.0014,0.0000,0.0000,0.0000,False,0.0773,0.0751,-0.0392,0.0634,0.0577,-0.0121,-1.3560,grasp,-0.1986,0.4146,0.0014,0.0000,0.0000,0.0000,False,,0.0500,0.0000,False,0.8020,-0.2600,0.0099,1.2086
507,0.0,0.2187,-0.0170,False,False,False,2.0558,4.7094,1.9700,-1.9784,-1.5376,0.0033,-0.0382,0.0344,-0.0376,-0.0744,-0.0782,0.0666,0.2139,-0.3426,0.3429,0.1495,-0.1986,0.4146,0.0014,0.0000,0.0000,0.0000,False,-0.0093,0.0262,-0.0758,-0.0678,-0.0441,0.0444,-1.9231,grasp,-0.1986,0.4146,0.0014,0.0000,0.0000,0.0000,False,,0.0500,0.0000,False,0.8020,-0.2600,0.0099,1.2086
508,0.0,0.2130,-0.0109,False,False,False,2.0558,4.7094,1.9700,-1.9784,-1.5376,0.0033,-0.0382,0.0344,-0.0376,-0.0744,-0.0782,0.0666,0.2139,-0.3426,0.3429,0.1495,-0.2055,0.4142,0.0030,0.0000,0.0000,0.0000,False,0.0683,0.0638,-0.0118,0.0604,-0.0705,-0.0120,0.2371,grasp,-0.2055,0.4142,0.0030,0.0000,0.0000,0.0000,False,,0.0500,0.0000,True,0.8020,-0.2600,0.0099,1.2086
509,0.0,0.2119,-0.0173,False,False,False,2.0568,4.7095,1.9685,-1.9797,-1.5354,0.0029,0.0625,0.0107,-0.1010,-0.0831,0.1449,-0.0250,0.2680,-0.3430,0.3435,0.1478,-0.2055,0.4142,0.0030,0.0000,0.0000,0.0000,False,0.0329,0.0056,-0.0531,-0.0437,0.0763,-0.0131,0.2830,grasp,-0.2055,0.4142,0.0030,0.0000,0.0000,0.0000,False,,0.0500,0.0000,True,0.8020,-0.2600,0.0099,1.2086
510,0.0,0.2119,-0.0153,False,False,False,2.0581,4.7103,1.9676,-1.9814,-1.5327,0.0032,0.0395,0.0611,0.0544,-0.0559,0.0567,0.0629,0.3268,-0.3430,0.3435,0.1478,-0.2055,0.4142,0.0030,0.0000,0.0000,0.0000,False,0.0404,0.0612,0.0529,-0.0571,0.0588,0.0625,2.6918,grasp,-0.2055,0.4142,0.0030,0.0000,0.0000,0.0000,False,,0.0500,0.0000,True,0.8020,-0.2600,0.0099,1.2086
511,0.0,0.2119,-0.0171,False,False,False,2.0581,4.7103,1.9676,-1.9814,-1.5327,0.0032,0.0395,0.0611,0.0544,-0.0559,0.0567,0.0629,0.3268,-0.3430,0.3435,0.1478,-0.2055,0.4142,0.0030,0.0000,0.0000,0.0000,False,-0.0234,-0.0560,-0.0488,-0.0438,-0.0259,-0.0504,-2.7386,grasp,-0.2055,0.4142,0.0030,0.0000,0.0000,0.0000,False,,0.0500,0.0000,False,0.8020,-0.2600,0.0099,1.2086
512,0.0,0.2113,-0.0020,False,False,False,2.0588,4.7115,1.9686,-1.9825,-1.5317,0.0043,-0.0000,0.0000,0.0000,0.0000,-0.0000,0.0000,0.3665,-0.3461,0.3431,0.1438,-0.2055,0.4142,0.0030,0.0000,0.0000,0.0000,False,0.0341,0.0244,-0.0751,0.0032,0.0693,-0.0704,0.6819,grasp,-0.2055,0.4142,0.0030,0.0000,0.0000,0.0000,False,,0.0500,0.0000,False,0.8020,-0.2600,0.0099,1.2086
513,0.0,0.2113,-0.0138,False,False,False,2.0592,4.7118,1.9678,-1.9824,-1.5310,0.0036,0.0334,0.0227,-0.0762,0.0043,0.0682,-0.0716,0.3865,-0.3461,0.3431,0.1438,-0.2055,0.4142,0.0030,0.0000,0.0000,0.0000,False,-0.0677,0.0361,0.0307,0.0616,-0.0781,-0.0784,2.0985,grasp,-0.2055,0.4142,0.0030,0.0000,0.0000,0.0000,False,,0.0500,0.0000,True,0.8020,-0.2600,0.0099,1.2086
514,0.0,0.2137,-5.0155,True,False,False,2.0592,4.7118,1.9678,-1.9824,-1.5310,0.0036,0.0334,0.0227,-0.0762,0.0043,0.0682,-0.0716,0.3865,-0.3461,0.3431,0.1438,-0.2059,0.4163,-0.0000,0.0000,0.0000,0.0000,False,0.0282,-0.0205,0.0175,0.0175,0.0593,-0.0636,-2.7963,grasp,-0.2059,0.4163,-0.0000,0.0000,0.0000,0.0000,False,,0.0500,0.0000,False,0.8020,-0.2600,0.0099,1.2086
515,0.0,0.2192,-0.0056,False,False,False,2.0574,4.7042,1.9766,-1.9775,-1.5347,-0.0055,-0.0237,-0.0136,0.0196,0.0062,-0.0496,0.0075,0.0065,-0.3427,0.3397,0.1598,-0.2096,0.4113,0.0010,0.0000,0.0000,0.0000,False,0.0070,-0.0065,-0.0039,0.0175,-0.0781,0.0094,-2.7493,grasp,-0.2096,0.4113,0.0010,0.0000,0.0000,0.0000,False,,0.0500,0.0000,False,0.8020,-0.2600,0.0099,1.2141
516,0.0,0.2177,-0.0171,False,False,False,2.0578,4.7045,1.9760,-1.9780,-1.5358,-0.0048,0.0653,0.0467,-0.0767,-0.0551,-0.0615,0.0671,0.0459,-0.3417,0.3400,0.1586,-0.2096,0.4113,0.0010,0.0000,0.0000,0.0000,False,0.0651,0.0465,-0.0765,-0.0550,-0.0620,0.0672,0.1351,grasp,-0.2096,0.4113,0.0010,0.0000,0.0000,0.0000,False,,0.0500,0.0000,True,0.8020,-0.2600,0.0099,1.2141
517,0.0,0.2177,-0.0362,False,False,False,2.0590,4.7054,1.9746,-1.9791,-1.5369,-0.0035,0.1242,0.0887,-0.1457,-0.1047,-0.1169,0.1276,0.0659,-0.3417,0.3400,0.1586,-0.2096,0.4113,0.0010,0.0000,0.0000,0.0000,False,-0.0332,-0.0185,-0.0071,-0.0195,-0.0607,-0.0173,-2.8326,grasp,-0.2096,0.4113,0.0010,0.0000,0.0000,0.0000,False,,0.0500,0.0000,False,0.8020,-0.2600,0.0099,1.2141
518,0.0,0.2199,-0.0375,False,False,False,2.0590,4.7054,1.9746,-1.9791,-1.5369,-0.0035,0.1242,0.0887,-0.1457,-0.1047,-0.1169,0.1276,0.0659,-0.3417,0.3400,0.1586,-0.2062,0.4116,0.0009,0.0000,0.0000,0.0000,False,0.0395,0.0775,-0.0658,-0.0242,0.0671,-0.0302,-1.1141,grasp,-0.2062,0.4116,0.0009,0.0000,0.0000,0.0000,False,,0.0500,0.0000,False,0.8020,-0.2600,0.0099,1.2141
519,0.0,0.2183,-0.0079,False,False,False,2.0584,4.7054,1.9747,-1.9787,-1.5373,-0.0039,-0.0668,0.0004,0.0155,0.0416,-0.0343,-0.0360,0.0718,-0.3423,0.3409,0.1563,-0.2062,0.4116,0.0009,0.0000,0.0000,0.0000,False,-0.0668,0.0004,0.0155,0.0416,-0.0343,-0.0360,-2.3423,grasp,-0.2062,0.4116,0.0009,0.0000,0.0000,0.0000,False,,0.0500,0.0000,False,0.8020,-0.2600,0.0099,1.2141
520,0.0,0.2183,-0.0105,False,False,False,2.0571,4.7054,1.9750,-1.9779,-1.5379,-0.0046,-0.1269,0.0008,0.0294,0.0790,-0.0652,-0.0685,0.0748,-0.3423,0.3409,0.1563,-0.2062,0.4116,0.0009,0.0000,0.0000,0.0000,False,-0.0708,0.0571,-0.0504,-0.0502,-0.0293,-0.0491,-1.3237,grasp,-0.2062,0.4116,0.0009,0.0000,0.0000,0.0000,False,,0.0500,0.0000,False,0.8020,-0.2600,0.0099,1.2141
521,0.0,0.2183,-0.0144,False,False,False,2.0564,4.7060,1.9745,-1.9784,-1.5382,-0.0050,-0.0695,0.0571,-0.0507,-0.0509,-0.0287,-0.0484,0.1045,-0.3423,0.3409,0.1563,-0.2062,0.4116,0.0009,0.0000,0.0000,0.0000,False,0.0701,0.0194,0.0756,0.0636,0.0764,-0.0579,2.1493,grasp,-0.2062,0.4116,0.0009,0.0000,0.0000,0.0000,False,,0.0500,0.0000,True,0.8020,-0.2600,0.0099,1.2141
522,0.0,0.2145,-0.0098,False,False,False,2.0569,4.7062,1.9752,-1.9780,-1.5379,-0.0057,0.0555,0.0245,0.0691,0.0346,0.0307,-0.0652,0.1639,-0.3415,0.3416,0.1520,-0.2062,0.4116,0.0009,0.0000,0.0000,0.0000,False,0.0555,0.0245,0.0691,0.0346,0.0307,-0.0652,-0.4198,grasp,-0.2062,0.4116,0.0009,0.0000,0.0000,0.0000,False,,0.0500,0.0000,False,0.8020,-0.2600,0.0099,1.2141
523,0.0,0.2145,-0.0254,False,False,False,2.0580,4.7067,1.9765,-1.9774,-1.5373,-0.0069,0.1054,0.0466,0.1313,0.0657,0.0583,-0.1238,0.1818,-0.3415,0.3416,0.1520,-0.2062,0.4116,0.0009,0.0000,0.0000,0.0000,False,0.0277,-0.0182,-0.0612,-0.0021,-0.0379,-0.0437,2.7582,grasp,-0.2062,0.4116,0.0009,0.0000,0.0000,0.0000,False,,0.0500,0.0000,True,0.8020,-0.2600,0.0099,1.2141
524,0.0,0.2169,-0.0286,False,False,False,2.0580,4.7067,1.9765,-1.9774,-1.5373,-0.0069,0.1054,0.0466,0.1313,0.0657,0.0583,-0.1238,0.1818,-0.3415,0.3416,0.1520,-0.2038,0.4142,0.0010,0.0000,0.0000,0.0000,False,0.0118,0.0632,0.0340,0.0484,0.0322,-0.0599,2.0773,grasp,-0.2038,0.4142,0.0010,0.0000,0.0000,0.0000,False,,0.0500,0.0000,True,0.8020,-0.2600,0.0099,1.2141
525,0.0,0.2133,-0.0091,False,False,False,2.0577,4.7072,1.9761,-1.9769,-1.5379,-0.0072,-0.0265,0.0505,-0.0449,0.0494,-0.0583,-0.0305,0.2418,-0.3417,0.3401,0.1458,-0.2038,0.4142,0.0010,0.0000,0.0000,0.0000,False,-0.0265,0.0505,-0.0449,0.0494,-0.0583,-0.0305,0.3205,grasp,-0.2038,0.4142,0.0010,0.0000,0.0000,0.0000,False,,0.0500,0.0000,True,0.8020,-0.2600,0.0099,1.2141
526,0.0,0.2133,-0.0128,False,False,False,2.0577,4.7072,1.9761,-1.9769,-1.5379,-0.0072,-0.0265,0.0505,-0.0449,0.0494,-0.0583,-0.0305,0.2418,-0.3417,0.3401,0.1458,-0.2038,0.4142,0.0010,0.0000,0.0000,0.0000,False,0.0784,0.0262,-0.0372,0.0677,0.0402,0.0245,-2.6474,grasp,-0.2038,0.4142,0.0010,0.0000,0.0000,0.0000,False,,0.0500,0.0000,False,0.8020,-0.2600,0.0099,1.2141
527,0.0,0.2133,-0.0123,False,False,False,2.0573,4.7088,1.9745,-1.9755,-1.5390,-0.0081,0.0061,0.0664,-0.0784,0.0482,0.0051,-0.0317,0.3018,-0.3417,0.3401,0.1458,-0.2038,0.4142,0.0010,0.0000,0.0000,0.0000,False,0.0055,0.0675,-0.0793,0.0492,0.0040,-0.0323,0.8727,grasp,-0.2038,0.4142,0.0010,0.0000,0.0000,0.0000,False,,0.0500,0.0000,True,0.8020,-0.2600,0.0099,1.2141
528,0.0,0.2103,-0.0086,False,False,False,2.0574,4.7104,1.9724,-1.9743,-1.5393,-0.0091,-0.0022,0.0286,-0.0626,0.0229,-0.0432,-0.0396,0.3614,-0.3417,0.3409,0.1417,-0.2038,0.4142,0.0010,0.0000,0.0000,0.0000,False,-0.0021,0.0300,-0.0641,0.0239,-0.0431,-0.0402,2.3231,grasp,-0.2038,0.4142,0.0010,0.0000,0.0000,0.0000,False,,0.0500,0.0000,True,0.8020,-0.2600,0.0099,1.2141
529,0.0,0.2103,-0.0094,False,False,False,2.0574,4.7104,1.9724,-1.9743,-1.5393,-0.0091,-0.0022,0.0286,-0.0626,0.0229,-0.0432,-0.0396,0.3614,-0.3417,0.3409,0.1417,-0.2038,0.4142,0.0010,0.0000,0.0000,0.0000,False,0.0143,0.0306,-0.0563,0.0011,0.0232,-0.0763,1.6718,grasp,-0.2038,0.4142,0.0010,0.0000,0.0000,0.0000,False,,0.0500,0.0000,True,0.8020,-0.2600,0.0099,1.2141
530,0.0,0.2103,-0.0102,False,False,False,2.0574,4.7104,1.9724,-1.9743,-1.5393,-0.0091,-0.0022,0.0286,-0.0626,0.0229,-0.0432,-0.0396,0.3614,-0.3417,0.3409,0.1417,-0.2038,0.4142,0.0010,0.0000,0.0000,0.0000,False,0.0647,0.0691,0.0722,0.0123,0.0703,-0.0335,-0.3326,grasp,-0.2038,0.4142,0.0010,0.0000,0.0000,0.0000,False,,0.0500,0.0000,False,0.8020,-0.2600,0.0099,1.2141
531,0.0,0.2131,-5.0048,True,False,False,2.0573,4.7109,1.9712,-1.9739,-1.5401,-0.0099,-0.0000,0.0000,0.0000,0.0000,-0.0000,0.0000,0.3657,-0.3417,0.3409,0.1417,-0.2012,0.4147,-0.0004,0.0000,0.0000,0.0000,False,-0.0520,0.0518,-0.0064,0.0487,0.0641,-0.0534,-1.6485,grasp,-0.2012,0.4147,-0.0004,0.0000,0.0000,0.0000,False,,0.0500,0.0000,False,0.8020,-0.2600,0.0099,1.2141
532,0.0,0.2090,-0.0064,False,False,False,2.0394,4.7198,1.9750,-1.9612,-1.5315,-0.0208,0.0008,-0.0340,0.0211,-0.0156,-0.0522,0.0275,0.0043,-0.3352,0.3420,0.1517,-0.2053,0.4082,0.0020,0.0000,0.0000,0.0000,False,0.0379,0.0514,0.0199,0.0278,-0.0391,0.0564,2.4418,grasp,-0.2053,0.4082,0.0020,0.0000,0.0000,0.0000,False,,0.0500,0.0000,True,0.8020,-0.2600,0.0277,1.2090
533,0.0,0.2072,-0.0138,False,False,False,2.0389,4.7193,1.9744,-1.9614,-1.5308,-0.0208,-0.0490,-0.0488,-0.0653,-0.0198,0.0723,-0.0002,0.0643,-0.3348,0.3420,0.1495,-0.2053,0.4082,0.0020,0.0000,0.0000,0.0000,False,-0.0490,-0.0488,-0.0653,-0.0198,0.0723,-0.0002,-1.2591,grasp,-0.2053,0.4082,0.0020,0.0000,0.0000,0.0000,False,,0.0500,0.0000,False,0.8020,-0.2600,0.0277,1.2090
534,0.0,0.2072,-0.0121,False,False,False,2.0389,4.7193,1.9744,-1.9614,-1.5308,-0.0208,-0.0490,-0.0488,-0.0653,-0.0198,0.0723,-0.0002,0.0643,-0.3348,0.3420,0.1495,-0.2053,0.4082,0.0020,0.0000,0.0000,0.0000,False,-0.0492,-0.0058,0.0618,-0.0506,0.0442,0.0549,-2.9128,grasp,-0.2053,0.4082,0.0020,0.0000,0.0000,0.0000,False,,0.0500,0.0000,False,0.8020,-0.2600,0.0277,1.2090
535,0.0,0.2092,-0.0173,False,False,False,2.0389,4.7193,1.9744,-1.9614,-1.5308,-0.0208,-0.0490,-0.0488,-0.0653,-0.0198,0.0723,-0.0002,0.0643,-0.3348,0.3420,0.1495,-0.2027,0.4087,0.0017,0.0000,0.0000,0.0000,False,-0.0161,0.0546,-0.0515,0.0443,-0.0222,-0.0421,2.5425,grasp,-0.2027,0.4087,0.0017,0.0000,0.0000,0.0000,False,,0.0500,0.0000,True,0.8020,-0.2600,0.0277,1.2090
536,0.0,0.2092,-0.0119,False,False,False,2.0387,4.7179,1.9727,-1.9612,-1.5296,-0.0207,0.0700,-0.0385,-0.0426,0.0626,-0.0187,0.0129,0.1232,-0.3348,0.3420,0.1495,-0.2027,0.4087,0.0017,0.0000,0.0000,0.0000,False,0.0690,-0.0397,-0.0439,0.0622,-0.0173,0.0129,-0.5198,grasp,-0.2027,0.4087,0.0017,0.0000,0.0000,0.0000,False,,0.0500,0.0000,False,0.8020,-0.2600,0.0277,1.2090
537,0.0,0.2092,-0.0117,False,False,False,2.0387,4.7179,1.9727,-1.9612,-1.5296,-0.0207,0.0700,-0.0385,-0.0426,0.0626,-0.0187,0.0129,0.1232,-0.3348,0.3420,0.1495,-0.2027,0.4087,0.0017,0.0000,0.0000,0.0000,False,0.0406,0.0314,-0.0642,-0.0394,0.0390,-0.0599,-1.9425,grasp,-0.2027,0.4087,0.0017,0.0000,0.0000,0.0000,False,,0.0500,0.0000,False,0.8020,-0.2600,0.0277,1.2090
538,0.0,0.2076,-0.0324,False,False,False,2.0403,4.7195,1.9698,-1.9579,-1.5319,-0.0190,0.0191,0.1512,-0.1392,0.1393,-0.1243,0.0977,0.1857,-0.3361,0.3423,0.1464,-0.2027,0.4087,0.0017,0.0000,0.0000,0.0000,False,0.0114,0.0787,-0.0741,0.0745,-0.0658,0.0516,2.6748,grasp,-0.2027,0.4087,0.0017,0.0000,0.0000,0.0000,False,,0.0500,0.0000,True,0.8020,-0.2600,0.0277,1.2090
539,0.0,0.2048,-0.0084,False,False,False,2.0409,4.7223,1.9673,-1.9565,-1.5334,-0.0173,0.0322,0.0545,-0.0506,-0.0661,0.0277,0.0293,0.1839,-0.3356,0.3430,0.1431,-0.2027,0.4087,0.0017,0.0000,0.0000,0.0000,False,0.0325,0.0577,-0.0525,-0.0641,0.0260,0.0307,-2.5410,grasp,-0.2027,0.4087,0.0017,0.0000,0.0000,0.0000,False,,0.0500,0.0000,False,0.8020,-0.2600,0.0277,1.2090
540,0.0,0.2048,-0.0138,False,False,False,2.0409,4.7223,1.9673,-1.9565,-1.5334,-0.0173,0.0322,0.0545,-0.0506,-0.0661,0.0277,0.0293,0.1839,-0.3356,0.3430,0.1431,-0.2027,0.4087,0.0017,0.0000,0.0000,0.0000,False,-0.0029,0.0659,-0.0078,0.0708,-0.0601,0.0165,3.0723,grasp,-0.2027,0.4087,0.0017,0.0000,0.0000,0.0000,False,,0.0500,0.0000,True,0.8020,-0.2600,0.0277,1.2090
541,0.0,0.2062,-0.0144,False,False,False,2.0409,4.7223,1.9673,-1.9565,-1.5334,-0.0173,0.0322,0.0545,-0.0506,-0.0661,0.0277,0.0293,0.1839,-0.3356,0.3430,0.1431,-0.2009,0.4106,0.0024,0.0000,0.0000,0.0000,False,0.0646,-0.0080,-0.0561,0.0016,-0.0730,0.0700,2.0700,grasp,-0.2009,0.4106,0.0024,0.0000,0.0000,0.0000,False,,0.0500,0.0000,True,0.8020,-0.2600,0.0277,1.2090
542,0.0,0.2062,-0.0246,False,False,False,2.0415,4.7233,1.9663,-1.9578,-1.5328,-0.0167,0.0612,0.1047,-0.0961,-0.1255,0.0527,0.0557,0.1732,-0.3356,0.3430,0.1431,-0.2009,0.4106,0.0024,0.0000,0.0000,0.0000,False,0.0528,-0.0772,0.0434,-0.0248,0.0123,0.0117,-0.6800,grasp,-0.2009,0.4106,0.0024,0.0000,0.0000,0.0000,False,,0.0500,0.0000,False,0.8020,-0.2600,0.0277,1.2090
543,0.0,0.2062,-0.0112,False,False,False,2.0420,4.7226,1.9668,-1.9580,-1.5327,-0.0166,0.0522,-0.0783,0.0443,-0.0235,0.0118,0.0112,0.1998,-0.3356,0.3430,0.1431,-0.2009,0.4106,0.0024,0.0000,0.0000,0.0000,False,-0.0407,-0.0155,-0.0019,0.0621,0.0061,0.0110,-1.0341,grasp,-0.2009,0.4106,0.0024,0.0000,0.0000,0.0000,False,,0.0500,0.0000,False,0.8020,-0.2600,0.0277,1.2090
544,0.0,0.2072,-0.0179,False,False,False,2.0412,4.7211,1.9676,-1.9597,-1.5322,-0.0143,-0.1205,0.0078,-0.0020,-0.0802,0.0199,0.1353,0.2379,-0.3372,0.3428,0.1430,-0.2009,0.4106,0.0024,0.0000,0.0000,0.0000,False,-0.0624,0.0024,-0.0002,-0.0427,0.0107,0.0714,-0.7085,grasp,-0.2009,0.4106,0.0024,0.0000,0.0000,0.0000,False,,0.0500,0.0000,False,0.8020,-0.2600,0.0277,1.2090
545,0.0,0.2054,-0.0087,False,False,False,2.0400,4.7210,1.9673,-1.9605,-1.5324,-0.0118,0.0590,-0.0280,-0.0205,0.0343,-0.0480,0.0566,0.2363,-0.3364,0.3445,0.1418,-0.2009,0.4106,0.0024,0.0000,0.0000,0.0000,False,0.0569,-0.0279,-0.0205,0.0331,-0.0477,0.0585,-1.5819,grasp,-0.2009,0.4106,0.0024,0.0000,0.0000,0.0000,False,,0.0500,0.0000,False,0.8020,-0.2600,0.0277,1.2090
546,0.0,0.2054,-0.0138,False,False,False,2.0400,4.7210,1.9673,-1.9605,-1.5324,-0.0118,0.0590,-0.0280,-0.0205,0.0343,-0.0480,0.0566,0.2363,-0.3364,0.3445,0.1418,-0.2009,0.4106,0.0024,0.0000,0.0000,0.0000,False,0.0716,0.0470,-0.0559,-0.0500,-0.0113,-0.0595,-2.2789,grasp,-0.2009,0.4106,0.0024,0.0000,0.0000,0.0000,False,,0.0500,0.0000,False,0.8020,-0.2600,0.0277,1.2090
547,0.0,0.2054,-0.0131,False,False,False,2.0400,4.7210,1.9673,-1.9605,-1.5324,-0.0118,0.0590,-0.0280,-0.0205,0.0343,-0.0480,0.0566,0.2363,-0.3364,0.3445,0.1418,-0.2009,0.4106,0.0024,0.0000,0.0000,0.0000,False,0.0562,-0.0463,-0.0572,0.0298,0.0681,0.0356,-2.7654,grasp,-0.2009,0.4106,0.0024,0.0000,0.0000,0.0000,False,,0.0500,0.0000,False,0.8020,-0.2600,0.0277,1.2090
548,0.0,0.2077,-0.0130,False,False,False,2.0404,4.7209,1.9667,-1.9598,-1.5329,-0.0108,-0.0721,0.0493,-0.0279,0.0024,0.0412,0.0006,0.1980,-0.3364,0.3445,0.1418,-0.1996,0.4125,0.0011,0.0000,0.0000,0.0000,False,-0.0709,0.0487,-0.0283,0.0030,0.0403,0.0017,-2.7413,grasp,-0.1996,0.4125,0.0011,0.0000,0.0000,0.0000,False,,0.0500,0.0000,False,0.8020,-0.2600,0.0277,1.2090
549,0.0,0.2077,-0.0099,False,False,False,2.0404,4.7209,1.9667,-1.9598,-1.5329,-0.0108,-0.0721,0.0493,-0.0279,0.0024,0.0412,0.0006,0.1980,-0.3364,0.3445,0.1418,-0.1996,0.4125,0.0011,0.0000,0.0000,0.0000,False,-0.0550,0.0326,0.0381,0.0024,0.0306,0.0613,-0.0117,grasp,-0.1996,0.4125,0.0011,0.0000,0.0000,0.0000,False,,0.0500,0.0000,False,0.8020,-0.2600,0.0277,1.2090
550,0.0,0.2095,-0.0114,False,False,False,2.0390,4.7214,1.9663,-1.9605,-1.5323,-0.0106,-0.0086,-0.0498,0.0167,-0.0674,-0.0196,0.0104,0.2233,-0.3363,0.3450,0.1447,-0.1996,0.4125,0.0011,0.0000,0.0000,0.0000,False,-0.0101,-0.0486,0.0162,-0.0674,-0.0188,0.0105,0.6691,grasp,-0.1996,0.4125,0.0011,0.0000,0.0000,0.0000,False,,0.0500,0.0000,True,0.8020,-0.2600,0.0277,1.2090
551,0.0,0.2065,-0.0258,False,False,False,2.0404,4.7220,1.9684,-1.9608,-1.5336,-0.0085,0.1051,0.1039,0.1172,0.0642,-0.0589,0.1271,0.3018,-0.3363,0.3449,0.1403,-0.1996,0.4125,0.0011,0.0000,0.0000,0.0000,False,0.0551,0.0538,0.0620,0.0325,-0.0314,0.0671,2.7737,grasp,-0.1996,0.4125,0.0011,0.0000,0.0000,0.0000,False,,0.0500,0.0000,True,0.8020,-0.2600,0.0277,1.2090
552,0.0,0.2065,-0.0299,False,False,False,2.0404,4.7220,1.9684,-1.9608,-1.5336,-0.0085,0.1051,0.1039,0.1172,0.0642,-0.0589,0.1271,0.3018,-0.3363,0.3449,0.1403,-0.1996,0.4125,0.0011,0.0000,0.0000,0.0000,False,0.0506,-0.0185,-0.0209,-0.0351,0.0680,0.0683,-2.5713,grasp,-0.1996,0.4125,0.0011,0.0000,0.0000,0.0000,False,,0.0500,0.0000,False,0.8020,-0.2600,0.0277,1.2090
553,0.0,0.2065,-0.0282,False,False,False,2.0404,4.7220,1.9684,-1.9608,-1.5336,-0.0085,0.1051,0.1039,0.1172,0.0642,-0.0589,0.1271,0.3018,-0.3363,0.3449,0.1403,-0.1996,0.4125,0.0011,0.0000,0.0000,0.0000,False,-0.0778,0.0320,0.0629,-0.0058,0.0181,-0.0094,-2.6074,grasp,-0.1996,0.4125,0.0011,0.0000,0.0000,0.0000,False,,0.0500,0.0000,False,0.8020,-0.2600,0.0277,1.2090
554,0.0,0.2074,-0.0111,False,False,False,2.0414,4.7236,1.9694,-1.9594,-1.5343,-0.0065,-0.0484,-0.0071,-0.0824,0.0468,0.0162,0.0172,0.3614,-0.3363,0.3449,0.1403,-0.1987,0.4128,0.0008,0.0000,0.0000,0.0000,False,-0.0469,-0.0045,-0.0797,0.0477,0.0153,0.0190,2.5171,grasp,-0.1987,0.4128,0.0008,0.0000,0.0000,0.0000,False,,0.0500,0.0000,True,0.8020,-0.2600,0.0277,1.2090
555,0.0,0.2074,-0.0103,False,False,False,2.0414,4.7236,1.9694,-1.9594,-1.5343,-0.0065,-0.0484,-0.0071,-0.0824,0.0468,0.0162,0.0172,0.3614,-0.3363,0.3449,0.1403,-0.1987,0.4128,0.0008,0.0000,0.0000,0.0000,False,-0.0720,0.0330,0.0311,0.0616,-0.0696,0.0624,-2.1600,grasp,-0.1987,0.4128,0.0008,0.0000,0.0000,0.0000,False,,0.0500,0.0000,False,0.8020,-0.2600,0.0277,1.2090
556,0.0,0.2042,-0.0019,False,False,False,2.0408,4.7236,1.9678,-1.9585,-1.5337,-0.0062,0.0293,0.0156,0.0025,0.0015,0.0287,-0.0016,0.3794,-0.3360,0.3435,0.1351,-0.1987,0.4128,0.0008,0.0000,0.0000,0.0000,False,0.0284,0.0155,0.0009,0.0024,0.0290,-0.0013,-0.2695,grasp,-0.1987,0.4128,0.0008,0.0000,0.0000,0.0000,False,,0.0500,0.0000,False,0.8020,-0.2600,0.0277,1.2090
557,0.0,0.2059,-0.0275,False,False,False,2.0433,4.7217,1.9674,-1.9574,-1.5322,-0.0067,0.1305,-0.1486,-0.0324,0.0688,0.0570,-0.0337,0.3288,-0.3368,0.3428,0.1365,-0.1987,0.4128,0.0008,0.0000,0.0000,0.0000,False,0.0692,-0.0778,-0.0170,0.0362,0.0305,-0.0178,-1.6008,grasp,-0.1987,0.4128,0.0008,0.0000,0.0000,0.0000,False,,0.0500,0.0000,False,0.8020,-0.2600,0.0277,1.2090
558,0.0,0.2059,-0.0254,False,False,False,2.0452,4.7196,1.9669,-1.9564,-1.5314,-0.0072,0.1861,-0.2120,-0.0463,0.0981,0.0812,-0.0480,0.3155,-0.3368,0.3428,0.1365,-0.1987,0.4128,0.0008,0.0000,0.0000,0.0000,False,0.0455,0.0313,-0.0583,0.0015,0.0646,-0.0432,-2.8306,grasp,-0.1987,0.4128,0.0008,0.0000,0.0000,0.0000,False,,0.0500,0.0000,False,0.8020,-0.2600,0.0277,1.2090
559,0.0,0.2059,-0.0114,False,False,False,2.0457,4.7197,1.9664,-1.9564,-1.5308,-0.0077,0.0430,0.0356,-0.0578,0.0005,0.0638,-0.0427,0.2755,-0.3368,0.3428,0.1365,-0.1987,0.4128,0.0008,0.0000,0.0000,0.0000,False,-0.0663,0.0549,-0.0084,0.0189,0.0102,-0.0740,-2.4669,grasp,-0.1987,0.4128,0.0008,0.0000,0.0000,0.0000,False,,0.0500,0.0000,False,0.8020,-0.2600,0.0277,1.2090
560,0.0,0.2071,-0.0152,False,False,False,2.0457,4.7197,1.9664,-1.9564,-1.5308,-0.0077,0.0430,0.0356,-0.0578,0.0005,0.0638,-0.0427,0.2755,-0.3368,0.3428,0.1365,-0.1968,0.4112,0.0000,0.0000,0.0000,0.0000,False,-0.0678,0.0687,0.0442,0.0102,0.0706,0.0148,-2.7514,grasp,-0.1968,0.4112,0.0000,0.0000,0.0000,0.0000,False,,0.0500,0.0000,False,0.8020,-0.2600,0.0277,1.2090
561,0.0,0.2071,-0.0145,False,False,False,2.0457,4.7197,1.9664,-1.9564,-1.5308,-0.0077,0.0430,0.0356,-0.0578,0.0005,0.0638,-0.0427,0.2755,-0.3368,0.3428,0.1365,-0.1968,0.4112,0.0000,0.0000,0.0000,0.0000,False,0.0386,0.0043,-0.0670,-0.0387,0.0544,0.0566,-0.3112,grasp,-0.1968,0.4112,0.0000,0.0000,0.0000,0.0000,False,,0.0500,0.0000,False,0.8020,-0.2600,0.0277,1.2090
562,0.0,0.2123,-0.0160,False,False,False,2.0454,4.7203,1.9658,-1.9562,-1.5305,-0.0083,-0.0284,0.0585,-0.0605,0.0252,0.0306,-0.0684,0.2965,-0.3386,0.3416,0.1419,-0.1968,0.4112,0.0000,0.0000,0.0000,0.0000,False,-0.0284,0.0585,-0.0605,0.0252,0.0306,-0.0684,0.9505,grasp,-0.1968,0.4112,0.0000,0.0000,0.0000,0.0000,False,,0.0500,0.0000,True,0.8020,-0.2600,0.0277,1.2090
563,0.0,0.2110,-0.0167,False,False,False,2.0470,4.7234,1.9626,-1.9546,-1.5277,-0.0093,0.1418,0.1291,-0.1305,0.0690,0.1456,0.0218,0.3213,-0.3394,0.3419,0.1393,-0.1968,0.4112,0.0000,0.0000,0.0000,0.0000,False,0.0741,0.0691,-0.0698,0.0368,0.0772,0.0102,-0.5536,grasp,-0.1968,0.4112,0.0000,0.0000,0.0000,0.0000,False,,0.0500,0.0000,False,0.8020,-0.2600,0.0277,1.2090
564,0.0,0.2110,-0.0343,False,False,False,2.0470,4.7234,1.9626,-1.9546,-1.5277,-0.0093,0.1418,0.1291,-0.1305,0.0690,0.1456,0.0218,0.3213,-0.3394,0.3419,0.1393,-0.1968,0.4112,0.0000,0.0000,0.0000,0.0000,False,-0.0406,0.0318,-0.0719,0.0394,-0.0588,-0.0172,1.8515,grasp,-0.1968,0.4112,0.0000,0.0000,0.0000,0.0000,False,,0.0500,0.0000,True,0.8020,-0.2600,0.0277,1.2090
565,0.0,0.2110,-0.0139,False,False,False,2.0483,4.7246,1.9604,-1.9538,-1.5252,-0.0085,-0.0769,-0.0637,-0.0331,-0.0166,0.0402,0.0532,0.3187,-0.3394,0.3419,0.1393,-0.1968,0.4112,0.0000,0.0000,0.0000,0.0000,False,-0.0748,-0.0616,-0.0350,-0.0156,0.0423,0.0535,-0.7525,grasp,-0.1968,0.4112,0.0000,0.0000,0.0000,0.0000,False,,0.0500,0.0000,False,0.8020,-0.2600,0.0277,1.2090
566,0.0,0.2110,-0.0163,False,False,False,2.0483,4.7246,1.9604,-1.9538,-1.5252,-0.0085,-0.0769,-0.0637,-0.0331,-0.0166,0.0402,0.0532,0.3187,-0.3394,0.3419,0.1393,-0.1968,0.4112,0.0000,0.0000,0.0000,0.0000,False,-0.0291,0.0284,-0.0352,0.0381,-0.0375,0.0535,-1.8340,grasp,-0.1968,0.4112,0.0000,0.0000,0.0000,0.0000,False,,0.0500,0.0000,False,0.8020,-0.2600,0.0277,1.2090
567,0.0,0.2068,-0.0100,False,False,False,2.0483,4.7246,1.9604,-1.9538,-1.5252,-0.0085,-0.0769,-0.0637,-0.0331,-0.0166,0.0402,0.0532,0.3187,-0.3394,0.3419,0.1393,-0.2015,0.4106,0.0013,0.0000,0.0000,0.0000,False,-0.0042,0.0137,-0.0101,-0.0640,0.0449,-0.0462,-2.7224,grasp,-0.2015,0.4106,0.0013,0.0000,0.0000,0.0000,False,,0.0500,0.0000,False,0.8020,-0.2600,0.0277,1.2090
568,0.0,0.2091,-0.0152,False,False,False,2.0473,4.7239,1.9593,-1.9542,-1.5238,-0.0079,0.0497,0.0479,-0.0442,-0.0130,0.0635,-0.0476,0.3057,-0.3417,0.3422,0.1407,-0.2015,0.4106,0.0013,0.0000,0.0000,0.0000,False,0.0483,0.0464,-0.0448,-0.0133,0.0642,-0.0466,-1.1273,grasp,-0.2015,0.4106,0.0013,0.0000,0.0000,0.0000,False,,0.0500,0.0000,False,0.8020,-0.2600,0.0277,1.2090
569,0.0,0.2091,-0.0149,False,False,False,2.0473,4.7239,1.9593,-1.9542,-1.5238,-0.0079,0.0497,0.0479,-0.0442,-0.0130,0.0635,-0.0476,0.3057,-0.3417,0.3422,0.1407,-0.2015,0.4106,0.0013,0.0000,0.0000,0.0000,False,-0.0322,0.0392,-0.0668,0.0355,0.0340,-0.0195,-2.1354,grasp,-0.2015,0.4106,0.0013,0.0000,0.0000,0.0000,False,,0.0500,0.0000,False,0.8020,-0.2600,0.0277,1.2090
570,0.0,0.2113,-0.0047,False,False,False,2.0483,4.7248,1.9585,-1.9545,-1.5226,-0.0088,-0.0000,0.0000,0.0000,0.0000,-0.0000,0.0000,0.2680,-0.3429,0.3421,0.1426,-0.2015,0.4106,0.0013,0.0000,0.0000,0.0000,False,0.0305,0.0485,0.0373,-0.0437,-0.0654,0.0671,-1.5208,grasp,-0.2015,0.4106,0.0013,0.0000,0.0000,0.0000,False,,0.0500,0.0000,False,0.8020,-0.2600,0.0277,1.2090
571,0.0,0.2113,-0.0132,False,False,False,2.0486,4.7252,1.9589,-1.9549,-1.5233,-0.0082,0.0305,0.0485,0.0373,-0.0437,-0.0654,0.0671,0.2618,-0.3429,0.3421,0.1426,-0.2015,0.4106,0.0013,0.0000,0.0000,0.0000,False,0.0795,-0.0011,0.0636,-0.0352,0.0629,-0.0729,-0.3434,grasp,-0.2015,0.4106,0.0013,0.0000,0.0000,0.0000,False,,0.0500,0.0000,False,0.8020,-0.2600,0.0277,1.2090
572,0.0,0.2113,-0.0090,False,False,False,2.0492,4.7255,1.9591,-1.9549,-1.5233,-0.0074,0.0601,0.0301,0.0192,-0.0020,-0.0069,0.0718,0.3111,-0.3429,0.3421,0.1426,-0.2015,0.4106,0.0013,0.0000,0.0000,0.0000,False,0.0601,0.0301,0.0192,-0.0020,-0.0069,0.0718,1.6652,grasp,-0.2015,0.4106,0.0013,0.0000,0.0000,0.0000,False,,0.0500,0.0000,True,0.8020,-0.2600,0.0277,1.2090
573,0.0,0.2085,-0.0053,False,False,False,2.0492,4.7255,1.9591,-1.9549,-1.5233,-0.0074,0.0601,0.0301,0.0192,-0.0020,-0.0069,0.0718,0.3111,-0.3429,0.3421,0.1426,-0.2059,0.4108,0.0012,0.0000,0.0000,0.0000,False,0.0535,-0.0424,-0.0498,-0.0105,0.0391,0.0708,-2.5872,grasp,-0.2059,0.4108,0.0012,0.0000,0.0000,0.0000,False,,0.0500,0.0000,False,0.8020,-0.2600,0.0277,1.2090
574,0.0,0.2068,-0.0108,False,False,False,2.0509,4.7265,1.9596,-1.9543,-1.5238,-0.0054,0.0595,0.0379,0.0170,0.0661,-0.0324,0.0731,0.3345,-0.3433,0.3412,0.1392,-0.2059,0.4108,0.0012,0.0000,0.0000,0.0000,False,0.0607,0.0385,0.0173,0.0661,-0.0325,0.0744,-2.1858,grasp,-0.2059,0.4108,0.0012,0.0000,0.0000,0.0000,False,,0.0500,0.0000,False,0.8020,-0.2600,0.0277,1.2090
575,0.0,0.2068,-0.0277,False,False,False,2.0520,4.7272,1.9599,-1.9531,-1.5244,-0.0040,0.1131,0.0721,0.0323,0.1256,-0.0616,0.1388,0.3145,-0.3433,0.3412,0.1392,-0.2059,0.4108,0.0012,0.0000,0.0000,0.0000,False,-0.0509,0.0629,0.0668,-0.0744,-0.0484,-0.0572,1.2707,grasp,-0.2059,0.4108,0.0012,0.0000,0.0000,0.0000,False,,0.0500,0.0000,True,0.8020,-0.2600,0.0277,1.2090
576,0.0,0.2054,-0.0172,False,False,False,2.0515,4.7278,1.9606,-1.9538,-1.5249,-0.0045,-0.0520,0.0621,0.0665,-0.0756,-0.0478,-0.0586,0.3544,-0.3429,0.3401,0.1369,-0.2059,0.4108,0.0012,0.0000,0.0000,0.0000,False,0.0596,-0.0313,0.0116,0.0593,0.0585,-0.0288,0.6061,grasp,-0.2059,0.4108,0.0012,0.0000,0.0000,0.0000,False,,0.0500,0.0000,False,0.8020,-0.2600,0.0277,1.2090
577,0.0,0.2054,-0.0329,False,False,False,2.0505,4.7290,1.9619,-1.9553,-1.5258,-0.0057,-0.0989,0.1181,0.1264,-0.1437,-0.0907,-0.1113,0.3743,-0.3429,0.3401,0.1369,-0.2059,0.4108,0.0012,0.0000,0.0000,0.0000,False,0.0111,-0.0120,-0.0022,-0.0072,-0.0344,-0.0548,-0.1880,grasp,-0.2059,0.4108,0.0012,0.0000,0.0000,0.0000,False,,0.0500,0.0000,False,0.8020,-0.2600,0.0277,1.2090
578,0.0,0.2054,-0.0068,False,False,False,2.0505,4.7290,1.9623,-1.9550,-1.5256,-0.0052,-0.0083,-0.0100,0.0469,0.0256,0.0190,0.0427,0.4128,-0.3429,0.3401,0.1369,-0.2059,0.4108,0.0012,0.0000,0.0000,0.0000,False,-0.0083,-0.0099,0.0469,0.0256,0.0190,0.0427,-0.1644,grasp,-0.2059,0.4108,0.0012,0.0000,0.0000,0.0000,False,,0.0500,0.0000,False,0.8020,-0.2600,0.0277,1.2090
579,0.0,0.2066,-5.0075,True,False,False,2.0505,4.7290,1.9623,-1.9550,-1.5256,-0.0052,-0.0083,-0.0100,0.0469,0.0256,0.0190,0.0427,0.4128,-0.3429,0.3401,0.1369,-0.2050,0.4082,-0.0011,0.0000,0.0000,0.0000,False,0.0565,0.0314,-0.0720,0.0077,-0.0719,0.0110,-2.0511,grasp,-0.2050,0.4082,-0.0011,0.0000,0.0000,0.0000,False,,0.0500,0.0000,False,0.8020,-0.2600,0.0277,1.2090
580,0.0,0.2157,-0.0080,False,False,False,2.0526,4.7217,1.9645,-1.9592,-1.5453,-0.0022,-0.0174,-0.0381,0.0367,-0.0191,-0.0356,0.0030,0.0053,-0.3377,0.3429,0.1555,-0.2031,0.4104,0.0011,0.0000,0.0000,0.0000,False,0.0151,0.0041,0.0266,0.0181,0.0490,0.0190,-1.2262,grasp,-0.2031,0.4104,0.0011,0.0000,0.0000,0.0000,False,,0.0500,0.0000,False,0.8020,-0.2600,0.0099,1.2082
581,0.0,0.2157,-0.0019,False,False,False,2.0526,4.7217,1.9645,-1.9592,-1.5453,-0.0022,0.0000,0.0000,0.0000,0.0000,-0.0000,0.0000,0.0253,-0.3377,0.3429,0.1555,-0.2031,0.4104,0.0011,0.0000,0.0000,0.0000,False,0.0032,-0.0500,-0.0480,-0.0685,0.0526,-0.0166,-1.8107,grasp,-0.2031,0.4104,0.0011,0.0000,0.0000,0.0000,False,,0.0500,0.0000,False,0.8020,-0.2600,0.0099,1.2082
582,0.0,0.2157,-0.0028,False,False,False,2.0526,4.7217,1.9645,-1.9592,-1.5453,-0.0022,0.0000,0.0000,0.0000,0.0000,-0.0000,0.0000,0.0653,-0.3377,0.3429,0.1555,-0.2031,0.4104,0.0011,0.0000,0.0000,0.0000,False,0.0228,0.0193,-0.0330,0.0358,0.0775,0.0466,0.6145,grasp,-0.2031,0.4104,0.0011,0.0000,0.0000,0.0000,False,,0.0500,0.0000,True,0.8020,-0.2600,0.0099,1.2082
583,0.0,0.2176,-0.0040,False,False,False,2.0526,4.7217,1.9645,-1.9592,-1.5453,-0.0022,0.0000,0.0000,0.0000,0.0000,-0.0000,0.0000,0.0653,-0.3377,0.3429,0.1555,-0.2003,0.4108,0.0011,0.0000,0.0000,0.0000,False,0.0470,0.0321,0.0407,0.0604,0.0018,-0.0477,0.2980,grasp,-0.2003,0.4108,0.0011,0.0000,0.0000,0.0000,False,,0.0500,0.0000,True,0.8020,-0.2600,0.0099,1.2082
584,0.0,0.2137,-0.0035,False,False,False,2.0535,4.7219,1.9643,-1.9590,-1.5453,-0.0018,0.0702,0.0056,0.0080,-0.0121,-0.0725,-0.0041,0.1252,-0.3381,0.3427,0.1496,-0.2003,0.4108,0.0011,0.0000,0.0000,0.0000,False,0.0704,0.0058,0.0077,-0.0117,-0.0717,-0.0037,2.8305,grasp,-0.2003,0.4108,0.0011,0.0000,0.0000,0.0000,False,,0.0500,0.0000,True,0.8020,-0.2600,0.0099,1.2082
585,0.0,0.2112,-0.0196,False,False,False,2.0555,4.7210,1.9628,-1.9599,-1.5479,-0.0003,0.0461,-0.0719,-0.1049,-0.0451,-0.0835,0.1043,0.2052,-0.3387,0.3429,0.1455,-0.2003,0.4108,0.0011,0.0000,0.0000,0.0000,False,0.0256,-0.0378,-0.0550,-0.0240,-0.0453,0.0548,1.0099,grasp,-0.2003,0.4108,0.0011,0.0000,0.0000,0.0000,False,,0.0500,0.0000,True,0.8020,-0.2600,0.0099,1.2082
586,0.0,0.2112,-0.0217,False,False,False,2.0555,4.7210,1.9628,-1.9599,-1.5479,-0.0003,0.0461,-0.0719,-0.1049,-0.0451,-0.0835,0.1043,0.2052,-0.3387,0.3429,0.1455,-0.2003,0.4108,0.0011,0.0000,0.0000,0.0000,False,0.0227,0.0442,0.0636,0.0718,0.0555,0.0119,-1.1992,grasp,-0.2003,0.4108,0.0011,0.0000,0.0000,0.0000,False,,0.0500,0.0000,False,0.8020,-0.2600,0.0099,1.2082
587,0.0,0.2112,-0.0318,False,False,False,2.0562,4.7199,1.9613,-1.9606,-1.5491,0.0012,0.0658,-0.1026,-0.1496,-0.0643,-0.1190,0.1487,0.2252,-0.3387,0.3429,0.1455,-0.2003,0.4108,0.0011,0.0000,0.0000,0.0000,False,-0.0758,0.0605,0.0770,-0.0613,-0.0277,0.0041,-0.5443,grasp,-0.2003,0.4108,0.0011,0.0000,0.0000,0.0000,False,,0.0500,0.0000,False,0.8020,-0.2600,0.0099,1.2082
588,0.0,0.2112,-0.0039,False,False,False,2.0562,4.7199,1.9613,-1.9606,-1.5491,0.0012,0.0000,0.0000,0.0000,0.0000,-0.0000,0.0000,0.2478,-0.3387,0.3429,0.1455,-0.2003,0.4108,0.0011,0.0000,0.0000,0.0000,False,0.0348,-0.0028,0.0181,0.0001,-0.0716,-0.0377,0.9534,grasp,-0.2003,0.4108,0.0011,0.0000,0.0000,0.0000,False,,0.0500,0.0000,True,0.8020,-0.2600,0.0099,1.2082
589,0.0,0.2128,-0.0034,False,False,False,2.0562,4.7199,1.9613,-1.9606,-1.5491,0.0012,0.0000,0.0000,0.0000,0.0000,-0.0000,0.0000,0.2478,-0.3387,0.3429,0.1455,-0.1982,0.4130,0.0020,0.0000,0.0000,0.0000,False,-0.0206,-0.0148,-0.0534,-0.0017,0.0784,0.0195,-0.3184,grasp,-0.1982,0.4130,0.0020,0.0000,0.0000,0.0000,False,,0.0500,0.0000,False,0.8020,-0.2600,0.0099,1.2082
590,0.0,0.2119,-0.0092,False,False,False,2.0564,4.7195,1.9612,-1.9602,-1.5496,0.0002,-0.0168,-0.0371,-0.0293,0.0321,0.0182,-0.0675,0.2455,-0.3389,0.3434,0.1442,-0.1982,0.4130,0.0020,0.0000,0.0000,0.0000,False,-0.0165,-0.0371,-0.0291,0.0321,0.0175,-0.0679,-2.2091,grasp,-0.1982,0.4130,0.0020,0.0000,0.0000,0.0000,False,,0.0500,0.0000,False,0.8020,-0.2600,0.0099,1.2082
591,0.0,0.2124,-0.0153,False,False,False,2.0579,4.7180,1.9603,-1.9588,-1.5491,-0.0018,0.1183,-0.0485,-0.0224,0.0538,0.0140,-0.0475,0.2928,-0.3396,0.3429,0.1440,-0.1982,0.4130,0.0020,0.0000,0.0000,0.0000,False,0.0620,-0.0262,-0.0124,0.0289,0.0077,-0.0263,2.6217,grasp,-0.1982,0.4130,0.0020,0.0000,0.0000,0.0000,False,,0.0500,0.0000,True,0.8020,-0.2600,0.0099,1.2082
592,0.0,0.2124,-0.0158,False,False,False,2.0579,4.7180,1.9603,-1.9588,-1.5491,-0.0018,0.1183,-0.0485,-0.0224,0.0538,0.0140,-0.0475,0.2928,-0.3396,0.3429,0.1440,-0.1982,0.4130,0.0020,0.0000,0.0000,0.0000,False,-0.0622,0.0509,0.0219,-0.0548,-0.0515,-0.0677,0.3700,grasp,-0.1982,0.4130,0.0020,0.0000,0.0000,0.0000,False,,0.0500,0.0000,True,0.8020,-0.2600,0.0099,1.2082
593,0.0,0.2124,-0.0204,False,False,False,2.0595,4.7173,1.9600,-1.9580,-1.5489,-0.0025,0.1688,-0.0692,-0.0320,0.0767,0.0200,-0.0677,0.3128,-0.3396,0.3429,0.1440,-0.1982,0.4130,0.0020,0.0000,0.0000,0.0000,False,-0.0688,0.0618,-0.0330,0.0283,-0.0554,-0.0582,-0.2730,grasp,-0.1982,0.4130,0.0020,0.0000,0.0000,0.0000,False,,0.0500,0.0000,False,0.8020,-0.2600,0.0099,1.2082
594,0.0,0.2124,-0.0025,False,False,False,2.0596,4.7173,1.9600,-1.9580,-1.5489,-0.0025,0.0000,0.0000,0.0000,0.0000,-0.0000,0.0000,0.3528,-0.3396,0.3429,0.1440,-0.1982,0.4130,0.0020,0.0000,0.0000,0.0000,False,-0.0626,-0.0254,0.0046,0.0361,0.0667,-0.0410,1.7801,grasp,-0.1982,0.4130,0.0020,0.0000,0.0000,0.0000,False,,0.0500,0.0000,True,0.8020,-0.2600,0.0099,1.2082
595,0.0,0.2135,-0.0035,False,False,False,2.0596,4.7173,1.9600,-1.9580,-1.5489,-0.0025,0.0000,0.0000,0.0000,0.0000,-0.0000,0.0000,0.3528,-0.3396,0.3429,0.1440,-0.1977,0.4145,0.0015,0.0000,0.0000,0.0000,False,0.0009,-0.0666,-0.0726,-0.0033,-0.0340,0.0120,1.0427,grasp,-0.1977,0.4145,0.0015,0.0000,0.0000,0.0000,False,,0.0500,0.0000,True,0.8020,-0.2600,0.0099,1.2082
596,0.0,0.2121,-0.0122,False,False,False,2.0584,4.7166,1.9596,-1.9577,-1.5476,-0.0029,-0.0558,-0.0417,-0.0415,0.0026,0.0644,0.0025,0.4128,-0.3402,0.3422,0.1410,-0.1977,0.4145,0.0015,0.0000,0.0000,0.0000,False,-0.0565,-0.0420,-0.0415,0.0030,0.0650,0.0021,-0.2513,grasp,-0.1977,0.4145,0.0015,0.0000,0.0000,0.0000,False,,0.0500,0.0000,False,0.8020,-0.2600,0.0099,1.2082
597,0.0,0.2121,-0.0134,False,False,False,2.0563,4.7147,1.9595,-1.9555,-1.5443,-0.0043,-0.0652,-0.0781,0.0397,0.1403,0.1364,-0.0927,0.4318,-0.3402,0.3422,0.1410,-0.1977,0.4145,0.0015,0.0000,0.0000,0.0000,False,-0.0354,-0.0419,0.0201,0.0739,0.0730,-0.0487,0.2011,grasp,-0.1977,0.4145,0.0015,0.0000,0.0000,0.0000,False,,0.0500,0.0000,False,0.8020,-0.2600,0.0099,1.2082
598,0.0,0.2121,-0.0274,False,False,False,2.0563,4.7147,1.9595,-1.9555,-1.5443,-0.0043,-0.0652,-0.0781,0.0397,0.1403,0.1364,-0.0927,0.4318,-0.3402,0.3422,0.1411,-0.1977,0.4145,0.0015,0.0000,0.0000,0.0000,False,0.0478,0.0323,0.0068,-0.0633,0.0663,0.0263,-1.6956,grasp,-0.1977,0.4145,0.0015,0.0000,0.0000,0.0000,False,,0.0500,0.0000,False,0.8020,-0.2600,0.0099,1.2082
599,0.0,0.2121,-0.0394,False,False,False,2.0554,4.7135,1.9600,-1.9535,-1.5423,-0.0056,-0.0931,-0.1115,0.0566,0.2001,0.1945,-0.1322,0.4311,-0.3402,0.3422,0.1411,-0.1977,0.4145,0.0015,0.0000,0.0000,0.0000,False,0.0043,0.0384,0.0445,-0.0470,0.0109,-0.0323,0.0014,grasp,-0.1977,0.4145,0.0015,0.0000,0.0000,0.0000,False,,0.0500,0.0000,False,0.8020,-0.2600,0.0099,1.2082
600,0.0,0.2121,-0.0016,False,False,False,2.0554,4.7135,1.9600,-1.9535,-1.5423,-0.0056,0.0000,0.0000,0.0000,0.0000,-0.0000,0.0000,0.4146,-0.3402,0.3422,0.1411,-0.1977,0.4145,0.0015,0.0000,0.0000,0.0000,False,-0.0591,-0.0011,-0.0237,-0.0481,0.0548,-0.0434,0.3581,grasp,-0.1977,0.4145,0.0015,0.0000,0.0000,0.0000,False,,0.0500,0.0000,False,0.8020,-0.2600,0.0099,1.2082
601,0.0,0.2142,-0.0035,False,False,False,2.0554,4.7135,1.9600,-1.9535,-1.5423,-0.0056,0.0000,0.0000,0.0000,0.0000,-0.0000,0.0000,0.4146,-0.3402,0.3422,0.1411,-0.1956,0.4152,0.0009,0.0000,0.0000,0.0000,False,0.0724,0.0251,0.0484,0.0458,0.0513,0.0009,-2.5829,grasp,-0.1956,0.4152,0.0009,0.0000,0.0000,0.0000,False,,0.0500,0.0000,False,0.8020,-0.2600,0.0099,1.2082
602,0.0,0.2143,-0.0184,False,False,False,2.0543,4.7141,1.9592,-1.9547,-1.5413,-0.0065,-0.0519,0.0610,-0.0599,-0.0721,0.0447,-0.0478,0.4577,-0.3401,0.3419,0.1412,-0.1956,0.4152,0.0009,0.0000,0.0000,0.0000,False,-0.0525,0.0610,-0.0601,-0.0725,0.0453,-0.0483,2.3810,grasp,-0.1956,0.4152,0.0009,0.0000,0.0000,0.0000,False,,0.0500,0.0000,True,0.8020,-0.2600,0.0099,1.2082
603,0.0,0.2143,-0.0117,False,False,False,2.0528,4.7159,1.9583,-1.9562,-1.5410,-0.0072,-0.0480,0.0542,0.0223,-0.0164,-0.0521,0.0173,0.5018,-0.3401,0.3419,0.1412,-0.1956,0.4152,0.0009,0.0000,0.0000,0.0000,False,-0.0490,0.0556,0.0212,-0.0178,-0.0513,0.0164,1.6164,grasp,-0.1956,0.4152,0.0009,0.0000,0.0000,0.0000,False,,0.0500,0.0000,False,0.8020,-0.2600,0.0099,1.2082
604,0.0,0.2143,-0.0125,False,False,False,2.0528,4.7159,1.9583,-1.9562,-1.5410,-0.0072,-0.0480,0.0542,0.0223,-0.0164,-0.0521,0.0173,0.5018,-0.3401,0.3419,0.1412,-0.1956,0.4152,0.0009,0.0000,0.0000,0.0000,False,0.0605,-0.0214,-0.0024,-0.0683,0.0642,0.0026,1.5657,grasp,-0.1956,0.4152,0.0009,0.0000,0.0000,0.0000,False,,0.0500,0.0000,False,0.8020,-0.2600,0.0099,1.2082
605,0.0,0.2117,-0.0002,False,False,False,2.0519,4.7170,1.9587,-1.9565,-1.5420,-0.0069,-0.0000,0.0000,0.0000,0.0000,-0.0000,0.0000,0.5209,-0.3396,0.3439,0.1387,-0.1956,0.4152,0.0009,0.0000,0.0000,0.0000,False,-0.0481,0.0319,-0.0677,0.0610,0.0625,0.0346,0.6848,grasp,-0.1956,0.4152,0.0009,0.0000,0.0000,0.0000,False,,0.0500,0.0000,False,0.8020,-0.2600,0.0099,1.2082
606,0.0,0.2117,-0.0019,False,False,False,2.0525,4.7167,1.9587,-1.9572,-1.5413,-0.0069,0.0000,0.0000,0.0000,0.0000,-0.0000,0.0000,0.5488,-0.3396,0.3439,0.1387,-0.1956,0.4152,0.0009,0.0000,0.0000,0.0000,False,0.0789,0.0317,-0.0480,0.0554,0.0348,0.0421,2.8982,grasp,-0.1956,0.4152,0.0009,0.0000,0.0000,0.0000,False,,0.0500,0.0000,True,0.8020,-0.2600,0.0099,1.2082
607,0.0,0.2112,-5.0032,True,False,False,2.0525,4.7167,1.9587,-1.9572,-1.5413,-0.0069,0.0000,0.0000,0.0000,0.0000,-0.0000,0.0000,0.5488,-0.3396,0.3439,0.1387,-0.1974,0.4151,-0.0003,0.0000,0.0000,0.0000,False,-0.0012,-0.0612,-0.0482,0.0083,-0.0239,0.0281,-1.3956,grasp,-0.1974,0.4151,-0.0003,0.0000,0.0000,0.0000,False,,0.0500,0.0000,False,0.8020,-0.2600,0.0099,1.2082
608,0.0,0.2317,-5.0029,True,False,False,2.0494,4.7005,1.9591,-1.9598,-1.5532,-0.0001,-0.0126,-0.0083,0.0428,-0.0178,-0.0239,0.0001,0.0568,-0.3366,0.3474,0.1635,-0.1903,0.4208,-0.0006,0.0000,0.0000,0.0000,False,-0.0327,-0.0644,0.0526,0.0401,0.0356,0.0513,1.1418,grasp,-0.1903,0.4208,-0.0006,0.0000,0.0000,0.0000,False,,0.0500,0.0000,True,0.8020,-0.2600,0.0277,1.2037
609,0.0,0.2309,-5.0042,True,False,False,2.0449,4.6959,1.9722,-1.9630,-1.5581,0.0018,-0.0075,-0.0027,0.0287,-0.0153,-0.0196,-0.0028,0.0005,-0.3312,0.3453,0.1647,-0.1862,0.4162,-0.0004,0.0000,0.0000,0.0000,False,0.0019,0.0644,-0.0705,0.0788,0.0732,0.0610,1.6127,grasp,-0.1862,0.4162,-0.0004,0.0000,0.0000,0.0000,False,,0.0500,0.0000,True,0.8020,-0.2600,0.0099,1.1975
610,0.0,0.2275,-5.0042,True,False,False,2.0433,4.6991,1.9746,-1.9618,-1.5583,0.0048,-0.0050,-0.0075,0.0250,-0.0170,-0.0193,-0.0073,0.0000,-0.3300,0.3446,0.1620,-0.1859,0.4135,-0.0001,0.0000,0.0000,0.0000,False,-0.0191,-0.0486,0.0353,-0.0029,0.0589,-0.0010,-1.9268,grasp,-0.1859,0.4135,-0.0001,0.0000,0.0000,0.0000,False,,0.0500,0.0000,False,0.8020,-0.2600,0.0099,1.1956
611,0.0,0.2266,-5.0049,True,False,False,2.0417,4.6964,1.9812,-1.9659,-1.5618,0.0030,-0.0027,-0.0034,0.0150,-0.0108,-0.0140,-0.0046,0.0000,-0.3277,0.3440,0.1605,-0.1835,0.4132,-0.0000,0.0000,0.0000,0.0000,False,0.0393,0.0322,0.0690,-0.0564,0.0249,0.0764,-2.0694,grasp,-0.1835,0.4132,-0.0000,0.0000,0.0000,0.0000,False,,0.0500,0.0000,False,0.8020,-0.2600,0.0099,1.1935
612,0.0,0.2224,-0.0009,False,False,False,2.0433,4.6974,1.9888,-1.9718,-1.5639,0.0062,-0.0053,-0.0051,0.0035,-0.0020,-0.0114,-0.0099,0.0000,-0.3268,0.3423,0.1570,-0.1844,0.4105,0.0004,0.0000,0.0000,0.0000,False,0.0647,-0.0645,-0.0491,0.0346,0.0586,0.0160,1.1845,grasp,-0.1844,0.4105,0.0004,0.0000,0.0000,0.0000,False,,0.0500,0.0000,True,0.8020,-0.2600,0.0099,1.1928
613,0.0,0.2224,-0.0020,False,False,False,2.0433,4.6974,1.9888,-1.9718,-1.5639,0.0062,0.0000,0.0000,0.0000,0.0000,-0.0000,0.0000,0.0200,-0.3268,0.3423,0.1570,-0.1844,0.4105,0.0004,0.0000,0.0000,0.0000,False,-0.0269,0.0747,-0.0487,-0.0731,0.0642,0.0747,-2.5698,grasp,-0.1844,0.4105,0.0004,0.0000,0.0000,0.0000,False,,0.0500,0.0000,False,0.8020,-0.2600,0.0099,1.1928
614,0.0,0.2224,-0.0024,False,False,False,2.0439,4.6968,1.9883,-1.9714,-1.5633,0.0063,0.0000,0.0000,0.0000,0.0000,-0.0000,0.0000,0.0597,-0.3268,0.3423,0.1570,-0.1844,0.4105,0.0004,0.0000,0.0000,0.0000,False,-0.0046,-0.0773,0.0379,0.0590,0.0789,0.0112,0.0186,grasp,-0.1844,0.4105,0.0004,0.0000,0.0000,0.0000,False,,0.0500,0.0000,True,0.8020,-0.2600,0.0099,1.1928
615,0.0,0.2230,-0.0026,False,False,False,2.0439,4.6968,1.9883,-1.9714,-1.5633,0.0063,0.0000,0.0000,0.0000,0.0000,-0.0000,0.0000,0.0597,-0.3268,0.3423,0.1570,-0.1837,0.4110,0.0004,0.0000,0.0000,0.0000,False,-0.0573,-0.0705,-0.0509,-0.0539,0.0226,-0.0503,2.8332,grasp,-0.1837,0.4110,0.0004,0.0000,0.0000,0.0000,False,,0.0500,0.0000,True,0.8020,-0.2600,0.0099,1.1928
616,0.0,0.2197,-0.0164,False,False,False,2.0447,4.6973,1.9878,-1.9709,-1.5617,0.0046,0.0533,0.0878,-0.0592,-0.0017,0.0542,-0.1220,0.1396,-0.3273,0.3417,0.1516,-0.1837,0.4110,0.0004,0.0000,0.0000,0.0000,False,0.0280,0.0454,-0.0308,-0.0003,0.0293,-0.0641,1.3872,grasp,-0.1837,0.4110,0.0004,0.0000,0.0000,0.0000,False,,0.0500,0.0000,True,0.8020,-0.2600,0.0099,1.1928
617,0.0,0.2171,-0.0143,False,False,False,2.0461,4.6980,1.9874,-1.9707,-1.5615,0.0035,0.0644,-0.0569,0.0491,0.0230,-0.0624,0.0701,0.1929,-0.3285,0.3413,0.1463,-0.1837,0.4110,0.0004,0.0000,0.0000,0.0000,False,0.0651,-0.0555,0.0483,0.0230,-0.0616,0.0683,-0.5186,grasp,-0.1837,0.4110,0.0004,0.0000,0.0000,0.0000,False,,0.0500,0.0000,False,0.8020,-0.2600,0.0099,1.1928
618,0.0,0.2171,-0.0151,False,False,False,2.0461,4.6980,1.9874,-1.9707,-1.5615,0.0035,0.0644,-0.0569,0.0491,0.0230,-0.0624,0.0701,0.1929,-0.3285,0.3413,0.1463,-0.1837,0.4110,0.0004,0.0000,0.0000,0.0000,False,0.0171,0.0566,0.0674,0.0369,-0.0703,0.0436,-1.3325,grasp,-0.1837,0.4110,0.0004,0.0000,0.0000,0.0000,False,,0.0500,0.0000,False,0.8020,-0.2600,0.0099,1.1928
619,0.0,0.2171,-0.0313,False,False,False,2.0473,4.6970,1.9884,-1.9702,-1.5627,0.0049,0.1223,-0.1079,0.0933,0.0437,-0.1186,0.1331,0.2070,-0.3285,0.3413,0.1463,-0.1837,0.4110,0.0004,0.0000,0.0000,0.0000,False,-0.0625,0.0754,-0.0608,-0.0033,0.0483,-0.0523,-1.4086,grasp,-0.1837,0.4110,0.0004,0.0000,0.0000,0.0000,False,,0.0500,0.0000,False,0.8020,-0.2600,0.0099,1.1928
620,0.0,0.2171,-0.0023,False,False,False,2.0473,4.6970,1.9884,-1.9702,-1.5627,0.0049,-0.0000,0.0000,0.0000,0.0000,-0.0000,0.0000,0.1941,-0.3285,0.3413,0.1463,-0.1837,0.4110,0.0004,0.0000,0.0000,0.0000,False,-0.0490,-0.0325,0.0309,0.0072,-0.0042,0.0396,-2.6948,grasp,-0.1837,0.4110,0.0004,0.0000,0.0000,0.0000,False,,0.0500,0.0000,False,0.8020,-0.2600,0.0099,1.1928
621,0.0,0.2168,-5.0009,True,False,False,2.0473,4.6970,1.9884,-1.9702,-1.5627,0.0049,-0.0000,0.0000,0.0000,0.0000,-0.0000,0.0000,0.1941,-0.3285,0.3413,0.1463,-0.1846,0.4112,-0.0000,0.0000,0.0000,0.0000,False,-0.0110,-0.0346,0.0029,0.0654,0.0013,-0.0443,0.1922,grasp,-0.1846,0.4112,-0.0000,0.0000,0.0000,0.0000,False,,0.0500,0.0000,True,0.8020,-0.2600,0.0099,1.1928
622,0.0,0.2245,-0.0022,False,False,False,2.0435,4.6916,1.9897,-1.9629,-1.5651,-0.0019,-0.0049,0.0036,0.0018,-0.0143,-0.0083,0.0027,0.0013,-0.3253,0.3398,0.1582,-0.1816,0.4086,0.0001,0.0000,0.0000,0.0000,False,0.0572,0.0587,-0.0672,-0.0090,0.0354,-0.0648,0.4922,grasp,-0.1816,0.4086,0.0001,0.0000,0.0000,0.0000,False,,0.0500,0.0000,True,0.8020,-0.2600,0.0150,1.1894
623,0.0,0.2245,-0.0027,False,False,False,2.0435,4.6916,1.9897,-1.9629,-1.5651,-0.0019,-0.0049,0.0036,0.0018,-0.0143,-0.0083,0.0027,0.0013,-0.3253,0.3398,0.1582,-0.1816,0.4086,0.0001,0.0000,0.0000,0.0000,False,0.0189,0.0209,-0.0677,-0.0190,0.0295,-0.0575,2.3849,grasp,-0.1816,0.4086,0.0001,0.0000,0.0000,0.0000,False,,0.0500,0.0000,True,0.8020,-0.2600,0.0150,1.1894
624,0.0,0.2245,-0.0019,False,False,False,2.0435,4.6916,1.9897,-1.9629,-1.5651,-0.0019,0.0000,0.0000,0.0000,0.0000,-0.0000,0.0000,0.0413,-0.3253,0.3398,0.1582,-0.1816,0.4086,0.0001,0.0000,0.0000,0.0000,False,0.0379,0.0247,0.0386,0.0555,-0.0265,0.0376,-0.9323,grasp,-0.1816,0.4086,0.0001,0.0000,0.0000,0.0000,False,,0.0500,0.0000,False,0.8020,-0.2600,0.0150,1.1894
625,0.0,0.2213,0.0007,False,False,False,2.0442,4.6912,1.9894,-1.9629,-1.5659,-0.0009,0.0322,-0.0731,-0.0699,-0.0574,-0.0548,0.0620,0.1008,-0.3252,0.3395,0.1530,-0.1813,0.4093,0.0001,0.0000,0.0000,0.0000,False,0.0326,-0.0728,-0.0695,-0.0568,-0.0550,0.0624,-1.1369,grasp,-0.1813,0.4093,0.0001,0.0000,0.0000,0.0000,False,,0.0500,0.0000,False,0.8020,-0.2600,0.0150,1.1894
626,0.0,0.2213,-0.0173,False,False,False,2.0442,4.6912,1.9894,-1.9629,-1.5659,-0.0009,0.0322,-0.0731,-0.0699,-0.0574,-0.0548,0.0620,0.1008,-0.3252,0.3395,0.1530,-0.1813,0.4093,0.0001,0.0000,0.0000,0.0000,False,0.0609,0.0587,0.0261,-0.0663,0.0248,0.0260,1.6701,grasp,-0.1813,0.4093,0.0001,0.0000,0.0000,0.0000,False,,0.0500,0.0000,True,0.8020,-0.2600,0.0150,1.1894
627,0.0,0.2192,-0.0096,False,False,False,2.0453,4.6901,1.9874,-1.9643,-1.5674,0.0005,0.0482,0.0379,-0.0620,-0.0297,-0.0493,0.0192,0.1794,-0.3260,0.3408,0.1499,-0.1813,0.4093,0.0001,0.0000,0.0000,0.0000,False,0.0482,0.0377,-0.0620,-0.0297,-0.0493,0.0192,2.2471,grasp,-0.1813,0.4093,0.0001,0.0000,0.0000,0.0000,False,,0.0500,0.0000,True,0.8020,-0.2600,0.0150,1.1894
628,0.0,0.2192,-0.0235,False,False,False,2.0462,4.6908,1.9863,-1.9648,-1.5684,0.0008,0.0917,0.0719,-0.1179,-0.0565,-0.0937,0.0365,0.1994,-0.3260,0.3408,0.1499,-0.1813,0.4093,0.0001,0.0000,0.0000,0.0000,False,-0.0335,0.0552,-0.0079,0.0556,0.0629,0.0289,-3.1126,grasp,-0.1813,0.4093,0.0001,0.0000,0.0000,0.0000,False,,0.0500,0.0000,False,0.8020,-0.2600,0.0150,1.1894
629,0.0,0.2192,-0.0016,False,False,False,2.0462,4.6908,1.9863,-1.9648,-1.5684,0.0008,-0.0000,0.0000,0.0000,0.0000,-0.0000,0.0000,0.1658,-0.3260,0.3408,0.1499,-0.1813,0.4093,0.0001,0.0000,0.0000,0.0000,False,-0.0746,0.0298,0.0591,-0.0520,0.0676,0.0052,-3.0618,grasp,-0.1813,0.4093,0.0001,0.0000,0.0000,0.0000,False,,0.0500,0.0000,False,0.8020,-0.2600,0.0150,1.1894
630,0.0,0.2200,-0.0027,False,False,False,2.0462,4.6908,1.9863,-1.9648,-1.5684,0.0008,-0.0000,0.0000,0.0000,0.0000,-0.0000,0.0000,0.1658,-0.3260,0.3408,0.1499,-0.1794,0.4124,0.0023,0.0000,0.0000,0.0000,False,0.0642,-0.0043,0.0149,-0.0715,-0.0643,-0.0724,-1.0877,grasp,-0.1794,0.4124,0.0023,0.0000,0.0000,0.0000,False,,0.0500,0.0000,False,0.8020,-0.2600,0.0150,1.1894
631,0.0,0.2211,-0.0105,False,False,False,2.0455,4.6905,1.9866,-1.9655,-1.5673,0.0010,0.0119,-0.0569,-0.0259,-0.0101,0.0423,0.0149,0.1408,-0.3262,0.3413,0.1516,-0.1794,0.4124,0.0023,0.0000,0.0000,0.0000,False,0.0111,-0.0566,-0.0253,-0.0106,0.0430,0.0150,-2.3502,grasp,-0.1794,0.4124,0.0023,0.0000,0.0000,0.0000,False,,0.0500,0.0000,False,0.8020,-0.2600,0.0150,1.1894
632,0.0,0.2211,-0.0143,False,False,False,2.0465,4.6899,1.9855,-1.9661,-1.5660,0.0015,0.0694,0.0480,-0.0575,-0.0461,0.0520,0.0184,0.1215,-0.3262,0.3413,0.1516,-0.1794,0.4124,0.0023,0.0000,0.0000,0.0000,False,0.0696,0.0466,-0.0580,-0.0463,0.0528,0.0187,-2.7006,grasp,-0.1794,0.4124,0.0023,0.0000,0.0000,0.0000,False,,0.0500,0.0000,False,0.8020,-0.2600,0.0150,1.1894
633,0.0,0.2211,-0.0144,False,False,False,2.0465,4.6899,1.9855,-1.9661,-1.5660,0.0015,0.0694,0.0480,-0.0575,-0.0461,0.0520,0.0184,0.1215,-0.3262,0.3413,0.1516,-0.1794,0.4124,0.0023,0.0000,0.0000,0.0000,False,-0.0319,0.0626,-0.0218,-0.0409,-0.0598,-0.0202,2.2681,grasp,-0.1794,0.4124,0.0023,0.0000,0.0000,0.0000,False,,0.0500,0.0000,True,0.8020,-0.2600,0.0150,1.1894
634,0.0,0.2246,-0.0049,False,False,False,2.0478,4.6908,1.9844,-1.9670,-1.5650,0.0019,0.0000,0.0000,0.0000,0.0000,-0.0000,0.0000,0.1350,-0.3284,0.3415,0.1546,-0.1794,0.4124,0.0023,0.0000,0.0000,0.0000,False,-0.0708,0.0435,-0.0102,-0.0772,0.0122,-0.0297,0.2606,grasp,-0.1794,0.4124,0.0023,0.0000,0.0000,0.0000,False,,0.0500,0.0000,True,0.8020,-0.2600,0.0150,1.1894
635,0.0,0.2246,-0.0016,False,False,False,2.0478,4.6908,1.9844,-1.9670,-1.5650,0.0019,0.0000,0.0000,0.0000,0.0000,-0.0000,0.0000,0.1750,-0.3284,0.3415,0.1546,-0.1794,0.4124,0.0023,0.0000,0.0000,0.0000,False,0.0054,0.0552,0.0219,0.0669,0.0474,-0.0550,1.2698,grasp,-0.1794,0.4124,0.0023,0.0000,0.0000,0.0000,False,,0.0500,0.0000,True,0.8020,-0.2600,0.0150,1.1894
636,0.0,0.2242,-0.0008,False,False,False,2.0478,4.6908,1.9844,-1.9670,-1.5650,0.0019,0.0000,0.0000,0.0000,0.0000,-0.0000,0.0000,0.1750,-0.3284,0.3415,0.1546,-0.1822,0.4132,0.0005,0.0000,0.0000,0.0000,False,0.0715,0.0277,-0.0050,-0.0652,0.0775,-0.0540,-1.9371,grasp,-0.1822,0.4132,0.0005,0.0000,0.0000,0.0000,False,,0.0500,0.0000,False,0.8020,-0.2600,0.0150,1.1894
637,0.0,0.2206,-0.0159,False,False,False,2.0486,4.6921,1.9848,-1.9656,-1.5649,0.0020,0.0720,0.0724,0.0141,0.0743,-0.0412,0.0691,0.2132,-0.3284,0.3412,0.1491,-0.1822,0.4132,0.0005,0.0000,0.0000,0.0000,False,0.0721,0.0730,0.0143,0.0749,-0.0407,0.0685,-1.7108,grasp,-0.1822,0.4132,0.0005,0.0000,0.0000,0.0000,False,,0.0500,0.0000,False,0.8020,-0.2600,0.0150,1.1894
638,0.0,0.2206,-0.0142,False,False,False,2.0505,4.6941,1.9851,-1.9646,-1.5652,0.0039,0.0560,0.0604,0.0042,-0.0436,0.0473,0.0633,0.2135,-0.3284,0.3412,0.1491,-0.1822,0.4132,0.0005,0.0000,0.0000,0.0000,False,0.0574,0.0623,0.0045,-0.0421,0.0466,0.0646,-1.3525,grasp,-0.1822,0.4132,0.0005,0.0000,0.0000,0.0000,False,,0.0500,0.0000,False,0.8020,-0.2600,0.0150,1.1894
639,0.0,0.2204,-0.0018,False,False,False,2.0516,4.6953,1.9852,-1.9654,-1.5643,0.0052,0.0000,0.0000,0.0000,0.0000,-0.0000,0.0000,0.2213,-0.3295,0.3394,0.1470,-0.1822,0.4132,0.0005,0.0000,0.0000,0.0000,False,-0.0282,-0.0595,-0.0423,0.0719,-0.0397,0.0074,-0.9493,grasp,-0.1822,0.4132,0.0005,0.0000,0.0000,0.0000,False,,0.0500,0.0000,False,0.8020,-0.2600,0.0150,1.1894
640,0.0,0.2204,-0.0021,False,False,False,2.0513,4.6947,1.9848,-1.9647,-1.5647,0.0052,0.0000,0.0000,0.0000,0.0000,-0.0000,0.0000,0.2381,-0.3295,0.3394,0.1470,-0.1822,0.4132,0.0005,0.0000,0.0000,0.0000,False,-0.0163,0.0183,0.0283,-0.0090,0.0031,0.0622,-0.4956,grasp,-0.1822,0.4132,0.0005,0.0000,0.0000,0.0000,False,,0.0500,0.0000,False,0.8020,-0.2600,0.0150,1.1894
641,0.0,0.2212,-5.0044,True,False,False,2.0513,4.6947,1.9848,-1.9647,-1.5647,0.0052,0.0000,0.0000,0.0000,0.0000,-0.0000,0.0000,0.2381,-0.3295,0.3394,0.1470,-0.1826,0.4103,-0.0025,0.0000,0.0000,0.0000,False,0.0382,-0.0657,-0.0490,0.0592,0.0546,-0.0585,1.8115,grasp,-0.1826,0.4103,-0.0025,0.0000,0.0000,0.0000,False,,0.0500,0.0000,True,0.8020,-0.2600,0.0150,1.1894
642,0.0,0.2297,-5.0036,True,False,False,2.0514,4.6885,1.9822,-1.9617,-1.5614,-0.0014,-0.0158,0.0079,0.0122,-0.0157,-0.0132,0.0019,0.0023,-0.3306,0.3391,0.1632,-0.1860,0.4108,-0.0003,0.0000,0.0000,0.0000,False,-0.0137,-0.0490,0.0566,-0.0286,-0.0419,0.0066,-2.8779,grasp,-0.1860,0.4108,-0.0003,0.0000,0.0000,0.0000,False,,0.0500,0.0000,False,0.8020,-0.2600,0.0099,1.1943
643,0.0,0.2286,-5.0036,True,False,False,2.0469,4.6887,1.9873,-1.9667,-1.5663,-0.0007,-0.0106,0.0083,0.0056,-0.0096,-0.0071,0.0010,0.0000,-0.3273,0.3406,0.1613,-0.1821,0.4118,-0.0003,0.0000,0.0000,0.0000,False,0.0487,-0.0365,-0.0181,-0.0170,0.0631,0.0334,-1.9932,grasp,-0.1821,0.4118,-0.0003,0.0000,0.0000,0.0000,False,,0.0500,0.0000,False,0.8020,-0.2600,0.0099,1.1916
644,0.0,0.2284,-5.0019,True,False,False,2.0474,4.6885,1.9876,-1.9699,-1.5643,0.0015,-0.0112,0.0087,0.0053,-0.0047,-0.0103,-0.0023,0.0001,-0.3283,0.3409,0.1616,-0.1837,0.4122,-0.0002,0.0000,0.0000,0.0000,False,-0.0552,0.0723,0.0038,0.0477,-0.0276,-0.0568,-1.5383,grasp,-0.1837,0.4122,-0.0002,0.0000,0.0000,0.0000,False,,0.0500,0.0000,False,0.8020,-0.2600,0.0099,1.1932
645,0.0,0.2257,-5.0034,True,False,False,2.0428,4.6931,1.9889,-1.9692,-1.5676,-0.0011,-0.0042,0.0016,0.0032,-0.0057,-0.0052,0.0016,0.0001,-0.3254,0.3423,0.1587,-0.1810,0.4124,-0.0000,0.0000,0.0000,0.0000,False,-0.0701,-0.0606,-0.0375,-0.0641,0.0063,0.0397,-1.4603,grasp,-0.1810,0.4124,-0.0000,0.0000,0.0000,0.0000,False,,0.0500,0.0000,False,0.8020,-0.2600,0.0099,1.1910
646,0.0,0.2357,-5.0028,True,False,False,2.0313,4.6844,1.9840,-1.9801,-1.5679,0.0052,0.0133,0.0149,0.0107,0.0109,-0.0048,-0.0080,0.0014,-0.3236,0.3506,0.1659,-0.1741,0.4235,-0.0010,0.0000,0.0000,0.0000,False,-0.0471,-0.0327,0.0434,-0.0630,-0.0027,-0.0249,-2.1235,grasp,-0.1741,0.4235,-0.0010,0.0000,0.0000,0.0000,False,,0.0500,0.0000,False,0.8020,-0.2600,0.0099,1.1916
647,0.0,0.2319,-5.0036,True,False,False,2.0337,4.6874,1.9874,-1.9787,-1.5691,0.0028,0.0098,0.0105,0.0056,0.0088,-0.0030,-0.0044,0.0000,-0.3233,0.3483,0.1629,-0.1754,0.4203,-0.0006,0.0000,0.0000,0.0000,False,0.0144,0.0034,0.0472,-0.0491,0.0598,-0.0119,2.7907,grasp,-0.1754,0.4203,-0.0006,0.0000,0.0000,0.0000,False,,0.0500,0.0000,True,0.8020,-0.2600,0.0099,1.1909
648,0.0,0.2281,-5.0022,True,False,False,2.0364,4.6899,1.9904,-1.9785,-1.5676,0.0014,0.0055,0.0065,0.0009,0.0083,-0.0052,-0.0022,0.0001,-0.3241,0.3462,0.1605,-0.1785,0.4171,-0.0002,0.0000,0.0000,0.0000,False,0.0348,-0.0189,-0.0615,-0.0064,-0.0612,0.0765,0.7053,grasp,-0.1785,0.4171,-0.0002,0.0000,0.0000,0.0000,False,,0.0500,0.0000,True,0.8020,-0.2600,0.0099,1.1916
649,0.0,0.2294,-5.0025,True,False,False,2.0389,4.6907,1.9884,-1.9768,-1.5710,0.0037,0.0000,0.0000,0.0000,0.0000,0.0000,-0.0000,0.0207,-0.3243,0.3462,0.1608,-0.1774,0.4173,-0.0004,0.0000,0.0000,0.0000,False,-0.0097,-0.0488,0.0340,0.0248,-0.0439,-0.0526,0.3753,grasp,-0.1774,0.4173,-0.0004,0.0000,0.0000,0.0000,False,,0.0500,0.0000,True,0.8020,-0.2600,0.0099,1.1908
650,0.0,0.2290,-5.0023,True,False,False,2.0387,4.6891,1.9913,-1.9740,-1.5736,-0.0007,0.0019,0.0078,-0.0004,0.0015,0.0039,0.0010,0.0003,-0.3226,0.3447,0.1599,-0.1755,0.4159,-0.0004,0.0000,0.0000,0.0000,False,0.0455,0.0243,0.0321,-0.0064,0.0556,-0.0503,-0.8521,grasp,-0.1755,0.4159,-0.0004,0.0000,0.0000,0.0000,False,,0.0500,0.0000,False,0.8020,-0.2600,0.0099,1.1885
651,0.0,0.2259,-5.0032,True,False,False,2.0408,4.6918,1.9924,-1.9739,-1.5707,-0.0023,0.0000,0.0000,0.0000,0.0000,-0.0000,-0.0000,0.0028,-0.3239,0.3431,0.1581,-0.1790,0.4139,-0.0001,0.0000,0.0000,0.0000,False,0.0765,-0.0270,-0.0788,0.0260,-0.0568,0.0435,-2.9317,grasp,-0.1790,0.4139,-0.0001,0.0000,0.0000,0.0000,False,,0.0500,0.0000,False,0.8020,-0.2600,0.0099,1.1902
652,0.0,0.2300,-5.0015,True,False,False,2.0450,4.6910,1.9873,-1.9721,-1.5741,0.0011,-0.0077,0.0049,0.0057,-0.0014,0.0047,-0.0016,0.0000,-0.3253,0.3437,0.1607,-0.1780,0.4157,-0.0005,0.0000,0.0000,0.0000,False,0.0527,0.0708,-0.0625,0.0425,0.0331,0.0036,-0.1938,grasp,-0.1780,0.4157,-0.0005,0.0000,0.0000,0.0000,False,,0.0500,0.0000,False,0.8020,-0.2600,0.0099,1.1904
653,0.0,0.2310,-0.0030,False,False,False,2.0512,4.7027,1.9792,-1.9660,-1.5681,0.0012,-0.0170,-0.0130,0.0180,-0.0106,-0.0045,-0.0019,0.0014,-0.3296,0.3425,0.1583,-0.1788,0.4170,0.0000,0.0000,0.0000,0.0000,False,0.0762,-0.0707,0.0075,-0.0625,0.0613,0.0459,-1.5202,grasp,-0.1788,0.4170,0.0000,0.0000,0.0000,0.0000,False,,0.0500,0.0000,False,0.8020,-0.2600,0.0099,1.1918
654,0.0,0.2310,-0.0037,False,False,False,2.0512,4.7027,1.9792,-1.9660,-1.5681,0.0012,0.0000,0.0000,0.0000,0.0000,-0.0000,0.0000,0.0214,-0.3296,0.3425,0.1583,-0.1788,0.4170,0.0000,0.0000,0.0000,0.0000,False,0.0745,0.0738,0.0554,-0.0441,0.0720,0.0370,0.2204,grasp,-0.1788,0.4170,0.0000,0.0000,0.0000,0.0000,False,,0.0500,0.0000,True,0.8020,-0.2600,0.0099,1.1918
655,0.0,0.2310,-0.0011,False,False,False,2.0512,4.7027,1.9792,-1.9660,-1.5681,0.0012,0.0000,0.0000,0.0000,0.0000,-0.0000,0.0000,0.0614,-0.3296,0.3425,0.1583,-0.1788,0.4170,0.0000,0.0000,0.0000,0.0000,False,-0.0169,0.0730,0.0744,-0.0400,-0.0031,-0.0265,1.9930,grasp,-0.1788,0.4170,0.0000,0.0000,0.0000,0.0000,False,,0.0500,0.0000,True,0.8020,-0.2600,0.0099,1.1918
656,0.0,0.2297,-5.0006,True,False,False,2.0512,4.7027,1.9792,-1.9660,-1.5681,0.0012,0.0000,0.0000,0.0000,0.0000,-0.0000,0.0000,0.0614,-0.3296,0.3425,0.1583,-0.1802,0.4158,-0.0000,0.0000,0.0000,0.0000,False,-0.0438,-0.0556,-0.0171,-0.0574,0.0181,-0.0140,0.7640,grasp,-0.1802,0.4158,-0.0000,0.0000,0.0000,0.0000,False,,0.0500,0.0000,True,0.8020,-0.2600,0.0099,1.1918
657,0.0,0.2307,-5.0044,True,False,False,2.0424,4.6936,1.9804,-1.9757,-1.5664,-0.0011,-0.0031,0.0008,0.0138,0.0035,-0.0060,0.0014,0.0057,-0.3281,0.3471,0.1627,-0.1821,0.4200,-0.0004,0.0000,0.0000,0.0000,False,-0.0104,-0.0718,-0.0687,-0.0094,-0.0594,0.0132,2.5881,grasp,-0.1821,0.4200,-0.0004,0.0000,0.0000,0.0000,False,,0.0500,0.0000,True,0.8020,-0.2600,0.0327,1.1967
658,0.0,0.2413,-5.0046,True,False,False,2.0403,4.6857,1.9764,-1.9758,-1.5749,0.0008,-0.0005,0.0133,0.0226,0.0043,0.0060,-0.0013,0.0000,-0.3261,0.3508,0.1694,-0.1739,0.4268,-0.0017,0.0000,0.0000,0.0000,False,-0.0244,-0.0486,-0.0752,0.0002,0.0125,-0.0526,-0.2316,grasp,-0.1739,0.4268,-0.0017,0.0000,0.0000,0.0000,False,,0.0500,0.0000,False,0.8020,-0.2600,0.0099,1.1934
659,0.0,0.2367,-5.0026,True,False,False,2.0398,4.6877,1.9801,-1.9748,-1.5733,-0.0005,0.0004,0.0099,0.0166,0.0027,0.0035,0.0007,0.0005,-0.3254,0.3489,0.1661,-0.1753,0.4232,-0.0012,0.0000,0.0000,0.0000,False,0.0588,-0.0558,-0.0488,0.0204,-0.0563,-0.0182,2.0539,grasp,-0.1753,0.4232,-0.0012,0.0000,0.0000,0.0000,False,,0.0500,0.0000,True,0.8020,-0.2600,0.0099,1.1925
660,0.0,0.2353,-5.0038,True,False,False,2.0420,4.6880,1.9823,-1.9734,-1.5745,-0.0010,-0.0030,0.0094,0.0133,0.0006,0.0054,0.0015,0.0000,-0.3253,0.3471,0.1648,-0.1757,0.4211,-0.0011,0.0000,0.0000,0.0000,False,0.0182,0.0257,-0.0723,0.0257,0.0235,0.0050,1.2198,grasp,-0.1757,0.4211,-0.0011,0.0000,0.0000,0.0000,False,,0.0500,0.0000,True,0.8020,-0.2600,0.0099,1.1916
661,0.0,0.2326,-5.0030,True,False,False,2.0420,4.6910,1.9823,-1.9723,-1.5725,-0.0005,-0.0030,0.0047,0.0126,-0.0010,0.0022,0.0007,0.0010,-0.3257,0.3466,0.1632,-0.1775,0.4191,-0.0007,0.0000,0.0000,0.0000,False,0.0358,0.0117,-0.0519,0.0240,-0.0399,-0.0592,-2.7442,grasp,-0.1775,0.4191,-0.0007,0.0000,0.0000,0.0000,False,,0.0500,0.0000,False,0.8020,-0.2600,0.0099,1.1919
662,0.0,0.2333,-5.0025,True,False,False,2.0452,4.6935,1.9799,-1.9699,-1.5763,-0.0068,-0.0083,0.0011,0.0177,-0.0049,0.0085,0.0109,0.0000,-0.3259,0.3462,0.1627,-0.1774,0.4209,-0.0010,0.0000,0.0000,0.0000,False,0.0654,0.0177,-0.0391,-0.0238,0.0230,-0.0461,-1.2752,grasp,-0.1774,0.4209,-0.0010,0.0000,0.0000,0.0000,False,,0.0500,0.0000,False,0.8020,-0.2600,0.0099,1.1928
663,0.0,0.2304,-5.0017,True,False,False,2.0446,4.6941,1.9832,-1.9715,-1.5740,-0.0052,0.0000,0.0000,0.0000,0.0000,0.0000,-0.0000,0.0014,-0.3258,0.3452,0.1610,-0.1789,0.4186,-0.0006,0.0000,0.0000,0.0000,False,0.0507,0.0638,-0.0030,-0.0486,0.0128,-0.0462,-3.0316,grasp,-0.1789,0.4186,-0.0006,0.0000,0.0000,0.0000,False,,0.0500,0.0000,False,0.8020,-0.2600,0.0099,1.1928
664,0.0,0.2267,-5.0023,True,False,False,2.0459,4.6979,1.9858,-1.9749,-1.5722,-0.0061,-0.0091,-0.0056,0.0080,0.0028,0.0018,0.0093,0.0000,-0.3268,0.3445,0.1585,-0.1823,0.4172,-0.0002,0.0000,0.0000,0.0000,False,0.0426,-0.0473,0.0147,0.0037,0.0497,-0.0017,-0.1383,grasp,-0.1823,0.4172,-0.0002,0.0000,0.0000,0.0000,False,,0.0500,0.0000,False,0.8020,-0.2600,0.0099,1.1948
665,0.0,0.2263,-5.0018,True,False,False,2.0453,4.6949,1.9882,-1.9741,-1.5700,-0.0040,-0.0083,-0.0010,0.0044,0.0016,-0.0016,0.0062,0.0000,-0.3266,0.3432,0.1587,-0.1823,0.4151,-0.0001,0.0000,0.0000,0.0000,False,0.0409,-0.0131,-0.0523,-0.0302,0.0477,0.0539,-2.8164,grasp,-0.1823,0.4151,-0.0001,0.0000,0.0000,0.0000,False,,0.0500,0.0000,False,0.8020,-0.2600,0.0099,1.1936
666,0.0,0.2259,-5.0148,True,False,False,2.0454,4.6937,1.9870,-1.9753,-1.5690,-0.0014,0.0567,-0.0488,-0.0337,-0.0578,-0.0378,-0.0794,0.0400,-0.3269,0.3437,0.1582,-0.1825,0.4154,-0.0002,0.0000,0.0000,0.0000,False,0.0566,-0.0488,-0.0336,-0.0577,-0.0378,-0.0793,-0.5735,grasp,-0.1825,0.4154,-0.0002,0.0000,0.0000,0.0000,False,,0.0500,0.0000,False,0.8020,-0.2600,0.0099,1.1939
667,0.0,0.2310,-5.0114,True,False,False,2.0486,4.6896,1.9861,-1.9786,-1.5732,-0.0074,0.0520,-0.0352,0.0425,0.0581,-0.0496,-0.0117,0.0409,-0.3279,0.3449,0.1613,-0.1817,0.4206,-0.0007,0.0000,0.0000,0.0000,False,0.0519,-0.0351,0.0426,0.0582,-0.0496,-0.0115,-0.6281,grasp,-0.1817,0.4206,-0.0007,0.0000,0.0000,0.0000,False,,0.0500,0.0000,False,0.8020,-0.2600,0.0099,1.1962
668,0.0,0.2297,-5.0023,True,False,False,2.0486,4.6892,1.9900,-1.9736,-1.5751,-0.0056,-0.0127,0.0074,0.0015,0.0009,0.0061,0.0082,0.0006,-0.3259,0.3420,0.1604,-0.1795,0.4157,-0.0005,0.0000,0.0000,0.0000,False,0.0583,-0.0003,-0.0715,0.0559,-0.0042,0.0025,-1.2089,grasp,-0.1795,0.4157,-0.0005,0.0000,0.0000,0.0000,False,,0.0500,0.0000,False,0.8020,-0.2600,0.0099,1.1916
669,0.0,0.2321,-5.0032,True,False,False,2.0522,4.6910,1.9821,-1.9669,-1.5741,-0.0033,-0.0187,0.0049,0.0136,-0.0093,0.0048,0.0050,0.0000,-0.3281,0.3421,0.1625,-0.1807,0.4160,-0.0008,0.0000,0.0000,0.0000,False,-0.0722,0.0741,-0.0606,0.0164,-0.0691,-0.0281,1.5101,grasp,-0.1807,0.4160,-0.0008,0.0000,0.0000,0.0000,False,,0.0500,0.0000,True,0.8020,-0.2600,0.0099,1.1929
670,0.0,0.2294,-5.0015,True,False,False,2.0453,4.6948,1.9830,-1.9685,-1.5756,-0.0032,0.0000,0.0000,0.0000,0.0000,0.0000,-0.0000,0.0173,-0.3254,0.3445,0.1594,-0.1779,0.4171,-0.0006,0.0000,0.0000,0.0000,False,-0.0456,-0.0103,-0.0591,0.0492,0.0104,-0.0336,-1.8330,grasp,-0.1779,0.4171,-0.0006,0.0000,0.0000,0.0000,False,,0.0500,0.0000,False,0.8020,-0.2600,0.0099,1.1911
671,0.0,0.2306,-5.0019,True,False,False,2.0408,4.6940,1.9823,-1.9672,-1.5734,-0.0040,-0.0012,0.0003,0.0132,-0.0089,0.0036,0.0061,0.0002,-0.3243,0.3458,0.1613,-0.1766,0.4176,-0.0006,0.0000,0.0000,0.0000,False,0.0163,-0.0220,-0.0729,-0.0043,0.0383,-0.0250,-0.7854,grasp,-0.1766,0.4176,-0.0006,0.0000,0.0000,0.0000,False,,0.0500,0.0000,False,0.8020,-0.2600,0.0099,1.1904
672,0.0,0.2304,-5.0018,True,False,False,2.0411,4.6933,1.9827,-1.9694,-1.5711,-0.0035,0.0000,0.0000,0.0000,0.0000,0.0000,-0.0000,0.0006,-0.3252,0.3458,0.1616,-0.1782,0.4178,-0.0005,0.0000,0.0000,0.0000,False,-0.0051,-0.0731,0.0051,-0.0706,0.0452,0.0111,0.4924,grasp,-0.1782,0.4178,-0.0005,0.0000,0.0000,0.0000,False,,0.0500,0.0000,True,0.8020,-0.2600,0.0099,1.1918
673,0.0,0.2308,-5.0028,True,False,False,2.0404,4.6893,1.9859,-1.9748,-1.5684,-0.0016,-0.0006,0.0075,0.0078,0.0027,-0.0039,0.0025,0.0007,-0.3257,0.3458,0.1625,-0.1792,0.4182,-0.0005,0.0000,0.0000,0.0000,False,-0.0421,-0.0280,0.0309,-0.0479,0.0333,0.0745,1.8776,grasp,-0.1792,0.4182,-0.0005,0.0000,0.0000,0.0000,False,,0.0500,0.0000,True,0.8020,-0.2600,0.0099,1.1928
674,0.0,0.2287,-5.0014,True,False,False,2.0388,4.6901,1.9889,-1.9759,-1.5682,0.0016,0.0019,0.0064,0.0033,0.0044,-0.0044,-0.0025,0.0007,-0.3248,0.3454,0.1608,-0.1788,0.4164,-0.0003,0.0000,0.0000,0.0000,False,-0.0628,0.0479,-0.0747,0.0462,0.0082,-0.0419,0.1541,grasp,-0.1788,0.4164,-0.0003,0.0000,0.0000,0.0000,False,,0.0500,0.0000,True,0.8020,-0.2600,0.0099,1.1915
675,0.0,0.2277,-5.0021,True,False,False,2.0370,4.6933,1.9871,-1.9732,-1.5690,-0.0004,0.0047,0.0014,0.0063,0.0003,-0.0033,0.0007,0.0005,-0.3239,0.3460,0.1598,-0.1781,0.4167,-0.0002,0.0000,0.0000,0.0000,False,-0.0324,-0.0771,0.0688,-0.0038,0.0687,-0.0464,-1.2511,grasp,-0.1781,0.4167,-0.0002,0.0000,0.0000,0.0000,False,,0.0500,0.0000,False,0.8020,-0.2600,0.0099,1.1910
676,0.0,0.2264,-5.0037,True,False,False,2.0369,4.6908,1.9910,-1.9732,-1.5672,-0.0020,0.0047,0.0052,0.0000,0.0004,-0.0058,0.0030,0.0000,-0.3236,0.3443,0.1591,-0.1787,0.4146,-0.0000,0.0000,0.0000,0.0000,False,-0.0752,0.0452,0.0322,0.0757,-0.0488,-0.0375,-2.6831,grasp,-0.1787,0.4146,-0.0000,0.0000,0.0000,0.0000,False,,0.0500,0.0000,False,0.8020,-0.2600,0.0099,1.1904
677,0.0,0.2245,-0.0045,False,False,False,2.0353,4.6936,1.9922,-1.9704,-1.5703,-0.0026,0.0072,0.0008,-0.0018,-0.0040,-0.0011,0.0040,0.0000,-0.3215,0.3441,0.1570,-0.1766,0.4132,0.0001,0.0000,0.0000,0.0000,False,0.0506,0.0375,-0.0234,-0.0406,0.0563,0.0514,2.7235,grasp,-0.1766,0.4132,0.0001,0.0000,0.0000,0.0000,False,,0.0500,0.0000,True,0.8020,-0.2600,0.0099,1.1878
678,0.0,0.2246,-0.0025,False,False,False,2.0353,4.6936,1.9922,-1.9704,-1.5703,-0.0026,0.0000,0.0000,0.0000,0.0000,-0.0000,-0.0000,0.0190,-0.3217,0.3441,0.1570,-0.1766,0.4132,0.0001,0.0000,0.0000,0.0000,False,0.0493,0.0778,-0.0783,-0.0333,0.0478,-0.0398,-1.6504,grasp,-0.1766,0.4132,0.0001,0.0000,0.0000,0.0000,False,,0.0500,0.0000,False,0.8020,-0.2600,0.0099,1.1878
679,0.0,0.2246,-0.0009,False,False,False,2.0358,4.6944,1.9914,-1.9707,-1.5698,-0.0030,0.0000,0.0000,0.0000,0.0000,-0.0000,0.0000,0.0561,-0.3217,0.3441,0.1570,-0.1766,0.4132,0.0001,0.0000,0.0000,0.0000,False,0.0472,0.0314,0.0386,0.0600,0.0766,-0.0481,1.5446,grasp,-0.1766,0.4132,0.0001,0.0000,0.0000,0.0000,False,,0.0500,0.0000,True,0.8020,-0.2600,0.0099,1.1878
680,0.0,0.2244,-0.0014,False,False,False,2.0358,4.6944,1.9914,-1.9707,-1.5698,-0.0030,0.0000,0.0000,0.0000,0.0000,-0.0000,0.0000,0.0561,-0.3217,0.3441,0.1570,-0.1768,0.4132,0.0001,0.0000,0.0000,0.0000,False,0.0084,0.0159,0.0077,-0.0691,-0.0118,0.0580,-2.7531,grasp,-0.1768,0.4132,0.0001,0.0000,0.0000,0.0000,False,,0.0500,0.0000,False,0.8020,-0.2600,0.0099,1.1878
681,0.0,0.2208,-0.0058,False,False,False,2.0365,4.6944,1.9912,-1.9699,-1.5690,-0.0033,0.0296,-0.0310,-0.0551,0.0268,0.0017,0.0254,0.1156,-0.3223,0.3437,0.1509,-0.1768,0.4132,0.0001,0.0000,0.0000,0.0000,False,0.0301,-0.0307,-0.0547,0.0274,0.0024,0.0249,-0.8117,grasp,-0.1768,0.4132,0.0001,0.0000,0.0000,0.0000,False,,0.0500,0.0000,False,0.8020,-0.2600,0.0099,1.1878
682,0.0,0.2208,-0.0095,False,False,False,2.0365,4.6944,1.9912,-1.9699,-1.5690,-0.0033,0.0296,-0.0310,-0.0551,0.0268,0.0017,0.0254,0.1156,-0.3223,0.3437,0.1509,-0.1768,0.4132,0.0001,0.0000,0.0000,0.0000,False,0.0287,0.0477,-0.0557,0.0633,0.0745,0.0145,1.9903,grasp,-0.1768,0.4132,0.0001,0.0000,0.0000,0.0000,False,,0.0500,0.0000,True,0.8020,-0.2600,0.0099,1.1878
683,0.0,0.2208,-0.0146,False,False,False,2.0378,4.6945,1.9906,-1.9686,-1.5685,-0.0028,0.0685,0.0698,0.0379,0.0742,0.0524,-0.0039,0.1713,-0.3223,0.3437,0.1509,-0.1768,0.4132,0.0001,0.0000,0.0000,0.0000,False,0.0690,0.0691,0.0369,0.0747,0.0524,-0.0034,-0.5770,grasp,-0.1768,0.4132,0.0001,0.0000,0.0000,0.0000,False,,0.0500,0.0000,False,0.8020,-0.2600,0.0099,1.1878
684,0.0,0.2184,-0.0004,False,False,False,2.0391,4.6959,1.9913,-1.9672,-1.5675,-0.0029,-0.0000,0.0000,0.0000,0.0000,-0.0000,0.0000,0.1955,-0.3234,0.3420,0.1454,-0.1768,0.4132,0.0001,0.0000,0.0000,0.0000,False,0.0765,-0.0285,0.0196,0.0535,0.0737,-0.0696,-0.9913,grasp,-0.1768,0.4132,0.0001,0.0000,0.0000,0.0000,False,,0.0500,0.0000,False,0.8020,-0.2600,0.0099,1.1878
685,0.0,0.2184,-0.0160,False,False,False,2.0398,4.6956,1.9915,-1.9667,-1.5668,-0.0036,0.0752,-0.0305,0.0187,0.0521,0.0727,-0.0696,0.2033,-0.3234,0.3420,0.1454,-0.1768,0.4132,0.0001,0.0000,0.0000,0.0000,False,-0.0057,-0.0576,-0.0321,-0.0603,0.0718,0.0481,1.8800,grasp,-0.1768,0.4132,0.0001,0.0000,0.0000,0.0000,False,,0.0500,0.0000,True,0.8020,-0.2600,0.0099,1.1878
686,0.0,0.2193,-5.0152,True,False,False,2.0398,4.6956,1.9915,-1.9667,-1.5668,-0.0036,0.0752,-0.0305,0.0187,0.0521,0.0727,-0.0696,0.2033,-0.3234,0.3420,0.1454,-0.1764,0.4122,-0.0013,0.0000,0.0000,0.0000,False,0.0587,0.0522,-0.0324,-0.0300,-0.0244,0.0467,-2.5299,grasp,-0.1764,0.4122,-0.0013,0.0000,0.0000,0.0000,False,,0.0500,0.0000,False,0.8020,-0.2600,0.0099,1.1878
687,0.0,0.2273,-0.0031,False,False,False,2.0473,4.7018,1.9872,-1.9723,-1.5711,0.0033,-0.0101,-0.0105,0.0052,-0.0010,0.0001,-0.0046,0.0079,-0.3269,0.3426,0.1549,-0.1772,0.4155,0.0002,0.0000,0.0000,0.0000,False,-0.0404,0.0641,-0.0578,0.0718,0.0169,0.0343,-1.6731,grasp,-0.1772,0.4155,0.0002,0.0000,0.0000,0.0000,False,,0.0500,0.0000,False,0.8020,-0.2600,0.0099,1.1896
688,0.0,0.2267,-0.0023,False,False,False,2.0473,4.7018,1.9872,-1.9723,-1.5711,0.0033,0.0000,0.0000,0.0000,0.0000,0.0000,-0.0000,0.0458,-0.3268,0.3426,0.1541,-0.1772,0.4155,0.0002,0.0000,0.0000,0.0000,False,0.0197,0.0560,-0.0246,0.0662,-0.0581,0.0498,-0.2617,grasp,-0.1772,0.4155,0.0002,0.0000,0.0000,0.0000,False,,0.0500,0.0000,False,0.8020,-0.2600,0.0099,1.1896
689,0.0,0.2267,-0.0143,False,False,False,2.0475,4.7023,1.9870,-1.9717,-1.5717,0.0038,0.0197,0.0560,-0.0246,0.0662,-0.0581,0.0498,0.0656,-0.3268,0.3426,0.1541,-0.1772,0.4155,0.0002,0.0000,0.0000,0.0000,False,-0.0038,0.0450,0.0407,0.0664,-0.0029,0.0052,-2.1643,grasp,-0.1772,0.4155,0.0002,0.0000,0.0000,0.0000,False,,0.0500,0.0000,False,0.8020,-0.2600,0.0099,1.1896
690,0.0,0.2250,-0.0111,False,False,False,2.0475,4.7023,1.9870,-1.9717,-1.5717,0.0038,0.0197,0.0560,-0.0246,0.0662,-0.0581,0.0498,0.0656,-0.3268,0.3426,0.1541,-0.1792,0.4144,0.0002,0.0000,0.0000,0.0000,False,0.0442,0.0590,0.0622,-0.0200,-0.0337,-0.0093,-2.8569,grasp,-0.1792,0.4144,0.0002,0.0000,0.0000,0.0000,False,,0.0500,0.0000,False,0.8020,-0.2600,0.0099,1.1896
691,0.0,0.2214,-0.0083,False,False,False,2.0477,4.7022,1.9873,-1.9712,-1.5710,0.0032,0.0171,-0.0172,0.0305,0.0499,0.0654,-0.0659,0.1150,-0.3267,0.3421,0.1485,-0.1792,0.4144,0.0002,0.0000,0.0000,0.0000,False,0.0171,-0.0172,0.0305,0.0499,0.0654,-0.0659,-1.6524,grasp,-0.1792,0.4144,0.0002,0.0000,0.0000,0.0000,False,,0.0500,0.0000,False,0.8020,-0.2600,0.0099,1.1896
692,0.0,0.2214,-0.0132,False,False,False,2.0477,4.7022,1.9873,-1.9712,-1.5710,0.0032,0.0171,-0.0172,0.0305,0.0499,0.0654,-0.0659,0.1150,-0.3267,0.3421,0.1485,-0.1792,0.4144,0.0002,0.0000,0.0000,0.0000,False,0.0606,0.0132,-0.0687,0.0548,-0.0150,-0.0335,-1.4627,grasp,-0.1792,0.4144,0.0002,0.0000,0.0000,0.0000,False,,0.0500,0.0000,False,0.8020,-0.2600,0.0099,1.1896
693,0.0,0.2214,-0.0036,False,False,False,2.0486,4.7020,1.9872,-1.9697,-1.5699,0.0016,-0.0000,0.0000,0.0000,0.0000,-0.0000,0.0000,0.1299,-0.3267,0.3421,0.1485,-0.1792,0.4144,0.0002,0.0000,0.0000,0.0000,False,-0.0062,-0.0677,0.0608,-0.0647,-0.0740,-0.0436,-2.8202,grasp,-0.1792,0.4144,0.0002,0.0000,0.0000,0.0000,False,,0.0500,0.0000,False,0.8020,-0.2600,0.0099,1.1896
694,0.0,0.2216,-0.0031,False,False,False,2.0485,4.7013,1.9878,-1.9703,-1.5707,0.0012,0.0000,0.0000,0.0000,0.0000,-0.0000,-0.0000,0.1410,-0.3269,0.3414,0.1483,-0.1792,0.4144,0.0002,0.0000,0.0000,0.0000,False,0.0772,0.0711,0.0361,0.0422,0.0599,-0.0742,2.6377,grasp,-0.1792,0.4144,0.0002,0.0000,0.0000,0.0000,False,,0.0500,0.0000,True,0.8020,-0.2600,0.0099,1.1896
695,0.0,0.2216,-0.0195,False,False,False,2.0493,4.7020,1.9882,-1.9699,-1.5701,0.0004,0.0772,0.0718,0.0355,0.0429,0.0606,-0.0738,0.1605,-0.3269,0.3414,0.1483,-0.1792,0.4144,0.0002,0.0000,0.0000,0.0000,False,0.0215,-0.0413,-0.0494,-0.0778,0.0165,0.0475,-1.1929,grasp,-0.1792,0.4144,0.0002,0.0000,0.0000,0.0000,False,,0.0500,0.0000,False,0.8020,-0.2600,0.0099,1.1896
696,0.0,0.2194,-5.0149,True,False,False,2.0493,4.7020,1.9882,-1.9699,-1.5701,0.0004,0.0772,0.0718,0.0355,0.0429,0.0606,-0.0738,0.1605,-0.3269,0.3414,0.1483,-0.1818,0.4121,-0.0003,0.0000,0.0000,0.0000,False,-0.0734,0.0579,0.0235,0.0591,-0.0281,0.0563,-0.0249,grasp,-0.1818,0.4121,-0.0003,0.0000,0.0000,0.0000,False,,0.0500,0.0000,False,0.8020,-0.2600,0.0099,1.1896
697,0.0,0.2166,-0.0028,False,False,False,2.0372,4.7078,1.9920,-1.9628,-1.5741,0.0078,0.0038,-0.0179,-0.0013,-0.0133,0.0040,-0.0102,0.0027,-0.3204,0.3420,0.1498,-0.1771,0.4066,0.0007,0.0000,0.0000,0.0000,False,-0.0193,0.0212,0.0278,-0.0619,0.0523,-0.0493,-0.2836,grasp,-0.1771,0.4066,0.0007,0.0000,0.0000,0.0000,False,,0.0500,0.0000,False,0.8020,-0.2600,0.0099,1.1846
698,0.0,0.2166,-0.0128,False,False,False,2.0370,4.7078,1.9923,-1.9635,-1.5735,0.0072,-0.0193,0.0214,0.0278,-0.0618,0.0523,-0.0492,0.0424,-0.3204,0.3420,0.1498,-0.1771,0.4066,0.0007,0.0000,0.0000,0.0000,False,0.0151,0.0459,-0.0449,-0.0236,-0.0409,0.0446,-0.8580,grasp,-0.1771,0.4066,0.0007,0.0000,0.0000,0.0000,False,,0.0500,0.0000,False,0.8020,-0.2600,0.0099,1.1846
699,0.0,0.2133,-0.0085,False,False,False,2.0378,4.7077,1.9917,-1.9636,-1.5738,0.0069,0.0765,-0.0114,-0.0587,-0.0086,-0.0266,-0.0298,0.1024,-0.3205,0.3420,0.1449,-0.1771,0.4066,0.0007,0.0000,0.0000,0.0000,False,0.0765,-0.0114,-0.0587,-0.0086,-0.0266,-0.0298,-1.5956,grasp,-0.1771,0.4066,0.0007,0.0000,0.0000,0.0000,False,,0.0500,0.0000,False,0.8020,-0.2600,0.0099,1.1846
700,0.0,0.2133,-0.0123,False,False,False,2.0378,4.7077,1.9917,-1.9636,-1.5738,0.0069,0.0765,-0.0114,-0.0587,-0.0086,-0.0266,-0.0298,0.1024,-0.3205,0.3420,0.1449,-0.1771,0.4066,0.0007,0.0000,0.0000,0.0000,False,0.0631,-0.0428,-0.0619,-0.0740,0.0367,-0.0613,0.8134,grasp,-0.1771,0.4066,0.0007,0.0000,0.0000,0.0000,False,,0.0500,0.0000,True,0.8020,-0.2600,0.0099,1.1846
701,0.0,0.2133,-0.0111,False,False,False,2.0378,4.7077,1.9917,-1.9636,-1.5738,0.0069,0.0765,-0.0114,-0.0587,-0.0086,-0.0266,-0.0298,0.1024,-0.3205,0.3420,0.1449,-0.1771,0.4066,0.0007,0.0000,0.0000,0.0000,False,-0.0713,-0.0483,-0.0730,-0.0428,0.0673,0.0486,-1.2738,grasp,-0.1771,0.4066,0.0007,0.0000,0.0000,0.0000,False,,0.0500,0.0000,False,0.8020,-0.2600,0.0099,1.1846
702,0.0,0.2148,-0.0034,False,False,False,2.0392,4.7075,1.9906,-1.9638,-1.5743,0.0064,-0.0000,0.0000,0.0000,0.0000,0.0000,-0.0000,0.1258,-0.3205,0.3420,0.1449,-0.1760,0.4078,0.0001,0.0000,0.0000,0.0000,False,0.0612,0.0674,0.0682,0.0760,-0.0145,0.0531,-1.9898,grasp,-0.1760,0.4078,0.0001,0.0000,0.0000,0.0000,False,,0.0500,0.0000,False,0.8020,-0.2600,0.0099,1.1846
703,0.0,0.2134,-0.0317,False,False,False,2.0410,4.7095,1.9926,-1.9616,-1.5747,0.0079,0.1135,0.1285,0.1316,0.1447,-0.0266,0.1019,0.1298,-0.3211,0.3402,0.1412,-0.1760,0.4078,0.0001,0.0000,0.0000,0.0000,False,-0.0720,0.0500,0.0183,0.0483,0.0566,0.0272,-2.6349,grasp,-0.1760,0.4078,0.0001,0.0000,0.0000,0.0000,False,,0.0500,0.0000,False,0.8020,-0.2600,0.0099,1.1846
704,0.0,0.2134,-0.0123,False,False,False,2.0414,4.7089,1.9919,-1.9610,-1.5743,0.0078,0.0412,-0.0604,-0.0704,0.0615,0.0332,-0.0116,0.1239,-0.3211,0.3402,0.1412,-0.1760,0.4078,0.0001,0.0000,0.0000,0.0000,False,0.0412,-0.0603,-0.0703,0.0615,0.0332,-0.0116,-2.1480,grasp,-0.1760,0.4078,0.0001,0.0000,0.0000,0.0000,False,,0.0500,0.0000,False,0.8020,-0.2600,0.0099,1.1846
705,0.0,0.2145,-0.0188,False,False,False,2.0429,4.7083,1.9910,-1.9604,-1.5743,0.0083,0.0769,0.0583,0.0416,-0.0609,-0.0588,0.0744,0.1638,-0.3220,0.3400,0.1419,-0.1760,0.4078,0.0001,0.0000,0.0000,0.0000,False,0.0777,0.0564,0.0402,-0.0597,-0.0581,0.0741,2.7097,grasp,-0.1760,0.4078,0.0001,0.0000,0.0000,0.0000,False,,0.0500,0.0000,True,0.8020,-0.2600,0.0099,1.1846
706,0.0,0.2145,-0.0180,False,False,False,2.0429,4.7083,1.9910,-1.9604,-1.5743,0.0083,0.0769,0.0583,0.0416,-0.0609,-0.0588,0.0744,0.1638,-0.3220,0.3400,0.1419,-0.1760,0.4078,0.0001,0.0000,0.0000,0.0000,False,0.0351,0.0779,0.0052,0.0041,-0.0647,0.0599,1.6993,grasp,-0.1760,0.4078,0.0001,0.0000,0.0000,0.0000,False,,0.0500,0.0000,True,0.8020,-0.2600,0.0099,1.1846
707,0.0,0.2131,-0.0137,False,False,False,2.0429,4.7083,1.9910,-1.9604,-1.5743,0.0083,0.0769,0.0583,0.0416,-0.0609,-0.0588,0.0744,0.1638,-0.3220,0.3400,0.1419,-0.1774,0.4063,0.0001,0.0000,0.0000,0.0000,False,0.0209,0.0589,-0.0674,-0.0305,0.0232,-0.0558,-1.4963,grasp,-0.1774,0.4063,0.0001,0.0000,0.0000,0.0000,False,,0.0500,0.0000,False,0.8020,-0.2600,0.0099,1.1846
708,0.0,0.2095,-0.0250,False,False,False,2.0427,4.7084,1.9904,-1.9634,-1.5771,0.0110,-0.1103,-0.0669,-0.0948,-0.1190,-0.1101,0.0849,0.2436,-0.3217,0.3412,0.1372,-0.1774,0.4063,0.0001,0.0000,0.0000,0.0000,False,-0.0566,-0.0339,-0.0491,-0.0638,-0.0591,0.0461,0.9217,grasp,-0.1774,0.4063,0.0001,0.0000,0.0000,0.0000,False,,0.0500,0.0000,True,0.8020,-0.2600,0.0099,1.1846
709,0.0,0.2095,-0.0041,False,False,False,2.0411,4.7075,1.9890,-1.9651,-1.5787,0.0123,-0.0000,0.0000,0.0000,0.0000,0.0000,-0.0000,0.2485,-0.3217,0.3412,0.1372,-0.1774,0.4063,0.0001,0.0000,0.0000,0.0000,False,0.0221,0.0522,-0.0645,-0.0299,0.0512,-0.0738,-2.4082,grasp,-0.1774,0.4063,0.0001,0.0000,0.0000,0.0000,False,,0.0500,0.0000,False,0.8020,-0.2600,0.0099,1.1846
710,0.0,0.2095,-0.0137,False,False,False,2.0414,4.7080,1.9883,-1.9654,-1.5781,0.0115,0.0237,0.0532,-0.0627,-0.0282,0.0528,-0.0750,0.2330,-0.3217,0.3412,0.1372,-0.1774,0.4063,0.0001,0.0000,0.0000,0.0000,False,0.0025,0.0183,-0.0064,0.0622,0.0127,-0.0473,-1.0363,grasp,-0.1774,0.4063,0.0001,0.0000,0.0000,0.0000,False,,0.0500,0.0000,False,0.8020,-0.2600,0.0099,1.1846
711,0.0,0.2108,-0.0041,False,False,False,2.0418,4.7090,1.9871,-1.9659,-1.5771,0.0101,0.0000,0.0000,0.0000,0.0000,0.0000,-0.0000,0.2439,-0.3224,0.3434,0.1395,-0.1774,0.4063,0.0001,0.0000,0.0000,0.0000,False,-0.0764,-0.0555,-0.0735,0.0591,0.0532,-0.0163,2.3188,grasp,-0.1774,0.4063,0.0001,0.0000,0.0000,0.0000,False,,0.0500,0.0000,True,0.8020,-0.2600,0.0099,1.1846
712,0.0,0.2108,-0.0018,False,False,False,2.0418,4.7090,1.9871,-1.9659,-1.5771,0.0101,0.0000,0.0000,0.0000,0.0000,0.0000,-0.0000,0.2439,-0.3224,0.3434,0.1395,-0.1774,0.4063,0.0001,0.0000,0.0000,0.0000,False,0.0639,-0.0355,0.0753,0.0448,0.0304,-0.0311,2.1471,grasp,-0.1774,0.4063,0.0001,0.0000,0.0000,0.0000,False,,0.0500,0.0000,True,0.8020,-0.2600,0.0099,1.1846
713,0.0,0.2114,-0.0025,False,False,False,2.0418,4.7090,1.9871,-1.9659,-1.5771,0.0101,0.0000,0.0000,0.0000,0.0000,0.0000,-0.0000,0.2439,-0.3224,0.3434,0.1395,-0.1767,0.4113,0.0023,0.0000,0.0000,0.0000,False,0.0236,-0.0702,0.0629,0.0218,-0.0143,-0.0784,-2.6978,grasp,-0.1767,0.4113,0.0023,0.0000,0.0000,0.0000,False,,0.0500,0.0000,False,0.8020,-0.2600,0.0099,1.1846
714,0.0,0.2113,-0.0169,False,False,False,2.0417,4.7092,1.9861,-1.9660,-1.5770,0.0092,0.0600,0.0793,-0.0305,-0.0680,-0.0422,-0.0691,0.2347,-0.3226,0.3439,0.1394,-0.1767,0.4113,0.0023,0.0000,0.0000,0.0000,False,0.0600,0.0793,-0.0305,-0.0680,-0.0422,-0.0691,-1.7217,grasp,-0.1767,0.4113,0.0023,0.0000,0.0000,0.0000,False,,0.0500,0.0000,False,0.8020,-0.2600,0.0099,1.1846
715,0.0,0.2113,-0.0129,False,False,False,2.0422,4.7103,1.9855,-1.9665,-1.5781,0.0079,-0.0628,-0.0439,0.0009,0.0792,-0.0319,-0.0040,0.2467,-0.3226,0.3439,0.1394,-0.1767,0.4113,0.0023,0.0000,0.0000,0.0000,False,-0.0617,-0.0421,0.0003,0.0779,-0.0328,-0.0053,-0.6192,grasp,-0.1767,0.4113,0.0023,0.0000,0.0000,0.0000,False,,0.0500,0.0000,False,0.8020,-0.2600,0.0099,1.1846
716,0.0,0.2096,-0.0123,False,False,False,2.0409,4.7089,1.9855,-1.9657,-1.5786,0.0071,-0.0047,-0.0644,-0.0078,-0.0707,0.0199,-0.0731,0.2942,-0.3219,0.3442,0.1377,-0.1767,0.4113,0.0023,0.0000,0.0000,0.0000,False,-0.0059,-0.0652,-0.0077,-0.0692,0.0193,-0.0731,1.4845,grasp,-0.1767,0.4113,0.0023,0.0000,0.0000,0.0000,False,,0.0500,0.0000,True,0.8020,-0.2600,0.0099,1.1846
717,0.0,0.2096,-0.0106,False,False,False,2.0409,4.7089,1.9855,-1.9657,-1.5786,0.0071,-0.0047,-0.0644,-0.0078,-0.0707,0.0199,-0.0731,0.2942,-0.3219,0.3442,0.1377,-0.1767,0.4113,0.0023,0.0000,0.0000,0.0000,False,-0.0254,-0.0099,-0.0464,-0.0536,-0.0103,-0.0765,-2.4930,grasp,-0.1767,0.4113,0.0023,0.0000,0.0000,0.0000,False,,0.0500,0.0000,False,0.8020,-0.2600,0.0099,1.1846
718,0.0,0.2096,-0.0130,False,False,False,2.0409,4.7089,1.9855,-1.9657,-1.5786,0.0071,-0.0047,-0.0644,-0.0078,-0.0707,0.0199,-0.0731,0.2942,-0.3219,0.3442,0.1377,-0.1767,0.4113,0.0023,0.0000,0.0000,0.0000,False,-0.0039,0.0596,0.0648,0.0149,0.0653,-0.0238,2.1772,grasp,-0.1767,0.4113,0.0023,0.0000,0.0000,0.0000,False,,0.0500,0.0000,True,0.8020,-0.2600,0.0099,1.1846
719,0.0,0.2136,-0.0058,False,False,False,2.0408,4.7076,1.9853,-1.9670,-1.5782,0.0057,0.0000,0.0000,0.0000,0.0000,0.0000,-0.0000,0.3336,-0.3219,0.3442,0.1377,-0.1733,0.4132,0.0006,0.0000,0.0000,0.0000,False,0.0490,-0.0372,-0.0172,0.0587,0.0372,-0.0644,1.6942,grasp,-0.1733,0.4132,0.0006,0.0000,0.0000,0.0000,False,,0.0500,0.0000,True,0.8020,-0.2600,0.0099,1.1846
720,0.0,0.2136,-0.0145,False,False,False,2.0413,4.7072,1.9852,-1.9664,-1.5778,0.0050,0.0491,-0.0356,-0.0170,0.0601,0.0368,-0.0630,0.3536,-0.3219,0.3442,0.1377,-0.1733,0.4132,0.0006,0.0000,0.0000,0.0000,False,-0.0598,-0.0062,-0.0368,0.0305,0.0248,0.0465,-2.6192,grasp,-0.1733,0.4132,0.0006,0.0000,0.0000,0.0000,False,,0.0500,0.0000,False,0.8020,-0.2600,0.0099,1.1846
721,0.0,0.2132,-0.0297,False,False,False,2.0431,4.7085,1.9833,-1.9641,-1.5748,0.0051,0.0545,0.1256,-0.1021,0.0799,0.1499,0.0789,0.4335,-0.3229,0.3440,0.1357,-0.1733,0.4132,0.0006,0.0000,0.0000,0.0000,False,0.0296,0.0654,-0.0541,0.0432,0.0796,0.0403,0.7335,grasp,-0.1733,0.4132,0.0006,0.0000,0.0000,0.0000,False,,0.0500,0.0000,False,0.8020,-0.2600,0.0099,1.1846
722,0.0,0.2131,-0.0179,False,False,False,2.0446,4.7097,1.9811,-1.9636,-1.5730,0.0065,0.0778,-0.0615,-0.0747,-0.0646,-0.0289,0.0301,0.4319,-0.3249,0.3434,0.1331,-0.1733,0.4132,0.0006,0.0000,0.0000,0.0000,False,0.0786,-0.0591,-0.0762,-0.0635,-0.0268,0.0312,-0.5905,grasp,-0.1733,0.4132,0.0006,0.0000,0.0000,0.0000,False,,0.0500,0.0000,False,0.8020,-0.2600,0.0099,1.1846
723,0.0,0.2131,-0.0160,False,False,False,2.0446,4.7097,1.9811,-1.9636,-1.5730,0.0065,0.0778,-0.0615,-0.0747,-0.0646,-0.0289,0.0301,0.4319,-0.3249,0.3434,0.1331,-0.1733,0.4132,0.0006,0.0000,0.0000,0.0000,False,-0.0516,-0.0524,-0.0520,-0.0677,0.0323,0.0390,-0.1715,grasp,-0.1733,0.4132,0.0006,0.0000,0.0000,0.0000,False,,0.0500,0.0000,False,0.8020,-0.2600,0.0099,1.1846
724,0.0,0.2131,-0.0188,False,False,False,2.0446,4.7097,1.9811,-1.9636,-1.5730,0.0065,0.0778,-0.0615,-0.0747,-0.0646,-0.0289,0.0301,0.4319,-0.3249,0.3434,0.1331,-0.1733,0.4132,0.0006,0.0000,0.0000,0.0000,False,-0.0637,-0.0573,-0.0332,0.0352,0.0502,0.0727,-1.9299,grasp,-0.1733,0.4132,0.0006,0.0000,0.0000,0.0000,False,,0.0500,0.0000,False,0.8020,-0.2600,0.0099,1.1846
725,0.0,0.2122,-5.0017,True,False,False,2.0467,4.7084,1.9791,-1.9649,-1.5740,0.0077,0.0605,-0.0057,-0.0545,-0.0090,-0.0482,0.0615,0.3812,-0.3249,0.3434,0.1331,-0.1755,0.4134,-0.0004,0.0000,0.0000,0.0000,False,0.0620,-0.0079,-0.0559,-0.0102,-0.0487,0.0621,-2.3672,grasp,-0.1755,0.4134,-0.0004,0.0000,0.0000,0.0000,False,,0.0500,0.0000,False,0.8020,-0.2600,0.0099,1.1846
726,0.0,0.2358,-5.0078,True,False,False,2.0604,4.7032,1.9683,-1.9692,-1.5854,0.0213,-0.0265,-0.0116,0.0296,-0.0049,0.0188,-0.0277,0.0056,-0.3313,0.3467,0.1633,-0.1790,0.4199,-0.0012,0.0000,0.0000,0.0000,False,-0.0706,0.0744,-0.0781,-0.0004,-0.0195,0.0227,1.0056,grasp,-0.1790,0.4199,-0.0012,0.0000,0.0000,0.0000,False,,0.0500,0.0000,True,0.8020,-0.2600,0.0277,1.1940
727,0.0,0.2404,-5.0075,True,False,False,2.0427,4.7112,1.9645,-1.9706,-1.5833,0.0173,-0.0041,-0.0259,0.0404,-0.0037,0.0188,-0.0264,0.0015,-0.3264,0.3539,0.1617,-0.1663,0.4293,-0.0011,0.0000,0.0000,0.0000,False,0.0492,-0.0480,-0.0100,-0.0478,-0.0223,-0.0406,-0.7689,grasp,-0.1663,0.4293,-0.0011,0.0000,0.0000,0.0000,False,,0.0500,0.0000,False,0.8020,-0.2600,0.0099,1.1886
728,0.0,0.2325,-5.0034,True,False,False,2.0435,4.7033,1.9737,-1.9732,-1.5797,0.0096,-0.0054,-0.0142,0.0268,0.0003,0.0134,-0.0149,0.0007,-0.3261,0.3503,0.1614,-0.1761,0.4227,-0.0009,0.0000,0.0000,0.0000,False,-0.0510,0.0707,-0.0154,0.0427,-0.0742,-0.0643,1.7363,grasp,-0.1761,0.4227,-0.0009,0.0000,0.0000,0.0000,False,,0.0500,0.0000,True,0.8020,-0.2600,0.0099,1.1928
729,0.0,0.2294,-5.0030,True,False,False,2.0404,4.7027,1.9792,-1.9716,-1.5793,0.0039,-0.0006,-0.0130,0.0180,-0.0022,0.0127,-0.0059,0.0001,-0.3239,0.3491,0.1591,-0.1752,0.4200,-0.0005,0.0000,0.0000,0.0000,False,-0.0129,-0.0671,-0.0396,0.0408,-0.0747,0.0628,-1.7372,grasp,-0.1752,0.4200,-0.0005,0.0000,0.0000,0.0000,False,,0.0500,0.0000,False,0.8020,-0.2600,0.0099,1.1905
730,0.0,0.2308,-5.0036,True,False,False,2.0398,4.6972,1.9820,-1.9706,-1.5790,0.0047,0.0003,-0.0047,0.0139,-0.0037,0.0124,-0.0074,0.0000,-0.3230,0.3479,0.1602,-0.1735,0.4188,-0.0007,0.0000,0.0000,0.0000,False,0.0148,0.0463,0.0634,-0.0269,0.0422,0.0561,-2.2648,grasp,-0.1735,0.4188,-0.0007,0.0000,0.0000,0.0000,False,,0.0500,0.0000,False,0.8020,-0.2600,0.0099,1.1885
731,0.0,0.2261,-5.0047,True,False,False,2.0404,4.6979,1.9875,-1.9724,-1.5747,0.0051,-0.0006,-0.0056,0.0054,-0.0009,0.0056,-0.0078,0.0001,-0.3235,0.3453,0.1575,-0.1771,0.4149,-0.0001,0.0000,0.0000,0.0000,False,-0.0259,0.0580,0.0108,0.0201,-0.0105,-0.0396,0.8157,grasp,-0.1771,0.4149,-0.0001,0.0000,0.0000,0.0000,False,,0.0500,0.0000,True,0.8020,-0.2600,0.0099,1.1892
732,0.0,0.2243,-0.0026,False,False,False,2.0393,4.6986,1.9891,-1.9719,-1.5737,0.0019,0.0010,-0.0069,0.0029,-0.0017,0.0042,-0.0029,0.0001,-0.3229,0.3448,0.1562,-0.1776,0.4140,0.0001,0.0000,0.0000,0.0000,False,-0.0073,0.0404,0.0479,0.0547,0.0025,-0.0010,-0.6156,grasp,-0.1776,0.4140,0.0001,0.0000,0.0000,0.0000,False,,0.0500,0.0000,False,0.8020,-0.2600,0.0099,1.1891
733,0.0,0.2226,-0.0065,False,False,False,2.0390,4.6993,1.9886,-1.9719,-1.5738,0.0021,-0.0361,0.0670,-0.0490,-0.0011,-0.0073,0.0228,0.0601,-0.3230,0.3447,0.1538,-0.1776,0.4140,0.0001,0.0000,0.0000,0.0000,False,-0.0361,0.0670,-0.0490,-0.0011,-0.0073,0.0228,1.9000,grasp,-0.1776,0.4140,0.0001,0.0000,0.0000,0.0000,False,,0.0500,0.0000,True,0.8020,-0.2600,0.0099,1.1891
734,0.0,0.2226,-0.0089,False,False,False,2.0390,4.6993,1.9886,-1.9719,-1.5738,0.0021,-0.0361,0.0670,-0.0490,-0.0011,-0.0073,0.0228,0.0601,-0.3230,0.3447,0.1538,-0.1776,0.4140,0.0001,0.0000,0.0000,0.0000,False,0.0332,0.0182,-0.0392,-0.0627,0.0632,-0.0647,-0.6632,grasp,-0.1776,0.4140,0.0001,0.0000,0.0000,0.0000,False,,0.0500,0.0000,False,0.8020,-0.2600,0.0099,1.1891
735,0.0,0.2226,-0.0099,False,False,False,2.0390,4.6993,1.9886,-1.9719,-1.5738,0.0021,-0.0361,0.0670,-0.0490,-0.0011,-0.0073,0.0228,0.0601,-0.3230,0.3447,0.1538,-0.1777,0.4140,0.0000,0.0000,0.0000,0.0000,False,0.0370,0.0491,-0.0026,0.0205,-0.0532,-0.0458,2.6823,grasp,-0.1777,0.4140,0.0000,0.0000,0.0000,0.0000,False,,0.0500,0.0000,True,0.8020,-0.2600,0.0099,1.1891
736,0.0,0.2226,-0.0153,False,False,False,2.0385,4.7009,1.9881,-1.9712,-1.5746,0.0018,0.0246,0.0290,0.0378,0.0752,-0.0697,-0.0692,0.1193,-0.3230,0.3447,0.1538,-0.1777,0.4140,0.0000,0.0000,0.0000,0.0000,False,0.0239,0.0307,0.0369,0.0752,-0.0699,-0.0688,1.0963,grasp,-0.1777,0.4140,0.0000,0.0000,0.0000,0.0000,False,,0.0500,0.0000,True,0.8020,-0.2600,0.0099,1.1891
737,0.0,0.2172,-0.0024,False,False,False,2.0389,4.7017,1.9884,-1.9698,-1.5763,0.0010,-0.0091,0.0227,-0.0409,-0.0005,-0.0341,0.0445,0.1788,-0.3220,0.3447,0.1468,-0.1777,0.4140,0.0000,0.0000,0.0000,0.0000,False,-0.0086,0.0233,-0.0402,0.0009,-0.0354,0.0432,-1.1777,grasp,-0.1777,0.4140,0.0000,0.0000,0.0000,0.0000,False,,0.0500,0.0000,False,0.8020,-0.2600,0.0099,1.1891
738,0.0,0.2172,-0.0161,False,False,False,2.0387,4.7021,1.9876,-1.9698,-1.5769,0.0018,-0.0173,0.0432,-0.0777,-0.0009,-0.0648,0.0846,0.1988,-0.3220,0.3447,0.1468,-0.1777,0.4140,0.0000,0.0000,0.0000,0.0000,False,0.0022,0.0346,-0.0303,-0.0719,0.0437,0.0058,-0.7660,grasp,-0.1777,0.4140,0.0000,0.0000,0.0000,0.0000,False,,0.0500,0.0000,False,0.8020,-0.2600,0.0099,1.1891
739,0.0,0.2145,-0.0140,False,False,False,2.0388,4.7031,1.9868,-1.9719,-1.5757,0.0020,0.0045,0.0649,-0.0560,-0.1367,0.0842,0.0094,0.2274,-0.3222,0.3455,0.1430,-0.1777,0.4140,0.0000,0.0000,0.0000,0.0000,False,0.0308,0.0526,-0.0475,-0.0667,0.0541,-0.0603,-1.2312,grasp,-0.1777,0.4140,0.0000,0.0000,0.0000,0.0000,False,,0.0500,0.0000,False,0.8020,-0.2600,0.0099,1.1891
740,0.0,0.2145,-0.0183,False,False,False,2.0388,4.7031,1.9868,-1.9719,-1.5757,0.0020,0.0045,0.0649,-0.0560,-0.1367,0.0842,0.0094,0.2274,-0.3222,0.3455,0.1430,-0.1777,0.4140,0.0000,0.0000,0.0000,0.0000,False,0.0428,-0.0407,-0.0474,0.0526,-0.0120,0.0103,-0.4327,grasp,-0.1777,0.4140,0.0000,0.0000,0.0000,0.0000,False,,0.0500,0.0000,False,0.8020,-0.2600,0.0099,1.1891
741,0.0,0.2181,-5.0228,True,False,False,2.0388,4.7031,1.9868,-1.9719,-1.5757,0.0020,0.0045,0.0649,-0.0560,-0.1367,0.0842,0.0094,0.2274,-0.3222,0.3455,0.1430,-0.1738,0.4157,-0.0006,0.0000,0.0000,0.0000,False,-0.0717,0.0444,0.0019,-0.0377,0.0398,-0.0601,2.3956,grasp,-0.1738,0.4157,-0.0006,0.0000,0.0000,0.0000,False,,0.0500,0.0000,True,0.8020,-0.2600,0.0099,1.1891
742,0.0,0.2167,-0.0052,False,False,False,2.0214,4.7115,1.9885,-1.9815,-1.5645,-0.0135,0.0258,-0.0240,0.0035,0.0118,-0.0091,0.0187,0.0013,-0.3202,0.3520,0.1515,-0.1803,0.4204,0.0009,0.0000,0.0000,0.0000,False,0.0556,-0.0066,0.0649,-0.0327,0.0164,-0.0654,-0.4434,grasp,-0.1803,0.4204,0.0009,0.0000,0.0000,0.0000,False,,0.0500,0.0000,False,0.8020,-0.2600,0.0099,1.1949
743,0.0,0.2167,-0.0040,False,False,False,2.0214,4.7115,1.9885,-1.9815,-1.5645,-0.0135,0.0258,-0.0240,0.0035,0.0118,-0.0091,0.0187,0.0013,-0.3202,0.3520,0.1515,-0.1803,0.4204,0.0009,0.0000,0.0000,0.0000,False,0.0404,0.0736,-0.0756,0.0584,-0.0502,0.0366,-0.5457,grasp,-0.1803,0.4204,0.0009,0.0000,0.0000,0.0000,False,,0.0500,0.0000,False,0.8020,-0.2600,0.0099,1.1949
744,0.0,0.2167,-0.0018,False,False,False,2.0214,4.7115,1.9885,-1.9815,-1.5645,-0.0135,0.0000,0.0000,0.0000,0.0000,-0.0000,0.0000,0.0413,-0.3202,0.3520,0.1515,-0.1803,0.4204,0.0009,0.0000,0.0000,0.0000,False,0.0737,-0.0083,0.0333,0.0073,-0.0211,-0.0095,0.8116,grasp,-0.1803,0.4204,0.0009,0.0000,0.0000,0.0000,False,,0.0500,0.0000,True,0.8020,-0.2600,0.0099,1.1949
745,0.0,0.2165,-0.0024,False,False,False,2.0214,4.7115,1.9885,-1.9815,-1.5645,-0.0135,0.0000,0.0000,0.0000,0.0000,-0.0000,0.0000,0.0413,-0.3202,0.3520,0.1515,-0.1802,0.4196,0.0010,0.0000,0.0000,0.0000,False,-0.0585,0.0344,-0.0601,-0.0602,-0.0370,0.0561,2.5957,grasp,-0.1802,0.4196,0.0010,0.0000,0.0000,0.0000,False,,0.0500,0.0000,True,0.8020,-0.2600,0.0099,1.1949
746,0.0,0.2134,-0.0224,False,False,False,2.0204,4.7101,1.9893,-1.9795,-1.5657,-0.0147,-0.1200,-0.0873,0.0304,0.1296,-0.0684,-0.0742,0.0767,-0.3204,0.3515,0.1466,-0.1802,0.4196,0.0010,0.0000,0.0000,0.0000,False,-0.0624,-0.0460,0.0163,0.0683,-0.0362,-0.0391,-2.7717,grasp,-0.1802,0.4196,0.0010,0.0000,0.0000,0.0000,False,,0.0500,0.0000,False,0.8020,-0.2600,0.0099,1.1949
747,0.0,0.2102,-0.0179,False,False,False,2.0179,4.7096,1.9903,-1.9769,-1.5660,-0.0159,-0.0765,0.0791,0.0613,0.0715,0.0717,-0.0130,0.1131,-0.3178,0.3513,0.1445,-0.1802,0.4196,0.0010,0.0000,0.0000,0.0000,False,-0.0782,0.0778,0.0618,0.0733,0.0707,-0.0140,1.6116,grasp,-0.1802,0.4196,0.0010,0.0000,0.0000,0.0000,False,,0.0500,0.0000,True,0.8020,-0.2600,0.0099,1.1949
748,0.0,0.2102,-0.0361,False,False,False,2.0164,4.7111,1.9915,-1.9755,-1.5646,-0.0161,-0.1453,0.1505,0.1165,0.1358,0.1362,-0.0247,0.1326,-0.3178,0.3513,0.1445,-0.1802,0.4196,0.0010,0.0000,0.0000,0.0000,False,0.0357,0.0266,0.0583,0.0655,-0.0372,0.0675,-2.9116,grasp,-0.1802,0.4196,0.0010,0.0000,0.0000,0.0000,False,,0.0500,0.0000,False,0.8020,-0.2600,0.0099,1.1949
749,0.0,0.2102,-0.0341,False,False,False,2.0164,4.7111,1.9915,-1.9755,-1.5646,-0.0161,-0.1453,0.1505,0.1165,0.1358,0.1362,-0.0247,0.1326,-0.3178,0.3513,0.1445,-0.1802,0.4196,0.0010,0.0000,0.0000,0.0000,False,0.0429,0.0747,0.0424,0.0295,0.0102,0.0696,2.7295,grasp,-0.1802,0.4196,0.0010,0.0000,0.0000,0.0000,False,,0.0500,0.0000,True,0.8020,-0.2600,0.0099,1.1949
750,0.0,0.2102,-0.0025,False,False,False,2.0164,4.7113,1.9915,-1.9755,-1.5646,-0.0161,0.0000,0.0000,0.0000,0.0000,-0.0000,0.0000,0.1726,-0.3178,0.3513,0.1445,-0.1802,0.4196,0.0010,0.0000,0.0000,0.0000,False,0.0578,0.0364,0.0438,0.0616,-0.0684,0.0141,1.5124,grasp,-0.1802,0.4196,0.0010,0.0000,0.0000,0.0000,False,,0.0500,0.0000,True,0.8020,-0.2600,0.0099,1.1949
751,0.0,0.2094,-5.0020,True,False,False,2.0164,4.7113,1.9915,-1.9755,-1.5646,-0.0161,0.0000,0.0000,0.0000,0.0000,-0.0000,0.0000,0.2126,-0.3172,0.3506,0.1379,-0.1753,0.4189,-0.0001,0.0000,0.0000,0.0000,False,0.0774,-0.0466,-0.0003,0.0742,-0.0570,0.0389,2.2940,grasp,-0.1753,0.4189,-0.0001,0.0000,0.0000,0.0000,False,,0.0500,0.0000,True,0.8020,-0.2600,0.0099,1.1949
752,0.0,0.2230,-0.0031,False,False,False,2.0364,4.6981,1.9913,-1.9640,-1.5752,-0.0044,0.0057,-0.0063,-0.0004,-0.0145,0.0067,0.0071,0.0008,-0.3202,0.3431,0.1547,-0.1746,0.4112,0.0002,0.0000,0.0000,0.0000,False,-0.0750,-0.0640,-0.0285,0.0662,0.0458,-0.0404,-1.7955,grasp,-0.1746,0.4112,0.0002,0.0000,0.0000,0.0000,False,,0.0500,0.0000,False,0.8020,-0.2600,0.0099,1.1850
753,0.0,0.2230,-0.0023,False,False,False,2.0364,4.6981,1.9913,-1.9640,-1.5752,-0.0044,0.0000,0.0000,0.0000,0.0000,0.0000,-0.0000,0.0179,-0.3202,0.3431,0.1547,-0.1746,0.4112,0.0002,0.0000,0.0000,0.0000,False,0.0468,-0.0494,0.0231,0.0138,0.0750,0.0123,-1.3648,grasp,-0.1746,0.4112,0.0002,0.0000,0.0000,0.0000,False,,0.0500,0.0000,False,0.8020,-0.2600,0.0099,1.1850
754,0.0,0.2230,-0.0031,False,False,False,2.0364,4.6981,1.9913,-1.9640,-1.5752,-0.0044,0.0000,0.0000,0.0000,0.0000,0.0000,-0.0000,0.0579,-0.3202,0.3431,0.1547,-0.1746,0.4112,0.0002,0.0000,0.0000,0.0000,False,0.0783,-0.0528,-0.0133,0.0334,0.0091,0.0047,-1.7812,grasp,-0.1746,0.4112,0.0002,0.0000,0.0000,0.0000,False,,0.0500,0.0000,False,0.8020,-0.2600,0.0099,1.1850
755,0.0,0.2227,-0.0020,False,False,False,2.0364,4.6981,1.9913,-1.9640,-1.5752,-0.0044,0.0000,0.0000,0.0000,0.0000,0.0000,-0.0000,0.0579,-0.3202,0.3431,0.1547,-0.1752,0.4115,0.0002,0.0000,0.0000,0.0000,False,0.0319,0.0495,-0.0421,0.0110,-0.0135,-0.0358,2.2274,grasp,-0.1752,0.4115,0.0002,0.0000,0.0000,0.0000,False,,0.0500,0.0000,True,0.8020,-0.2600,0.0099,1.1850
756,0.0,0.2191,-0.0097,False,False,False,2.0373,4.6982,1.9919,-1.9637,-1.5745,-0.0047,0.0073,0.0588,0.0723,-0.0035,0.0620,-0.0276,0.1017,-0.3204,0.3427,0.1491,-0.1752,0.4115,0.0002,0.0000,0.0000,0.0000,False,0.0080,0.0582,0.0721,-0.0032,0.0621,-0.0276,-2.1492,grasp,-0.1752,0.4115,0.0002,0.0000,0.0000,0.0000,False,,0.0500,0.0000,False,0.8020,-0.2600,0.0099,1.1850
757,0.0,0.2191,-0.0024,False,False,False,2.0375,4.7002,1.9929,-1.9643,-1.5730,-0.0050,0.0020,0.0763,-0.0365,-0.0566,0.0311,0.0167,0.1442,-0.3204,0.3427,0.1491,-0.1752,0.4115,0.0002,0.0000,0.0000,0.0000,False,0.0021,0.0782,-0.0349,-0.0566,0.0322,0.0161,2.7912,grasp,-0.1752,0.4115,0.0002,0.0000,0.0000,0.0000,False,,0.0500,0.0000,True,0.8020,-0.2600,0.0099,1.1850
758,0.0,0.2191,-0.0108,False,False,False,2.0375,4.7002,1.9929,-1.9643,-1.5730,-0.0050,0.0020,0.0763,-0.0365,-0.0566,0.0311,0.0167,0.1442,-0.3204,0.3427,0.1491,-0.1752,0.4115,0.0002,0.0000,0.0000,0.0000,False,0.0765,0.0147,-0.0210,-0.0478,0.0647,-0.0402,1.8681,grasp,-0.1752,0.4115,0.0002,0.0000,0.0000,0.0000,False,,0.0500,0.0000,True,0.8020,-0.2600,0.0099,1.1850
759,0.0,0.2159,0.0001,False,False,False,2.0375,4.7017,1.9922,-1.9654,-1.5724,-0.0047,0.0000,0.0000,0.0000,0.0000,0.0000,-0.0000,0.1837,-0.3212,0.3422,0.1434,-0.1752,0.4115,0.0002,0.0000,0.0000,0.0000,False,-0.0119,0.0139,-0.0459,0.0237,0.0443,-0.0640,-0.2534,grasp,-0.1752,0.4115,0.0002,0.0000,0.0000,0.0000,False,,0.0500,0.0000,False,0.8020,-0.2600,0.0099,1.1850
760,0.0,0.2159,-0.0036,False,False,False,2.0375,4.7017,1.9922,-1.9654,-1.5724,-0.0047,0.0000,0.0000,0.0000,0.0000,0.0000,-0.0000,0.2237,-0.3212,0.3422,0.1434,-0.1752,0.4115,0.0002,0.0000,0.0000,0.0000,False,0.0450,0.0206,-0.0677,0.0261,0.0116,-0.0671,-0.4694,grasp,-0.1752,0.4115,0.0002,0.0000,0.0000,0.0000,False,,0.0500,0.0000,False,0.8020,-0.2600,0.0099,1.1850
761,0.0,0.2186,-5.0055,True,False,False,2.0375,4.7017,1.9922,-1.9654,-1.5724,-0.0047,0.0000,0.0000,0.0000,0.0000,0.0000,-0.0000,0.2237,-0.3212,0.3422,0.1434,-0.1738,0.4117,-0.0024,0.0000,0.0000,0.0000,False,-0.0043,0.0294,0.0431,-0.0763,-0.0185,0.0634,-1.6840,grasp,-0.1738,0.4117,-0.0024,0.0000,0.0000,0.0000,False,,0.0500,0.0000,False,0.8020,-0.2600,0.0099,1.1850
762,0.0,0.2185,-0.0027,False,False,False,2.0381,4.7025,1.9955,-1.9746,-1.5737,0.0022,0.0000,0.0000,0.0000,0.0000,0.0000,-0.0000,0.0022,-0.3215,0.3433,0.1515,-0.1787,0.4108,0.0005,0.0000,0.0000,0.0000,False,0.0485,-0.0268,0.0469,-0.0501,-0.0059,-0.0625,-0.9672,grasp,-0.1787,0.4108,0.0005,0.0000,0.0000,0.0000,False,,0.0500,0.0000,False,0.8020,-0.2600,0.0228,1.1884
763,0.0,0.2180,-0.0017,False,False,False,2.0386,4.7022,1.9960,-1.9751,-1.5737,0.0016,0.0000,0.0000,0.0000,0.0000,0.0000,-0.0000,0.0422,-0.3217,0.3431,0.1504,-0.1787,0.4108,0.0005,0.0000,0.0000,0.0000,False,-0.0407,0.0746,-0.0111,0.0382,0.0750,-0.0580,-2.6198,grasp,-0.1787,0.4108,0.0005,0.0000,0.0000,0.0000,False,,0.0500,0.0000,False,0.8020,-0.2600,0.0228,1.1884
764,0.0,0.2180,-0.0148,False,False,False,2.0381,4.7030,1.9959,-1.9747,-1.5730,0.0010,-0.0412,0.0749,-0.0115,0.0387,0.0751,-0.0574,0.0463,-0.3217,0.3431,0.1504,-0.1787,0.4108,0.0005,0.0000,0.0000,0.0000,False,0.0496,-0.0523,-0.0459,-0.0102,-0.0376,0.0295,2.6304,grasp,-0.1787,0.4108,0.0005,0.0000,0.0000,0.0000,False,,0.0500,0.0000,True,0.8020,-0.2600,0.0228,1.1884
765,0.0,0.2181,-0.0171,False,False,False,2.0381,4.7030,1.9959,-1.9747,-1.5730,0.0010,-0.0412,0.0749,-0.0115,0.0387,0.0751,-0.0574,0.0463,-0.3217,0.3431,0.1504,-0.1788,0.4111,0.0004,0.0000,0.0000,0.0000,False,-0.0185,-0.0536,0.0639,-0.0528,-0.0636,-0.0086,-0.0257,grasp,-0.1788,0.4111,0.0004,0.0000,0.0000,0.0000,False,,0.0500,0.0000,False,0.8020,-0.2600,0.0228,1.1884
766,0.0,0.2181,-0.0033,False,False,False,2.0381,4.7030,1.9959,-1.9747,-1.5730,0.0010,0.0000,0.0000,0.0000,0.0000,0.0000,-0.0000,0.0863,-0.3217,0.3431,0.1504,-0.1788,0.4111,0.0004,0.0000,0.0000,0.0000,False,-0.0345,-0.0523,0.0138,0.0485,-0.0595,-0.0202,-0.2193,grasp,-0.1788,0.4111,0.0004,0.0000,0.0000,0.0000,False,,0.0500,0.0000,False,0.8020,-0.2600,0.0228,1.1884
767,0.0,0.2143,-0.0164,False,False,False,2.0371,4.7014,1.9963,-1.9733,-1.5747,0.0004,-0.0656,-0.0993,0.0263,0.0922,-0.1131,-0.0384,0.1263,-0.3214,0.3430,0.1452,-0.1788,0.4111,0.0004,0.0000,0.0000,0.0000,False,0.0708,0.0159,0.0645,-0.0058,0.0136,0.0010,1.1544,grasp,-0.1788,0.4111,0.0004,0.0000,0.0000,0.0000,False,,0.0500,0.0000,True,0.8020,-0.2600,0.0228,1.1884
768,0.0,0.2143,-0.0139,False,False,False,2.0366,4.6996,1.9967,-1.9715,-1.5755,-0.0003,0.0403,-0.0395,0.0089,0.0516,0.0794,-0.0175,0.1601,-0.3214,0.3430,0.1452,-0.1788,0.4111,0.0004,0.0000,0.0000,0.0000,False,0.0393,-0.0410,0.0093,0.0529,0.0778,-0.0180,-2.5387,grasp,-0.1788,0.4111,0.0004,0.0000,0.0000,0.0000,False,,0.0500,0.0000,False,0.8020,-0.2600,0.0228,1.1884
769,0.0,0.2129,-0.0014,False,False,False,2.0374,4.6989,1.9969,-1.9705,-1.5740,-0.0007,0.0000,0.0000,0.0000,0.0000,0.0000,-0.0000,0.1718,-0.3205,0.3420,0.1436,-0.1788,0.4111,0.0004,0.0000,0.0000,0.0000,False,0.0462,0.0031,-0.0409,-0.0057,0.0564,-0.0290,1.5373,grasp,-0.1788,0.4111,0.0004,0.0000,0.0000,0.0000,False,,0.0500,0.0000,True,0.8020,-0.2600,0.0228,1.1884
770,0.0,0.2129,-0.0102,False,False,False,2.0378,4.6989,1.9965,-1.9705,-1.5735,-0.0009,0.0454,0.0038,-0.0411,-0.0067,0.0549,-0.0287,0.1918,-0.3205,0.3420,0.1436,-0.1788,0.4111,0.0004,0.0000,0.0000,0.0000,False,-0.0114,0.0734,-0.0066,0.0633,-0.0227,0.0728,2.9256,grasp,-0.1788,0.4111,0.0004,0.0000,0.0000,0.0000,False,,0.0500,0.0000,True,0.8020,-0.2600,0.0228,1.1884
771,0.0,0.2145,-0.0116,False,False,False,2.0378,4.6989,1.9965,-1.9705,-1.5735,-0.0009,0.0454,0.0038,-0.0411,-0.0067,0.0549,-0.0287,0.1918,-0.3205,0.3420,0.1436,-0.1760,0.4105,0.0006,0.0000,0.0000,0.0000,False,0.0698,-0.0311,0.0336,0.0134,-0.0595,-0.0047,0.2673,grasp,-0.1760,0.4105,0.0006,0.0000,0.0000,0.0000,False,,0.0500,0.0000,True,0.8020,-0.2600,0.0228,1.1884
772,0.0,0.2115,-0.0092,False,False,False,2.0371,4.6994,1.9961,-1.9703,-1.5734,-0.0014,-0.0740,0.0464,-0.0342,0.0219,0.0088,-0.0417,0.2516,-0.3206,0.3422,0.1389,-0.1760,0.4105,0.0006,0.0000,0.0000,0.0000,False,-0.0740,0.0464,-0.0342,0.0219,0.0088,-0.0417,-1.9983,grasp,-0.1760,0.4105,0.0006,0.0000,0.0000,0.0000,False,,0.0500,0.0000,False,0.8020,-0.2600,0.0228,1.1884
773,0.0,0.2115,-0.0212,False,False,False,2.0357,4.7003,1.9955,-1.9699,-1.5732,-0.0021,-0.1406,0.0881,-0.0650,0.0415,0.0168,-0.0793,0.2716,-0.3206,0.3422,0.1389,-0.1760,0.4105,0.0006,0.0000,0.0000,0.0000,False,0.0523,0.0504,-0.0658,-0.0613,-0.0686,-0.0091,2.4174,grasp,-0.1760,0.4105,0.0006,0.0000,0.0000,0.0000,False,,0.0500,0.0000,True,0.8020,-0.2600,0.0228,1.1884
774,0.0,0.2115,-0.0024,False,False,False,2.0362,4.7008,1.9948,-1.9705,-1.5739,-0.0022,-0.0000,0.0000,0.0000,0.0000,0.0000,-0.0000,0.2949,-0.3206,0.3422,0.1389,-0.1760,0.4105,0.0006,0.0000,0.0000,0.0000,False,0.0493,0.0723,-0.0290,0.0789,-0.0352,0.0691,-3.0307,grasp,-0.1760,0.4105,0.0006,0.0000,0.0000,0.0000,False,,0.0500,0.0000,False,0.8020,-0.2600,0.0228,1.1884
775,0.0,0.2103,-0.0299,False,False,False,2.0376,4.7029,1.9940,-1.9682,-1.5749,-0.0002,0.0927,0.1365,-0.0539,0.1511,-0.0656,0.1314,0.2549,-0.3205,0.3428,0.1376,-0.1760,0.4105,0.0006,0.0000,0.0000,0.0000,False,0.0350,0.0611,0.0025,-0.0622,0.0245,-0.0151,-1.0764,grasp,-0.1760,0.4105,0.0006,0.0000,0.0000,0.0000,False,,0.0500,0.0000,False,0.8020,-0.2600,0.0228,1.1884
776,0.0,0.2103,-0.0020,False,False,False,2.0376,4.7029,1.9940,-1.9682,-1.5749,-0.0002,0.0000,0.0000,0.0000,0.0000,0.0000,-0.0000,0.2557,-0.3205,0.3428,0.1376,-0.1760,0.4105,0.0006,0.0000,0.0000,0.0000,False,-0.0090,0.0315,-0.0689,0.0592,0.0439,-0.0557,-2.7579,grasp,-0.1760,0.4105,0.0006,0.0000,0.0000,0.0000,False,,0.0500,0.0000,False,0.8020,-0.2600,0.0228,1.1884
777,0.0,0.2125,-5.0050,True,False,False,2.0376,4.7029,1.9940,-1.9682,-1.5749,-0.0002,0.0000,0.0000,0.0000,0.0000,0.0000,-0.0000,0.2557,-0.3205,0.3428,0.1376,-0.1743,0.4121,-0.0002,0.0000,0.0000,0.0000,False,0.0122,-0.0320,-0.0228,0.0266,-0.0400,-0.0756,2.3658,grasp,-0.1743,0.4121,-0.0002,0.0000,0.0000,0.0000,False,,0.0500,0.0000,True,0.8020,-0.2600,0.0228,1.1884
778,0.0,0.2256,-5.0034,True,False,False,2.0399,4.6960,1.9903,-1.9671,-1.5778,-0.0085,0.0002,-0.0030,0.0010,-0.0095,0.0110,0.0136,0.0007,-0.3212,0.3434,0.1563,-0.1750,0.4142,-0.0001,0.0000,0.0000,0.0000,False,0.0452,-0.0081,0.0573,0.0405,0.0457,-0.0497,-2.4795,grasp,-0.1750,0.4142,-0.0001,0.0000,0.0000,0.0000,False,,0.0500,0.0000,False,0.8020,-0.2600,0.0099,1.1870
779,0.0,0.2237,-0.0021,False,False,False,2.0415,4.6951,1.9926,-1.9678,-1.5737,-0.0072,-0.0024,-0.0014,-0.0025,-0.0081,0.0042,0.0112,0.0001,-0.3225,0.3416,0.1558,-0.1780,0.4117,0.0001,0.0000,0.0000,0.0000,False,0.0322,0.0017,-0.0215,-0.0219,0.0386,-0.0595,-2.4493,grasp,-0.1780,0.4117,0.0001,0.0000,0.0000,0.0000,False,,0.0500,0.0000,False,0.8020,-0.2600,0.0099,1.1881
780,0.0,0.2225,-0.0174,False,False,False,2.0422,4.6956,1.9922,-1.9685,-1.5736,-0.0064,0.0681,0.0509,-0.0433,-0.0707,0.0132,0.0783,0.0463,-0.3225,0.3417,0.1541,-0.1780,0.4117,0.0001,0.0000,0.0000,0.0000,False,0.0681,0.0509,-0.0433,-0.0707,0.0132,0.0783,-1.5244,grasp,-0.1780,0.4117,0.0001,0.0000,0.0000,0.0000,False,,0.0500,0.0000,False,0.8020,-0.2600,0.0099,1.1881
781,0.0,0.2225,-0.0152,False,False,False,2.0422,4.6956,1.9922,-1.9685,-1.5736,-0.0064,0.0681,0.0509,-0.0433,-0.0707,0.0132,0.0783,0.0463,-0.3225,0.3417,0.1541,-0.1780,0.4117,0.0001,0.0000,0.0000,0.0000,False,0.0428,0.0601,0.0128,-0.0525,-0.0669,-0.0641,-2.2059,grasp,-0.1780,0.4117,0.0001,0.0000,0.0000,0.0000,False,,0.0500,0.0000,False,0.8020,-0.2600,0.0099,1.1881
782,0.0,0.2226,-0.0183,False,False,False,2.0422,4.6956,1.9922,-1.9685,-1.5736,-0.0064,0.0681,0.0509,-0.0433,-0.0707,0.0132,0.0783,0.0463,-0.3225,0.3417,0.1541,-0.1780,0.4120,0.0001,0.0000,0.0000,0.0000,False,0.0310,-0.0086,0.0755,0.0268,0.0754,0.0671,-1.7141,grasp,-0.1780,0.4120,0.0001,0.0000,0.0000,0.0000,False,,0.0500,0.0000,False,0.8020,-0.2600,0.0099,1.1881
783,0.0,0.2226,-0.0178,False,False,False,2.0422,4.6956,1.9922,-1.9685,-1.5736,-0.0064,0.0681,0.0509,-0.0433,-0.0707,0.0132,0.0783,0.0463,-0.3225,0.3417,0.1541,-0.1780,0.4120,0.0001,0.0000,0.0000,0.0000,False,0.0440,0.0573,-0.0569,0.0749,0.0599,0.0209,0.6951,grasp,-0.1780,0.4120,0.0001,0.0000,0.0000,0.0000,False,,0.0500,0.0000,True,0.8020,-0.2600,0.0099,1.1881
784,0.0,0.2226,-0.0134,False,False,False,2.0438,4.6968,1.9907,-1.9703,-1.5726,-0.0049,0.0234,0.0240,-0.0683,-0.0524,0.0744,0.0024,0.1023,-0.3225,0.3417,0.1541,-0.1780,0.4120,0.0001,0.0000,0.0000,0.0000,False,0.0247,0.0249,-0.0691,-0.0537,0.0746,0.0039,0.7868,grasp,-0.1780,0.4120,0.0001,0.0000,0.0000,0.0000,False,,0.0500,0.0000,True,0.8020,-0.2600,0.0099,1.1881
785,0.0,0.2208,-0.0149,False,False,False,2.0459,4.6958,1.9891,-1.9713,-1.5698,-0.0053,0.1096,-0.0969,-0.0185,0.0042,0.0919,-0.0245,0.1812,-0.3251,0.3426,0.1494,-0.1780,0.4120,0.0001,0.0000,0.0000,0.0000,False,0.0581,-0.0505,-0.0110,0.0012,0.0498,-0.0129,1.2520,grasp,-0.1780,0.4120,0.0001,0.0000,0.0000,0.0000,False,,0.0500,0.0000,True,0.8020,-0.2600,0.0099,1.1881
786,0.0,0.2202,-0.0098,False,False,False,2.0468,4.6941,1.9891,-1.9708,-1.5680,-0.0055,-0.0667,-0.0228,0.0288,0.0417,0.0478,0.0104,0.2409,-0.3271,0.3414,0.1460,-0.1780,0.4120,0.0001,0.0000,0.0000,0.0000,False,-0.0648,-0.0250,0.0285,0.0418,0.0492,0.0101,0.8022,grasp,-0.1780,0.4120,0.0001,0.0000,0.0000,0.0000,False,,0.0500,0.0000,True,0.8020,-0.2600,0.0099,1.1881
787,0.0,0.2202,-0.0093,False,False,False,2.0468,4.6941,1.9891,-1.9708,-1.5680,-0.0055,-0.0667,-0.0228,0.0288,0.0417,0.0478,0.0104,0.2409,-0.3271,0.3414,0.1460,-0.1780,0.4120,0.0001,0.0000,0.0000,0.0000,False,0.0519,0.0384,0.0483,0.0633,0.0455,-0.0657,-2.4605,grasp,-0.1780,0.4120,0.0001,0.0000,0.0000,0.0000,False,,0.0500,0.0000,False,0.8020,-0.2600,0.0099,1.1881
788,0.0,0.2177,-0.0091,False,False,False,2.0468,4.6941,1.9891,-1.9708,-1.5680,-0.0055,-0.0667,-0.0228,0.0288,0.0417,0.0478,0.0104,0.2409,-0.3271,0.3414,0.1460,-0.1815,0.4143,0.0015,0.0000,0.0000,0.0000,False,0.0303,0.0575,-0.0387,0.0452,0.0416,-0.0066,-0.5974,grasp,-0.1815,0.4143,0.0015,0.0000,0.0000,0.0000,False,,0.0500,0.0000,False,0.8020,-0.2600,0.0099,1.1881
789,0.0,0.2177,-0.0019,False,False,False,2.0451,4.6941,1.9904,-1.9701,-1.5666,-0.0058,-0.0428,0.0422,0.0732,-0.0091,0.0441,-0.0510,0.3002,-0.3271,0.3414,0.1460,-0.1815,0.4143,0.0015,0.0000,0.0000,0.0000,False,-0.0440,0.0418,0.0737,-0.0083,0.0450,-0.0508,1.4906,grasp,-0.1815,0.4143,0.0015,0.0000,0.0000,0.0000,False,,0.0500,0.0000,True,0.8020,-0.2600,0.0099,1.1881
790,0.0,0.2177,-0.0109,False,False,False,2.0451,4.6941,1.9904,-1.9701,-1.5666,-0.0058,-0.0428,0.0422,0.0732,-0.0091,0.0441,-0.0510,0.3002,-0.3271,0.3414,0.1460,-0.1815,0.4143,0.0015,0.0000,0.0000,0.0000,False,0.0463,0.0404,-0.0668,-0.0390,-0.0489,0.0500,2.2327,grasp,-0.1815,0.4143,0.0015,0.0000,0.0000,0.0000,False,,0.0500,0.0000,True,0.8020,-0.2600,0.0099,1.1881
791,0.0,0.2134,-0.0064,False,False,False,2.0445,4.6947,1.9921,-1.9708,-1.5659,-0.0065,0.0212,-0.0267,0.0304,-0.0572,-0.0131,0.0316,0.3597,-0.3259,0.3406,0.1402,-0.1815,0.4143,0.0015,0.0000,0.0000,0.0000,False,0.0204,-0.0252,0.0319,-0.0573,-0.0123,0.0306,-0.7596,grasp,-0.1815,0.4143,0.0015,0.0000,0.0000,0.0000,False,,0.0500,0.0000,False,0.8020,-0.2600,0.0099,1.1881
792,0.0,0.2120,-0.0251,False,False,False,2.0464,4.6921,1.9929,-1.9697,-1.5658,-0.0079,0.0951,-0.1356,0.0157,0.1464,0.0240,-0.1308,0.4122,-0.3262,0.3402,0.1375,-0.1815,0.4143,0.0015,0.0000,0.0000,0.0000,False,0.0505,-0.0718,0.0088,0.0760,0.0124,-0.0683,0.4682,grasp,-0.1815,0.4143,0.0015,0.0000,0.0000,0.0000,False,,0.0500,0.0000,False,0.8020,-0.2600,0.0099,1.1881
793,0.0,0.2120,-0.0286,False,False,False,2.0464,4.6921,1.9929,-1.9697,-1.5658,-0.0079,0.0951,-0.1356,0.0157,0.1464,0.0240,-0.1308,0.4122,-0.3262,0.3402,0.1375,-0.1815,0.4143,0.0015,0.0000,0.0000,0.0000,False,-0.0552,-0.0065,-0.0734,0.0482,-0.0429,0.0418,-2.8994,grasp,-0.1815,0.4143,0.0015,0.0000,0.0000,0.0000,False,,0.0500,0.0000,False,0.8020,-0.2600,0.0099,1.1881
794,0.0,0.2120,-0.0281,False,False,False,2.0464,4.6921,1.9929,-1.9697,-1.5658,-0.0079,0.0951,-0.1356,0.0157,0.1464,0.0240,-0.1308,0.4122,-0.3262,0.3402,0.1375,-0.1815,0.4143,0.0015,0.0000,0.0000,0.0000,False,-0.0416,0.0229,-0.0676,0.0758,0.0559,0.0032,0.6838,grasp,-0.1815,0.4143,0.0015,0.0000,0.0000,0.0000,False,,0.0500,0.0000,False,0.8020,-0.2600,0.0099,1.1881
795,0.0,0.2156,-5.0314,True,False,False,2.0464,4.6921,1.9929,-1.9697,-1.5658,-0.0079,0.0951,-0.1356,0.0157,0.1464,0.0240,-0.1308,0.4122,-0.3262,0.3402,0.1375,-0.1787,0.4131,-0.0016,0.0000,0.0000,0.0000,False,0.0760,0.0565,-0.0651,0.0157,0.0704,-0.0414,2.7381,grasp,-0.1787,0.4131,-0.0016,0.0000,0.0000,0.0000,False,,0.0500,0.0000,True,0.8020,-0.2600,0.0099,1.1881
796,0.0,0.2224,-0.0041,False,False,False,2.0519,4.6966,1.9866,-1.9681,-1.5610,-0.0101,-0.0173,-0.0036,0.0063,-0.0071,-0.0145,0.0147,0.0040,-0.3304,0.3390,0.1577,-0.1905,0.4106,0.0003,0.0000,0.0000,0.0000,False,0.0347,0.0326,-0.0336,-0.0130,0.0100,0.0354,2.0219,grasp,-0.1905,0.4106,0.0003,0.0000,0.0000,0.0000,False,,0.0500,0.0000,True,0.8020,-0.2600,0.0099,1.1979
797,0.0,0.2224,-0.0023,False,False,False,2.0519,4.6966,1.9866,-1.9681,-1.5610,-0.0101,0.0000,0.0000,0.0000,0.0000,-0.0000,0.0000,0.0240,-0.3304,0.3390,0.1577,-0.1905,0.4106,0.0003,0.0000,0.0000,0.0000,False,0.0527,0.0219,0.0008,0.0054,0.0563,0.0558,-1.4181,grasp,-0.1905,0.4106,0.0003,0.0000,0.0000,0.0000,False,,0.0500,0.0000,False,0.8020,-0.2600,0.0099,1.1979
798,0.0,0.2224,-0.0022,False,False,False,2.0519,4.6966,1.9866,-1.9681,-1.5610,-0.0101,0.0000,0.0000,0.0000,0.0000,-0.0000,0.0000,0.0640,-0.3304,0.3390,0.1577,-0.1905,0.4106,0.0003,0.0000,0.0000,0.0000,False,0.0183,0.0143,0.0481,0.0193,0.0601,-0.0418,1.1240,grasp,-0.1905,0.4106,0.0003,0.0000,0.0000,0.0000,False,,0.0500,0.0000,True,0.8020,-0.2600,0.0099,1.1979
799,0.0,0.2234,-0.0036,False,False,False,2.0519,4.6966,1.9866,-1.9681,-1.5610,-0.0101,0.0000,0.0000,0.0000,0.0000,-0.0000,0.0000,0.0640,-0.3304,0.3390,0.1577,-0.1891,0.4110,0.0003,0.0000,0.0000,0.0000,False,0.0447,-0.0711,0.0755,-0.0524,-0.0553,-0.0648,-0.9369,grasp,-0.1891,0.4110,0.0003,0.0000,0.0000,0.0000,False,,0.0500,0.0000,False,0.8020,-0.2600,0.0099,1.1979
800,0.0,0.2193,-0.0084,False,False,False,2.0529,4.6980,1.9870,-1.9667,-1.5604,-0.0106,0.0560,0.0804,-0.0050,0.0782,0.0018,-0.0007,0.1432,-0.3306,0.3386,0.1514,-0.1891,0.4110,0.0003,0.0000,0.0000,0.0000,False,0.0296,0.0425,-0.0022,0.0413,0.0015,-0.0008,2.9866,grasp,-0.1891,0.4110,0.0003,0.0000,0.0000,0.0000,False,,0.0500,0.0000,True,0.8020,-0.2600,0.0099,1.1979
801,0.0,0.2193,-0.0115,False,False,False,2.0529,4.6980,1.9870,-1.9667,-1.5604,-0.0106,0.0560,0.0804,-0.0050,0.0782,0.0018,-0.0007,0.1432,-0.3306,0.3386,0.1514,-0.1891,0.4110,0.0003,0.0000,0.0000,0.0000,False,0.0469,0.0408,-0.0474,-0.0110,0.0321,0.0058,2.2114,grasp,-0.1891,0.4110,0.0003,0.0000,0.0000,0.0000,False,,0.0500,0.0000,True,0.8020,-0.2600,0.0099,1.1979
802,0.0,0.2155,0.0018,False,False,False,2.0537,4.6992,1.9870,-1.9656,-1.5604,-0.0106,0.0000,0.0000,0.0000,0.0000,-0.0000,0.0000,0.2030,-0.3309,0.3375,0.1450,-0.1891,0.4110,0.0003,0.0000,0.0000,0.0000,False,-0.0101,0.0203,0.0355,0.0378,0.0737,-0.0461,-1.8526,grasp,-0.1891,0.4110,0.0003,0.0000,0.0000,0.0000,False,,0.0500,0.0000,False,0.8020,-0.2600,0.0099,1.1979
803,0.0,0.2155,-0.0090,False,False,False,2.0536,4.6994,1.9873,-1.9653,-1.5596,-0.0110,-0.0109,0.0191,0.0355,0.0366,0.0737,-0.0461,0.2011,-0.3309,0.3375,0.1450,-0.1891,0.4110,0.0003,0.0000,0.0000,0.0000,False,0.0257,0.0633,-0.0553,-0.0070,0.0514,0.0633,-2.5381,grasp,-0.1891,0.4110,0.0003,0.0000,0.0000,0.0000,False,,0.0500,0.0000,False,0.8020,-0.2600,0.0099,1.1979
804,0.0,0.2155,-0.0021,False,False,False,2.0536,4.6994,1.9873,-1.9653,-1.5596,-0.0110,0.0000,0.0000,0.0000,0.0000,-0.0000,0.0000,0.2087,-0.3309,0.3375,0.1450,-0.1891,0.4110,0.0003,0.0000,0.0000,0.0000,False,-0.0668,-0.0154,-0.0073,0.0182,0.0027,0.0497,2.3357,grasp,-0.1891,0.4110,0.0003,0.0000,0.0000,0.0000,False,,0.0500,0.0000,True,0.8020,-0.2600,0.0099,1.1979
805,0.0,0.2180,-5.0057,True,False,False,2.0536,4.6994,1.9873,-1.9653,-1.5596,-0.0110,0.0000,0.0000,0.0000,0.0000,-0.0000,0.0000,0.2087,-0.3309,0.3375,0.1450,-0.1868,0.4104,-0.0015,0.0000,0.0000,0.0000,False,0.0195,0.0442,0.0228,-0.0190,0.0455,0.0540,1.6041,grasp,-0.1868,0.4104,-0.0015,0.0000,0.0000,0.0000,False,,0.0500,0.0000,True,0.8020,-0.2600,0.0099,1.1979
806,0.0,0.2153,-0.0032,False,False,False,2.0517,4.7034,1.9912,-1.9698,-1.5572,-0.0007,-0.0163,-0.0127,-0.0003,-0.0044,-0.0192,0.0010,0.0019,-0.3306,0.3372,0.1529,-0.1938,0.4048,0.0010,0.0000,0.0000,0.0000,False,-0.0454,0.0473,-0.0438,-0.0667,0.0753,-0.0132,2.7912,grasp,-0.1938,0.4048,0.0010,0.0000,0.0000,0.0000,False,,0.0500,0.0000,True,0.8020,-0.2600,0.0099,1.1974
807,0.0,0.2153,-0.0023,False,False,False,2.0517,4.7034,1.9912,-1.9698,-1.5572,-0.0007,0.0000,0.0000,0.0000,0.0000,-0.0000,0.0000,0.0219,-0.3306,0.3372,0.1529,-0.1938,0.4048,0.0010,0.0000,0.0000,0.0000,False,0.0191,0.0031,-0.0668,-0.0483,-0.0675,0.0608,-2.1137,grasp,-0.1938,0.4048,0.0010,0.0000,0.0000,0.0000,False,,0.0500,0.0000,False,0.8020,-0.2600,0.0099,1.1974
808,0.0,0.2153,-0.0017,False,False,False,2.0517,4.7034,1.9912,-1.9698,-1.5572,-0.0007,0.0000,0.0000,0.0000,0.0000,-0.0000,0.0000,0.0619,-0.3306,0.3372,0.1529,-0.1938,0.4048,0.0010,0.0000,0.0000,0.0000,False,0.0593,-0.0339,-0.0338,-0.0483,0.0714,-0.0173,1.8430,grasp,-0.1938,0.4048,0.0010,0.0000,0.0000,0.0000,False,,0.0500,0.0000,True,0.8020,-0.2600,0.0099,1.1974
809,0.0,0.2167,-0.0028,False,False,False,2.0517,4.7034,1.9912,-1.9698,-1.5572,-0.0007,0.0000,0.0000,0.0000,0.0000,-0.0000,0.0000,0.0619,-0.3306,0.3372,0.1529,-0.1921,0.4059,0.0010,0.0000,0.0000,0.0000,False,-0.0230,-0.0598,-0.0356,0.0392,-0.0478,0.0061,-1.3070,grasp,-0.1921,0.4059,0.0010,0.0000,0.0000,0.0000,False,,0.0500,0.0000,False,0.8020,-0.2600,0.0099,1.1974
810,0.0,0.2131,-0.0061,False,False,False,2.0524,4.7034,1.9909,-1.9704,-1.5569,-0.0001,0.0078,0.0415,0.0014,-0.0109,-0.0476,0.0727,0.1215,-0.3311,0.3371,0.1472,-0.1921,0.4059,0.0010,0.0000,0.0000,0.0000,False,0.0084,0.0411,0.0011,-0.0114,-0.0469,0.0726,1.0744,grasp,-0.1921,0.4059,0.0010,0.0000,0.0000,0.0000,False,,0.0500,0.0000,True,0.8020,-0.2600,0.0099,1.1974
811,0.0,0.2131,-0.0159,False,False,False,2.0532,4.7049,1.9902,-1.9704,-1.5575,0.0017,0.0601,0.0694,-0.0745,0.0237,0.0365,0.0484,0.1814,-0.3311,0.3371,0.1472,-0.1921,0.4059,0.0010,0.0000,0.0000,0.0000,False,0.0603,0.0702,-0.0745,0.0235,0.0356,0.0498,2.3068,grasp,-0.1921,0.4059,0.0010,0.0000,0.0000,0.0000,False,,0.0500,0.0000,True,0.8020,-0.2600,0.0099,1.1974
812,0.0,0.2099,-0.0257,False,False,False,2.0543,4.7062,1.9888,-1.9699,-1.5568,0.0026,0.1142,0.1319,-0.1415,0.0450,0.0694,0.0919,0.2014,-0.3321,0.3371,0.1415,-0.1921,0.4059,0.0010,0.0000,0.0000,0.0000,False,-0.0521,-0.0015,0.0171,-0.0019,-0.0164,0.0187,2.3709,grasp,-0.1921,0.4059,0.0010,0.0000,0.0000,0.0000,False,,0.0500,0.0000,True,0.8020,-0.2600,0.0099,1.1974
813,0.0,0.2099,-0.0422,False,False,False,2.0559,4.7081,1.9868,-1.9693,-1.5558,0.0039,0.1629,0.1881,-0.2019,0.0642,0.0990,0.1311,0.2214,-0.3321,0.3371,0.1415,-0.1921,0.4059,0.0010,0.0000,0.0000,0.0000,False,-0.0048,0.0479,-0.0485,0.0670,0.0310,0.0596,1.4799,grasp,-0.1921,0.4059,0.0010,0.0000,0.0000,0.0000,False,,0.0500,0.0000,True,0.8020,-0.2600,0.0099,1.1974
814,0.0,0.2099,-0.0022,False,False,False,2.0559,4.7082,1.9868,-1.9693,-1.5558,0.0039,0.0000,0.0000,0.0000,0.0000,-0.0000,0.0000,0.2610,-0.3321,0.3371,0.1415,-0.1921,0.4059,0.0010,0.0000,0.0000,0.0000,False,-0.0673,0.0377,-0.0038,0.0655,-0.0034,-0.0683,-1.3915,grasp,-0.1921,0.4059,0.0010,0.0000,0.0000,0.0000,False,,0.0500,0.0000,False,0.8020,-0.2600,0.0099,1.1974
815,0.0,0.2099,-0.0030,False,False,False,2.0559,4.7082,1.9868,-1.9693,-1.5558,0.0039,0.0000,0.0000,0.0000,0.0000,-0.0000,0.0000,0.2610,-0.3321,0.3371,0.1415,-0.1921,0.4059,0.0010,0.0000,0.0000,0.0000,False,0.0539,0.0237,0.0082,0.0442,0.0597,-0.0601,-2.2656,grasp,-0.1921,0.4059,0.0010,0.0000,0.0000,0.0000,False,,0.0500,0.0000,False,0.8020,-0.2600,0.0099,1.1974
816,0.0,0.2101,-5.0069,True,False,False,2.0549,4.7079,1.9867,-1.9685,-1.5559,0.0035,-0.0386,-0.0644,-0.0042,0.0075,-0.0053,0.0242,0.2994,-0.3329,0.3370,0.1378,-0.1906,0.4071,-0.0000,0.0000,0.0000,0.0000,False,-0.0393,-0.0640,-0.0043,0.0081,-0.0053,0.0235,2.0039,grasp,-0.1906,0.4071,-0.0000,0.0000,0.0000,0.0000,False,,0.0500,0.0000,True,0.8020,-0.2600,0.0099,1.1974
817,0.0,0.2243,-0.0034,False,False,False,2.0440,4.6939,1.9877,-1.9692,-1.5622,0.0056,-0.0063,0.0005,0.0052,-0.0060,-0.0139,-0.0088,0.0046,-0.3276,0.3415,0.1585,-0.1843,0.4103,0.0002,0.0000,0.0000,0.0000,False,0.0537,0.0143,-0.0262,0.0544,0.0500,0.0187,1.1483,grasp,-0.1843,0.4103,0.0002,0.0000,0.0000,0.0000,False,,0.0500,0.0000,True,0.8020,-0.2600,0.0099,1.1926
818,0.0,0.2233,-0.0001,False,False,False,2.0440,4.6939,1.9877,-1.9692,-1.5622,0.0056,0.0000,0.0000,0.0000,0.0000,-0.0000,0.0000,0.0446,-0.3274,0.3417,0.1573,-0.1843,0.4103,0.0002,0.0000,0.0000,0.0000,False,-0.0391,-0.0345,-0.0053,-0.0106,-0.0092,0.0596,-1.4591,grasp,-0.1843,0.4103,0.0002,0.0000,0.0000,0.0000,False,,0.0500,0.0000,False,0.8020,-0.2600,0.0099,1.1926
819,0.0,0.2233,-0.0105,False,False,False,2.0436,4.6935,1.9876,-1.9693,-1.5623,0.0062,-0.0391,-0.0345,-0.0053,-0.0106,-0.0092,0.0596,0.0646,-0.3274,0.3417,0.1573,-0.1843,0.4103,0.0002,0.0000,0.0000,0.0000,False,-0.0179,-0.0433,-0.0065,-0.0394,0.0247,0.0422,-1.6676,grasp,-0.1843,0.4103,0.0002,0.0000,0.0000,0.0000,False,,0.0500,0.0000,False,0.8020,-0.2600,0.0099,1.1926
820,0.0,0.2239,-0.0090,False,False,False,2.0436,4.6935,1.9876,-1.9693,-1.5623,0.0062,-0.0391,-0.0345,-0.0053,-0.0106,-0.0092,0.0596,0.0646,-0.3274,0.3417,0.1573,-0.1836,0.4107,0.0002,0.0000,0.0000,0.0000,False,-0.0289,0.0382,0.0315,0.0298,-0.0603,-0.0694,2.0359,grasp,-0.1836,0.4107,0.0002,0.0000,0.0000,0.0000,False,,0.0500,0.0000,True,0.8020,-0.2600,0.0099,1.1926
821,0.0,0.2203,-0.0102,False,False,False,2.0440,4.6936,1.9859,-1.9691,-1.5627,0.0049,0.0250,0.0014,-0.1137,0.0125,-0.0264,-0.0809,0.1375,-0.3274,0.3420,0.1523,-0.1836,0.4107,0.0002,0.0000,0.0000,0.0000,False,0.0131,0.0008,-0.0598,0.0066,-0.0139,-0.0426,2.3479,grasp,-0.1836,0.4107,0.0002,0.0000,0.0000,0.0000,False,,0.0500,0.0000,True,0.8020,-0.2600,0.0099,1.1926
822,0.0,0.2203,-0.0135,False,False,False,2.0440,4.6936,1.9859,-1.9691,-1.5627,0.0049,0.0250,0.0014,-0.1137,0.0125,-0.0264,-0.0809,0.1375,-0.3274,0.3420,0.1523,-0.1836,0.4107,0.0002,0.0000,0.0000,0.0000,False,0.0186,0.0524,0.0734,-0.0249,-0.0400,-0.0027,-2.3689,grasp,-0.1836,0.4107,0.0002,0.0000,0.0000,0.0000,False,,0.0500,0.0000,False,0.8020,-0.2600,0.0099,1.1926
823,0.0,0.2203,-0.0101,False,False,False,2.0445,4.6941,1.9850,-1.9692,-1.5635,0.0038,0.0183,0.0524,0.0751,-0.0251,-0.0396,-0.0016,0.1476,-0.3274,0.3420,0.1523,-0.1836,0.4107,0.0002,0.0000,0.0000,0.0000,False,-0.0004,-0.0498,-0.0392,0.0123,-0.0266,-0.0630,1.6873,grasp,-0.1836,0.4107,0.0002,0.0000,0.0000,0.0000,False,,0.0500,0.0000,True,0.8020,-0.2600,0.0099,1.1926
824,0.0,0.2190,-0.0005,False,False,False,2.0445,4.6941,1.9850,-1.9692,-1.5635,0.0038,0.0000,0.0000,0.0000,0.0000,-0.0000,0.0000,0.1876,-0.3278,0.3427,0.1503,-0.1836,0.4107,0.0002,0.0000,0.0000,0.0000,False,-0.0123,0.0445,-0.0334,0.0701,0.0388,-0.0407,0.5871,grasp,-0.1836,0.4107,0.0002,0.0000,0.0000,0.0000,False,,0.0500,0.0000,True,0.8020,-0.2600,0.0099,1.1926
825,0.0,0.2190,-0.0134,False,False,False,2.0444,4.6945,1.9847,-1.9684,-1.5631,0.0034,-0.0123,0.0445,-0.0334,0.0701,0.0388,-0.0407,0.2075,-0.3278,0.3427,0.1503,-0.1836,0.4107,0.0002,0.0000,0.0000,0.0000,False,-0.0485,0.0609,-0.0770,-0.0735,-0.0041,-0.0359,-1.6655,grasp,-0.1836,0.4107,0.0002,0.0000,0.0000,0.0000,False,,0.0500,0.0000,False,0.8020,-0.2600,0.0099,1.1926
826,0.0,0.2193,-0.0121,False,False,False,2.0444,4.6945,1.9847,-1.9684,-1.5631,0.0034,-0.0123,0.0445,-0.0334,0.0701,0.0388,-0.0407,0.2075,-0.3278,0.3427,0.1503,-0.1829,0.4131,0.0015,0.0000,0.0000,0.0000,False,0.0592,-0.0413,0.0322,0.0245,-0.0481,-0.0299,2.7413,grasp,-0.1829,0.4131,0.0015,0.0000,0.0000,0.0000,False,,0.0500,0.0000,True,0.8020,-0.2600,0.0099,1.1926
827,0.0,0.2163,-0.0097,False,False,False,2.0444,4.6953,1.9841,-1.9682,-1.5625,0.0033,-0.0045,0.0725,-0.0631,0.0231,0.0551,-0.0053,0.2675,-0.3281,0.3427,0.1454,-0.1829,0.4131,0.0015,0.0000,0.0000,0.0000,False,-0.0045,0.0725,-0.0631,0.0231,0.0551,-0.0053,-2.7199,grasp,-0.1829,0.4131,0.0015,0.0000,0.0000,0.0000,False,,0.0500,0.0000,False,0.8020,-0.2600,0.0099,1.1926
828,0.0,0.2163,-0.0115,False,False,False,2.0444,4.6953,1.9841,-1.9682,-1.5625,0.0033,-0.0045,0.0725,-0.0631,0.0231,0.0551,-0.0053,0.2675,-0.3281,0.3427,0.1454,-0.1829,0.4131,0.0015,0.0000,0.0000,0.0000,False,-0.0683,0.0499,0.0691,-0.0137,0.0087,0.0119,-2.8373,grasp,-0.1829,0.4131,0.0015,0.0000,0.0000,0.0000,False,,0.0500,0.0000,False,0.8020,-0.2600,0.0099,1.1926
829,0.0,0.2163,-0.0175,False,False,False,2.0441,4.6970,1.9822,-1.9672,-1.5620,0.0037,-0.0201,0.0351,-0.0674,0.0584,-0.0493,0.0470,0.2602,-0.3281,0.3427,0.1454,-0.1829,0.4131,0.0015,0.0000,0.0000,0.0000,False,-0.0201,0.0352,-0.0674,0.0584,-0.0493,0.0470,-0.4598,grasp,-0.1829,0.4131,0.0015,0.0000,0.0000,0.0000,False,,0.0500,0.0000,False,0.8020,-0.2600,0.0099,1.1926
830,0.0,0.2160,-0.0020,False,False,False,2.0437,4.6977,1.9809,-1.9661,-1.5629,0.0046,0.0000,0.0000,0.0000,0.0000,-0.0000,0.0000,0.2884,-0.3281,0.3436,0.1455,-0.1829,0.4131,0.0015,0.0000,0.0000,0.0000,False,0.0027,-0.0331,0.0523,0.0512,0.0703,0.0720,2.4474,grasp,-0.1829,0.4131,0.0015,0.0000,0.0000,0.0000,False,,0.0500,0.0000,True,0.8020,-0.2600,0.0099,1.1926
831,0.0,0.2160,-0.0126,False,False,False,2.0437,4.6974,1.9815,-1.9656,-1.5622,0.0053,0.0031,-0.0338,0.0536,0.0500,0.0712,0.0711,0.3080,-0.3281,0.3436,0.1455,-0.1829,0.4131,0.0015,0.0000,0.0000,0.0000,False,-0.0525,0.0647,-0.0092,0.0144,-0.0156,0.0693,-2.2255,grasp,-0.1829,0.4131,0.0015,0.0000,0.0000,0.0000,False,,0.0500,0.0000,False,0.8020,-0.2600,0.0099,1.1926
832,0.0,0.2160,-0.0124,False,False,False,2.0437,4.6974,1.9815,-1.9656,-1.5622,0.0053,0.0031,-0.0338,0.0536,0.0500,0.0712,0.0711,0.3080,-0.3281,0.3436,0.1455,-0.1829,0.4131,0.0015,0.0000,0.0000,0.0000,False,0.0254,0.0503,-0.0111,-0.0431,0.0512,0.0417,-1.3766,grasp,-0.1829,0.4131,0.0015,0.0000,0.0000,0.0000,False,,0.0500,0.0000,False,0.8020,-0.2600,0.0099,1.1926
833,0.0,0.2175,-5.0158,True,False,False,2.0434,4.6972,1.9812,-1.9649,-1.5615,0.0048,-0.0368,-0.0173,-0.0256,0.0645,0.0748,-0.0494,0.3680,-0.3282,0.3431,0.1418,-0.1797,0.4148,-0.0000,0.0000,0.0000,0.0000,False,-0.0368,-0.0173,-0.0256,0.0645,0.0748,-0.0494,2.5901,grasp,-0.1797,0.4148,-0.0000,0.0000,0.0000,0.0000,False,,0.0500,0.0000,True,0.8020,-0.2600,0.0099,1.1926
834,0.0,0.2251,-0.0059,False,False,False,2.0356,4.6930,1.9802,-1.9564,-1.5516,-0.0057,0.0068,0.0018,0.0167,-0.0257,-0.0300,0.0089,0.0081,-0.3271,0.3427,0.1609,-0.1848,0.4106,0.0002,0.0000,0.0000,0.0000,False,0.0115,0.0729,-0.0447,0.0000,0.0307,-0.0678,0.2770,grasp,-0.1848,0.4106,0.0002,0.0000,0.0000,0.0000,False,,0.0500,0.0000,True,0.8020,-0.2600,0.0099,1.1931
835,0.0,0.2233,-0.0094,False,False,False,2.0350,4.6926,1.9795,-1.9569,-1.5516,-0.0055,-0.0664,-0.0424,-0.0694,-0.0533,0.0003,0.0173,0.0681,-0.3270,0.3428,0.1584,-0.1848,0.4106,0.0002,0.0000,0.0000,0.0000,False,-0.0664,-0.0424,-0.0694,-0.0533,0.0003,0.0173,2.5793,grasp,-0.1848,0.4106,0.0002,0.0000,0.0000,0.0000,False,,0.0500,0.0000,True,0.8020,-0.2600,0.0099,1.1931
836,0.0,0.2233,-0.0148,False,False,False,2.0350,4.6926,1.9795,-1.9569,-1.5516,-0.0055,-0.0664,-0.0424,-0.0694,-0.0533,0.0003,0.0173,0.0681,-0.3270,0.3428,0.1584,-0.1848,0.4106,0.0002,0.0000,0.0000,0.0000,False,0.0477,0.0252,-0.0568,0.0642,-0.0242,0.0021,2.5367,grasp,-0.1848,0.4106,0.0002,0.0000,0.0000,0.0000,False,,0.0500,0.0000,True,0.8020,-0.2600,0.0099,1.1931
837,0.0,0.2238,-0.0116,False,False,False,2.0350,4.6926,1.9795,-1.9569,-1.5516,-0.0055,-0.0664,-0.0424,-0.0694,-0.0533,0.0003,0.0173,0.0681,-0.3270,0.3428,0.1584,-0.1841,0.4109,0.0002,0.0000,0.0000,0.0000,False,0.0715,-0.0249,-0.0307,0.0056,0.0338,-0.0067,1.3237,grasp,-0.1841,0.4109,0.0002,0.0000,0.0000,0.0000,False,,0.0500,0.0000,True,0.8020,-0.2600,0.0099,1.1931
838,0.0,0.2207,-0.0272,False,False,False,2.0355,4.6902,1.9799,-1.9593,-1.5536,-0.0047,0.1214,-0.1035,0.1157,-0.0918,-0.1299,0.0340,0.1467,-0.3270,0.3438,0.1545,-0.1841,0.4109,0.0002,0.0000,0.0000,0.0000,False,0.0626,-0.0553,0.0594,-0.0493,-0.0684,0.0182,0.4120,grasp,-0.1841,0.4109,0.0002,0.0000,0.0000,0.0000,False,,0.0500,0.0000,True,0.8020,-0.2600,0.0099,1.1931
839,0.0,0.2207,-0.0407,False,False,False,2.0373,4.6888,1.9816,-1.9607,-1.5555,-0.0042,0.1731,-0.1476,0.1649,-0.1310,-0.1853,0.0485,0.1666,-0.3270,0.3438,0.1545,-0.1841,0.4109,0.0002,0.0000,0.0000,0.0000,False,0.0490,0.0466,0.0759,0.0695,0.0742,-0.0301,-1.1183,grasp,-0.1841,0.4109,0.0002,0.0000,0.0000,0.0000,False,,0.0500,0.0000,False,0.8020,-0.2600,0.0099,1.1931
840,0.0,0.2207,-0.0151,False,False,False,2.0378,4.6892,1.9823,-1.9600,-1.5547,-0.0045,0.0466,0.0483,0.0742,0.0708,0.0761,-0.0306,0.1940,-0.3270,0.3438,0.1545,-0.1841,0.4109,0.0002,0.0000,0.0000,0.0000,False,-0.0454,-0.0729,0.0136,0.0255,0.0614,-0.0384,0.5618,grasp,-0.1841,0.4109,0.0002,0.0000,0.0000,0.0000,False,,0.0500,0.0000,True,0.8020,-0.2600,0.0099,1.1931
841,0.0,0.2186,-0.0120,False,False,False,2.0390,4.6904,1.9835,-1.9579,-1.5525,-0.0055,0.0320,0.0273,-0.0322,0.0687,0.0720,-0.0396,0.2059,-0.3273,0.3411,0.1498,-0.1841,0.4109,0.0002,0.0000,0.0000,0.0000,False,0.0329,0.0286,-0.0300,0.0701,0.0734,-0.0402,-1.3384,grasp,-0.1841,0.4109,0.0002,0.0000,0.0000,0.0000,False,,0.0500,0.0000,False,0.8020,-0.2600,0.0099,1.1931
842,0.0,0.2186,-0.0153,False,False,False,2.0390,4.6904,1.9835,-1.9579,-1.5525,-0.0055,0.0320,0.0273,-0.0322,0.0687,0.0720,-0.0396,0.2059,-0.3273,0.3411,0.1498,-0.1841,0.4109,0.0002,0.0000,0.0000,0.0000,False,-0.0384,0.0448,0.0533,0.0257,0.0753,0.0478,-1.2168,grasp,-0.1841,0.4109,0.0002,0.0000,0.0000,0.0000,False,,0.0500,0.0000,False,0.8020,-0.2600,0.0099,1.1931
843,0.0,0.2206,-5.0143,True,False,False,2.0390,4.6904,1.9835,-1.9579,-1.5525,-0.0055,0.0320,0.0273,-0.0322,0.0687,0.0720,-0.0396,0.2059,-0.3273,0.3411,0.1498,-0.1816,0.4113,-0.0001,0.0000,0.0000,0.0000,False,0.0731,0.0196,-0.0674,-0.0661,0.0215,-0.0655,1.1305,grasp,-0.1816,0.4113,-0.0001,0.0000,0.0000,0.0000,False,,0.0500,0.0000,True,0.8020,-0.2600,0.0099,1.1931
844,0.0,0.2289,-5.0038,True,False,False,2.0489,4.6943,1.9768,-1.9699,-1.5544,-0.0126,-0.0124,-0.0002,0.0197,-0.0043,-0.0230,0.0175,0.0016,-0.3336,0.3433,0.1639,-0.1921,0.4174,-0.0001,0.0000,0.0000,0.0000,False,0.0759,-0.0072,-0.0703,-0.0417,0.0010,-0.0031,0.0056,grasp,-0.1921,0.4174,-0.0001,0.0000,0.0000,0.0000,False,,0.0500,0.0000,True,0.8020,-0.2600,0.0099,1.2030
845,0.0,0.2288,-5.0036,True,False,False,2.0482,4.6940,1.9798,-1.9725,-1.5607,-0.0079,-0.0131,0.0003,0.0180,-0.0008,-0.0165,0.0127,0.0005,-0.3311,0.3439,0.1628,-0.1887,0.4178,-0.0003,0.0000,0.0000,0.0000,False,-0.0309,0.0335,-0.0221,0.0306,0.0053,-0.0705,-2.4904,grasp,-0.1887,0.4178,-0.0003,0.0000,0.0000,0.0000,False,,0.0500,0.0000,False,0.8020,-0.2600,0.0099,1.2004
846,0.0,0.2269,-5.0022,True,False,False,2.0435,4.6960,1.9824,-1.9709,-1.5640,-0.0093,-0.0053,-0.0028,0.0131,-0.0032,-0.0107,0.0142,0.0001,-0.3280,0.3445,0.1605,-0.1850,0.4170,-0.0001,0.0000,0.0000,0.0000,False,-0.0700,0.0798,0.0429,0.0722,0.0753,-0.0433,-2.8704,grasp,-0.1850,0.4170,-0.0001,0.0000,0.0000,0.0000,False,,0.0500,0.0000,False,0.8020,-0.2600,0.0099,1.1969
847,0.0,0.2246,-0.0025,False,False,False,2.0409,4.6969,1.9863,-1.9703,-1.5651,-0.0068,-0.0014,-0.0041,0.0072,-0.0041,-0.0090,0.0103,0.0000,-0.3261,0.3438,0.1583,-0.1831,0.4145,0.0002,0.0000,0.0000,0.0000,False,-0.0636,-0.0233,-0.0439,-0.0518,0.0283,-0.0510,-2.1208,grasp,-0.1831,0.4145,0.0002,0.0000,0.0000,0.0000,False,,0.0500,0.0000,False,0.8020,-0.2600,0.0099,1.1939
848,0.0,0.2245,-0.0021,False,False,False,2.0409,4.6968,1.9864,-1.9703,-1.5652,-0.0067,0.0000,0.0000,0.0000,0.0000,-0.0000,0.0000,0.0200,-0.3260,0.3438,0.1582,-0.1831,0.4145,0.0002,0.0000,0.0000,0.0000,False,0.0193,-0.0365,0.0684,0.0135,0.0092,-0.0622,-1.0263,grasp,-0.1831,0.4145,0.0002,0.0000,0.0000,0.0000,False,,0.0500,0.0000,False,0.8020,-0.2600,0.0099,1.1939
849,0.0,0.2245,-0.0016,False,False,False,2.0411,4.6965,1.9871,-1.9702,-1.5651,-0.0073,0.0000,0.0000,0.0000,0.0000,-0.0000,0.0000,0.0597,-0.3260,0.3438,0.1582,-0.1831,0.4145,0.0002,0.0000,0.0000,0.0000,False,-0.0522,-0.0284,-0.0609,-0.0025,-0.0670,-0.0567,-1.4509,grasp,-0.1831,0.4145,0.0002,0.0000,0.0000,0.0000,False,,0.0500,0.0000,False,0.8020,-0.2600,0.0099,1.1939
850,0.0,0.2248,-0.0021,False,False,False,2.0411,4.6965,1.9871,-1.9702,-1.5651,-0.0073,0.0000,0.0000,0.0000,0.0000,-0.0000,0.0000,0.0597,-0.3260,0.3438,0.1582,-0.1825,0.4144,0.0001,0.0000,0.0000,0.0000,False,-0.0208,0.0472,0.0361,-0.0550,-0.0234,-0.0375,-2.9435,grasp,-0.1825,0.4144,0.0001,0.0000,0.0000,0.0000,False,,0.0500,0.0000,False,0.8020,-0.2600,0.0099,1.1939
851,0.0,0.2206,-0.0073,False,False,False,2.0402,4.6970,1.9869,-1.9699,-1.5657,-0.0077,-0.0392,0.0777,0.0500,0.0353,0.0026,0.0174,0.1187,-0.3257,0.3440,0.1525,-0.1825,0.4144,0.0001,0.0000,0.0000,0.0000,False,-0.0398,0.0774,0.0494,0.0353,0.0020,0.0169,0.6675,grasp,-0.1825,0.4144,0.0001,0.0000,0.0000,0.0000,False,,0.0500,0.0000,True,0.8020,-0.2600,0.0099,1.1939
852,0.0,0.2206,-0.0115,False,False,False,2.0402,4.6970,1.9869,-1.9699,-1.5657,-0.0077,-0.0392,0.0777,0.0500,0.0353,0.0026,0.0174,0.1187,-0.3257,0.3440,0.1525,-0.1825,0.4144,0.0001,0.0000,0.0000,0.0000,False,-0.0074,-0.0655,-0.0498,0.0409,0.0425,0.0064,1.5398,grasp,-0.1825,0.4144,0.0001,0.0000,0.0000,0.0000,False,,0.0500,0.0000,True,0.8020,-0.2600,0.0099,1.1939
853,0.0,0.2206,-0.0111,False,False,False,2.0402,4.6985,1.9881,-1.9688,-1.5657,-0.0079,0.0742,-0.0156,0.0177,0.0369,0.0004,-0.0620,0.1780,-0.3257,0.3440,0.1525,-0.1825,0.4144,0.0001,0.0000,0.0000,0.0000,False,0.0734,-0.0124,0.0186,0.0376,0.0005,-0.0616,1.6719,grasp,-0.1825,0.4144,0.0001,0.0000,0.0000,0.0000,False,,0.0500,0.0000,True,0.8020,-0.2600,0.0099,1.1939
854,0.0,0.2161,0.0025,False,False,False,2.0416,4.6982,1.9884,-1.9681,-1.5657,-0.0091,0.0000,0.0000,0.0000,0.0000,-0.0000,0.0000,0.2178,-0.3254,0.3423,0.1453,-0.1825,0.4144,0.0001,0.0000,0.0000,0.0000,False,-0.0532,0.0266,0.0287,-0.0238,0.0370,0.0756,1.5982,grasp,-0.1825,0.4144,0.0001,0.0000,0.0000,0.0000,False,,0.0500,0.0000,True,0.8020,-0.2600,0.0099,1.1939
855,0.0,0.2161,-0.0119,False,False,False,2.0410,4.6984,1.9887,-1.9684,-1.5653,-0.0084,-0.0547,0.0268,0.0284,-0.0245,0.0370,0.0768,0.2377,-0.3254,0.3423,0.1453,-0.1825,0.4144,0.0001,0.0000,0.0000,0.0000,False,0.0759,0.0641,-0.0555,-0.0628,-0.0787,-0.0060,2.5025,grasp,-0.1825,0.4144,0.0001,0.0000,0.0000,0.0000,False,,0.0500,0.0000,True,0.8020,-0.2600,0.0099,1.1939
856,0.0,0.2182,-5.0145,True,False,False,2.0410,4.6984,1.9887,-1.9684,-1.5653,-0.0084,-0.0547,0.0268,0.0284,-0.0245,0.0370,0.0768,0.2377,-0.3254,0.3423,0.1453,-0.1804,0.4132,-0.0016,0.0000,0.0000,0.0000,False,-0.0416,0.0435,0.0539,0.0444,0.0769,-0.0032,-0.2256,grasp,-0.1804,0.4132,-0.0016,0.0000,0.0000,0.0000,False,,0.0500,0.0000,False,0.8020,-0.2600,0.0099,1.1939
857,0.0,0.2130,-0.0022,False,False,False,2.0355,4.7026,1.9961,-1.9642,-1.5574,-0.0062,0.0000,0.0000,0.0000,0.0000,-0.0000,0.0000,0.0224,-0.3234,0.3393,0.1505,-0.1858,0.4040,0.0013,0.0000,0.0000,0.0000,False,0.0676,0.0015,-0.0045,0.0541,0.0152,0.0680,-1.0995,grasp,-0.1858,0.4040,0.0013,0.0000,0.0000,0.0000,False,,0.0500,0.0000,False,0.8020,-0.2600,0.0099,1.1903
858,0.0,0.2130,-0.0029,False,False,False,2.0355,4.7026,1.9961,-1.9642,-1.5574,-0.0062,0.0000,0.0000,0.0000,0.0000,-0.0000,0.0000,0.0224,-0.3234,0.3393,0.1505,-0.1858,0.4040,0.0013,0.0000,0.0000,0.0000,False,-0.0311,0.0484,-0.0314,0.0273,-0.0059,0.0305,-0.0872,grasp,-0.1858,0.4040,0.0013,0.0000,0.0000,0.0000,False,,0.0500,0.0000,False,0.8020,-0.2600,0.0099,1.1903
859,0.0,0.2130,-0.0120,False,False,False,2.0362,4.7026,1.9961,-1.9637,-1.5573,-0.0056,0.0675,0.0016,-0.0045,0.0542,0.0154,0.0679,0.0423,-0.3234,0.3393,0.1505,-0.1858,0.4040,0.0013,0.0000,0.0000,0.0000,False,-0.0442,0.0274,0.0762,0.0567,-0.0307,-0.0538,0.5242,grasp,-0.1858,0.4040,0.0013,0.0000,0.0000,0.0000,False,,0.0500,0.0000,True,0.8020,-0.2600,0.0099,1.1903
860,0.0,0.2138,-0.0037,False,False,False,2.0362,4.7026,1.9961,-1.9637,-1.5573,-0.0056,0.0000,0.0000,0.0000,0.0000,-0.0000,0.0000,0.0823,-0.3234,0.3393,0.1505,-0.1850,0.4052,0.0013,0.0000,0.0000,0.0000,False,-0.0323,0.0709,0.0052,-0.0558,-0.0369,0.0593,0.2082,grasp,-0.1850,0.4052,0.0013,0.0000,0.0000,0.0000,False,,0.0500,0.0000,True,0.8020,-0.2600,0.0099,1.1903
861,0.0,0.2095,-0.0080,False,False,False,2.0359,4.7033,1.9961,-1.9643,-1.5577,-0.0050,-0.0323,0.0709,0.0052,-0.0558,-0.0369,0.0593,0.1023,-0.3234,0.3390,0.1441,-0.1850,0.4052,0.0013,0.0000,0.0000,0.0000,False,-0.0057,-0.0393,-0.0672,-0.0064,0.0137,0.0364,0.9706,grasp,-0.1850,0.4052,0.0013,0.0000,0.0000,0.0000,False,,0.0500,0.0000,True,0.8020,-0.2600,0.0099,1.1903
862,0.0,0.2095,-0.0023,False,False,False,2.0352,4.7043,1.9955,-1.9654,-1.5582,-0.0035,0.0000,0.0000,0.0000,0.0000,-0.0000,0.0000,0.1815,-0.3234,0.3390,0.1441,-0.1850,0.4052,0.0013,0.0000,0.0000,0.0000,False,-0.0653,-0.0333,-0.0520,0.0070,-0.0514,0.0057,0.3767,grasp,-0.1850,0.4052,0.0013,0.0000,0.0000,0.0000,False,,0.0500,0.0000,True,0.8020,-0.2600,0.0099,1.1903
863,0.0,0.2056,0.0021,False,False,False,2.0346,4.7040,1.9950,-1.9653,-1.5587,-0.0034,0.0000,0.0000,0.0000,0.0000,-0.0000,0.0000,0.2209,-0.3231,0.3402,0.1392,-0.1850,0.4052,0.0013,0.0000,0.0000,0.0000,False,-0.0701,-0.0199,-0.0298,-0.0366,0.0103,-0.0640,2.3813,grasp,-0.1850,0.4052,0.0013,0.0000,0.0000,0.0000,False,,0.0500,0.0000,True,0.8020,-0.2600,0.0099,1.1903
864,0.0,0.2056,-0.0087,False,False,False,2.0339,4.7038,1.9947,-1.9657,-1.5586,-0.0041,-0.0694,-0.0196,-0.0293,-0.0366,0.0108,-0.0641,0.2409,-0.3231,0.3402,0.1392,-0.1850,0.4052,0.0013,0.0000,0.0000,0.0000,False,0.0098,0.0550,0.0256,0.0400,0.0765,-0.0101,2.6557,grasp,-0.1850,0.4052,0.0013,0.0000,0.0000,0.0000,False,,0.0500,0.0000,True,0.8020,-0.2600,0.0099,1.1903
865,0.0,0.2085,-0.0156,False,False,False,2.0339,4.7038,1.9947,-1.9657,-1.5586,-0.0041,-0.0694,-0.0196,-0.0293,-0.0366,0.0108,-0.0641,0.2409,-0.3231,0.3402,0.1392,-0.1825,0.4066,0.0004,0.0000,0.0000,0.0000,False,0.0431,-0.0160,0.0624,0.0160,0.0648,-0.0040,-0.6787,grasp,-0.1825,0.4066,0.0004,0.0000,0.0000,0.0000,False,,0.0500,0.0000,False,0.8020,-0.2600,0.0099,1.1903
866,0.0,0.2057,-0.0094,False,False,False,2.0338,4.7045,1.9939,-1.9659,-1.5584,-0.0044,-0.0102,0.0756,-0.0790,-0.0209,0.0265,-0.0279,0.3005,-0.3232,0.3408,0.1352,-0.1825,0.4066,0.0004,0.0000,0.0000,0.0000,False,-0.0102,0.0756,-0.0790,-0.0209,0.0265,-0.0279,-0.1670,grasp,-0.1825,0.4066,0.0004,0.0000,0.0000,0.0000,False,,0.0500,0.0000,False,0.8020,-0.2600,0.0099,1.1903
867,0.0,0.2057,-0.0164,False,False,False,2.0345,4.7057,1.9923,-1.9649,-1.5562,-0.0045,0.0577,-0.0185,-0.0057,0.0922,0.1065,0.0260,0.2861,-0.3232,0.3408,0.1352,-0.1825,0.4066,0.0004,0.0000,0.0000,0.0000,False,0.0302,-0.0082,-0.0045,0.0481,0.0565,0.0132,-1.6789,grasp,-0.1825,0.4066,0.0004,0.0000,0.0000,0.0000,False,,0.0500,0.0000,False,0.8020,-0.2600,0.0099,1.1903
868,0.0,0.2057,-0.0144,False,False,False,2.0345,4.7057,1.9923,-1.9649,-1.5562,-0.0045,0.0577,-0.0185,-0.0057,0.0922,0.1065,0.0260,0.2861,-0.3232,0.3408,0.1352,-0.1825,0.4066,0.0004,0.0000,0.0000,0.0000,False,-0.0094,0.0470,-0.0198,-0.0086,0.0587,0.0434,-1.3786,grasp,-0.1825,0.4066,0.0004,0.0000,0.0000,0.0000,False,,0.0500,0.0000,False,0.8020,-0.2600,0.0099,1.1903
869,0.0,0.2077,-0.0051,False,False,False,2.0353,4.7055,1.9923,-1.9636,-1.5547,-0.0041,0.0000,0.0000,0.0000,0.0000,-0.0000,0.0000,0.2710,-0.3247,0.3399,0.1363,-0.1825,0.4066,0.0004,0.0000,0.0000,0.0000,False,-0.0234,0.0576,-0.0365,0.0147,0.0046,-0.0033,2.4401,grasp,-0.1825,0.4066,0.0004,0.0000,0.0000,0.0000,False,,0.0500,0.0000,True,0.8020,-0.2600,0.0099,1.1903
870,0.0,0.2077,-0.0059,False,False,False,2.0350,4.7060,1.9919,-1.9634,-1.5547,-0.0042,-0.0242,0.0578,-0.0364,0.0134,0.0031,-0.0037,0.2910,-0.3247,0.3399,0.1363,-0.1825,0.4066,0.0004,0.0000,0.0000,0.0000,False,-0.0341,0.0296,-0.0684,0.0436,-0.0020,-0.0562,2.1905,grasp,-0.1825,0.4066,0.0004,0.0000,0.0000,0.0000,False,,0.0500,0.0000,True,0.8020,-0.2600,0.0099,1.1903
871,0.0,0.2075,-5.0067,True,False,False,2.0350,4.7060,1.9919,-1.9634,-1.5547,-0.0042,-0.0242,0.0578,-0.0364,0.0134,0.0031,-0.0037,0.2910,-0.3247,0.3399,0.1363,-0.1833,0.4070,-0.0000,0.0000,0.0000,0.0000,False,-0.0015,0.0066,-0.0494,-0.0047,0.0615,0.0019,1.8043,grasp,-0.1833,0.4070,-0.0000,0.0000,0.0000,0.0000,False,,0.0500,0.0000,True,0.8020,-0.2600,0.0099,1.1903
872,0.0,0.2183,-0.0049,False,False,False,2.0360,4.7043,1.9812,-1.9669,-1.5459,-0.0027,0.0053,-0.0134,0.0130,-0.0080,-0.0331,0.0035,0.0040,-0.3298,0.3442,0.1566,-0.1920,0.4108,0.0009,0.0000,0.0000,0.0000,False,-0.0776,0.0238,-0.0188,0.0776,-0.0685,-0.0153,-2.2396,grasp,-0.1920,0.4108,0.0009,0.0000,0.0000,0.0000,False,,0.0500,0.0000,False,0.8020,-0.2600,0.0277,1.1995
873,0.0,0.2169,-0.0067,False,False,False,2.0364,4.7048,1.9808,-1.9668,-1.5458,-0.0030,0.0368,0.0420,-0.0437,0.0123,0.0122,-0.0332,0.0524,-0.3296,0.3441,0.1548,-0.1920,0.4108,0.0009,0.0000,0.0000,0.0000,False,0.0368,0.0420,-0.0437,0.0123,0.0122,-0.0332,-1.4819,grasp,-0.1920,0.4108,0.0009,0.0000,0.0000,0.0000,False,,0.0500,0.0000,False,0.8020,-0.2600,0.0277,1.1995
874,0.0,0.2169,-0.0099,False,False,False,2.0364,4.7048,1.9808,-1.9668,-1.5458,-0.0030,0.0368,0.0420,-0.0437,0.0123,0.0122,-0.0332,0.0524,-0.3296,0.3441,0.1548,-0.1920,0.4108,0.0009,0.0000,0.0000,0.0000,False,0.0646,0.0655,-0.0576,0.0561,0.0276,-0.0682,-0.3730,grasp,-0.1920,0.4108,0.0009,0.0000,0.0000,0.0000,False,,0.0500,0.0000,False,0.8020,-0.2600,0.0277,1.1995
875,0.0,0.2179,-0.0106,False,False,False,2.0364,4.7048,1.9808,-1.9668,-1.5458,-0.0030,0.0368,0.0420,-0.0437,0.0123,0.0122,-0.0332,0.0524,-0.3296,0.3441,0.1548,-0.1908,0.4111,0.0008,0.0000,0.0000,0.0000,False,0.0313,0.0713,-0.0463,-0.0551,0.0633,-0.0439,-2.6289,grasp,-0.1908,0.4111,0.0008,0.0000,0.0000,0.0000,False,,0.0500,0.0000,False,0.8020,-0.2600,0.0277,1.1995
876,0.0,0.2176,-0.0292,False,False,False,2.0377,4.7039,1.9787,-1.9648,-1.5434,-0.0051,0.0422,-0.1093,-0.0811,0.1175,0.1441,-0.0961,0.0879,-0.3312,0.3436,0.1527,-0.1908,0.4111,0.0008,0.0000,0.0000,0.0000,False,0.0229,-0.0567,-0.0435,0.0621,0.0761,-0.0512,-2.0359,grasp,-0.1908,0.4111,0.0008,0.0000,0.0000,0.0000,False,,0.0500,0.0000,False,0.8020,-0.2600,0.0277,1.1995
877,0.0,0.2176,-0.0174,False,False,False,2.0391,4.7018,1.9779,-1.9639,-1.5405,-0.0071,0.0762,-0.0376,0.0382,-0.0742,0.0766,-0.0674,0.0928,-0.3312,0.3436,0.1527,-0.1908,0.4111,0.0008,0.0000,0.0000,0.0000,False,0.0768,-0.0403,0.0371,-0.0725,0.0786,-0.0688,-2.4265,grasp,-0.1908,0.4111,0.0008,0.0000,0.0000,0.0000,False,,0.0500,0.0000,False,0.8020,-0.2600,0.0277,1.1995
878,0.0,0.2203,-0.0198,False,False,False,2.0411,4.7019,1.9784,-1.9657,-1.5397,-0.0078,0.0517,0.0752,-0.0281,-0.0415,-0.0616,0.0627,0.0837,-0.3333,0.3423,0.1541,-0.1908,0.4111,0.0008,0.0000,0.0000,0.0000,False,0.0534,0.0745,-0.0274,-0.0429,-0.0601,0.0615,-2.7814,grasp,-0.1908,0.4111,0.0008,0.0000,0.0000,0.0000,False,,0.0500,0.0000,False,0.8020,-0.2600,0.0277,1.1995
879,0.0,0.2203,-0.0173,False,False,False,2.0411,4.7019,1.9784,-1.9657,-1.5397,-0.0078,0.0517,0.0752,-0.0281,-0.0415,-0.0616,0.0627,0.0837,-0.3333,0.3423,0.1541,-0.1908,0.4111,0.0008,0.0000,0.0000,0.0000,False,0.0187,-0.0496,0.0180,-0.0654,0.0735,0.0164,-3.0445,grasp,-0.1908,0.4111,0.0008,0.0000,0.0000,0.0000,False,,0.0500,0.0000,False,0.8020,-0.2600,0.0277,1.1995
880,0.0,0.2203,-0.0141,False,False,False,2.0411,4.7019,1.9784,-1.9657,-1.5397,-0.0078,0.0517,0.0752,-0.0281,-0.0415,-0.0616,0.0627,0.0837,-0.3333,0.3423,0.1541,-0.1908,0.4111,0.0008,0.0000,0.0000,0.0000,False,0.0285,0.0435,0.0500,0.0595,-0.0213,0.0274,-0.7195,grasp,-0.1908,0.4111,0.0008,0.0000,0.0000,0.0000,False,,0.0500,0.0000,False,0.8020,-0.2600,0.0277,1.1995
881,0.0,0.2171,-0.0071,False,False,False,2.0419,4.7039,1.9773,-1.9662,-1.5412,-0.0064,-0.0142,0.0538,-0.0542,0.0222,-0.0322,0.0214,0.1075,-0.3333,0.3423,0.1541,-0.1948,0.4115,0.0019,0.0000,0.0000,0.0000,False,-0.0132,0.0556,-0.0547,0.0214,-0.0333,0.0226,-1.3742,grasp,-0.1948,0.4115,0.0019,0.0000,0.0000,0.0000,False,,0.0500,0.0000,False,0.8020,-0.2600,0.0277,1.1995
882,0.0,0.2153,-0.0180,False,False,False,2.0417,4.7049,1.9762,-1.9658,-1.5418,-0.0060,-0.0270,0.1026,-0.1029,0.0421,-0.0611,0.0407,0.1193,-0.3335,0.3433,0.1517,-0.1948,0.4115,0.0019,0.0000,0.0000,0.0000,False,0.0722,-0.0149,-0.0473,0.0526,0.0730,0.0141,0.6477,grasp,-0.1948,0.4115,0.0019,0.0000,0.0000,0.0000,False,,0.0500,0.0000,True,0.8020,-0.2600,0.0277,1.1995
883,0.0,0.2153,-0.0180,False,False,False,2.0419,4.7059,1.9755,-1.9645,-1.5434,-0.0060,0.0576,-0.0466,0.0684,0.0681,-0.0699,-0.0600,0.1693,-0.3335,0.3433,0.1517,-0.1948,0.4115,0.0019,0.0000,0.0000,0.0000,False,0.0572,-0.0447,0.0669,0.0687,-0.0708,-0.0594,2.8899,grasp,-0.1948,0.4115,0.0019,0.0000,0.0000,0.0000,False,,0.0500,0.0000,True,0.8020,-0.2600,0.0277,1.1995
884,0.0,0.2117,-0.0070,False,False,False,2.0431,4.7055,1.9773,-1.9626,-1.5445,-0.0067,0.0105,0.0414,0.0504,0.0601,0.0178,0.0484,0.2018,-0.3329,0.3423,0.1466,-0.1948,0.4115,0.0019,0.0000,0.0000,0.0000,False,0.0116,0.0405,0.0517,0.0613,0.0164,0.0472,-2.2458,grasp,-0.1948,0.4115,0.0019,0.0000,0.0000,0.0000,False,,0.0500,0.0000,False,0.8020,-0.2600,0.0277,1.1995
885,0.0,0.2117,-0.0108,False,False,False,2.0431,4.7055,1.9773,-1.9626,-1.5445,-0.0067,0.0105,0.0414,0.0504,0.0601,0.0178,0.0484,0.2018,-0.3329,0.3423,0.1466,-0.1948,0.4115,0.0019,0.0000,0.0000,0.0000,False,0.0528,0.0725,0.0270,0.0414,0.0014,0.0451,-0.3320,grasp,-0.1948,0.4115,0.0019,0.0000,0.0000,0.0000,False,,0.0500,0.0000,False,0.8020,-0.2600,0.0277,1.1995
886,0.0,0.2152,-0.0161,False,False,False,2.0431,4.7055,1.9773,-1.9626,-1.5445,-0.0067,0.0105,0.0414,0.0504,0.0601,0.0178,0.0484,0.2018,-0.3329,0.3423,0.1466,-0.1914,0.4122,0.0003,0.0000,0.0000,0.0000,False,0.0053,0.0756,-0.0598,0.0066,-0.0175,-0.0038,1.5740,grasp,-0.1914,0.4122,0.0003,0.0000,0.0000,0.0000,False,,0.0500,0.0000,True,0.8020,-0.2600,0.0277,1.1995
887,0.0,0.2152,-0.0081,False,False,False,2.0431,4.7060,1.9781,-1.9608,-1.5436,-0.0060,-0.0172,-0.0287,-0.0108,0.0696,0.0599,-0.0238,0.2103,-0.3329,0.3423,0.1466,-0.1914,0.4122,0.0003,0.0000,0.0000,0.0000,False,-0.0170,-0.0276,-0.0098,0.0708,0.0602,-0.0228,-0.9104,grasp,-0.1914,0.4122,0.0003,0.0000,0.0000,0.0000,False,,0.0500,0.0000,False,0.8020,-0.2600,0.0277,1.1995
888,0.0,0.2152,-0.0107,False,False,False,2.0428,4.7055,1.9779,-1.9595,-1.5425,-0.0064,-0.0326,-0.0542,-0.0205,0.1323,0.1137,-0.0451,0.2177,-0.3329,0.3423,0.1466,-0.1914,0.4122,0.0003,0.0000,0.0000,0.0000,False,0.0702,-0.0632,-0.0455,0.0447,-0.0216,-0.0444,-0.0641,grasp,-0.1914,0.4122,0.0003,0.0000,0.0000,0.0000,False,,0.0500,0.0000,False,0.8020,-0.2600,0.0277,1.1995
889,0.0,0.2147,-0.0015,False,False,False,2.0435,4.7048,1.9775,-1.9591,-1.5427,-0.0069,-0.0000,0.0000,0.0000,0.0000,-0.0000,0.0000,0.2649,-0.3327,0.3406,0.1451,-0.1914,0.4122,0.0003,0.0000,0.0000,0.0000,False,0.0141,0.0375,-0.0427,0.0137,0.0512,0.0526,-0.5998,grasp,-0.1914,0.4122,0.0003,0.0000,0.0000,0.0000,False,,0.0500,0.0000,False,0.8020,-0.2600,0.0277,1.1995
890,0.0,0.2132,-0.0134,False,False,False,2.0436,4.7058,1.9773,-1.9585,-1.5416,-0.0071,0.0003,0.0572,0.0231,0.0410,0.0599,-0.0733,0.3105,-0.3332,0.3404,0.1424,-0.1914,0.4122,0.0003,0.0000,0.0000,0.0000,False,0.0004,0.0575,0.0227,0.0411,0.0604,-0.0727,1.4776,grasp,-0.1914,0.4122,0.0003,0.0000,0.0000,0.0000,False,,0.0500,0.0000,True,0.8020,-0.2600,0.0277,1.1995
891,0.0,0.2132,-0.0134,False,False,False,2.0436,4.7058,1.9773,-1.9585,-1.5416,-0.0071,0.0003,0.0572,0.0231,0.0410,0.0599,-0.0733,0.3105,-0.3332,0.3404,0.1424,-0.1914,0.4122,0.0003,0.0000,0.0000,0.0000,False,0.0328,0.0223,0.0648,0.0040,0.0713,0.0640,-0.8074,grasp,-0.1914,0.4122,0.0003,0.0000,0.0000,0.0000,False,,0.0500,0.0000,False,0.8020,-0.2600,0.0277,1.1995
892,0.0,0.2122,-5.0108,True,False,False,2.0436,4.7058,1.9773,-1.9585,-1.5416,-0.0071,0.0003,0.0572,0.0231,0.0410,0.0599,-0.0733,0.3105,-0.3332,0.3404,0.1424,-0.1920,0.4096,-0.0001,0.0000,0.0000,0.0000,False,-0.0284,-0.0203,-0.0777,-0.0479,0.0121,-0.0531,-0.0750,grasp,-0.1920,0.4096,-0.0001,0.0000,0.0000,0.0000,False,,0.0500,0.0000,False,0.8020,-0.2600,0.0277,1.1995
893,0.0,0.2261,-0.0055,False,False,False,2.0390,4.7006,1.9714,-1.9683,-1.5476,-0.0127,0.0014,-0.0087,0.0268,-0.0065,-0.0319,0.0173,0.0153,-0.3325,0.3475,0.1622,-0.1921,0.4192,0.0002,0.0000,0.0000,0.0000,False,0.0670,0.0763,-0.0781,-0.0619,-0.0218,-0.0054,2.4785,grasp,-0.1921,0.4192,0.0002,0.0000,0.0000,0.0000,False,,0.0500,0.0000,True,0.8020,-0.2600,0.0277,1.2043
894,0.0,0.2231,-0.0115,False,False,False,2.0380,4.7004,1.9724,-1.9671,-1.5488,-0.0127,-0.0645,-0.0119,0.0653,0.0763,-0.0749,0.0020,0.0949,-0.3320,0.3474,0.1585,-0.1921,0.4192,0.0002,0.0000,0.0000,0.0000,False,-0.0339,-0.0062,0.0344,0.0401,-0.0394,0.0010,-0.0228,grasp,-0.1921,0.4192,0.0002,0.0000,0.0000,0.0000,False,,0.0500,0.0000,False,0.8020,-0.2600,0.0277,1.2043
895,0.0,0.2231,-0.0134,False,False,False,2.0374,4.7009,1.9728,-1.9657,-1.5502,-0.0134,0.0341,0.0661,-0.0571,0.0284,-0.0383,-0.0769,0.1548,-0.3320,0.3474,0.1585,-0.1921,0.4192,0.0002,0.0000,0.0000,0.0000,False,0.0331,0.0659,-0.0562,0.0295,-0.0394,-0.0768,-2.4366,grasp,-0.1921,0.4192,0.0002,0.0000,0.0000,0.0000,False,,0.0500,0.0000,False,0.8020,-0.2600,0.0277,1.2043
896,0.0,0.2231,-0.0147,False,False,False,2.0374,4.7009,1.9728,-1.9657,-1.5502,-0.0134,0.0341,0.0661,-0.0571,0.0284,-0.0383,-0.0769,0.1548,-0.3320,0.3474,0.1585,-0.1921,0.4192,0.0002,0.0000,0.0000,0.0000,False,-0.0665,0.0705,-0.0388,-0.0266,-0.0144,-0.0750,0.4731,grasp,-0.1921,0.4192,0.0002,0.0000,0.0000,0.0000,False,,0.0500,0.0000,True,0.8020,-0.2600,0.0277,1.2043
897,0.0,0.2250,-0.0153,False,False,False,2.0374,4.7009,1.9728,-1.9657,-1.5502,-0.0134,0.0341,0.0661,-0.0571,0.0284,-0.0383,-0.0769,0.1548,-0.3320,0.3474,0.1585,-0.1893,0.4192,0.0001,0.0000,0.0000,0.0000,False,-0.0588,0.0495,0.0128,0.0094,-0.0189,-0.0605,-0.1027,grasp,-0.1893,0.4192,0.0001,0.0000,0.0000,0.0000,False,,0.0500,0.0000,False,0.8020,-0.2600,0.0277,1.2043
898,0.0,0.2198,-0.0222,False,False,False,2.0380,4.7022,1.9717,-1.9652,-1.5510,-0.0149,0.0647,0.1256,-0.1085,0.0540,-0.0728,-0.1461,0.1748,-0.3309,0.3473,0.1520,-0.1893,0.4192,0.0001,0.0000,0.0000,0.0000,False,-0.0640,-0.0131,-0.0132,0.0547,-0.0313,0.0388,-1.2778,grasp,-0.1893,0.4192,0.0001,0.0000,0.0000,0.0000,False,,0.0500,0.0000,False,0.8020,-0.2600,0.0277,1.2043
899,0.0,0.2198,-0.0105,False,False,False,2.0374,4.7020,1.9716,-1.9646,-1.5513,-0.0145,-0.0647,-0.0144,-0.0121,0.0542,-0.0306,0.0402,0.1878,-0.3309,0.3473,0.1520,-0.1893,0.4192,0.0001,0.0000,0.0000,0.0000,False,0.0198,0.0006,-0.0011,-0.0739,0.0722,0.0297,-2.3637,grasp,-0.1893,0.4192,0.0001,0.0000,0.0000,0.0000,False,,0.0500,0.0000,False,0.8020,-0.2600,0.0277,1.2043
900,0.0,0.2190,-0.0068,False,False,False,2.0380,4.7019,1.9720,-1.9645,-1.5511,-0.0141,0.0584,-0.0125,0.0394,0.0133,0.0176,0.0323,0.1952,-0.3307,0.3470,0.1509,-0.1893,0.4192,0.0001,0.0000,0.0000,0.0000,False,0.0584,-0.0125,0.0394,0.0133,0.0176,0.0323,-1.0618,grasp,-0.1893,0.4192,0.0001,0.0000,0.0000,0.0000,False,,0.0500,0.0000,False,0.8020,-0.2600,0.0277,1.2043
901,0.0,0.2190,-0.0156,False,False,False,2.0391,4.7017,1.9727,-1.9643,-1.5508,-0.0135,0.1110,-0.0237,0.0749,0.0253,0.0334,0.0613,0.2022,-0.3307,0.3470,0.1509,-0.1893,0.4192,0.0001,0.0000,0.0000,0.0000,False,0.0678,-0.0139,0.0269,0.0222,0.0010,0.0620,-1.5352,grasp,-0.1893,0.4192,0.0001,0.0000,0.0000,0.0000,False,,0.0500,0.0000,False,0.8020,-0.2600,0.0277,1.2043
902,0.0,0.2190,-0.0134,False,False,False,2.0395,4.7017,1.9732,-1.9645,-1.5513,-0.0139,0.0428,0.0030,0.0454,-0.0230,-0.0554,-0.0345,0.2422,-0.3307,0.3470,0.1509,-0.1893,0.4192,0.0001,0.0000,0.0000,0.0000,False,0.0428,0.0030,0.0454,-0.0230,-0.0554,-0.0345,2.6911,grasp,-0.1893,0.4192,0.0001,0.0000,0.0000,0.0000,False,,0.0500,0.0000,True,0.8020,-0.2600,0.0277,1.2043
903,0.0,0.2211,-5.0110,True,False,False,2.0395,4.7017,1.9732,-1.9645,-1.5513,-0.0139,0.0428,0.0030,0.0454,-0.0230,-0.0554,-0.0345,0.2422,-0.3307,0.3470,0.1509,-0.1861,0.4191,-0.0000,0.0000,0.0000,0.0000,False,0.0081,-0.0468,-0.0540,-0.0163,-0.0296,0.0009,3.0446,grasp,-0.1861,0.4191,-0.0000,0.0000,0.0000,0.0000,False,,0.0500,0.0000,True,0.8020,-0.2600,0.0277,1.2043
904,0.0,0.2334,-5.0030,True,False,False,2.0412,4.6936,1.9718,-1.9692,-1.5613,-0.0102,-0.0016,0.0009,0.0262,-0.0051,-0.0133,0.0140,0.0107,-0.3297,0.3485,0.1657,-0.1841,0.4233,-0.0007,0.0000,0.0000,0.0000,False,0.0583,0.0658,-0.0682,0.0698,-0.0641,0.0748,0.1562,grasp,-0.1841,0.4233,-0.0007,0.0000,0.0000,0.0000,False,,0.0500,0.0000,True,0.8020,-0.2600,0.0277,1.2001
905,0.0,0.2177,-5.0027,True,False,False,2.0429,4.6962,1.9760,-1.9680,-1.5670,-0.0039,-0.0044,-0.0031,0.0228,-0.0076,-0.0061,0.0060,0.6077,-0.3283,0.3471,0.1397,-0.1785,0.4196,-0.0006,0.0000,0.0000,0.0000,False,0.0769,0.0538,0.0279,0.0232,-0.0098,-0.0489,-1.5570,grasp,-0.1785,0.4196,-0.0006,0.0000,0.0000,0.0000,False,,0.0500,0.0000,False,0.8020,-0.2600,0.0099,1.1931
906,0.0,0.2267,-5.0025,True,False,False,2.0446,4.6975,1.9824,-1.9690,-1.5688,-0.0043,-0.0071,-0.0050,0.0131,-0.0062,-0.0033,0.0066,0.0088,-0.3272,0.3443,0.1589,-0.1823,0.4159,-0.0002,0.0000,0.0000,0.0000,False,-0.0545,0.0715,0.0101,0.0620,0.0069,0.0553,1.3468,grasp,-0.1823,0.4159,-0.0002,0.0000,0.0000,0.0000,False,,0.0500,0.0000,True,0.8020,-0.2600,0.0099,1.1941
907,0.0,0.2245,-0.0019,False,False,False,2.0410,4.6989,1.9858,-1.9681,-1.5693,-0.0008,-0.0016,-0.0072,0.0079,-0.0074,-0.0026,0.0012,0.0002,-0.3249,0.3440,0.1573,-0.1804,0.4134,0.0001,0.0000,0.0000,0.0000,False,-0.0445,0.0548,-0.0386,0.0556,-0.0607,0.0611,1.5822,grasp,-0.1804,0.4134,0.0001,0.0000,0.0000,0.0000,False,,0.0500,0.0000,True,0.8020,-0.2600,0.0099,1.1911
908,0.0,0.2236,-0.0106,False,False,False,2.0408,4.6993,1.9853,-1.9682,-1.5694,-0.0001,-0.0235,0.0482,-0.0586,0.0036,-0.0096,0.0635,0.0402,-0.3248,0.3440,0.1560,-0.1804,0.4134,0.0001,0.0000,0.0000,0.0000,False,-0.0235,0.0481,-0.0585,0.0035,-0.0097,0.0635,2.5746,grasp,-0.1804,0.4134,0.0001,0.0000,0.0000,0.0000,False,,0.0500,0.0000,True,0.8020,-0.2600,0.0099,1.1911
909,0.0,0.2236,-0.0220,False,False,False,2.0403,4.7002,1.9842,-1.9681,-1.5696,0.0011,-0.0446,0.0916,-0.1114,0.0068,-0.0183,0.1207,0.0602,-0.3248,0.3440,0.1560,-0.1804,0.4134,0.0001,0.0000,0.0000,0.0000,False,-0.0448,0.0543,-0.0086,0.0738,0.0202,-0.0113,-1.2232,grasp,-0.1804,0.4134,0.0001,0.0000,0.0000,0.0000,False,,0.0500,0.0000,False,0.8020,-0.2600,0.0099,1.1911
910,0.0,0.2237,-0.0207,False,False,False,2.0403,4.7002,1.9842,-1.9681,-1.5696,0.0011,-0.0446,0.0916,-0.1114,0.0068,-0.0183,0.1207,0.0602,-0.3248,0.3440,0.1560,-0.1802,0.4134,0.0001,0.0000,0.0000,0.0000,False,0.0506,0.0266,0.0220,0.0636,-0.0360,-0.0231,-0.0126,grasp,-0.1802,0.4134,0.0001,0.0000,0.0000,0.0000,False,,0.0500,0.0000,False,0.8020,-0.2600,0.0099,1.1911
911,0.0,0.2193,-0.0105,False,False,False,2.0397,4.7009,1.9835,-1.9675,-1.5699,0.0011,-0.0652,0.0668,-0.0716,0.0596,-0.0237,-0.0026,0.1183,-0.3246,0.3452,0.1503,-0.1802,0.4134,0.0001,0.0000,0.0000,0.0000,False,-0.0652,0.0668,-0.0716,0.0596,-0.0237,-0.0026,0.9872,grasp,-0.1802,0.4134,0.0001,0.0000,0.0000,0.0000,False,,0.0500,0.0000,True,0.8020,-0.2600,0.0099,1.1911
912,0.0,0.2193,-0.0103,False,False,False,2.0384,4.7018,1.9823,-1.9658,-1.5699,0.0005,-0.0055,-0.0457,0.0192,0.0533,0.0381,-0.0520,0.1779,-0.3246,0.3452,0.1503,-0.1802,0.4134,0.0001,0.0000,0.0000,0.0000,False,-0.0068,-0.0441,0.0179,0.0544,0.0377,-0.0520,2.1682,grasp,-0.1802,0.4134,0.0001,0.0000,0.0000,0.0000,False,,0.0500,0.0000,True,0.8020,-0.2600,0.0099,1.1911
913,0.0,0.2156,0.0012,False,False,False,2.0383,4.7009,1.9827,-1.9648,-1.5692,-0.0005,0.0000,0.0000,0.0000,0.0000,-0.0000,0.0000,0.2178,-0.3241,0.3452,0.1454,-0.1802,0.4134,0.0001,0.0000,0.0000,0.0000,False,0.0458,0.0054,-0.0097,-0.0601,0.0607,-0.0504,0.1680,grasp,-0.1802,0.4134,0.0001,0.0000,0.0000,0.0000,False,,0.0500,0.0000,True,0.8020,-0.2600,0.0099,1.1911
914,0.0,0.2156,-0.0113,False,False,False,2.0387,4.7010,1.9826,-1.9654,-1.5686,-0.0010,0.0459,0.0063,-0.0100,-0.0611,0.0599,-0.0494,0.2378,-0.3241,0.3452,0.1454,-0.1802,0.4134,0.0001,0.0000,0.0000,0.0000,False,0.0672,0.0729,-0.0772,0.0199,0.0448,0.0110,-3.0837,grasp,-0.1802,0.4134,0.0001,0.0000,0.0000,0.0000,False,,0.0500,0.0000,False,0.8020,-0.2600,0.0099,1.1911
915,0.0,0.2156,-0.0218,False,False,False,2.0396,4.7011,1.9824,-1.9666,-1.5675,-0.0019,0.0871,0.0120,-0.0191,-0.1161,0.1139,-0.0939,0.2578,-0.3241,0.3452,0.1454,-0.1802,0.4134,0.0001,0.0000,0.0000,0.0000,False,-0.0771,-0.0419,-0.0045,0.0327,0.0196,0.0409,1.9091,grasp,-0.1802,0.4134,0.0001,0.0000,0.0000,0.0000,False,,0.0500,0.0000,True,0.8020,-0.2600,0.0099,1.1911
916,0.0,0.2185,-0.0145,False,False,False,2.0389,4.7010,1.9829,-1.9664,-1.5682,-0.0015,-0.0672,-0.0053,0.0521,0.0196,-0.0708,0.0427,0.3172,-0.3241,0.3452,0.1454,-0.1766,0.4152,0.0002,0.0000,0.0000,0.0000,False,-0.0672,-0.0053,0.0521,0.0196,-0.0708,0.0427,2.4990,grasp,-0.1766,0.4152,0.0002,0.0000,0.0000,0.0000,False,,0.0500,0.0000,True,0.8020,-0.2600,0.0099,1.1911
917,0.0,0.2162,-0.0113,False,False,False,2.0389,4.7010,1.9829,-1.9664,-1.5682,-0.0015,-0.0672,-0.0053,0.0521,0.0196,-0.0708,0.0427,0.3172,-0.3247,0.3451,0.1412,-0.1766,0.4152,0.0002,0.0000,0.0000,0.0000,False,-0.0104,-0.0355,-0.0490,-0.0037,0.0470,-0.0267,2.7741,grasp,-0.1766,0.4152,0.0002,0.0000,0.0000,0.0000,False,,0.0500,0.0000,True,0.8020,-0.2600,0.0099,1.1911
918,0.0,0.2162,-0.0023,False,False,False,2.0377,4.7009,1.9839,-1.9660,-1.5695,-0.0007,0.0000,0.0000,0.0000,0.0000,-0.0000,0.0000,0.3769,-0.3247,0.3451,0.1412,-0.1766,0.4152,0.0002,0.0000,0.0000,0.0000,False,-0.0534,0.0664,0.0334,-0.0670,-0.0610,-0.0325,1.2628,grasp,-0.1766,0.4152,0.0002,0.0000,0.0000,0.0000,False,,0.0500,0.0000,True,0.8020,-0.2600,0.0099,1.1911
919,0.0,0.2133,-0.0099,False,False,False,2.0370,4.7023,1.9844,-1.9662,-1.5705,-0.0016,-0.0102,0.0726,0.0185,0.0473,-0.0394,-0.0532,0.3554,-0.3234,0.3455,0.1383,-0.1766,0.4152,0.0002,0.0000,0.0000,0.0000,False,-0.0107,0.0734,0.0188,0.0466,-0.0400,-0.0535,-2.7466,grasp,-0.1766,0.4152,0.0002,0.0000,0.0000,0.0000,False,,0.0500,0.0000,False,0.8020,-0.2600,0.0099,1.1911
920,0.0,0.2133,-0.0126,False,False,False,2.0370,4.7023,1.9844,-1.9662,-1.5705,-0.0016,-0.0102,0.0726,0.0185,0.0473,-0.0394,-0.0532,0.3554,-0.3234,0.3455,0.1383,-0.1766,0.4152,0.0002,0.0000,0.0000,0.0000,False,-0.0215,0.0347,0.0314,0.0064,0.0465,0.0633,2.6929,grasp,-0.1766,0.4152,0.0002,0.0000,0.0000,0.0000,False,,0.0500,0.0000,True,0.8020,-0.2600,0.0099,1.1911
921,0.0,0.2167,-5.0144,True,False,False,2.0370,4.7023,1.9844,-1.9662,-1.5705,-0.0016,-0.0102,0.0726,0.0185,0.0473,-0.0394,-0.0532,0.3554,-0.3234,0.3455,0.1383,-0.1731,0.4168,-0.0006,0.0000,0.0000,0.0000,False,0.0081,0.0721,0.0324,-0.0121,0.0499,-0.0310,0.9136,grasp,-0.1731,0.4168,-0.0006,0.0000,0.0000,0.0000,False,,0.0500,0.0000,True,0.8020,-0.2600,0.0099,1.1911
922,0.0,0.2141,-0.0030,False,False,False,2.0388,4.7099,1.9906,-1.9692,-1.5648,-0.0056,0.0016,-0.0219,0.0005,-0.0053,-0.0086,0.0078,0.0032,-0.3243,0.3424,0.1497,-0.1854,0.4092,0.0011,0.0000,0.0000,0.0000,False,0.0344,0.0436,0.0036,0.0474,0.0662,0.0668,0.8808,grasp,-0.1854,0.4092,0.0011,0.0000,0.0000,0.0000,False,,0.0500,0.0000,True,0.8020,-0.2600,0.0183,1.1930
923,0.0,0.2126,-0.0155,False,False,False,2.0392,4.7106,1.9913,-1.9694,-1.5640,-0.0049,0.0351,0.0687,0.0680,-0.0212,0.0756,0.0721,0.0627,-0.3243,0.3424,0.1475,-0.1854,0.4092,0.0011,0.0000,0.0000,0.0000,False,0.0351,0.0687,0.0680,-0.0212,0.0756,0.0721,0.9411,grasp,-0.1854,0.4092,0.0011,0.0000,0.0000,0.0000,False,,0.0500,0.0000,True,0.8020,-0.2600,0.0183,1.1930
924,0.0,0.2126,-0.0157,False,False,False,2.0392,4.7106,1.9913,-1.9694,-1.5640,-0.0049,0.0351,0.0687,0.0680,-0.0212,0.0756,0.0721,0.0627,-0.3243,0.3424,0.1475,-0.1854,0.4092,0.0011,0.0000,0.0000,0.0000,False,-0.0023,-0.0320,0.0597,0.0735,0.0208,-0.0375,-1.1095,grasp,-0.1854,0.4092,0.0011,0.0000,0.0000,0.0000,False,,0.0500,0.0000,False,0.8020,-0.2600,0.0183,1.1930
925,0.0,0.2134,-0.0178,False,False,False,2.0392,4.7106,1.9913,-1.9694,-1.5640,-0.0049,0.0351,0.0687,0.0680,-0.0212,0.0756,0.0721,0.0627,-0.3243,0.3424,0.1475,-0.1847,0.4096,0.0009,0.0000,0.0000,0.0000,False,0.0477,-0.0131,-0.0587,-0.0520,-0.0302,0.0018,-2.2722,grasp,-0.1847,0.4096,0.0009,0.0000,0.0000,0.0000,False,,0.0500,0.0000,False,0.8020,-0.2600,0.0183,1.1930
926,0.0,0.2134,-0.0111,False,False,False,2.0402,4.7123,1.9923,-1.9701,-1.5619,-0.0035,0.0327,0.0318,-0.0314,-0.0322,0.0728,0.0004,0.1222,-0.3243,0.3424,0.1475,-0.1847,0.4096,0.0009,0.0000,0.0000,0.0000,False,0.0334,0.0340,-0.0298,-0.0326,0.0742,0.0018,2.7322,grasp,-0.1847,0.4096,0.0009,0.0000,0.0000,0.0000,False,,0.0500,0.0000,True,0.8020,-0.2600,0.0183,1.1930
927,0.0,0.2134,-0.0093,False,False,False,2.0402,4.7123,1.9923,-1.9701,-1.5619,-0.0035,0.0327,0.0318,-0.0314,-0.0322,0.0728,0.0004,0.1222,-0.3243,0.3424,0.1475,-0.1847,0.4096,0.0009,0.0000,0.0000,0.0000,False,0.0508,0.0651,0.0770,-0.0423,0.0241,-0.0429,0.8923,grasp,-0.1847,0.4096,0.0009,0.0000,0.0000,0.0000,False,,0.0500,0.0000,True,0.8020,-0.2600,0.0183,1.1930
928,0.0,0.2100,-0.0089,False,False,False,2.0406,4.7135,1.9920,-1.9710,-1.5603,-0.0028,-0.0214,0.0571,0.0282,-0.0291,0.0165,0.0750,0.1744,-0.3260,0.3410,0.1402,-0.1847,0.4096,0.0009,0.0000,0.0000,0.0000,False,-0.0214,0.0571,0.0282,-0.0291,0.0165,0.0750,-2.5191,grasp,-0.1847,0.4096,0.0009,0.0000,0.0000,0.0000,False,,0.0500,0.0000,False,0.8020,-0.2600,0.0183,1.1930
929,0.0,0.2077,-0.0087,False,False,False,2.0404,4.7148,1.9930,-1.9722,-1.5595,-0.0011,0.0200,0.0117,0.0510,-0.0588,0.0541,0.0244,0.2048,-0.3258,0.3409,0.1369,-0.1847,0.4096,0.0009,0.0000,0.0000,0.0000,False,0.0196,0.0134,0.0515,-0.0594,0.0544,0.0259,3.0992,grasp,-0.1847,0.4096,0.0009,0.0000,0.0000,0.0000,False,,0.0500,0.0000,True,0.8020,-0.2600,0.0183,1.1930
930,0.0,0.2077,-0.0092,False,False,False,2.0404,4.7148,1.9930,-1.9722,-1.5595,-0.0011,0.0200,0.0117,0.0510,-0.0588,0.0541,0.0244,0.2048,-0.3258,0.3409,0.1369,-0.1847,0.4096,0.0009,0.0000,0.0000,0.0000,False,-0.0512,0.0653,-0.0547,-0.0435,0.0227,0.0320,-1.5492,grasp,-0.1847,0.4096,0.0009,0.0000,0.0000,0.0000,False,,0.0500,0.0000,False,0.8020,-0.2600,0.0183,1.1930
931,0.0,0.2092,-5.0133,True,False,False,2.0404,4.7148,1.9930,-1.9722,-1.5595,-0.0011,0.0200,0.0117,0.0510,-0.0588,0.0541,0.0244,0.2048,-0.3258,0.3409,0.1369,-0.1851,0.4077,-0.0027,0.0000,0.0000,0.0000,False,-0.0758,0.0411,-0.0538,0.0722,0.0637,-0.0647,-1.6862,grasp,-0.1851,0.4077,-0.0027,0.0000,0.0000,0.0000,False,,0.0500,0.0000,False,0.8020,-0.2600,0.0183,1.1930
932,0.0,0.2110,-0.0050,False,False,False,2.0308,4.7144,1.9862,-1.9638,-1.5540,-0.0088,0.0127,-0.0275,0.0066,-0.0125,-0.0233,0.0120,0.0089,-0.3244,0.3441,0.1489,-0.1879,0.4087,0.0015,0.0000,0.0000,0.0000,False,-0.0408,-0.0240,0.0572,0.0207,-0.0045,0.0135,-1.8006,grasp,-0.1879,0.4087,0.0015,0.0000,0.0000,0.0000,False,,0.0500,0.0000,False,0.8020,-0.2600,0.0099,1.1946
933,0.0,0.2100,-0.0100,False,False,False,2.0302,4.7143,1.9859,-1.9637,-1.5532,-0.0093,-0.0560,-0.0051,-0.0268,0.0145,0.0770,-0.0486,0.0401,-0.3245,0.3442,0.1474,-0.1879,0.4087,0.0015,0.0000,0.0000,0.0000,False,-0.0560,-0.0051,-0.0268,0.0145,0.0770,-0.0486,-2.3236,grasp,-0.1879,0.4087,0.0015,0.0000,0.0000,0.0000,False,,0.0500,0.0000,False,0.8020,-0.2600,0.0099,1.1946
934,0.0,0.2100,-0.0214,False,False,False,2.0291,4.7142,1.9854,-1.9634,-1.5517,-0.0102,-0.1063,-0.0097,-0.0510,0.0276,0.1463,-0.0923,0.0465,-0.3245,0.3442,0.1474,-0.1879,0.4087,0.0015,0.0000,0.0000,0.0000,False,0.0018,-0.0264,-0.0207,-0.0500,0.0401,0.0251,2.5744,grasp,-0.1879,0.4087,0.0015,0.0000,0.0000,0.0000,False,,0.0500,0.0000,True,0.8020,-0.2600,0.0099,1.1946
935,0.0,0.2100,-0.0218,False,False,False,2.0291,4.7142,1.9854,-1.9634,-1.5517,-0.0102,-0.1063,-0.0097,-0.0510,0.0276,0.1463,-0.0923,0.0465,-0.3245,0.3442,0.1474,-0.1879,0.4087,0.0015,0.0000,0.0000,0.0000,False,-0.0668,-0.0197,-0.0691,-0.0353,-0.0423,-0.0543,-0.3104,grasp,-0.1879,0.4087,0.0015,0.0000,0.0000,0.0000,False,,0.0500,0.0000,False,0.8020,-0.2600,0.0099,1.1946
936,0.0,0.2100,-0.0062,False,False,False,2.0296,4.7144,1.9850,-1.9633,-1.5515,-0.0100,0.0418,0.0130,-0.0349,0.0134,0.0233,0.0152,0.1065,-0.3245,0.3442,0.1474,-0.1879,0.4087,0.0015,0.0000,0.0000,0.0000,False,0.0418,0.0130,-0.0349,0.0134,0.0233,0.0152,-3.0042,grasp,-0.1879,0.4087,0.0015,0.0000,0.0000,0.0000,False,,0.0500,0.0000,False,0.8020,-0.2600,0.0099,1.1946
937,0.0,0.2109,-0.0080,False,False,False,2.0296,4.7144,1.9850,-1.9633,-1.5515,-0.0100,0.0418,0.0130,-0.0349,0.0134,0.0233,0.0152,0.1065,-0.3245,0.3442,0.1474,-0.1871,0.4092,0.0011,0.0000,0.0000,0.0000,False,0.0439,0.0757,0.0245,0.0707,-0.0091,0.0235,-2.2534,grasp,-0.1871,0.4092,0.0011,0.0000,0.0000,0.0000,False,,0.0500,0.0000,False,0.8020,-0.2600,0.0099,1.1946
938,0.0,0.2084,-0.0109,False,False,False,2.0309,4.7142,1.9839,-1.9638,-1.5514,-0.0103,0.0556,-0.0371,-0.0511,-0.0761,-0.0360,-0.0519,0.1465,-0.3253,0.3441,0.1429,-0.1871,0.4092,0.0011,0.0000,0.0000,0.0000,False,0.0564,-0.0368,-0.0518,-0.0758,-0.0355,-0.0516,-1.3542,grasp,-0.1871,0.4092,0.0011,0.0000,0.0000,0.0000,False,,0.0500,0.0000,False,0.8020,-0.2600,0.0099,1.1946
939,0.0,0.2093,-0.0114,False,False,False,2.0324,4.7138,1.9827,-1.9657,-1.5521,-0.0105,0.0428,0.0307,-0.0155,-0.0481,-0.0016,0.0724,0.1415,-0.3264,0.3449,0.1434,-0.1871,0.4092,0.0011,0.0000,0.0000,0.0000,False,0.0438,0.0296,-0.0165,-0.0495,-0.0023,0.0714,-2.4676,grasp,-0.1871,0.4092,0.0011,0.0000,0.0000,0.0000,False,,0.0500,0.0000,False,0.8020,-0.2600,0.0099,1.1946
940,0.0,0.2093,-0.0186,False,False,False,2.0332,4.7144,1.9824,-1.9666,-1.5521,-0.0092,0.0812,0.0579,-0.0294,-0.0914,-0.0030,0.1375,0.1360,-0.3264,0.3449,0.1434,-0.1871,0.4092,0.0011,0.0000,0.0000,0.0000,False,0.0212,0.0455,-0.0387,-0.0253,0.0175,-0.0199,-1.2282,grasp,-0.1871,0.4092,0.0011,0.0000,0.0000,0.0000,False,,0.0500,0.0000,False,0.8020,-0.2600,0.0099,1.1946
941,0.0,0.2093,-0.0211,False,False,False,2.0332,4.7144,1.9824,-1.9666,-1.5521,-0.0092,0.0812,0.0579,-0.0294,-0.0914,-0.0030,0.1375,0.1360,-0.3264,0.3449,0.1434,-0.1871,0.4092,0.0011,0.0000,0.0000,0.0000,False,-0.0568,0.0189,-0.0630,0.0282,0.0281,-0.0280,1.7677,grasp,-0.1871,0.4092,0.0011,0.0000,0.0000,0.0000,False,,0.0500,0.0000,True,0.8020,-0.2600,0.0099,1.1946
942,0.0,0.2093,-0.0139,False,False,False,2.0331,4.7138,1.9830,-1.9659,-1.5518,-0.0089,-0.0056,-0.0617,0.0610,0.0680,0.0341,0.0279,0.1864,-0.3264,0.3449,0.1434,-0.1871,0.4092,0.0011,0.0000,0.0000,0.0000,False,-0.0056,-0.0617,0.0610,0.0680,0.0341,0.0279,0.9456,grasp,-0.1871,0.4092,0.0011,0.0000,0.0000,0.0000,False,,0.0500,0.0000,True,0.8020,-0.2600,0.0099,1.1946
943,0.0,0.2089,-0.0136,False,False,False,2.0331,4.7138,1.9830,-1.9659,-1.5518,-0.0089,-0.0056,-0.0617,0.0610,0.0680,0.0341,0.0279,0.1864,-0.3264,0.3449,0.1434,-0.1880,0.4119,0.0019,0.0000,0.0000,0.0000,False,0.0581,-0.0764,0.0451,-0.0468,0.0575,0.0069,-0.8579,grasp,-0.1880,0.4119,0.0019,0.0000,0.0000,0.0000,False,,0.0500,0.0000,False,0.8020,-0.2600,0.0099,1.1946
944,0.0,0.2071,-0.0121,False,False,False,2.0336,4.7118,1.9846,-1.9651,-1.5506,-0.0083,0.0582,-0.0752,0.0440,-0.0481,0.0568,0.0063,0.2460,-0.3265,0.3437,0.1400,-0.1880,0.4119,0.0019,0.0000,0.0000,0.0000,False,0.0060,0.0123,0.0489,-0.0333,0.0684,0.0088,0.8665,grasp,-0.1880,0.4119,0.0019,0.0000,0.0000,0.0000,False,,0.0500,0.0000,True,0.8020,-0.2600,0.0099,1.1946
945,0.0,0.2044,-0.0091,False,False,False,2.0333,4.7123,1.9845,-1.9658,-1.5513,-0.0081,-0.0331,0.0417,-0.0113,-0.0679,-0.0676,0.0178,0.3060,-0.3267,0.3437,0.1358,-0.1880,0.4119,0.0019,0.0000,0.0000,0.0000,False,-0.0331,0.0417,-0.0113,-0.0679,-0.0676,0.0178,2.0304,grasp,-0.1880,0.4119,0.0019,0.0000,0.0000,0.0000,False,,0.0500,0.0000,True,0.8020,-0.2600,0.0099,1.1946
946,0.0,0.2044,-0.0229,False,False,False,2.0327,4.7131,1.9843,-1.9671,-1.5525,-0.0078,-0.0629,0.0792,-0.0215,-0.1289,-0.1284,0.0337,0.3260,-0.3267,0.3437,0.1358,-0.1880,0.4119,0.0019,0.0000,0.0000,0.0000,False,-0.0175,-0.0258,-0.0720,0.0411,0.0606,-0.0155,2.1089,grasp,-0.1880,0.4119,0.0019,0.0000,0.0000,0.0000,False,,0.0500,0.0000,True,0.8020,-0.2600,0.0099,1.1946
947,0.0,0.2044,-0.0246,False,False,False,2.0327,4.7131,1.9843,-1.9671,-1.5525,-0.0078,-0.0629,0.0792,-0.0215,-0.1289,-0.1284,0.0337,0.3260,-0.3267,0.3437,0.1358,-0.1880,0.4119,0.0019,0.0000,0.0000,0.0000,False,-0.0391,-0.0284,-0.0280,0.0089,0.0713,-0.0507,2.2029,grasp,-0.1880,0.4119,0.0019,0.0000,0.0000,0.0000,False,,0.0500,0.0000,True,0.8020,-0.2600,0.0099,1.1946
948,0.0,0.2067,-0.0044,False,False,False,2.0327,4.7131,1.9843,-1.9671,-1.5525,-0.0078,0.0000,0.0000,0.0000,0.0000,-0.0000,0.0000,0.3656,-0.3267,0.3437,0.1358,-0.1860,0.4112,0.0001,0.0000,0.0000,0.0000,False,-0.0537,-0.0310,-0.0348,0.0114,0.0261,-0.0307,-1.6834,grasp,-0.1860,0.4112,0.0001,0.0000,0.0000,0.0000,False,,0.0500,0.0000,False,0.8020,-0.2600,0.0099,1.1946
949,0.0,0.2048,-0.0243,False,False,False,2.0341,4.7146,1.9822,-1.9650,-1.5518,-0.0084,0.1185,0.1184,-0.1226,0.1308,0.0014,-0.0082,0.3445,-0.3264,0.3445,0.1335,-0.1860,0.4112,0.0001,0.0000,0.0000,0.0000,False,0.0620,0.0620,-0.0648,0.0689,0.0014,-0.0048,-1.3836,grasp,-0.1860,0.4112,0.0001,0.0000,0.0000,0.0000,False,,0.0500,0.0000,False,0.8020,-0.2600,0.0099,1.1946
950,0.0,0.2048,-0.0259,False,False,False,2.0341,4.7146,1.9822,-1.9650,-1.5518,-0.0084,0.1185,0.1184,-0.1226,0.1308,0.0014,-0.0082,0.3445,-0.3264,0.3445,0.1335,-0.1860,0.4112,0.0001,0.0000,0.0000,0.0000,False,-0.0229,-0.0513,-0.0503,-0.0035,-0.0463,0.0481,-2.4867,grasp,-0.1860,0.4112,0.0001,0.0000,0.0000,0.0000,False,,0.0500,0.0000,False,0.8020,-0.2600,0.0099,1.1946
951,0.0,0.2067,-0.0047,False,False,False,2.0358,4.7163,1.9804,-1.9631,-1.5518,-0.0085,0.0000,0.0000,0.0000,0.0000,-0.0000,0.0000,0.3324,-0.3278,0.3438,0.1346,-0.1860,0.4112,0.0001,0.0000,0.0000,0.0000,False,0.0342,-0.0127,0.0537,0.0533,-0.0581,0.0785,1.0402,grasp,-0.1860,0.4112,0.0001,0.0000,0.0000,0.0000,False,,0.0500,0.0000,True,0.8020,-0.2600,0.0099,1.1946
952,0.0,0.2067,-0.0156,False,False,False,2.0361,4.7162,1.9809,-1.9626,-1.5524,-0.0077,0.0342,-0.0127,0.0537,0.0533,-0.0581,0.0785,0.3520,-0.3278,0.3438,0.1346,-0.1860,0.4112,0.0001,0.0000,0.0000,0.0000,False,-0.0294,0.0188,-0.0552,0.0750,0.0642,0.0269,-2.6922,grasp,-0.1860,0.4112,0.0001,0.0000,0.0000,0.0000,False,,0.0500,0.0000,False,0.8020,-0.2600,0.0099,1.1946
953,0.0,0.2067,-0.0017,False,False,False,2.0361,4.7162,1.9809,-1.9626,-1.5524,-0.0077,-0.0000,0.0000,0.0000,0.0000,-0.0000,0.0000,0.3920,-0.3278,0.3438,0.1346,-0.1860,0.4112,0.0001,0.0000,0.0000,0.0000,False,-0.0724,0.0481,0.0309,-0.0754,0.0102,-0.0063,0.1290,grasp,-0.1860,0.4112,0.0001,0.0000,0.0000,0.0000,False,,0.0500,0.0000,False,0.8020,-0.2600,0.0099,1.1946
954,0.0,0.2080,-0.0044,False,False,False,2.0361,4.7162,1.9809,-1.9626,-1.5524,-0.0077,-0.0000,0.0000,0.0000,0.0000,-0.0000,0.0000,0.3920,-0.3278,0.3438,0.1346,-0.1849,0.4127,0.0001,0.0000,0.0000,0.0000,False,-0.0511,0.0166,-0.0343,0.0257,-0.0700,-0.0188,0.9887,grasp,-0.1849,0.4127,0.0001,0.0000,0.0000,0.0000,False,,0.0500,0.0000,True,0.8020,-0.2600,0.0099,1.1946
955,0.0,0.2056,-0.0116,False,False,False,2.0377,4.7171,1.9807,-1.9630,-1.5525,-0.0086,0.1490,0.0276,-0.0355,0.0252,-0.0137,-0.0550,0.4372,-0.3274,0.3436,0.1312,-0.1849,0.4127,0.0001,0.0000,0.0000,0.0000,False,0.0777,0.0150,-0.0184,0.0125,-0.0071,-0.0290,0.7990,grasp,-0.1849,0.4127,0.0001,0.0000,0.0000,0.0000,False,,0.0500,0.0000,False,0.8020,-0.2600,0.0099,1.1946
956,0.0,0.2056,-0.0167,False,False,False,2.0377,4.7171,1.9807,-1.9630,-1.5525,-0.0086,0.1490,0.0276,-0.0355,0.0252,-0.0137,-0.0550,0.4372,-0.3274,0.3436,0.1312,-0.1849,0.4127,0.0001,0.0000,0.0000,0.0000,False,0.0141,0.0735,0.0057,-0.0307,0.0539,0.0351,0.8114,grasp,-0.1849,0.4127,0.0001,0.0000,0.0000,0.0000,False,,0.0500,0.0000,False,0.8020,-0.2600,0.0099,1.1946
957,0.0,0.2064,-0.0031,False,False,False,2.0398,4.7175,1.9802,-1.9626,-1.5527,-0.0094,0.0000,0.0000,0.0000,0.0000,-0.0000,0.0000,0.4696,-0.3290,0.3424,0.1300,-0.1849,0.4127,0.0001,0.0000,0.0000,0.0000,False,0.0345,-0.0499,-0.0392,-0.0547,0.0680,0.0650,2.9458,grasp,-0.1849,0.4127,0.0001,0.0000,0.0000,0.0000,False,,0.0500,0.0000,True,0.8020,-0.2600,0.0099,1.1946
958,0.0,0.2064,-0.0172,False,False,False,2.0402,4.7170,1.9798,-1.9632,-1.5520,-0.0088,0.0345,-0.0499,-0.0392,-0.0547,0.0680,0.0650,0.4896,-0.3290,0.3424,0.1300,-0.1849,0.4127,0.0001,0.0000,0.0000,0.0000,False,-0.0394,0.0633,-0.0415,-0.0662,-0.0243,-0.0452,0.6556,grasp,-0.1849,0.4127,0.0001,0.0000,0.0000,0.0000,False,,0.0500,0.0000,False,0.8020,-0.2600,0.0099,1.1946
959,0.0,0.2064,-0.0024,False,False,False,2.0402,4.7170,1.9798,-1.9632,-1.5520,-0.0088,-0.0000,0.0000,0.0000,0.0000,-0.0000,0.0000,0.4707,-0.3290,0.3424,0.1300,-0.1849,0.4127,0.0001,0.0000,0.0000,0.0000,False,-0.0406,0.0695,-0.0738,-0.0305,0.0765,0.0778,-2.5235,grasp,-0.1849,0.4127,0.0001,0.0000,0.0000,0.0000,False,,0.0500,0.0000,False,0.8020,-0.2600,0.0099,1.1946
960,0.0,0.2030,0.0019,False,False,False,2.0402,4.7170,1.9798,-1.9632,-1.5520,-0.0088,-0.0000,0.0000,0.0000,0.0000,-0.0000,0.0000,0.4707,-0.3290,0.3424,0.1300,-0.1887,0.4107,0.0001,0.0000,0.0000,0.0000,False,0.0299,0.0638,0.0262,0.0445,-0.0587,0.0002,-0.5629,grasp,-0.1887,0.4107,0.0001,0.0000,0.0000,0.0000,False,,0.0500,0.0000,False,0.8020,-0.2600,0.0099,1.1946
961,0.0,0.2041,-0.0243,False,False,False,2.0379,4.7159,1.9778,-1.9638,-1.5509,-0.0067,-0.1196,-0.1174,-0.0851,-0.0191,0.0204,0.0847,0.4228,-0.3297,0.3429,0.1312,-0.1887,0.4107,0.0001,0.0000,0.0000,0.0000,False,-0.0634,-0.0611,-0.0455,-0.0104,0.0115,0.0453,-0.4112,grasp,-0.1887,0.4107,0.0001,0.0000,0.0000,0.0000,False,,0.0500,0.0000,False,0.8020,-0.2600,0.0099,1.1946
962,0.0,0.2041,-0.0224,False,False,False,2.0379,4.7159,1.9778,-1.9638,-1.5509,-0.0067,-0.1196,-0.1174,-0.0851,-0.0191,0.0204,0.0847,0.4228,-0.3297,0.3429,0.1312,-0.1887,0.4107,0.0001,0.0000,0.0000,0.0000,False,-0.0302,0.0355,-0.0312,-0.0151,0.0538,-0.0045,2.9899,grasp,-0.1887,0.4107,0.0001,0.0000,0.0000,0.0000,False,,0.0500,0.0000,True,0.8020,-0.2600,0.0099,1.1946
963,0.0,0.2048,-0.0140,False,False,False,2.0365,4.7145,1.9759,-1.9648,-1.5510,-0.0051,0.0252,0.0391,-0.0629,-0.0719,-0.0408,0.0390,0.4551,-0.3295,0.3456,0.1339,-0.1887,0.4107,0.0001,0.0000,0.0000,0.0000,False,0.0235,0.0367,-0.0644,-0.0722,-0.0405,0.0402,1.7145,grasp,-0.1887,0.4107,0.0001,0.0000,0.0000,0.0000,False,,0.0500,0.0000,True,0.8020,-0.2600,0.0099,1.1946
964,0.0,0.2048,-0.0272,False,False,False,2.0370,4.7152,1.9747,-1.9661,-1.5518,-0.0044,0.0478,0.0736,-0.1198,-0.1366,-0.0775,0.0741,0.4751,-0.3295,0.3456,0.1339,-0.1887,0.4107,0.0001,0.0000,0.0000,0.0000,False,0.0623,-0.0730,-0.0382,0.0690,-0.0663,-0.0619,1.5943,grasp,-0.1887,0.4107,0.0001,0.0000,0.0000,0.0000,False,,0.0500,0.0000,False,0.8020,-0.2600,0.0099,1.1946
965,0.0,0.2048,-0.0014,False,False,False,2.0370,4.7152,1.9747,-1.9661,-1.5518,-0.0044,-0.0000,0.0000,0.0000,0.0000,-0.0000,0.0000,0.5017,-0.3295,0.3456,0.1339,-0.1887,0.4107,0.0001,0.0000,0.0000,0.0000,False,-0.0492,0.0774,0.0571,0.0675,-0.0109,-0.0022,1.7823,grasp,-0.1887,0.4107,0.0001,0.0000,0.0000,0.0000,False,,0.0500,0.0000,False,0.8020,-0.2600,0.0099,1.1946
966,0.0,0.2044,-0.0008,False,False,False,2.0370,4.7152,1.9747,-1.9661,-1.5518,-0.0044,-0.0000,0.0000,0.0000,0.0000,-0.0000,0.0000,0.5017,-0.3295,0.3456,0.1339,-0.1881,0.4145,0.0032,0.0000,0.0000,0.0000,False,-0.0624,0.0631,0.0515,0.0370,0.0280,-0.0780,2.3617,grasp,-0.1881,0.4145,0.0032,0.0000,0.0000,0.0000,False,,0.0500,0.0000,True,0.8020,-0.2600,0.0099,1.1946
967,0.0,0.2030,-0.0007,False,False,False,2.0365,4.7160,1.9753,-1.9654,-1.5519,-0.0044,0.0000,0.0000,0.0000,0.0000,-0.0000,0.0000,0.5304,-0.3294,0.3461,0.1319,-0.1881,0.4145,0.0032,0.0000,0.0000,0.0000,False,-0.0134,-0.0186,-0.0066,0.0299,0.0132,0.0382,2.1634,grasp,-0.1881,0.4145,0.0032,0.0000,0.0000,0.0000,False,,0.0500,0.0000,True,0.8020,-0.2600,0.0099,1.1946
968,0.0,0.2030,-0.0122,False,False,False,2.0361,4.7155,1.9751,-1.9646,-1.5515,-0.0033,-0.0246,-0.0371,-0.0136,0.0555,0.0252,0.0725,0.5579,-0.3294,0.3461,0.1319,-0.1881,0.4145,0.0032,0.0000,0.0000,0.0000,False,0.0651,0.0368,0.0493,0.0158,0.0750,-0.0159,0.7138,grasp,-0.1881,0.4145,0.0032,0.0000,0.0000,0.0000,False,,0.0500,0.0000,False,0.8020,-0.2600,0.0099,1.1946
969,0.0,0.2033,-0.0147,False,False,False,2.0365,4.7157,1.9754,-1.9637,-1.5509,-0.0026,0.0749,0.0727,0.0480,0.0145,0.0270,-0.0335,0.5297,-0.3295,0.3455,0.1319,-0.1881,0.4145,0.0032,0.0000,0.0000,0.0000,False,0.0746,0.0722,0.0478,0.0153,0.0274,-0.0325,-0.5620,grasp,-0.1881,0.4145,0.0032,0.0000,0.0000,0.0000,False,,0.0500,0.0000,False,0.8020,-0.2600,0.0099,1.1946
970,0.0,0.2033,-0.0266,False,False,False,2.0379,4.7171,1.9763,-1.9634,-1.5504,-0.0032,0.1423,0.1381,0.0912,0.0275,0.0513,-0.0637,0.5097,-0.3295,0.3455,0.1319,-0.1881,0.4145,0.0032,0.0000,0.0000,0.0000,False,-0.0357,0.0547,0.0233,-0.0491,-0.0478,0.0174,-2.5784,grasp,-0.1881,0.4145,0.0032,0.0000,0.0000,0.0000,False,,0.0500,0.0000,False,0.8020,-0.2600,0.0099,1.1946
971,0.0,0.2033,-0.0025,False,False,False,2.0379,4.7171,1.9763,-1.9634,-1.5504,-0.0032,0.0000,0.0000,0.0000,0.0000,-0.0000,0.0000,0.5097,-0.3295,0.3455,0.1319,-0.1881,0.4145,0.0032,0.0000,0.0000,0.0000,False,-0.0674,0.0273,0.0608,0.0785,0.0017,-0.0506,2.8762,grasp,-0.1881,0.4145,0.0032,0.0000,0.0000,0.0000,False,,0.0500,0.0000,True,0.8020,-0.2600,0.0099,1.1946
972,0.0,0.2060,-5.0043,True,False,False,2.0379,4.7171,1.9763,-1.9634,-1.5504,-0.0032,0.0000,0.0000,0.0000,0.0000,-0.0000,0.0000,0.5097,-0.3295,0.3455,0.1319,-0.1871,0.4133,-0.0006,0.0000,0.0000,0.0000,False,-0.0564,0.0709,-0.0051,0.0379,0.0359,0.0784,-2.5729,grasp,-0.1871,0.4133,-0.0006,0.0000,0.0000,0.0000,False,,0.0500,0.0000,False,0.8020,-0.2600,0.0099,1.1946
973,0.0,0.2098,-0.0046,False,False,False,2.0309,4.7199,1.9801,-1.9608,-1.5516,0.0074,0.0124,-0.0352,0.0148,-0.0167,-0.0265,-0.0101,0.0125,-0.3259,0.3453,0.1481,-0.1889,0.4068,0.0016,0.0000,0.0000,0.0000,False,0.0228,-0.0732,0.0142,-0.0795,0.0661,-0.0769,2.2387,grasp,-0.1889,0.4068,0.0016,0.0000,0.0000,0.0000,False,,0.0500,0.0000,True,0.8020,-0.2600,0.0116,1.1944
974,0.0,0.2105,-0.0025,False,False,False,2.0310,4.7196,1.9803,-1.9609,-1.5518,0.0073,0.0000,0.0000,0.0000,0.0000,-0.0000,0.0000,0.0312,-0.3258,0.3452,0.1491,-0.1889,0.4068,0.0016,0.0000,0.0000,0.0000,False,-0.0640,0.0134,-0.0664,0.0715,0.0751,0.0363,2.0343,grasp,-0.1889,0.4068,0.0016,0.0000,0.0000,0.0000,False,,0.0500,0.0000,True,0.8020,-0.2600,0.0116,1.1944
975,0.0,0.2105,-0.0019,False,False,False,2.0304,4.7197,1.9796,-1.9602,-1.5511,0.0077,0.0000,0.0000,0.0000,0.0000,-0.0000,0.0000,0.0711,-0.3258,0.3452,0.1491,-0.1889,0.4068,0.0016,0.0000,0.0000,0.0000,False,-0.0694,0.0571,0.0239,-0.0161,0.0377,0.0209,-1.1569,grasp,-0.1889,0.4068,0.0016,0.0000,0.0000,0.0000,False,,0.0500,0.0000,False,0.8020,-0.2600,0.0116,1.1944
976,0.0,0.2114,-0.0045,False,False,False,2.0304,4.7197,1.9796,-1.9602,-1.5511,0.0077,0.0000,0.0000,0.0000,0.0000,-0.0000,0.0000,0.0711,-0.3258,0.3452,0.1491,-0.1878,0.4076,0.0016,0.0000,0.0000,0.0000,False,-0.0630,0.0701,0.0055,0.0302,0.0784,-0.0146,2.0119,grasp,-0.1878,0.4076,0.0016,0.0000,0.0000,0.0000,False,,0.0500,0.0000,True,0.8020,-0.2600,0.0116,1.1944
977,0.0,0.2075,-0.0070,False,False,False,2.0297,4.7210,1.9805,-1.9609,-1.5509,0.0081,-0.0023,0.0673,0.0667,-0.0462,-0.0195,0.0217,0.1064,-0.3256,0.3454,0.1437,-0.1878,0.4076,0.0016,0.0000,0.0000,0.0000,False,-0.0030,0.0679,0.0669,-0.0464,-0.0191,0.0219,-1.7337,grasp,-0.1878,0.4076,0.0016,0.0000,0.0000,0.0000,False,,0.0500,0.0000,False,0.8020,-0.2600,0.0116,1.1944
978,0.0,0.2075,-0.0085,False,False,False,2.0298,4.7222,1.9813,-1.9612,-1.5514,0.0086,0.0210,-0.0112,-0.0539,0.0515,-0.0136,0.0050,0.1537,-0.3256,0.3454,0.1437,-0.1878,0.4076,0.0016,0.0000,0.0000,0.0000,False,0.0210,-0.0088,-0.0526,0.0507,-0.0140,0.0054,1.1851,grasp,-0.1878,0.4076,0.0016,0.0000,0.0000,0.0000,False,,0.0500,0.0000,True,0.8020,-0.2600,0.0116,1.1944
979,0.0,0.2075,-0.0072,False,False,False,2.0298,4.7222,1.9813,-1.9612,-1.5514,0.0086,0.0210,-0.0112,-0.0539,0.0515,-0.0136,0.0050,0.1537,-0.3256,0.3454,0.1437,-0.1878,0.4076,0.0016,0.0000,0.0000,0.0000,False,-0.0718,-0.0171,-0.0208,0.0584,-0.0123,0.0011,0.7213,grasp,-0.1878,0.4076,0.0016,0.0000,0.0000,0.0000,False,,0.0500,0.0000,True,0.8020,-0.2600,0.0116,1.1944
980,0.0,0.2041,0.0005,False,False,False,2.0302,4.7220,1.9802,-1.9602,-1.5517,0.0087,0.0000,0.0000,0.0000,0.0000,-0.0000,0.0000,0.1934,-0.3255,0.3450,0.1387,-0.1878,0.4076,0.0016,0.0000,0.0000,0.0000,False,0.0677,-0.0117,-0.0605,-0.0422,0.0360,0.0349,-2.8935,grasp,-0.1878,0.4076,0.0016,0.0000,0.0000,0.0000,False,,0.0500,0.0000,False,0.8020,-0.2600,0.0116,1.1944
981,0.0,0.2041,-0.0088,False,False,False,2.0295,4.7219,1.9800,-1.9597,-1.5518,0.0087,-0.0722,-0.0169,-0.0197,0.0575,-0.0120,0.0010,0.2134,-0.3255,0.3450,0.1387,-0.1878,0.4076,0.0016,0.0000,0.0000,0.0000,False,0.0417,0.0742,0.0023,0.0786,0.0743,-0.0007,2.6040,grasp,-0.1878,0.4076,0.0016,0.0000,0.0000,0.0000,False,,0.0500,0.0000,True,0.8020,-0.2600,0.0116,1.1944
982,0.0,0.2076,-5.0133,True,False,False,2.0295,4.7219,1.9800,-1.9597,-1.5518,0.0087,-0.0722,-0.0169,-0.0197,0.0575,-0.0120,0.0010,0.2134,-0.3255,0.3450,0.1387,-0.1851,0.4075,-0.0009,0.0000,0.0000,0.0000,False,-0.0595,-0.0501,0.0772,0.0504,-0.0254,0.0673,-0.1833,grasp,-0.1851,0.4075,-0.0009,0.0000,0.0000,0.0000,False,,0.0500,0.0000,False,0.8020,-0.2600,0.0116,1.1944
983,0.0,0.2109,-0.0054,False,False,False,2.0199,4.7039,1.9992,-1.9528,-1.5623,0.0204,0.0270,-0.0130,-0.0110,-0.0272,-0.0116,-0.0274,0.0024,-0.3143,0.3406,0.1469,-0.1726,0.3973,0.0013,0.0000,0.0000,0.0000,False,-0.0461,0.0775,-0.0568,0.0771,-0.0310,0.0583,-0.3264,grasp,-0.1726,0.3973,0.0013,0.0000,0.0000,0.0000,False,,0.0500,0.0000,False,0.8020,-0.2600,0.0277,1.1758
984,0.0,0.2108,-0.0029,False,False,False,2.0199,4.7039,1.9992,-1.9528,-1.5623,0.0204,0.0000,0.0000,0.0000,0.0000,-0.0000,0.0000,0.0424,-0.3148,0.3407,0.1462,-0.1726,0.3973,0.0013,0.0000,0.0000,0.0000,False,0.0764,-0.0278,0.0138,0.0285,-0.0485,-0.0692,2.6086,grasp,-0.1726,0.3973,0.0013,0.0000,0.0000,0.0000,False,,0.0500,0.0000,True,0.8020,-0.2600,0.0277,1.1758
985,0.0,0.2108,-0.0125,False,False,False,2.0207,4.7036,1.9993,-1.9525,-1.5628,0.0197,0.0764,-0.0278,0.0138,0.0285,-0.0485,-0.0692,0.0622,-0.3148,0.3407,0.1462,-0.1726,0.3973,0.0013,0.0000,0.0000,0.0000,False,0.0413,0.0554,-0.0372,0.0396,-0.0323,-0.0405,2.7093,grasp,-0.1726,0.3973,0.0013,0.0000,0.0000,0.0000,False,,0.0500,0.0000,True,0.8020,-0.2600,0.0277,1.1758
986,0.0,0.2108,-0.0136,False,False,False,2.0207,4.7036,1.9993,-1.9525,-1.5628,0.0197,0.0764,-0.0278,0.0138,0.0285,-0.0485,-0.0692,0.0622,-0.3148,0.3407,0.1462,-0.1733,0.3990,0.0012,0.0000,0.0000,0.0000,False,-0.0752,0.0475,0.0630,-0.0701,-0.0443,-0.0616,-1.5172,grasp,-0.1733,0.3990,0.0012,0.0000,0.0000,0.0000,False,,0.0500,0.0000,False,0.8020,-0.2600,0.0277,1.1758
987,0.0,0.2067,-0.0130,False,False,False,2.0205,4.7043,1.9988,-1.9522,-1.5636,0.0203,-0.0150,0.0758,-0.0559,0.0275,-0.0742,0.0597,0.1222,-0.3146,0.3405,0.1402,-0.1733,0.3990,0.0012,0.0000,0.0000,0.0000,False,-0.0150,0.0758,-0.0559,0.0275,-0.0742,0.0597,0.5724,grasp,-0.1733,0.3990,0.0012,0.0000,0.0000,0.0000,False,,0.0500,0.0000,True,0.8020,-0.2600,0.0277,1.1758
988,0.0,0.2067,-0.0152,False,False,False,2.0205,4.7043,1.9988,-1.9522,-1.5636,0.0203,-0.0150,0.0758,-0.0559,0.0275,-0.0742,0.0597,0.1222,-0.3146,0.3405,0.1402,-0.1733,0.3990,0.0012,0.0000,0.0000,0.0000,False,0.0783,-0.0646,0.0642,0.0642,0.0556,0.0407,3.0101,grasp,-0.1733,0.3990,0.0012,0.0000,0.0000,0.0000,False,,0.0500,0.0000,True,0.8020,-0.2600,0.0277,1.1758
989,0.0,0.2067,-0.0244,False,False,False,2.0198,4.7072,1.9970,-1.9499,-1.5634,0.0221,-0.0287,0.0872,-0.0489,0.1154,0.1019,0.0421,0.1399,-0.3146,0.3405,0.1402,-0.1733,0.3990,0.0012,0.0000,0.0000,0.0000,False,-0.0154,0.0475,-0.0268,0.0613,0.0522,0.0233,-2.1371,grasp,-0.1733,0.3990,0.0012,0.0000,0.0000,0.0000,False,,0.0500,0.0000,False,0.8020,-0.2600,0.0277,1.1758
990,0.0,0.2054,-0.0017,False,False,False,2.0194,4.7084,1.9963,-1.9483,-1.5620,0.0227,0.0000,0.0000,0.0000,0.0000,-0.0000,0.0000,0.1484,-0.3146,0.3405,0.1383,-0.1733,0.3990,0.0012,0.0000,0.0000,0.0000,False,-0.0065,0.0752,0.0745,0.0790,0.0325,0.0209,-1.2878,grasp,-0.1733,0.3990,0.0012,0.0000,0.0000,0.0000,False,,0.0500,0.0000,False,0.8020,-0.2600,0.0277,1.1758
991,0.0,0.2054,-0.0159,False,False,False,2.0193,4.7092,1.9970,-1.9475,-1.5617,0.0229,-0.0061,0.0735,0.0752,0.0774,0.0311,0.0203,0.1572,-0.3146,0.3405,0.1383,-0.1733,0.3990,0.0012,0.0000,0.0000,0.0000,False,0.0212,-0.0250,0.0451,0.0131,0.0650,-0.0450,-0.5811,grasp,-0.1733,0.3990,0.0012,0.0000,0.0000,0.0000,False,,0.0500,0.0000,False,0.8020,-0.2600,0.0277,1.1758
992,0.0,0.2085,-5.0197,True,False,False,2.0193,4.7092,1.9970,-1.9475,-1.5617,0.0229,-0.0061,0.0735,0.0752,0.0774,0.0311,0.0203,0.1572,-0.3146,0.3405,0.1383,-0.1707,0.3984,-0.0010,0.0000,0.0000,0.0000,False,0.0199,0.0570,-0.0272,0.0298,0.0295,0.0525,0.9134,grasp,-0.1707,0.3984,-0.0010,0.0000,0.0000,0.0000,False,,0.0500,0.0000,True,0.8020,-0.2600,0.0277,1.1758
993,0.0,0.2098,-0.0050,False,False,False,2.0277,4.7123,1.9918,-1.9509,-1.5605,0.0232,0.0168,-0.0247,-0.0012,-0.0302,-0.0143,-0.0316,0.0015,-0.3189,0.3403,0.1464,-0.1784,0.3973,0.0015,0.0000,0.0000,0.0000,False,-0.0314,0.0524,-0.0265,-0.0668,0.0758,-0.0696,1.4423,grasp,-0.1784,0.3973,0.0015,0.0000,0.0000,0.0000,False,,0.0500,0.0000,True,0.8020,-0.2600,0.0099,1.1803
994,0.0,0.2097,-0.0079,False,False,False,2.0280,4.7121,1.9912,-1.9512,-1.5605,0.0232,0.0163,0.0039,-0.0676,-0.0078,0.0159,0.0329,0.0283,-0.3191,0.3404,0.1461,-0.1784,0.3973,0.0015,0.0000,0.0000,0.0000,False,0.0164,0.0037,-0.0676,-0.0081,0.0158,0.0326,-2.0159,grasp,-0.1784,0.3973,0.0015,0.0000,0.0000,0.0000,False,,0.0500,0.0000,False,0.8020,-0.2600,0.0099,1.1803
995,0.0,0.2097,-0.0062,False,False,False,2.0280,4.7121,1.9912,-1.9512,-1.5605,0.0232,0.0163,0.0039,-0.0676,-0.0078,0.0159,0.0329,0.0283,-0.3191,0.3404,0.1461,-0.1784,0.3973,0.0015,0.0000,0.0000,0.0000,False,-0.0050,0.0202,0.0733,0.0763,0.0141,-0.0715,-0.3948,grasp,-0.1784,0.3973,0.0015,0.0000,0.0000,0.0000,False,,0.0500,0.0000,False,0.8020,-0.2600,0.0099,1.1803
996,0.0,0.2102,-0.0089,False,False,False,2.0280,4.7121,1.9912,-1.9512,-1.5605,0.0232,0.0163,0.0039,-0.0676,-0.0078,0.0159,0.0329,0.0283,-0.3191,0.3404,0.1461,-0.1784,0.3990,0.0014,0.0000,0.0000,0.0000,False,0.0409,0.0723,-0.0618,0.0785,0.0333,0.0331,-0.0138,grasp,-0.1784,0.3990,0.0014,0.0000,0.0000,0.0000,False,,0.0500,0.0000,False,0.8020,-0.2600,0.0099,1.1803
997,0.0,0.2089,-0.0220,False,False,False,2.0274,4.7139,1.9878,-1.9525,-1.5598,0.0247,-0.0629,0.1168,-0.1346,-0.0709,0.0267,0.0567,0.0663,-0.3201,0.3422,0.1441,-0.1784,0.3990,0.0014,0.0000,0.0000,0.0000,False,-0.0328,0.0615,-0.0721,-0.0375,0.0143,0.0305,-2.0619,grasp,-0.1784,0.3990,0.0014,0.0000,0.0000,0.0000,False,,0.0500,0.0000,False,0.8020,-0.2600,0.0099,1.1803
998,0.0,0.2089,-0.0144,False,False,False,2.0262,4.7151,1.9853,-1.9527,-1.5595,0.0258,-0.0322,-0.0510,-0.0622,0.0790,-0.0038,0.0354,0.1134,-0.3201,0.3422,0.1441,-0.1784,0.3990,0.0014,0.0000,0.0000,0.0000,False,-0.0331,-0.0489,-0.0641,0.0780,-0.0034,0.0362,0.1749,grasp,-0.1784,0.3990,0.0014,0.0000,0.0000,0.0000,False,,0.0500,0.0000,True,0.8020,-0.2600,0.0099,1.1803
999,0.0,0.2089,-0.0130,False,False,False,2.0262,4.7151,1.9853,-1.9527,-1.5595,0.0258,-0.0322,-0.0510,-0.0622,0.0790,-0.0038,0.0354,0.1134,-0.3201,0.3422,0.1441,-0.1784,0.3990,0.0014,0.0000,0.0000,0.0000,False,-0.0590,0.0019,-0.0401,-0.0642,0.0597,0.0311,-2.2732,grasp,-0.1784,0.3990,0.0014,0.0000,0.0000,0.0000,False,,0.0500,0.0000,False,0.8020,-0.2600,0.0099,1.1803
1000,0.0,0.2068,-0.0100,False,False,False,2.0257,4.7139,1.9843,-1.9514,-1.5588,0.0259,0.0139,-0.0259,0.0246,-0.0203,0.0692,-0.0641,0.1384,-0.3200,0.3438,0.1416,-0.1784,0.3990,0.0014,0.0000,0.0000,0.0000,False,0.0132,-0.0271,0.0234,-0.0188,0.0692,-0.0635,-1.9363,grasp,-0.1784,0.3990,0.0014,0.0000,0.0000,0.0000,False,,0.0500,0.0000,False,0.8020,-0.2600,0.0099,1.1803
1001,0.0,0.2068,-0.0116,False,False,False,2.0257,4.7139,1.9843,-1.9514,-1.5588,0.0259,0.0139,-0.0259,0.0246,-0.0203,0.0692,-0.0641,0.1384,-0.3200,0.3438,0.1416,-0.1784,0.3990,0.0014,0.0000,0.0000,0.0000,False,0.0361,0.0225,0.0784,0.0656,-0.0475,0.0330,-0.0760,grasp,-0.1784,0.3990,0.0014,0.0000,0.0000,0.0000,False,,0.0500,0.0000,False,0.8020,-0.2600,0.0099,1.1803
1002,0.0,0.2080,-0.0125,False,False,False,2.0257,4.7139,1.9843,-1.9514,-1.5588,0.0259,0.0139,-0.0259,0.0246,-0.0203,0.0692,-0.0641,0.1384,-0.3200,0.3438,0.1416,-0.1774,0.4030,0.0022,0.0000,0.0000,0.0000,False,0.0635,-0.0567,-0.0504,0.0336,-0.0688,0.0448,1.8294,grasp,-0.1774,0.4030,0.0022,0.0000,0.0000,0.0000,False,,0.0500,0.0000,True,0.8020,-0.2600,0.0099,1.1803
1003,0.0,0.2072,-0.0230,False,False,False,2.0258,4.7143,1.9831,-1.9513,-1.5556,0.0227,-0.0082,0.0581,-0.1140,0.0314,0.1287,-0.1286,0.1999,-0.3214,0.3435,0.1388,-0.1774,0.4030,0.0022,0.0000,0.0000,0.0000,False,-0.0041,0.0301,-0.0595,0.0162,0.0691,-0.0689,0.0615,grasp,-0.1774,0.4030,0.0022,0.0000,0.0000,0.0000,False,,0.0500,0.0000,True,0.8020,-0.2600,0.0099,1.1803
1004,0.0,0.2072,-0.0346,False,False,False,2.0257,4.7151,1.9814,-1.9509,-1.5537,0.0208,-0.0118,0.0829,-0.1626,0.0448,0.1836,-0.1834,0.2199,-0.3214,0.3435,0.1388,-0.1774,0.4030,0.0022,0.0000,0.0000,0.0000,False,0.0681,-0.0450,-0.0748,0.0394,-0.0702,-0.0633,-0.5430,grasp,-0.1774,0.4030,0.0022,0.0000,0.0000,0.0000,False,,0.0500,0.0000,False,0.8020,-0.2600,0.0099,1.1803
1005,0.0,0.2072,-0.0157,False,False,False,2.0264,4.7146,1.9807,-1.9505,-1.5544,0.0202,0.0682,-0.0458,-0.0732,0.0390,-0.0721,-0.0615,0.2412,-0.3214,0.3435,0.1388,-0.1774,0.4030,0.0022,0.0000,0.0000,0.0000,False,-0.0108,-0.0376,-0.0092,0.0540,0.0488,0.0296,0.8904,grasp,-0.1774,0.4030,0.0022,0.0000,0.0000,0.0000,False,,0.0500,0.0000,True,0.8020,-0.2600,0.0099,1.1803
1006,0.0,0.2070,-0.0138,False,False,False,2.0283,4.7131,1.9787,-1.9497,-1.5560,0.0186,0.0626,-0.0612,-0.0572,0.0007,-0.0212,-0.0493,0.2851,-0.3225,0.3440,0.1375,-0.1774,0.4030,0.0022,0.0000,0.0000,0.0000,False,0.0639,-0.0626,-0.0586,0.0015,-0.0226,-0.0505,0.2676,grasp,-0.1774,0.4030,0.0022,0.0000,0.0000,0.0000,False,,0.0500,0.0000,True,0.8020,-0.2600,0.0099,1.1803
1007,0.0,0.2070,-0.0102,False,False,False,2.0283,4.7131,1.9787,-1.9497,-1.5560,0.0186,0.0626,-0.0612,-0.0572,0.0007,-0.0212,-0.0493,0.2851,-0.3225,0.3440,0.1375,-0.1774,0.4030,0.0022,0.0000,0.0000,0.0000,False,0.0336,0.0600,0.0402,-0.0023,-0.0368,-0.0676,0.8748,grasp,-0.1774,0.4030,0.0022,0.0000,0.0000,0.0000,False,,0.0500,0.0000,True,0.8020,-0.2600,0.0099,1.1803
1008,0.0,0.2070,-0.0125,False,False,False,2.0283,4.7131,1.9787,-1.9497,-1.5560,0.0186,0.0626,-0.0612,-0.0572,0.0007,-0.0212,-0.0493,0.2851,-0.3225,0.3440,0.1375,-0.1787,0.4055,0.0018,0.0000,0.0000,0.0000,False,-0.0670,0.0749,-0.0009,-0.0602,0.0597,-0.0358,3.0936,grasp,-0.1787,0.4055,0.0018,0.0000,0.0000,0.0000,False,,0.0500,0.0000,True,0.8020,-0.2600,0.0099,1.1803
1009,0.0,0.2077,-0.0300,False,False,False,2.0308,4.7117,1.9754,-1.9482,-1.5550,0.0155,0.0824,-0.0118,-0.1477,0.1000,0.0932,-0.1411,0.3599,-0.3244,0.3440,0.1365,-0.1787,0.4055,0.0018,0.0000,0.0000,0.0000,False,0.0446,-0.0077,-0.0788,0.0526,0.0486,-0.0752,2.8900,grasp,-0.1787,0.4055,0.0018,0.0000,0.0000,0.0000,False,,0.0500,0.0000,True,0.8020,-0.2600,0.0099,1.1803
1010,0.0,0.2077,-0.0313,False,False,False,2.0308,4.7117,1.9754,-1.9482,-1.5550,0.0155,0.0824,-0.0118,-0.1477,0.1000,0.0932,-0.1411,0.3599,-0.3244,0.3440,0.1365,-0.1787,0.4055,0.0018,0.0000,0.0000,0.0000,False,0.0615,-0.0018,-0.0175,0.0541,0.0001,-0.0520,-2.5282,grasp,-0.1787,0.4055,0.0018,0.0000,0.0000,0.0000,False,,0.0500,0.0000,False,0.8020,-0.2600,0.0099,1.1803
1011,0.0,0.2077,-0.0161,False,False,False,2.0311,4.7123,1.9727,-1.9473,-1.5539,0.0132,-0.0788,0.0741,-0.0536,-0.0535,-0.0257,-0.0305,0.3939,-0.3244,0.3440,0.1365,-0.1787,0.4055,0.0018,0.0000,0.0000,0.0000,False,-0.0776,0.0739,-0.0558,-0.0521,-0.0244,-0.0325,0.4014,grasp,-0.1787,0.4055,0.0018,0.0000,0.0000,0.0000,False,,0.0500,0.0000,False,0.8020,-0.2600,0.0099,1.1803
1012,0.0,0.2069,-0.0111,False,False,False,2.0296,4.7135,1.9711,-1.9478,-1.5545,0.0132,-0.0024,-0.0213,-0.0665,0.0511,-0.0073,0.0612,0.4396,-0.3248,0.3457,0.1355,-0.1787,0.4055,0.0018,0.0000,0.0000,0.0000,False,-0.0044,-0.0194,-0.0675,0.0501,-0.0078,0.0607,2.6804,grasp,-0.1787,0.4055,0.0018,0.0000,0.0000,0.0000,False,,0.0500,0.0000,True,0.8020,-0.2600,0.0099,1.1803
1013,0.0,0.2069,-0.0109,False,False,False,2.0296,4.7135,1.9711,-1.9478,-1.5545,0.0132,-0.0024,-0.0213,-0.0665,0.0511,-0.0073,0.0612,0.4396,-0.3248,0.3457,0.1355,-0.1787,0.4055,0.0018,0.0000,0.0000,0.0000,False,-0.0741,-0.0592,0.0010,-0.0261,0.0336,0.0644,-2.0595,grasp,-0.1787,0.4055,0.0018,0.0000,0.0000,0.0000,False,,0.0500,0.0000,False,0.8020,-0.2600,0.0099,1.1803
1014,0.0,0.2070,-0.0116,False,False,False,2.0296,4.7135,1.9711,-1.9478,-1.5545,0.0132,-0.0024,-0.0213,-0.0665,0.0511,-0.0073,0.0612,0.4396,-0.3248,0.3457,0.1355,-0.1796,0.4099,0.0027,0.0000,0.0000,0.0000,False,0.0394,-0.0013,0.0397,0.0557,0.0495,-0.0567,-0.0432,grasp,-0.1796,0.4099,0.0027,0.0000,0.0000,0.0000,False,,0.0500,0.0000,False,0.8020,-0.2600,0.0099,1.1803
1015,0.0,0.2070,-0.0207,False,False,False,2.0295,4.7131,1.9698,-1.9468,-1.5546,0.0144,-0.0000,0.0000,0.0000,0.0000,-0.0000,0.0000,0.4432,-0.3248,0.3457,0.1355,-0.1796,0.4099,0.0027,0.0000,0.0000,0.0000,False,0.0390,0.0435,0.0089,-0.0051,-0.0347,-0.0348,-1.4711,grasp,-0.1796,0.4099,0.0027,0.0000,0.0000,0.0000,False,,0.0500,0.0000,False,0.8020,-0.2600,0.0099,1.1803
1016,0.0,0.2070,-0.0095,False,False,False,2.0299,4.7136,1.9699,-1.9469,-1.5550,0.0140,0.0390,0.0439,0.0102,-0.0061,-0.0346,-0.0360,0.4232,-0.3248,0.3457,0.1355,-0.1796,0.4099,0.0027,0.0000,0.0000,0.0000,False,0.0116,-0.0686,-0.0315,-0.0079,0.0483,0.0081,-2.0068,grasp,-0.1796,0.4099,0.0027,0.0000,0.0000,0.0000,False,,0.0500,0.0000,False,0.8020,-0.2600,0.0099,1.1803
1017,0.0,0.2076,-0.0123,False,False,False,2.0302,4.7148,1.9704,-1.9467,-1.5560,0.0139,-0.0456,0.0360,0.0319,0.0321,-0.0356,0.0552,0.4230,-0.3250,0.3458,0.1363,-0.1796,0.4099,0.0027,0.0000,0.0000,0.0000,False,-0.0456,0.0360,0.0319,0.0321,-0.0356,0.0552,1.8399,grasp,-0.1796,0.4099,0.0027,0.0000,0.0000,0.0000,False,,0.0500,0.0000,True,0.8020,-0.2600,0.0099,1.1803
1018,0.0,0.2052,-0.0118,False,False,False,2.0289,4.7152,1.9714,-1.9453,-1.5567,0.0143,-0.0464,-0.0272,0.0361,0.0757,-0.0063,-0.0619,0.4536,-0.3240,0.3457,0.1337,-0.1796,0.4099,0.0027,0.0000,0.0000,0.0000,False,-0.0472,-0.0262,0.0367,0.0763,-0.0069,-0.0609,-0.4688,grasp,-0.1796,0.4099,0.0027,0.0000,0.0000,0.0000,False,,0.0500,0.0000,False,0.8020,-0.2600,0.0099,1.1803
1019,0.0,0.2052,-0.0157,False,False,False,2.0289,4.7152,1.9714,-1.9453,-1.5567,0.0143,-0.0464,-0.0272,0.0361,0.0757,-0.0063,-0.0619,0.4536,-0.3240,0.3457,0.1337,-0.1796,0.4099,0.0027,0.0000,0.0000,0.0000,False,0.0350,-0.0681,-0.0468,0.0480,0.0040,-0.0752,1.5132,grasp,-0.1796,0.4099,0.0027,0.0000,0.0000,0.0000,False,,0.0500,0.0000,True,0.8020,-0.2600,0.0099,1.1803
1020,0.0,0.2103,-5.0197,True,False,False,2.0289,4.7152,1.9714,-1.9453,-1.5567,0.0143,-0.0464,-0.0272,0.0361,0.0757,-0.0063,-0.0619,0.4536,-0.3240,0.3457,0.1337,-0.1752,0.4099,-0.0004,0.0000,0.0000,0.0000,False,0.0386,0.0591,-0.0346,-0.0198,0.0682,0.0695,2.4283,grasp,-0.1752,0.4099,-0.0004,0.0000,0.0000,0.0000,False,,0.0500,0.0000,True,0.8020,-0.2600,0.0099,1.1803
1021,0.0,0.2161,-0.0070,False,False,False,2.0364,4.7166,1.9729,-1.9548,-1.5521,0.0185,0.0049,-0.0305,0.0247,-0.0248,-0.0258,-0.0252,0.0063,-0.3284,0.3449,0.1534,-0.1881,0.4064,0.0011,0.0000,0.0000,0.0000,False,-0.0543,0.0780,-0.0360,-0.0153,0.0679,-0.0545,-2.8638,grasp,-0.1881,0.4064,0.0011,0.0000,0.0000,0.0000,False,,0.0500,0.0000,False,0.8020,-0.2600,0.0099,1.1935
1022,0.0,0.2142,-0.0202,False,False,False,2.0367,4.7183,1.9742,-1.9565,-1.5519,0.0198,0.0123,0.1316,0.0721,-0.0958,0.0321,0.1031,0.0652,-0.3283,0.3447,0.1507,-0.1881,0.4064,0.0011,0.0000,0.0000,0.0000,False,0.0065,0.0690,0.0382,-0.0507,0.0166,0.0540,-0.1538,grasp,-0.1881,0.4064,0.0011,0.0000,0.0000,0.0000,False,,0.0500,0.0000,False,0.8020,-0.2600,0.0099,1.1935
1023,0.0,0.2142,-0.0165,False,False,False,2.0362,4.7200,1.9759,-1.9583,-1.5507,0.0207,-0.0607,-0.0364,0.0641,-0.0377,0.0751,-0.0591,0.1241,-0.3283,0.3447,0.1507,-0.1881,0.4064,0.0011,0.0000,0.0000,0.0000,False,-0.0606,-0.0324,0.0651,-0.0390,0.0756,-0.0576,-0.8230,grasp,-0.1881,0.4064,0.0011,0.0000,0.0000,0.0000,False,,0.0500,0.0000,False,0.8020,-0.2600,0.0099,1.1935
1024,0.0,0.2142,-0.0169,False,False,False,2.0362,4.7200,1.9759,-1.9583,-1.5507,0.0207,-0.0607,-0.0364,0.0641,-0.0377,0.0751,-0.0591,0.1241,-0.3283,0.3447,0.1507,-0.1881,0.4064,0.0011,0.0000,0.0000,0.0000,False,-0.0485,0.0772,-0.0173,-0.0382,0.0164,-0.0063,-2.2727,grasp,-0.1881,0.4064,0.0011,0.0000,0.0000,0.0000,False,,0.0500,0.0000,False,0.8020,-0.2600,0.0099,1.1935
1025,0.0,0.2154,-0.0188,False,False,False,2.0362,4.7200,1.9759,-1.9583,-1.5507,0.0207,-0.0607,-0.0364,0.0641,-0.0377,0.0751,-0.0591,0.1241,-0.3283,0.3447,0.1507,-0.1871,0.4069,0.0004,0.0000,0.0000,0.0000,False,-0.0554,-0.0696,-0.0654,0.0601,0.0516,0.0398,-1.3064,grasp,-0.1871,0.4069,0.0004,0.0000,0.0000,0.0000,False,,0.0500,0.0000,False,0.8020,-0.2600,0.0099,1.1935
1026,0.0,0.2154,-0.0176,False,False,False,2.0362,4.7200,1.9759,-1.9583,-1.5507,0.0207,-0.0607,-0.0364,0.0641,-0.0377,0.0751,-0.0591,0.1241,-0.3283,0.3447,0.1507,-0.1871,0.4069,0.0004,0.0000,0.0000,0.0000,False,0.0599,0.0331,-0.0057,0.0249,-0.0246,0.0673,-2.1381,grasp,-0.1871,0.4069,0.0004,0.0000,0.0000,0.0000,False,,0.0500,0.0000,False,0.8020,-0.2600,0.0099,1.1935
1027,0.0,0.2102,-0.0056,False,False,False,2.0357,4.7190,1.9766,-1.9593,-1.5492,0.0194,0.0607,-0.0281,-0.0546,-0.0379,0.0055,-0.0132,0.1514,-0.3283,0.3441,0.1429,-0.1871,0.4069,0.0004,0.0000,0.0000,0.0000,False,0.0596,-0.0287,-0.0534,-0.0386,0.0070,-0.0143,-1.6080,grasp,-0.1871,0.4069,0.0004,0.0000,0.0000,0.0000,False,,0.0500,0.0000,False,0.8020,-0.2600,0.0099,1.1935
1028,0.0,0.2111,-0.0123,False,False,False,2.0368,4.7187,1.9751,-1.9605,-1.5483,0.0187,-0.0048,0.0236,-0.0409,-0.0412,0.0781,-0.0433,0.1625,-0.3297,0.3446,0.1431,-0.1871,0.4069,0.0004,0.0000,0.0000,0.0000,False,-0.0036,0.0229,-0.0420,-0.0419,0.0782,-0.0436,-1.6402,grasp,-0.1871,0.4069,0.0004,0.0000,0.0000,0.0000,False,,0.0500,0.0000,False,0.8020,-0.2600,0.0099,1.1935
1029,0.0,0.2111,-0.0232,False,False,False,2.0367,4.7192,1.9744,-1.9613,-1.5468,0.0179,-0.0091,0.0447,-0.0778,-0.0782,0.1483,-0.0823,0.1654,-0.3297,0.3446,0.1431,-0.1871,0.4069,0.0004,0.0000,0.0000,0.0000,False,0.0656,-0.0041,0.0555,-0.0642,-0.0008,-0.0146,-0.1707,grasp,-0.1871,0.4069,0.0004,0.0000,0.0000,0.0000,False,,0.0500,0.0000,False,0.8020,-0.2600,0.0099,1.1935
1030,0.0,0.2111,-0.0234,False,False,False,2.0367,4.7192,1.9744,-1.9613,-1.5468,0.0179,-0.0091,0.0447,-0.0778,-0.0782,0.1483,-0.0823,0.1654,-0.3297,0.3446,0.1431,-0.1871,0.4069,0.0004,0.0000,0.0000,0.0000,False,-0.0066,0.0438,-0.0108,-0.0233,-0.0213,-0.0653,-0.1631,grasp,-0.1871,0.4069,0.0004,0.0000,0.0000,0.0000,False,,0.0500,0.0000,False,0.8020,-0.2600,0.0099,1.1935
1031,0.0,0.2111,-5.0106,True,False,False,2.0366,4.7196,1.9742,-1.9615,-1.5470,0.0173,-0.0066,0.0438,-0.0108,-0.0233,-0.0213,-0.0653,0.2254,-0.3297,0.3446,0.1431,-0.1883,0.4075,-0.0005,0.0000,0.0000,0.0000,False,-0.0141,0.0620,-0.0248,0.0603,0.0695,0.0312,2.4058,grasp,-0.1883,0.4075,-0.0005,0.0000,0.0000,0.0000,False,,0.0500,0.0000,True,0.8020,-0.2600,0.0099,1.1935
1032,0.0,0.2122,-0.0083,False,False,False,2.0362,4.7185,1.9767,-1.9595,-1.5478,0.0144,0.0052,-0.0337,0.0198,-0.0187,-0.0322,-0.0199,0.0023,-0.3291,0.3441,0.1517,-0.1923,0.4054,0.0015,0.0000,0.0000,0.0000,False,-0.0082,-0.0741,0.0658,-0.0148,0.0435,-0.0164,-1.7683,grasp,-0.1923,0.4054,0.0015,0.0000,0.0000,0.0000,False,,0.0500,0.0000,False,0.8020,-0.2600,0.0277,1.1967
1033,0.0,0.2122,-0.0023,False,False,False,2.0362,4.7185,1.9767,-1.9595,-1.5478,0.0144,0.0000,0.0000,0.0000,0.0000,-0.0000,0.0000,0.0195,-0.3291,0.3441,0.1517,-0.1923,0.4054,0.0015,0.0000,0.0000,0.0000,False,-0.0408,0.0673,-0.0698,0.0654,-0.0601,-0.0271,1.3685,grasp,-0.1923,0.4054,0.0015,0.0000,0.0000,0.0000,False,,0.0500,0.0000,True,0.8020,-0.2600,0.0277,1.1967
1034,0.0,0.2122,-0.0020,False,False,False,2.0362,4.7185,1.9767,-1.9595,-1.5478,0.0144,0.0000,0.0000,0.0000,0.0000,-0.0000,0.0000,0.0595,-0.3291,0.3441,0.1517,-0.1923,0.4054,0.0015,0.0000,0.0000,0.0000,False,0.0522,0.0399,0.0399,-0.0049,-0.0008,-0.0513,0.6228,grasp,-0.1923,0.4054,0.0015,0.0000,0.0000,0.0000,False,,0.0500,0.0000,True,0.8020,-0.2600,0.0277,1.1967
1035,0.0,0.2134,-0.0032,False,False,False,2.0362,4.7185,1.9767,-1.9595,-1.5478,0.0144,0.0000,0.0000,0.0000,0.0000,-0.0000,0.0000,0.0595,-0.3291,0.3441,0.1517,-0.1908,0.4064,0.0015,0.0000,0.0000,0.0000,False,-0.0779,0.0590,-0.0133,-0.0568,-0.0488,0.0100,-0.1978,grasp,-0.1908,0.4064,0.0015,0.0000,0.0000,0.0000,False,,0.0500,0.0000,False,0.8020,-0.2600,0.0277,1.1967
1036,0.0,0.2094,-0.0223,False,False,False,2.0382,4.7175,1.9783,-1.9574,-1.5468,0.0144,0.0958,-0.0899,0.0788,0.1427,0.0653,0.0358,0.1315,-0.3293,0.3436,0.1455,-0.1908,0.4064,0.0015,0.0000,0.0000,0.0000,False,0.0510,-0.0469,0.0419,0.0750,0.0344,0.0183,-1.0257,grasp,-0.1908,0.4064,0.0015,0.0000,0.0000,0.0000,False,,0.0500,0.0000,False,0.8020,-0.2600,0.0277,1.1967
1037,0.0,0.2072,-0.0123,False,False,False,2.0393,4.7169,1.9790,-1.9547,-1.5463,0.0150,-0.0290,0.0663,-0.0394,0.0664,-0.0432,0.0101,0.1851,-0.3296,0.3404,0.1405,-0.1908,0.4064,0.0015,0.0000,0.0000,0.0000,False,-0.0271,0.0650,-0.0383,0.0684,-0.0423,0.0106,-0.0892,grasp,-0.1908,0.4064,0.0015,0.0000,0.0000,0.0000,False,,0.0500,0.0000,False,0.8020,-0.2600,0.0277,1.1967
1038,0.0,0.2072,-0.0108,False,False,False,2.0393,4.7169,1.9790,-1.9547,-1.5463,0.0150,-0.0290,0.0663,-0.0394,0.0664,-0.0432,0.0101,0.1851,-0.3296,0.3404,0.1405,-0.1908,0.4064,0.0015,0.0000,0.0000,0.0000,False,0.0171,-0.0063,-0.0322,0.0095,0.0620,0.0133,2.6130,grasp,-0.1908,0.4064,0.0015,0.0000,0.0000,0.0000,False,,0.0500,0.0000,True,0.8020,-0.2600,0.0277,1.1967
1039,0.0,0.2072,-0.0243,False,False,False,2.0388,4.7182,1.9783,-1.9534,-1.5471,0.0152,-0.0546,0.1259,-0.0748,0.1262,-0.0821,0.0192,0.2051,-0.3296,0.3404,0.1405,-0.1908,0.4064,0.0015,0.0000,0.0000,0.0000,False,0.0434,0.0053,0.0120,0.0765,0.0781,0.0551,-2.1821,grasp,-0.1908,0.4064,0.0015,0.0000,0.0000,0.0000,False,,0.0500,0.0000,False,0.8020,-0.2600,0.0277,1.1967
1040,0.0,0.2072,-0.0034,False,False,False,2.0388,4.7182,1.9783,-1.9534,-1.5471,0.0152,0.0000,0.0000,0.0000,0.0000,-0.0000,0.0000,0.2451,-0.3296,0.3404,0.1405,-0.1908,0.4064,0.0015,0.0000,0.0000,0.0000,False,-0.0111,0.0252,-0.0775,-0.0103,-0.0620,-0.0033,2.0892,grasp,-0.1908,0.4064,0.0015,0.0000,0.0000,0.0000,False,,0.0500,0.0000,True,0.8020,-0.2600,0.0277,1.1967
1041,0.0,0.2096,-5.0056,True,False,False,2.0388,4.7182,1.9783,-1.9534,-1.5471,0.0152,0.0000,0.0000,0.0000,0.0000,-0.0000,0.0000,0.2451,-0.3296,0.3404,0.1405,-0.1881,0.4037,-0.0006,0.0000,0.0000,0.0000,False,0.0271,-0.0064,0.0440,0.0657,0.0043,-0.0675,0.1311,grasp,-0.1881,0.4037,-0.0006,0.0000,0.0000,0.0000,False,,0.0500,0.0000,True,0.8020,-0.2600,0.0277,1.1967
1042,0.0,0.2113,-0.0071,False,False,False,2.0431,4.7085,1.9890,-1.9512,-1.5556,-0.0002,-0.0049,-0.0225,0.0031,-0.0344,-0.0242,0.0004,0.0009,-0.3262,0.3356,0.1494,-0.1891,0.3986,0.0016,0.0000,0.0000,0.0000,False,-0.0547,0.0116,-0.0546,-0.0468,-0.0077,-0.0488,1.2960,grasp,-0.1891,0.3986,0.0016,0.0000,0.0000,0.0000,False,,0.0500,0.0000,True,0.8020,-0.2600,0.0099,1.1900
1043,0.0,0.2105,-0.0013,False,False,False,2.0431,4.7085,1.9890,-1.9512,-1.5556,-0.0002,0.0000,0.0000,0.0000,0.0000,-0.0000,0.0000,0.0409,-0.3261,0.3360,0.1487,-0.1891,0.3986,0.0016,0.0000,0.0000,0.0000,False,0.0212,-0.0253,-0.0113,-0.0472,0.0625,-0.0466,0.5893,grasp,-0.1891,0.3986,0.0016,0.0000,0.0000,0.0000,False,,0.0500,0.0000,True,0.8020,-0.2600,0.0099,1.1900
1044,0.0,0.2105,-0.0020,False,False,False,2.0431,4.7085,1.9890,-1.9512,-1.5556,-0.0002,0.0000,0.0000,0.0000,0.0000,-0.0000,0.0000,0.0409,-0.3261,0.3360,0.1487,-0.1891,0.3986,0.0016,0.0000,0.0000,0.0000,False,-0.0461,0.0418,0.0469,-0.0776,0.0732,0.0316,-2.5341,grasp,-0.1891,0.3986,0.0016,0.0000,0.0000,0.0000,False,,0.0500,0.0000,False,0.8020,-0.2600,0.0099,1.1900
1045,0.0,0.2120,-0.0109,False,False,False,2.0433,4.7082,1.9889,-1.9517,-1.5550,-0.0007,0.0212,-0.0253,-0.0113,-0.0472,0.0625,-0.0466,0.0609,-0.3261,0.3360,0.1487,-0.1879,0.4005,0.0014,0.0000,0.0000,0.0000,False,-0.0454,-0.0699,0.0744,-0.0436,0.0507,0.0273,-1.8680,grasp,-0.1879,0.4005,0.0014,0.0000,0.0000,0.0000,False,,0.0500,0.0000,False,0.8020,-0.2600,0.0099,1.1900
1046,0.0,0.2094,-0.0253,False,False,False,2.0451,4.7075,1.9878,-1.9538,-1.5551,-0.0030,0.1144,-0.0513,-0.0715,-0.1370,-0.0038,-0.1480,0.1242,-0.3268,0.3360,0.1443,-0.1879,0.4005,0.0014,0.0000,0.0000,0.0000,False,0.0602,-0.0270,-0.0377,-0.0721,-0.0020,-0.0779,2.4509,grasp,-0.1879,0.4005,0.0014,0.0000,0.0000,0.0000,False,,0.0500,0.0000,True,0.8020,-0.2600,0.0099,1.1900
1047,0.0,0.2094,-0.0125,False,False,False,2.0470,4.7068,1.9875,-1.9551,-1.5553,-0.0054,0.0295,0.0107,0.0727,0.0654,-0.0143,-0.0357,0.1411,-0.3268,0.3360,0.1443,-0.1879,0.4005,0.0014,0.0000,0.0000,0.0000,False,0.0312,0.0095,0.0717,0.0635,-0.0143,-0.0378,-2.1701,grasp,-0.1879,0.4005,0.0014,0.0000,0.0000,0.0000,False,,0.0500,0.0000,False,0.8020,-0.2600,0.0099,1.1900
1048,0.0,0.2095,-0.0218,False,False,False,2.0476,4.7070,1.9889,-1.9538,-1.5555,-0.0061,0.0561,0.0199,0.1382,0.1243,-0.0271,-0.0678,0.1393,-0.3280,0.3350,0.1427,-0.1879,0.4005,0.0014,0.0000,0.0000,0.0000,False,0.0235,0.0653,-0.0111,-0.0292,0.0352,0.0430,1.5883,grasp,-0.1879,0.4005,0.0014,0.0000,0.0000,0.0000,False,,0.0500,0.0000,True,0.8020,-0.2600,0.0099,1.1900
1049,0.0,0.2095,-0.0018,False,False,False,2.0476,4.7070,1.9889,-1.9538,-1.5555,-0.0061,0.0000,0.0000,0.0000,0.0000,-0.0000,0.0000,0.1593,-0.3280,0.3350,0.1427,-0.1879,0.4005,0.0014,0.0000,0.0000,0.0000,False,-0.0674,0.0160,-0.0067,0.0693,0.0540,0.0532,1.5040,grasp,-0.1879,0.4005,0.0014,0.0000,0.0000,0.0000,False,,0.0500,0.0000,True,0.8020,-0.2600,0.0099,1.1900
1050,0.0,0.2095,-0.0097,False,False,False,2.0478,4.7076,1.9888,-1.9541,-1.5552,-0.0057,0.0229,0.0651,-0.0129,-0.0305,0.0354,0.0437,0.1787,-0.3280,0.3350,0.1427,-0.1879,0.4005,0.0014,0.0000,0.0000,0.0000,False,0.0388,0.0702,-0.0361,0.0390,-0.0300,0.0610,2.1005,grasp,-0.1879,0.4005,0.0014,0.0000,0.0000,0.0000,False,,0.0500,0.0000,True,0.8020,-0.2600,0.0099,1.1900
1051,0.0,0.2096,-0.0105,False,False,False,2.0478,4.7076,1.9888,-1.9541,-1.5552,-0.0057,0.0229,0.0651,-0.0129,-0.0305,0.0354,0.0437,0.1787,-0.3280,0.3350,0.1427,-0.1888,0.4023,0.0011,0.0000,0.0000,0.0000,False,-0.0268,0.0181,0.0422,-0.0123,-0.0553,0.0613,2.6299,grasp,-0.1888,0.4023,0.0011,0.0000,0.0000,0.0000,False,,0.0500,0.0000,True,0.8020,-0.2600,0.0099,1.1900
1052,0.0,0.2067,-0.0195,False,False,False,2.0491,4.7068,1.9890,-1.9532,-1.5541,-0.0037,0.0885,-0.0546,0.0138,0.0598,0.0744,0.1305,0.2585,-0.3284,0.3346,0.1377,-0.1888,0.4023,0.0011,0.0000,0.0000,0.0000,False,0.0466,-0.0287,0.0073,0.0315,0.0392,0.0687,2.3481,grasp,-0.1888,0.4023,0.0011,0.0000,0.0000,0.0000,False,,0.0500,0.0000,True,0.8020,-0.2600,0.0099,1.1900
1053,0.0,0.2067,-0.0122,False,False,False,2.0511,4.7066,1.9891,-1.9518,-1.5524,-0.0020,0.0722,0.0554,-0.0080,0.0517,0.0619,-0.0189,0.3181,-0.3284,0.3346,0.1377,-0.1888,0.4023,0.0011,0.0000,0.0000,0.0000,False,0.0736,0.0546,-0.0078,0.0525,0.0629,-0.0170,1.9904,grasp,-0.1888,0.4023,0.0011,0.0000,0.0000,0.0000,False,,0.0500,0.0000,True,0.8020,-0.2600,0.0099,1.1900
1054,0.0,0.2067,-0.0154,False,False,False,2.0511,4.7066,1.9891,-1.9518,-1.5524,-0.0020,0.0722,0.0554,-0.0080,0.0517,0.0619,-0.0189,0.3181,-0.3284,0.3346,0.1377,-0.1888,0.4023,0.0011,0.0000,0.0000,0.0000,False,0.0599,0.0020,0.0660,-0.0566,0.0468,-0.0424,1.5616,grasp,-0.1888,0.4023,0.0011,0.0000,0.0000,0.0000,False,,0.0500,0.0000,True,0.8020,-0.2600,0.0099,1.1900
1055,0.0,0.2061,-0.0014,False,False,False,2.0525,4.7076,1.9890,-1.9509,-1.5512,-0.0024,0.0000,0.0000,0.0000,0.0000,-0.0000,0.0000,0.3578,-0.3303,0.3317,0.1333,-0.1888,0.4023,0.0011,0.0000,0.0000,0.0000,False,-0.0631,0.0463,0.0729,-0.0547,-0.0075,-0.0380,-0.8564,grasp,-0.1888,0.4023,0.0011,0.0000,0.0000,0.0000,False,,0.0500,0.0000,False,0.8020,-0.2600,0.0099,1.1900
1056,0.0,0.2061,-0.0030,False,False,False,2.0525,4.7076,1.9890,-1.9509,-1.5512,-0.0024,0.0000,0.0000,0.0000,0.0000,-0.0000,0.0000,0.3778,-0.3303,0.3317,0.1333,-0.1888,0.4023,0.0011,0.0000,0.0000,0.0000,False,-0.0582,0.0128,0.0425,0.0129,0.0268,-0.0680,0.9673,grasp,-0.1888,0.4023,0.0011,0.0000,0.0000,0.0000,False,,0.0500,0.0000,True,0.8020,-0.2600,0.0099,1.1900
1057,0.0,0.2069,-5.0039,True,False,False,2.0525,4.7076,1.9890,-1.9509,-1.5512,-0.0024,0.0000,0.0000,0.0000,0.0000,-0.0000,0.0000,0.3778,-0.3303,0.3317,0.1333,-0.1886,0.4000,-0.0010,0.0000,0.0000,0.0000,False,-0.0129,0.0731,-0.0687,0.0489,0.0551,0.0099,2.6319,grasp,-0.1886,0.4000,-0.0010,0.0000,0.0000,0.0000,False,,0.0500,0.0000,True,0.8020,-0.2600,0.0099,1.1900
1058,0.0,0.2140,-0.0058,False,False,False,2.0472,4.7130,1.9809,-1.9511,-1.5500,-0.0004,-0.0100,-0.0261,0.0140,-0.0303,-0.0291,0.0006,0.0198,-0.3308,0.3367,0.1494,-0.1910,0.4026,0.0014,0.0000,0.0000,0.0000,False,0.0126,0.0513,0.0764,0.0620,-0.0045,-0.0255,1.9176,grasp,-0.1910,0.4026,0.0014,0.0000,0.0000,0.0000,False,,0.0500,0.0000,True,0.8020,-0.2600,0.0099,1.1938
1059,0.0,0.2135,-0.0014,False,False,False,2.0472,4.7130,1.9809,-1.9511,-1.5500,-0.0004,0.0000,0.0000,0.0000,0.0000,-0.0000,0.0000,0.0598,-0.3305,0.3370,0.1492,-0.1910,0.4026,0.0014,0.0000,0.0000,0.0000,False,0.0551,-0.0349,-0.0154,0.0376,0.0366,0.0385,2.4657,grasp,-0.1910,0.4026,0.0014,0.0000,0.0000,0.0000,False,,0.0500,0.0000,True,0.8020,-0.2600,0.0099,1.1938
1060,0.0,0.2135,-0.0102,False,False,False,2.0478,4.7126,1.9807,-1.9508,-1.5497,-0.0000,0.0551,-0.0349,-0.0154,0.0376,0.0366,0.0385,0.0798,-0.3305,0.3370,0.1492,-0.1910,0.4026,0.0014,0.0000,0.0000,0.0000,False,-0.0023,0.0098,-0.0421,-0.0091,0.0600,0.0094,0.7320,grasp,-0.1910,0.4026,0.0014,0.0000,0.0000,0.0000,False,,0.0500,0.0000,True,0.8020,-0.2600,0.0099,1.1938
1061,0.0,0.2135,-0.0090,False,False,False,2.0478,4.7126,1.9807,-1.9508,-1.5497,-0.0000,0.0551,-0.0349,-0.0154,0.0376,0.0366,0.0385,0.0798,-0.3305,0.3370,0.1492,-0.1910,0.4026,0.0014,0.0000,0.0000,0.0000,False,0.0756,0.0662,0.0693,-0.0058,0.0632,-0.0215,1.1532,grasp,-0.1910,0.4026,0.0014,0.0000,0.0000,0.0000,False,,0.0500,0.0000,True,0.8020,-0.2600,0.0099,1.1938
1062,0.0,0.2131,-0.0016,False,False,False,2.0482,4.7122,1.9802,-1.9509,-1.5492,-0.0004,0.0458,-0.0415,-0.0525,-0.0111,0.0489,-0.0346,0.1398,-0.3305,0.3370,0.1492,-0.1917,0.4028,0.0013,0.0000,0.0000,0.0000,False,0.0458,-0.0415,-0.0525,-0.0111,0.0489,-0.0346,0.8834,grasp,-0.1917,0.4028,0.0013,0.0000,0.0000,0.0000,False,,0.0500,0.0000,True,0.8020,-0.2600,0.0099,1.1938
1063,0.0,0.2102,-0.0071,False,False,False,2.0482,4.7122,1.9802,-1.9509,-1.5492,-0.0004,0.0458,-0.0415,-0.0525,-0.0111,0.0489,-0.0346,0.1398,-0.3312,0.3366,0.1440,-0.1917,0.4028,0.0013,0.0000,0.0000,0.0000,False,0.0208,0.0590,-0.0415,-0.0015,-0.0103,0.0707,-0.2286,grasp,-0.1917,0.4028,0.0013,0.0000,0.0000,0.0000,False,,0.0500,0.0000,False,0.8020,-0.2600,0.0099,1.1938
1064,0.0,0.2102,-0.0022,False,False,False,2.0491,4.7114,1.9792,-1.9511,-1.5482,-0.0010,0.0000,0.0000,0.0000,0.0000,-0.0000,0.0000,0.1992,-0.3312,0.3366,0.1440,-0.1917,0.4028,0.0013,0.0000,0.0000,0.0000,False,0.0740,0.0318,-0.0539,0.0771,0.0138,-0.0261,-2.7695,grasp,-0.1917,0.4028,0.0013,0.0000,0.0000,0.0000,False,,0.0500,0.0000,False,0.8020,-0.2600,0.0099,1.1938
1065,0.0,0.2084,-0.0122,False,False,False,2.0495,4.7124,1.9792,-1.9508,-1.5485,-0.0018,-0.0382,0.0702,0.0520,-0.0438,-0.0396,-0.0546,0.2589,-0.3322,0.3362,0.1400,-0.1917,0.4028,0.0013,0.0000,0.0000,0.0000,False,-0.0375,0.0705,0.0514,-0.0430,-0.0395,-0.0548,2.7453,grasp,-0.1917,0.4028,0.0013,0.0000,0.0000,0.0000,False,,0.0500,0.0000,True,0.8020,-0.2600,0.0099,1.1938
1066,0.0,0.2084,-0.0286,False,False,False,2.0487,4.7137,1.9802,-1.9516,-1.5493,-0.0029,-0.0727,0.1334,0.0987,-0.0831,-0.0752,-0.1036,0.2787,-0.3322,0.3362,0.1400,-0.1917,0.4028,0.0013,0.0000,0.0000,0.0000,False,0.0159,0.0267,0.0638,0.0648,0.0504,-0.0190,-0.1643,grasp,-0.1917,0.4028,0.0013,0.0000,0.0000,0.0000,False,,0.0500,0.0000,False,0.8020,-0.2600,0.0099,1.1938
1067,0.0,0.2082,-0.0296,False,False,False,2.0487,4.7137,1.9802,-1.9516,-1.5493,-0.0029,-0.0727,0.1334,0.0987,-0.0831,-0.0752,-0.1036,0.2787,-0.3322,0.3362,0.1400,-0.1923,0.4037,0.0015,0.0000,0.0000,0.0000,False,-0.0724,0.0489,0.0182,-0.0117,0.0545,-0.0548,2.1266,grasp,-0.1923,0.4037,0.0015,0.0000,0.0000,0.0000,False,,0.0500,0.0000,True,0.8020,-0.2600,0.0099,1.1938
1068,0.0,0.2039,-0.0076,False,False,False,2.0486,4.7146,1.9799,-1.9511,-1.5485,-0.0030,-0.0118,0.0682,-0.0331,0.0480,0.0718,-0.0123,0.3387,-0.3316,0.3362,0.1343,-0.1923,0.4037,0.0015,0.0000,0.0000,0.0000,False,-0.0118,0.0683,-0.0331,0.0480,0.0718,-0.0123,2.6227,grasp,-0.1923,0.4037,0.0015,0.0000,0.0000,0.0000,False,,0.0500,0.0000,True,0.8020,-0.2600,0.0099,1.1938
1069,0.0,0.2039,-0.0123,False,False,False,2.0486,4.7146,1.9799,-1.9511,-1.5485,-0.0030,-0.0118,0.0682,-0.0331,0.0480,0.0718,-0.0123,0.3387,-0.3316,0.3362,0.1343,-0.1923,0.4037,0.0015,0.0000,0.0000,0.0000,False,-0.0218,0.0422,-0.0547,-0.0537,0.0488,0.0147,2.5160,grasp,-0.1923,0.4037,0.0015,0.0000,0.0000,0.0000,False,,0.0500,0.0000,True,0.8020,-0.2600,0.0099,1.1938
1070,0.0,0.2039,-0.0026,False,False,False,2.0484,4.7159,1.9792,-1.9502,-1.5472,-0.0032,0.0000,0.0000,0.0000,0.0000,-0.0000,0.0000,0.3986,-0.3316,0.3362,0.1343,-0.1923,0.4037,0.0015,0.0000,0.0000,0.0000,False,0.0386,0.0259,0.0747,-0.0213,-0.0607,-0.0659,1.0660,grasp,-0.1923,0.4037,0.0015,0.0000,0.0000,0.0000,False,,0.0500,0.0000,True,0.8020,-0.2600,0.0099,1.1938
1071,0.0,0.2025,-0.0119,False,False,False,2.0495,4.7169,1.9804,-1.9500,-1.5478,-0.0044,0.0756,0.0748,0.0409,0.0436,-0.0052,-0.0471,0.3724,-0.3317,0.3357,0.1317,-0.1923,0.4037,0.0015,0.0000,0.0000,0.0000,False,0.0760,0.0750,0.0416,0.0434,-0.0058,-0.0478,-2.1693,grasp,-0.1923,0.4037,0.0015,0.0000,0.0000,0.0000,False,,0.0500,0.0000,False,0.8020,-0.2600,0.0099,1.1938
1072,0.0,0.2025,-0.0262,False,False,False,2.0510,4.7183,1.9812,-1.9491,-1.5479,-0.0053,0.1437,0.1421,0.0776,0.0828,-0.0099,-0.0895,0.3524,-0.3317,0.3357,0.1317,-0.1923,0.4037,0.0015,0.0000,0.0000,0.0000,False,-0.0438,-0.0015,0.0393,-0.0246,-0.0452,0.0555,1.2540,grasp,-0.1923,0.4037,0.0015,0.0000,0.0000,0.0000,False,,0.0500,0.0000,True,0.8020,-0.2600,0.0099,1.1938
1073,0.0,0.2073,-5.0330,True,False,False,2.0510,4.7183,1.9812,-1.9491,-1.5479,-0.0053,0.1437,0.1421,0.0776,0.0828,-0.0099,-0.0895,0.3524,-0.3317,0.3357,0.1317,-0.1887,0.4042,-0.0018,0.0000,0.0000,0.0000,False,-0.0481,-0.0059,-0.0519,0.0315,-0.0588,0.0312,-2.1606,grasp,-0.1887,0.4042,-0.0018,0.0000,0.0000,0.0000,False,,0.0500,0.0000,False,0.8020,-0.2600,0.0099,1.1938
1074,0.0,0.2165,-0.0066,False,False,False,2.0433,4.7108,1.9792,-1.9532,-1.5601,-0.0008,-0.0046,-0.0230,0.0164,-0.0275,-0.0151,0.0011,0.0156,-0.3274,0.3407,0.1520,-0.1870,0.4063,0.0008,0.0000,0.0000,0.0000,False,0.0313,-0.0249,0.0294,0.0190,0.0677,-0.0086,-2.8033,grasp,-0.1870,0.4063,0.0008,0.0000,0.0000,0.0000,False,,0.0500,0.0000,False,0.8020,-0.2600,0.0099,1.1925
1075,0.0,0.2158,-0.0100,False,False,False,2.0438,4.7105,1.9796,-1.9528,-1.5604,-0.0004,0.0535,-0.0244,0.0445,0.0333,-0.0264,0.0387,0.0580,-0.3272,0.3408,0.1511,-0.1870,0.4063,0.0008,0.0000,0.0000,0.0000,False,0.0535,-0.0244,0.0445,0.0333,-0.0264,0.0387,2.1875,grasp,-0.1870,0.4063,0.0008,0.0000,0.0000,0.0000,False,,0.0500,0.0000,True,0.8020,-0.2600,0.0099,1.1925
1076,0.0,0.2158,-0.0113,False,False,False,2.0438,4.7105,1.9796,-1.9528,-1.5604,-0.0004,0.0535,-0.0244,0.0445,0.0333,-0.0264,0.0387,0.0580,-0.3272,0.3408,0.1511,-0.1870,0.4063,0.0008,0.0000,0.0000,0.0000,False,0.0082,-0.0195,-0.0657,-0.0287,-0.0233,-0.0721,1.6085,grasp,-0.1870,0.4063,0.0008,0.0000,0.0000,0.0000,False,,0.0500,0.0000,True,0.8020,-0.2600,0.0099,1.1925
1077,0.0,0.2166,-0.0124,False,False,False,2.0438,4.7105,1.9796,-1.9528,-1.5604,-0.0004,0.0535,-0.0244,0.0445,0.0333,-0.0264,0.0387,0.0580,-0.3272,0.3408,0.1511,-0.1861,0.4070,0.0007,0.0000,0.0000,0.0000,False,-0.0287,0.0240,0.0605,-0.0702,0.0119,0.0457,2.4701,grasp,-0.1861,0.4070,0.0007,0.0000,0.0000,0.0000,False,,0.0500,0.0000,True,0.8020,-0.2600,0.0099,1.1925
1078,0.0,0.2166,-0.0113,False,False,False,2.0438,4.7105,1.9796,-1.9528,-1.5604,-0.0004,0.0535,-0.0244,0.0445,0.0333,-0.0264,0.0387,0.0580,-0.3272,0.3408,0.1511,-0.1861,0.4070,0.0007,0.0000,0.0000,0.0000,False,0.0618,0.0676,-0.0288,-0.0281,0.0639,0.0744,1.5296,grasp,-0.1861,0.4070,0.0007,0.0000,0.0000,0.0000,False,,0.0500,0.0000,True,0.8020,-0.2600,0.0099,1.1925
1079,0.0,0.2166,-0.0037,False,False,False,2.0448,4.7101,1.9805,-1.9522,-1.5609,0.0003,0.0000,0.0000,0.0000,0.0000,-0.0000,0.0000,0.1178,-0.3272,0.3408,0.1511,-0.1861,0.4070,0.0007,0.0000,0.0000,0.0000,False,0.0473,0.0101,0.0330,0.0577,-0.0530,-0.0657,-1.4675,grasp,-0.1861,0.4070,0.0007,0.0000,0.0000,0.0000,False,,0.0500,0.0000,False,0.8020,-0.2600,0.0099,1.1925
1080,0.0,0.2130,-0.0155,False,False,False,2.0475,4.7089,1.9820,-1.9517,-1.5607,-0.0007,0.1399,-0.0834,0.0775,-0.0069,0.0500,-0.0234,0.1067,-0.3271,0.3391,0.1453,-0.1861,0.4070,0.0007,0.0000,0.0000,0.0000,False,0.0741,-0.0438,0.0411,-0.0031,0.0258,-0.0130,-2.7527,grasp,-0.1861,0.4070,0.0007,0.0000,0.0000,0.0000,False,,0.0500,0.0000,False,0.8020,-0.2600,0.0099,1.1925
1081,0.0,0.2155,-0.0041,False,False,False,2.0496,4.7077,1.9831,-1.9518,-1.5600,-0.0010,0.0000,0.0000,0.0000,0.0000,-0.0000,0.0000,0.1082,-0.3284,0.3368,0.1465,-0.1861,0.4070,0.0007,0.0000,0.0000,0.0000,False,0.0596,-0.0384,0.0080,0.0622,0.0155,0.0279,-1.7853,grasp,-0.1861,0.4070,0.0007,0.0000,0.0000,0.0000,False,,0.0500,0.0000,False,0.8020,-0.2600,0.0099,1.1925
1082,0.0,0.2155,-0.0103,False,False,False,2.0501,4.7073,1.9832,-1.9512,-1.5598,-0.0008,0.0566,-0.0371,0.0069,0.0623,0.0148,0.0283,0.1146,-0.3284,0.3368,0.1465,-0.1861,0.4070,0.0007,0.0000,0.0000,0.0000,False,-0.0624,0.0307,-0.0241,0.0718,0.0158,-0.0753,-1.5457,grasp,-0.1861,0.4070,0.0007,0.0000,0.0000,0.0000,False,,0.0500,0.0000,False,0.8020,-0.2600,0.0099,1.1925
1083,0.0,0.2155,-0.0088,False,False,False,2.0501,4.7073,1.9832,-1.9512,-1.5598,-0.0008,0.0566,-0.0371,0.0069,0.0623,0.0148,0.0283,0.1146,-0.3284,0.3368,0.1465,-0.1861,0.4070,0.0007,0.0000,0.0000,0.0000,False,0.0723,0.0523,-0.0475,0.0165,0.0267,0.0432,-2.4662,grasp,-0.1861,0.4070,0.0007,0.0000,0.0000,0.0000,False,,0.0500,0.0000,False,0.8020,-0.2600,0.0099,1.1925
1084,0.0,0.2153,-5.0095,True,False,False,2.0501,4.7073,1.9832,-1.9512,-1.5598,-0.0008,0.0566,-0.0371,0.0069,0.0623,0.0148,0.0283,0.1146,-0.3284,0.3368,0.1465,-0.1861,0.4044,-0.0003,0.0000,0.0000,0.0000,False,-0.0736,0.0185,-0.0750,0.0590,0.0014,-0.0272,-1.0563,grasp,-0.1861,0.4044,-0.0003,0.0000,0.0000,0.0000,False,,0.0500,0.0000,False,0.8020,-0.2600,0.0099,1.1925
1085,0.0,0.2260,-0.0065,False,False,False,2.0289,4.7085,1.9657,-1.9408,-1.5621,-0.0074,0.0146,-0.0186,0.0330,-0.0419,-0.0115,0.0096,0.0011,-0.3228,0.3480,0.1596,-0.1768,0.4137,0.0001,0.0000,0.0000,0.0000,False,0.0221,0.0012,-0.0276,0.0724,-0.0475,0.0300,-2.5237,grasp,-0.1768,0.4137,0.0001,0.0000,0.0000,0.0000,False,,0.0500,0.0000,False,0.8020,-0.2600,0.0277,1.1886
1086,0.0,0.2244,-0.0150,False,False,False,2.0300,4.7100,1.9668,-1.9404,-1.5618,-0.0073,0.0631,0.1115,0.0528,0.0487,0.0295,0.0022,0.0475,-0.3229,0.3475,0.1570,-0.1768,0.4137,0.0001,0.0000,0.0000,0.0000,False,0.0334,0.0585,0.0281,0.0252,0.0154,0.0013,-1.7863,grasp,-0.1768,0.4137,0.0001,0.0000,0.0000,0.0000,False,,0.0500,0.0000,False,0.8020,-0.2600,0.0277,1.1886
1087,0.0,0.2244,-0.0017,False,False,False,2.0309,4.7117,1.9675,-1.9397,-1.5614,-0.0072,0.0000,0.0000,0.0000,0.0000,-0.0000,0.0000,0.0800,-0.3229,0.3475,0.1570,-0.1768,0.4137,0.0001,0.0000,0.0000,0.0000,False,0.0065,0.0673,-0.0735,0.0708,-0.0574,-0.0094,0.8749,grasp,-0.1768,0.4137,0.0001,0.0000,0.0000,0.0000,False,,0.0500,0.0000,True,0.8020,-0.2600,0.0277,1.1886
1088,0.0,0.2244,-0.0132,False,False,False,2.0310,4.7124,1.9668,-1.9390,-1.5620,-0.0073,0.0056,0.0644,-0.0743,0.0701,-0.0578,-0.0095,0.1000,-0.3229,0.3475,0.1570,-0.1768,0.4137,0.0001,0.0000,0.0000,0.0000,False,-0.0561,0.0458,0.0705,0.0670,-0.0011,-0.0053,-1.6486,grasp,-0.1768,0.4137,0.0001,0.0000,0.0000,0.0000,False,,0.0500,0.0000,False,0.8020,-0.2600,0.0277,1.1886
1089,0.0,0.2244,-5.0148,True,False,False,2.0310,4.7124,1.9668,-1.9390,-1.5620,-0.0073,0.0056,0.0644,-0.0743,0.0701,-0.0578,-0.0095,0.1000,-0.3229,0.3475,0.1570,-0.1771,0.4133,-0.0004,0.0000,0.0000,0.0000,False,-0.0480,0.0397,-0.0070,0.0685,0.0421,0.0678,1.7368,grasp,-0.1771,0.4133,-0.0004,0.0000,0.0000,0.0000,False,,0.0500,0.0000,True,0.8020,-0.2600,0.0277,1.1886
1090,0.0,0.2210,-0.0078,False,False,False,2.0307,4.7091,1.9749,-1.9461,-1.5627,0.0009,0.0152,-0.0243,0.0262,-0.0438,-0.0135,-0.0014,0.0004,-0.3222,0.3452,0.1555,-0.1781,0.4087,0.0006,0.0000,0.0000,0.0000,False,-0.0565,0.0051,-0.0754,0.0652,-0.0266,0.0366,-0.5439,grasp,-0.1781,0.4087,0.0006,0.0000,0.0000,0.0000,False,,0.0500,0.0000,False,0.8020,-0.2600,0.0100,1.1865
1091,0.0,0.2210,-0.0020,False,False,False,2.0307,4.7091,1.9749,-1.9461,-1.5627,0.0009,0.0000,0.0000,0.0000,0.0000,-0.0000,0.0000,0.0204,-0.3222,0.3452,0.1555,-0.1781,0.4087,0.0006,0.0000,0.0000,0.0000,False,0.0784,0.0324,0.0583,0.0080,0.0110,0.0708,1.6007,grasp,-0.1781,0.4087,0.0006,0.0000,0.0000,0.0000,False,,0.0500,0.0000,True,0.8020,-0.2600,0.0100,1.1865
1092,0.0,0.2210,-0.0014,False,False,False,2.0307,4.7091,1.9749,-1.9461,-1.5627,0.0009,0.0000,0.0000,0.0000,0.0000,-0.0000,0.0000,0.0604,-0.3222,0.3452,0.1555,-0.1781,0.4087,0.0006,0.0000,0.0000,0.0000,False,-0.0051,-0.0057,-0.0445,0.0648,-0.0357,-0.0265,-1.1239,grasp,-0.1781,0.4087,0.0006,0.0000,0.0000,0.0000,False,,0.0500,0.0000,False,0.8020,-0.2600,0.0100,1.1865
1093,0.0,0.2211,-0.0025,False,False,False,2.0307,4.7091,1.9749,-1.9461,-1.5627,0.0009,0.0000,0.0000,0.0000,0.0000,-0.0000,0.0000,0.0604,-0.3222,0.3452,0.1555,-0.1782,0.4094,0.0006,0.0000,0.0000,0.0000,False,0.0652,-0.0044,-0.0573,0.0779,-0.0528,-0.0141,3.0012,grasp,-0.1782,0.4094,0.0006,0.0000,0.0000,0.0000,False,,0.0500,0.0000,True,0.8020,-0.2600,0.0100,1.1865
1094,0.0,0.2170,-0.0144,False,False,False,2.0300,4.7082,1.9752,-1.9436,-1.5632,0.0017,-0.0434,-0.0594,0.0458,0.1207,-0.0123,0.0714,0.1400,-0.3221,0.3451,0.1497,-0.1782,0.4094,0.0006,0.0000,0.0000,0.0000,False,-0.0229,-0.0313,0.0236,0.0642,-0.0068,0.0373,0.6370,grasp,-0.1782,0.4094,0.0006,0.0000,0.0000,0.0000,False,,0.0500,0.0000,True,0.8020,-0.2600,0.0100,1.1865
1095,0.0,0.2170,-0.0187,False,False,False,2.0300,4.7082,1.9752,-1.9436,-1.5632,0.0017,-0.0434,-0.0594,0.0458,0.1207,-0.0123,0.0714,0.1400,-0.3221,0.3451,0.1497,-0.1782,0.4094,0.0006,0.0000,0.0000,0.0000,False,-0.0308,0.0411,0.0328,-0.0064,-0.0072,-0.0076,-2.3071,grasp,-0.1782,0.4094,0.0006,0.0000,0.0000,0.0000,False,,0.0500,0.0000,False,0.8020,-0.2600,0.0100,1.1865
1096,0.0,0.2133,-0.0036,False,False,False,2.0291,4.7077,1.9762,-1.9420,-1.5635,0.0026,-0.0302,0.0420,0.0321,-0.0081,-0.0070,-0.0087,0.1749,-0.3207,0.3440,0.1452,-0.1782,0.4094,0.0006,0.0000,0.0000,0.0000,False,0.0644,0.0142,-0.0407,0.0115,-0.0484,0.0757,-2.1662,grasp,-0.1782,0.4094,0.0006,0.0000,0.0000,0.0000,False,,0.0500,0.0000,False,0.8020,-0.2600,0.0100,1.1865
1097,0.0,0.2133,-0.0022,False,False,False,2.0291,4.7077,1.9762,-1.9420,-1.5635,0.0026,-0.0000,0.0000,0.0000,0.0000,-0.0000,0.0000,0.1699,-0.3207,0.3440,0.1452,-0.1782,0.4094,0.0006,0.0000,0.0000,0.0000,False,0.0368,-0.0355,0.0706,-0.0117,0.0054,-0.0180,-2.6618,grasp,-0.1782,0.4094,0.0006,0.0000,0.0000,0.0000,False,,0.0500,0.0000,False,0.8020,-0.2600,0.0100,1.1865
1098,0.0,0.2133,-0.0030,False,False,False,2.0291,4.7077,1.9762,-1.9420,-1.5635,0.0026,0.0000,0.0000,0.0000,0.0000,-0.0000,0.0000,0.1790,-0.3207,0.3440,0.1452,-0.1782,0.4094,0.0006,0.0000,0.0000,0.0000,False,0.0168,0.0212,0.0713,-0.0517,0.0124,0.0680,0.0810,grasp,-0.1782,0.4094,0.0006,0.0000,0.0000,0.0000,False,,0.0500,0.0000,True,0.8020,-0.2600,0.0100,1.1865
1099,0.0,0.2158,-5.0058,True,False,False,2.0291,4.7077,1.9762,-1.9420,-1.5635,0.0026,0.0000,0.0000,0.0000,0.0000,-0.0000,0.0000,0.1790,-0.3207,0.3440,0.1452,-0.1746,0.4081,-0.0000,0.0000,0.0000,0.0000,False,0.0407,-0.0083,0.0622,-0.0039,0.0170,-0.0758,-2.4853,grasp,-0.1746,0.4081,-0.0000,0.0000,0.0000,0.0000,False,,0.0500,0.0000,False,0.8020,-0.2600,0.0100,1.1865
1100,0.0,0.2169,-0.0035,False,False,False,2.0375,4.7030,1.9887,-1.9515,-1.5633,-0.0074,0.0034,-0.0120,0.0031,-0.0293,-0.0104,0.0101,0.0022,-0.3223,0.3388,0.1521,-0.1813,0.4041,0.0008,0.0000,0.0000,0.0000,False,0.0081,0.0607,-0.0481,0.0333,-0.0611,-0.0608,2.5322,grasp,-0.1813,0.4041,0.0008,0.0000,0.0000,0.0000,False,,0.0500,0.0000,True,0.8020,-0.2600,0.0099,1.1866
1101,0.0,0.2172,-0.0025,False,False,False,2.0375,4.7028,1.9888,-1.9518,-1.5635,-0.0073,0.0000,0.0000,0.0000,0.0000,-0.0000,0.0000,0.0104,-0.3224,0.3392,0.1525,-0.1813,0.4041,0.0008,0.0000,0.0000,0.0000,False,0.0053,-0.0695,0.0632,-0.0209,0.0558,0.0482,-2.4667,grasp,-0.1813,0.4041,0.0008,0.0000,0.0000,0.0000,False,,0.0500,0.0000,False,0.8020,-0.2600,0.0099,1.1866
1102,0.0,0.2172,-0.0025,False,False,False,2.0376,4.7022,1.9894,-1.9520,-1.5629,-0.0068,0.0000,0.0000,0.0000,0.0000,-0.0000,0.0000,0.0379,-0.3224,0.3392,0.1525,-0.1813,0.4041,0.0008,0.0000,0.0000,0.0000,False,0.0270,0.0280,-0.0063,0.0316,-0.0468,-0.0485,2.7494,grasp,-0.1813,0.4041,0.0008,0.0000,0.0000,0.0000,False,,0.0500,0.0000,True,0.8020,-0.2600,0.0099,1.1866
1103,0.0,0.2176,-0.0022,False,False,False,2.0376,4.7022,1.9894,-1.9520,-1.5629,-0.0068,0.0000,0.0000,0.0000,0.0000,-0.0000,0.0000,0.0379,-0.3224,0.3392,0.1525,-0.1810,0.4052,0.0008,0.0000,0.0000,0.0000,False,-0.0289,0.0282,-0.0573,0.0160,0.0768,0.0176,0.3709,grasp,-0.1810,0.4052,0.0008,0.0000,0.0000,0.0000,False,,0.0500,0.0000,True,0.8020,-0.2600,0.0099,1.1866
1104,0.0,0.2145,-0.0051,False,False,False,2.0378,4.7024,1.9890,-1.9512,-1.5635,-0.0078,-0.0035,0.0001,-0.0374,0.0542,-0.0157,-0.0430,0.0978,-0.3224,0.3387,0.1478,-0.1810,0.4052,0.0008,0.0000,0.0000,0.0000,False,-0.0032,0.0004,-0.0374,0.0545,-0.0162,-0.0435,-2.7343,grasp,-0.1810,0.4052,0.0008,0.0000,0.0000,0.0000,False,,0.0500,0.0000,False,0.8020,-0.2600,0.0099,1.1866
1105,0.0,0.2145,-0.0078,False,False,False,2.0378,4.7024,1.9890,-1.9512,-1.5635,-0.0078,-0.0035,0.0001,-0.0374,0.0542,-0.0157,-0.0430,0.0978,-0.3224,0.3387,0.1478,-0.1810,0.4052,0.0008,0.0000,0.0000,0.0000,False,0.0767,0.0435,-0.0449,-0.0195,-0.0540,0.0170,-2.7913,grasp,-0.1810,0.4052,0.0008,0.0000,0.0000,0.0000,False,,0.0500,0.0000,False,0.8020,-0.2600,0.0099,1.1866
1106,0.0,0.2145,-0.0026,False,False,False,2.0377,4.7024,1.9882,-1.9501,-1.5638,-0.0086,0.0000,0.0000,0.0000,0.0000,-0.0000,0.0000,0.1319,-0.3224,0.3387,0.1478,-0.1810,0.4052,0.0008,0.0000,0.0000,0.0000,False,0.0188,-0.0635,-0.0308,0.0530,-0.0310,-0.0405,-0.7776,grasp,-0.1810,0.4052,0.0008,0.0000,0.0000,0.0000,False,,0.0500,0.0000,False,0.8020,-0.2600,0.0099,1.1866
1107,0.0,0.2122,-0.0002,False,False,False,2.0379,4.7018,1.9879,-1.9496,-1.5641,-0.0090,-0.0000,0.0000,0.0000,0.0000,-0.0000,0.0000,0.1688,-0.3222,0.3387,0.1446,-0.1810,0.4052,0.0008,0.0000,0.0000,0.0000,False,0.0763,0.0441,0.0030,-0.0170,0.0319,0.0270,2.5813,grasp,-0.1810,0.4052,0.0008,0.0000,0.0000,0.0000,False,,0.0500,0.0000,True,0.8020,-0.2600,0.0099,1.1866
1108,0.0,0.2122,-0.0111,False,False,False,2.0387,4.7023,1.9880,-1.9498,-1.5638,-0.0087,0.0761,0.0448,0.0033,-0.0176,0.0322,0.0274,0.1886,-0.3222,0.3387,0.1446,-0.1810,0.4052,0.0008,0.0000,0.0000,0.0000,False,-0.0120,0.0064,0.0755,0.0214,-0.0330,-0.0689,1.7011,grasp,-0.1810,0.4052,0.0008,0.0000,0.0000,0.0000,False,,0.0500,0.0000,True,0.8020,-0.2600,0.0099,1.1866
1109,0.0,0.2136,-0.0119,False,False,False,2.0387,4.7023,1.9880,-1.9498,-1.5638,-0.0087,0.0761,0.0448,0.0033,-0.0176,0.0322,0.0274,0.1886,-0.3222,0.3387,0.1446,-0.1793,0.4059,0.0008,0.0000,0.0000,0.0000,False,0.0553,0.0307,-0.0767,-0.0185,0.0532,0.0180,-1.7662,grasp,-0.1793,0.4059,0.0008,0.0000,0.0000,0.0000,False,,0.0500,0.0000,False,0.8020,-0.2600,0.0099,1.1866
1110,0.0,0.2109,-0.0208,False,False,False,2.0387,4.7009,1.9861,-1.9487,-1.5645,-0.0106,0.0026,-0.0890,-0.1196,0.0676,-0.0434,-0.1236,0.2686,-0.3226,0.3385,0.1400,-0.1793,0.4059,0.0008,0.0000,0.0000,0.0000,False,0.0014,-0.0469,-0.0630,0.0356,-0.0228,-0.0650,1.0948,grasp,-0.1793,0.4059,0.0008,0.0000,0.0000,0.0000,False,,0.0500,0.0000,True,0.8020,-0.2600,0.0099,1.1866
1111,0.0,0.2109,-0.0223,False,False,False,2.0387,4.7009,1.9861,-1.9487,-1.5645,-0.0106,0.0026,-0.0890,-0.1196,0.0676,-0.0434,-0.1236,0.2686,-0.3226,0.3385,0.1400,-0.1793,0.4059,0.0008,0.0000,0.0000,0.0000,False,0.0424,-0.0195,0.0563,0.0335,-0.0027,-0.0233,0.7776,grasp,-0.1793,0.4059,0.0008,0.0000,0.0000,0.0000,False,,0.0500,0.0000,True,0.8020,-0.2600,0.0099,1.1866
1112,0.0,0.2109,-0.0014,False,False,False,2.0387,4.6996,1.9844,-1.9478,-1.5651,-0.0124,0.0000,0.0000,0.0000,0.0000,-0.0000,0.0000,0.3276,-0.3226,0.3385,0.1400,-0.1793,0.4059,0.0008,0.0000,0.0000,0.0000,False,-0.0329,0.0389,-0.0271,0.0410,-0.0110,-0.0213,0.4238,grasp,-0.1793,0.4059,0.0008,0.0000,0.0000,0.0000,False,,0.0500,0.0000,False,0.8020,-0.2600,0.0099,1.1866
1113,0.0,0.2093,-0.0025,False,False,False,2.0384,4.6999,1.9842,-1.9474,-1.5652,-0.0126,0.0000,0.0000,0.0000,0.0000,-0.0000,0.0000,0.3676,-0.3225,0.3394,0.1382,-0.1793,0.4059,0.0008,0.0000,0.0000,0.0000,False,-0.0317,-0.0317,-0.0386,0.0665,-0.0153,-0.0627,2.5294,grasp,-0.1793,0.4059,0.0008,0.0000,0.0000,0.0000,False,,0.0500,0.0000,True,0.8020,-0.2600,0.0099,1.1866
1114,0.0,0.2093,-0.0137,False,False,False,2.0381,4.6996,1.9838,-1.9467,-1.5654,-0.0132,-0.0313,-0.0321,-0.0383,0.0661,-0.0152,-0.0625,0.3876,-0.3225,0.3394,0.1382,-0.1793,0.4059,0.0008,0.0000,0.0000,0.0000,False,0.0438,0.0752,-0.0295,-0.0684,-0.0061,-0.0462,-3.0176,grasp,-0.1793,0.4059,0.0008,0.0000,0.0000,0.0000,False,,0.0500,0.0000,False,0.8020,-0.2600,0.0099,1.1866
1115,0.0,0.2108,-0.0123,False,False,False,2.0381,4.6996,1.9838,-1.9467,-1.5654,-0.0132,-0.0313,-0.0321,-0.0383,0.0661,-0.0152,-0.0625,0.3876,-0.3225,0.3394,0.1382,-0.1771,0.4092,0.0026,0.0000,0.0000,0.0000,False,0.0721,-0.0677,0.0193,0.0164,-0.0630,0.0479,-1.1163,grasp,-0.1771,0.4092,0.0026,0.0000,0.0000,0.0000,False,,0.0500,0.0000,False,0.8020,-0.2600,0.0099,1.1866
1116,0.0,0.2095,-0.0201,False,False,False,2.0370,4.7009,1.9815,-1.9452,-1.5651,-0.0133,-0.0737,0.0848,-0.1461,0.1003,0.0173,-0.0039,0.4309,-0.3224,0.3397,0.1365,-0.1771,0.4092,0.0026,0.0000,0.0000,0.0000,False,-0.0388,0.0446,-0.0769,0.0528,0.0091,-0.0021,2.5018,grasp,-0.1771,0.4092,0.0026,0.0000,0.0000,0.0000,False,,0.0500,0.0000,True,0.8020,-0.2600,0.0099,1.1866
1117,0.0,0.2095,-0.0289,False,False,False,2.0359,4.7021,1.9795,-1.9437,-1.5648,-0.0133,-0.1052,0.1210,-0.2085,0.1430,0.0247,-0.0056,0.4509,-0.3224,0.3397,0.1365,-0.1771,0.4092,0.0026,0.0000,0.0000,0.0000,False,0.0082,-0.0181,0.0568,0.0243,0.0350,-0.0686,-2.8875,grasp,-0.1771,0.4092,0.0026,0.0000,0.0000,0.0000,False,,0.0500,0.0000,False,0.8020,-0.2600,0.0099,1.1866
1118,0.0,0.2095,-0.0097,False,False,False,2.0360,4.7019,1.9800,-1.9435,-1.5645,-0.0140,0.0093,-0.0194,0.0589,0.0229,0.0348,-0.0685,0.4143,-0.3224,0.3397,0.1365,-0.1771,0.4092,0.0026,0.0000,0.0000,0.0000,False,0.0335,-0.0516,-0.0234,0.0105,0.0116,0.0233,-1.7600,grasp,-0.1771,0.4092,0.0026,0.0000,0.0000,0.0000,False,,0.0500,0.0000,False,0.8020,-0.2600,0.0099,1.1866
1119,0.0,0.2095,-0.0024,False,False,False,2.0362,4.7016,1.9812,-1.9431,-1.5638,-0.0153,0.0000,0.0000,0.0000,0.0000,-0.0000,0.0000,0.4143,-0.3222,0.3399,0.1369,-0.1771,0.4092,0.0026,0.0000,0.0000,0.0000,False,-0.0155,0.0044,0.0565,0.0255,-0.0357,-0.0530,2.7822,grasp,-0.1771,0.4092,0.0026,0.0000,0.0000,0.0000,False,,0.0500,0.0000,True,0.8020,-0.2600,0.0099,1.1866
1120,0.0,0.2095,-0.0104,False,False,False,2.0360,4.7016,1.9817,-1.9428,-1.5642,-0.0158,-0.0157,0.0047,0.0554,0.0251,-0.0364,-0.0517,0.4340,-0.3222,0.3399,0.1369,-0.1771,0.4092,0.0026,0.0000,0.0000,0.0000,False,-0.0173,-0.0652,-0.0756,0.0260,0.0254,0.0509,-0.6869,grasp,-0.1771,0.4092,0.0026,0.0000,0.0000,0.0000,False,,0.0500,0.0000,False,0.8020,-0.2600,0.0099,1.1866
1121,0.0,0.2125,-0.0126,False,False,False,2.0360,4.7016,1.9817,-1.9428,-1.5642,-0.0158,-0.0157,0.0047,0.0554,0.0251,-0.0364,-0.0517,0.4340,-0.3222,0.3399,0.1369,-0.1752,0.4095,0.0001,0.0000,0.0000,0.0000,False,0.0635,-0.0709,0.0191,0.0075,0.0557,0.0572,-2.8844,grasp,-0.1752,0.4095,0.0001,0.0000,0.0000,0.0000,False,,0.0500,0.0000,False,0.8020,-0.2600,0.0099,1.1866
1122,0.0,0.2111,-0.0197,False,False,False,2.0380,4.7011,1.9797,-1.9423,-1.5636,-0.0153,0.1295,-0.0329,-0.1295,0.0339,0.0422,0.0311,0.5140,-0.3223,0.3396,0.1344,-0.1752,0.4095,0.0001,0.0000,0.0000,0.0000,False,0.0681,-0.0173,-0.0681,0.0178,0.0222,0.0164,2.1723,grasp,-0.1752,0.4095,0.0001,0.0000,0.0000,0.0000,False,,0.0500,0.0000,True,0.8020,-0.2600,0.0099,1.1866
1123,0.0,0.2111,-0.0284,False,False,False,2.0399,4.7006,1.9779,-1.9418,-1.5630,-0.0149,0.1846,-0.0470,-0.1847,0.0483,0.0602,0.0444,0.5340,-0.3223,0.3396,0.1344,-0.1752,0.4095,0.0001,0.0000,0.0000,0.0000,False,0.0622,0.0688,-0.0308,-0.0171,0.0136,-0.0090,-2.4552,grasp,-0.1752,0.4095,0.0001,0.0000,0.0000,0.0000,False,,0.0500,0.0000,False,0.8020,-0.2600,0.0099,1.1866
1124,0.0,0.2111,-0.0116,False,False,False,2.0405,4.7013,1.9776,-1.9420,-1.5628,-0.0150,0.0601,0.0697,-0.0290,-0.0176,0.0130,-0.0095,0.4971,-0.3223,0.3396,0.1344,-0.1752,0.4095,0.0001,0.0000,0.0000,0.0000,False,0.0701,0.0265,0.0151,-0.0150,-0.0565,-0.0063,-1.3068,grasp,-0.1752,0.4095,0.0001,0.0000,0.0000,0.0000,False,,0.0500,0.0000,False,0.8020,-0.2600,0.0099,1.1866
1125,0.0,0.2142,-0.0055,False,False,False,2.0416,4.7026,1.9771,-1.9423,-1.5626,-0.0152,0.0000,0.0000,0.0000,0.0000,-0.0000,0.0000,0.4825,-0.3250,0.3393,0.1360,-0.1752,0.4095,0.0001,0.0000,0.0000,0.0000,False,0.0268,0.0340,-0.0682,-0.0753,0.0763,0.0088,1.0329,grasp,-0.1752,0.4095,0.0001,0.0000,0.0000,0.0000,False,,0.0500,0.0000,False,0.8020,-0.2600,0.0099,1.1866
1126,0.0,0.2142,-0.0128,False,False,False,2.0419,4.7030,1.9764,-1.9431,-1.5618,-0.0151,0.0256,0.0325,-0.0676,-0.0750,0.0760,0.0090,0.4874,-0.3250,0.3393,0.1360,-0.1752,0.4095,0.0001,0.0000,0.0000,0.0000,False,-0.0648,0.0419,0.0194,0.0435,0.0596,-0.0284,-2.3678,grasp,-0.1752,0.4095,0.0001,0.0000,0.0000,0.0000,False,,0.0500,0.0000,False,0.8020,-0.2600,0.0099,1.1866
1127,0.0,0.2142,-0.0122,False,False,False,2.0419,4.7030,1.9764,-1.9431,-1.5618,-0.0151,0.0256,0.0325,-0.0676,-0.0750,0.0760,0.0090,0.4874,-0.3250,0.3393,0.1360,-0.1752,0.4095,0.0001,0.0000,0.0000,0.0000,False,0.0321,0.0161,-0.0668,-0.0155,0.0734,-0.0180,-2.0703,grasp,-0.1752,0.4095,0.0001,0.0000,0.0000,0.0000,False,,0.0500,0.0000,False,0.8020,-0.2600,0.0099,1.1866
1128,0.0,0.2102,-0.0103,False,False,False,2.0422,4.7031,1.9769,-1.9426,-1.5620,-0.0159,0.0311,0.0137,0.0546,0.0534,-0.0171,-0.0777,0.4902,-0.3254,0.3392,0.1356,-0.1793,0.4081,0.0012,0.0000,0.0000,0.0000,False,0.0311,0.0137,0.0546,0.0534,-0.0171,-0.0777,1.4732,grasp,-0.1793,0.4081,0.0012,0.0000,0.0000,0.0000,False,,0.0500,0.0000,False,0.8020,-0.2600,0.0099,1.1866
1129,0.0,0.2102,-0.0265,False,False,False,2.0428,4.7034,1.9780,-1.9415,-1.5623,-0.0173,0.0591,0.0259,0.1037,0.1014,-0.0324,-0.1476,0.5000,-0.3254,0.3392,0.1356,-0.1793,0.4081,0.0012,0.0000,0.0000,0.0000,False,0.0503,-0.0165,-0.0157,0.0515,0.0452,0.0785,0.1220,grasp,-0.1793,0.4081,0.0012,0.0000,0.0000,0.0000,False,,0.0500,0.0000,False,0.8020,-0.2600,0.0099,1.1866
1130,0.0,0.2102,-0.0093,False,False,False,2.0438,4.7032,1.9797,-1.9395,-1.5627,-0.0199,0.0140,-0.0510,0.0144,0.0613,0.0053,-0.0461,0.4697,-0.3254,0.3392,0.1356,-0.1793,0.4081,0.0012,0.0000,0.0000,0.0000,False,0.0148,-0.0506,0.0166,0.0628,0.0049,-0.0482,-0.7972,grasp,-0.1793,0.4081,0.0012,0.0000,0.0000,0.0000,False,,0.0500,0.0000,False,0.8020,-0.2600,0.0099,1.1866
1131,0.0,0.2103,-0.0033,False,False,False,2.0440,4.7023,1.9799,-1.9383,-1.5626,-0.0208,-0.0000,0.0000,0.0000,0.0000,-0.0000,0.0000,0.4326,-0.3247,0.3364,0.1351,-0.1793,0.4081,0.0012,0.0000,0.0000,0.0000,False,-0.0004,0.0255,-0.0453,0.0443,-0.0201,0.0371,-1.7146,grasp,-0.1793,0.4081,0.0012,0.0000,0.0000,0.0000,False,,0.0500,0.0000,False,0.8020,-0.2600,0.0099,1.1866
1132,0.0,0.2103,-0.0017,False,False,False,2.0440,4.7023,1.9799,-1.9383,-1.5626,-0.0208,-0.0000,0.0000,0.0000,0.0000,-0.0000,0.0000,0.4326,-0.3247,0.3364,0.1351,-0.1793,0.4081,0.0012,0.0000,0.0000,0.0000,False,0.0187,-0.0255,-0.0253,-0.0456,-0.0480,-0.0362,-2.6098,grasp,-0.1793,0.4081,0.0012,0.0000,0.0000,0.0000,False,,0.0500,0.0000,False,0.8020,-0.2600,0.0099,1.1866
1133,0.0,0.2103,-0.0091,False,False,False,2.0440,4.7025,1.9795,-1.9379,-1.5628,-0.0204,-0.0006,0.0265,-0.0455,0.0432,-0.0202,0.0380,0.4126,-0.3247,0.3364,0.1351,-0.1793,0.4081,0.0012,0.0000,0.0000,0.0000,False,0.0742,0.0562,0.0696,0.0011,0.0596,-0.0429,0.1191,grasp,-0.1793,0.4081,0.0012,0.0000,0.0000,0.0000,False,,0.0500,0.0000,False,0.8020,-0.2600,0.0099,1.1866
1134,0.0,0.2137,-5.0051,True,False,False,2.0440,4.7025,1.9795,-1.9379,-1.5628,-0.0204,-0.0000,0.0000,0.0000,0.0000,-0.0000,0.0000,0.3926,-0.3247,0.3364,0.1351,-0.1767,0.4081,-0.0014,0.0000,0.0000,0.0000,False,0.0375,0.0170,0.0093,-0.0476,-0.0482,-0.0316,1.4693,grasp,-0.1767,0.4081,-0.0014,0.0000,0.0000,0.0000,False,,0.0500,0.0000,True,0.8020,-0.2600,0.0099,1.1866
1135,0.0,0.2218,-0.0042,False,False,False,2.0509,4.7039,1.9845,-1.9572,-1.5752,-0.0217,-0.0144,-0.0129,0.0086,-0.0209,0.0055,0.0287,0.0072,-0.3257,0.3391,0.1539,-0.1829,0.4112,0.0002,0.0000,0.0000,0.0000,False,-0.0175,0.0186,0.0269,0.0193,0.0268,0.0026,0.7398,grasp,-0.1829,0.4112,0.0002,0.0000,0.0000,0.0000,False,,0.0500,0.0000,True,0.8020,-0.2600,0.0277,1.1922
1136,0.0,0.2211,-0.0071,False,False,False,2.0514,4.7037,1.9842,-1.9575,-1.5752,-0.0214,0.0654,-0.0119,-0.0345,-0.0138,-0.0082,0.0041,0.0465,-0.3256,0.3393,0.1530,-0.1829,0.4112,0.0002,0.0000,0.0000,0.0000,False,0.0652,-0.0120,-0.0345,-0.0140,-0.0082,0.0044,1.5678,grasp,-0.1829,0.4112,0.0002,0.0000,0.0000,0.0000,False,,0.0500,0.0000,True,0.8020,-0.2600,0.0277,1.1922
1137,0.0,0.2211,-0.0114,False,False,False,2.0527,4.7035,1.9836,-1.9578,-1.5754,-0.0213,0.1242,-0.0225,-0.0656,-0.0262,-0.0156,0.0079,0.0665,-0.3256,0.3393,0.1530,-0.1829,0.4112,0.0002,0.0000,0.0000,0.0000,False,-0.0166,0.0287,-0.0778,-0.0561,0.0665,-0.0628,-0.2283,grasp,-0.1829,0.4112,0.0002,0.0000,0.0000,0.0000,False,,0.0500,0.0000,False,0.8020,-0.2600,0.0277,1.1922
1138,0.0,0.2214,-0.0126,False,False,False,2.0527,4.7035,1.9836,-1.9578,-1.5754,-0.0213,0.1242,-0.0225,-0.0656,-0.0262,-0.0156,0.0079,0.0665,-0.3256,0.3393,0.1530,-0.1825,0.4115,0.0002,0.0000,0.0000,0.0000,False,-0.0028,-0.0415,0.0675,0.0415,0.0196,-0.0387,0.8486,grasp,-0.1825,0.4115,0.0002,0.0000,0.0000,0.0000,False,,0.0500,0.0000,True,0.8020,-0.2600,0.0277,1.1922
1139,0.0,0.2189,-0.0104,False,False,False,2.0531,4.7032,1.9836,-1.9584,-1.5747,-0.0207,0.0430,-0.0239,-0.0007,-0.0625,0.0690,0.0672,0.1261,-0.3267,0.3391,0.1479,-0.1825,0.4115,0.0002,0.0000,0.0000,0.0000,False,0.0430,-0.0239,-0.0007,-0.0625,0.0690,0.0672,-1.7736,grasp,-0.1825,0.4115,0.0002,0.0000,0.0000,0.0000,False,,0.0500,0.0000,False,0.8020,-0.2600,0.0277,1.1922
1140,0.0,0.2189,-0.0099,False,False,False,2.0537,4.7033,1.9841,-1.9599,-1.5727,-0.0194,-0.0231,0.0513,0.0586,-0.0269,0.0702,-0.0042,0.1852,-0.3267,0.3391,0.1479,-0.1825,0.4115,0.0002,0.0000,0.0000,0.0000,False,-0.0223,0.0509,0.0586,-0.0281,0.0715,-0.0029,2.7208,grasp,-0.1825,0.4115,0.0002,0.0000,0.0000,0.0000,False,,0.0500,0.0000,True,0.8020,-0.2600,0.0277,1.1922
1141,0.0,0.2189,-0.0133,False,False,False,2.0537,4.7033,1.9841,-1.9599,-1.5727,-0.0194,-0.0231,0.0513,0.0586,-0.0269,0.0702,-0.0042,0.1852,-0.3267,0.3391,0.1479,-0.1825,0.4115,0.0002,0.0000,0.0000,0.0000,False,0.0315,0.0600,-0.0604,-0.0718,-0.0498,-0.0018,0.4448,grasp,-0.1825,0.4115,0.0002,0.0000,0.0000,0.0000,False,,0.0500,0.0000,True,0.8020,-0.2600,0.0277,1.1922
1142,0.0,0.2156,0.0004,False,False,False,2.0533,4.7043,1.9852,-1.9604,-1.5713,-0.0195,0.0000,0.0000,0.0000,0.0000,-0.0000,-0.0000,0.2448,-0.3275,0.3383,0.1419,-0.1825,0.4115,0.0002,0.0000,0.0000,0.0000,False,-0.0131,0.0659,0.0331,0.0097,0.0081,0.0372,-2.5622,grasp,-0.1825,0.4115,0.0002,0.0000,0.0000,0.0000,False,,0.0500,0.0000,False,0.8020,-0.2600,0.0277,1.1922
1143,0.0,0.2156,-0.0016,False,False,False,2.0533,4.7043,1.9852,-1.9604,-1.5713,-0.0195,0.0000,0.0000,0.0000,0.0000,-0.0000,-0.0000,0.2448,-0.3275,0.3383,0.1419,-0.1825,0.4115,0.0002,0.0000,0.0000,0.0000,False,0.0609,0.0513,-0.0216,-0.0285,-0.0480,-0.0541,-2.9480,grasp,-0.1825,0.4115,0.0002,0.0000,0.0000,0.0000,False,,0.0500,0.0000,False,0.8020,-0.2600,0.0277,1.1922
1144,0.0,0.2167,-5.0031,True,False,False,2.0533,4.7043,1.9852,-1.9604,-1.5713,-0.0195,0.0000,0.0000,0.0000,0.0000,-0.0000,-0.0000,0.2448,-0.3275,0.3383,0.1419,-0.1824,0.4121,-0.0012,0.0000,0.0000,0.0000,False,0.0132,-0.0082,0.0528,-0.0596,0.0670,-0.0682,-0.8688,grasp,-0.1824,0.4121,-0.0012,0.0000,0.0000,0.0000,False,,0.0500,0.0000,False,0.8020,-0.2600,0.0277,1.1922
1145,0.0,0.2162,-0.0163,False,False,False,2.0515,4.7000,1.9931,-1.9710,-1.5621,-0.0225,0.0661,-0.0620,-0.0612,0.0511,0.0706,-0.0561,0.0417,-0.3286,0.3377,0.1519,-0.1916,0.4095,0.0008,0.0000,0.0000,0.0000,False,0.0659,-0.0621,-0.0613,0.0511,0.0705,-0.0558,-0.0246,grasp,-0.1916,0.4095,0.0008,0.0000,0.0000,0.0000,False,,0.0500,0.0000,False,0.8020,-0.2600,0.0099,1.1981
1146,0.0,0.2162,-0.0168,False,False,False,2.0515,4.7000,1.9931,-1.9710,-1.5621,-0.0225,0.0661,-0.0620,-0.0612,0.0511,0.0706,-0.0561,0.0417,-0.3286,0.3377,0.1519,-0.1916,0.4095,0.0008,0.0000,0.0000,0.0000,False,0.0346,-0.0267,-0.0275,-0.0658,0.0217,0.0775,-1.4771,grasp,-0.1916,0.4095,0.0008,0.0000,0.0000,0.0000,False,,0.0500,0.0000,False,0.8020,-0.2600,0.0099,1.1981
1147,0.0,0.2173,-0.0181,False,False,False,2.0515,4.7000,1.9931,-1.9710,-1.5621,-0.0225,0.0661,-0.0620,-0.0612,0.0511,0.0706,-0.0561,0.0417,-0.3286,0.3377,0.1519,-0.1902,0.4100,0.0008,0.0000,0.0000,0.0000,False,0.0688,-0.0614,0.0691,0.0429,-0.0677,-0.0167,-1.9888,grasp,-0.1902,0.4100,0.0008,0.0000,0.0000,0.0000,False,,0.0500,0.0000,False,0.8020,-0.2600,0.0099,1.1981
1148,0.0,0.2173,-0.0084,False,False,False,2.0527,4.6996,1.9922,-1.9701,-1.5603,-0.0234,-0.0080,0.0780,0.0264,-0.0046,0.0482,0.0164,0.0911,-0.3286,0.3377,0.1519,-0.1902,0.4100,0.0008,0.0000,0.0000,0.0000,False,-0.0067,0.0760,0.0253,-0.0036,0.0495,0.0153,-1.4421,grasp,-0.1902,0.4100,0.0008,0.0000,0.0000,0.0000,False,,0.0500,0.0000,False,0.8020,-0.2600,0.0099,1.1981
1149,0.0,0.2153,-0.0180,False,False,False,2.0526,4.7027,1.9937,-1.9713,-1.5573,-0.0234,0.0069,0.1002,0.0638,-0.0697,0.1398,-0.0218,0.1633,-0.3301,0.3367,0.1471,-0.1902,0.4100,0.0008,0.0000,0.0000,0.0000,False,0.0035,0.0548,0.0341,-0.0368,0.0745,-0.0112,1.1330,grasp,-0.1902,0.4100,0.0008,0.0000,0.0000,0.0000,False,,0.0500,0.0000,True,0.8020,-0.2600,0.0099,1.1981
1150,0.0,0.2115,-0.0047,False,False,False,2.0529,4.7045,1.9948,-1.9719,-1.5548,-0.0240,0.0179,0.0321,0.0136,0.0318,0.0428,-0.0282,0.2140,-0.3311,0.3357,0.1399,-0.1902,0.4100,0.0008,0.0000,0.0000,0.0000,False,0.0180,0.0347,0.0145,0.0308,0.0448,-0.0285,-0.7501,grasp,-0.1902,0.4100,0.0008,0.0000,0.0000,0.0000,False,,0.0500,0.0000,False,0.8020,-0.2600,0.0099,1.1981
1151,0.0,0.2115,-0.0085,False,False,False,2.0529,4.7045,1.9948,-1.9719,-1.5548,-0.0240,0.0179,0.0321,0.0136,0.0318,0.0428,-0.0282,0.2140,-0.3311,0.3357,0.1399,-0.1902,0.4100,0.0008,0.0000,0.0000,0.0000,False,0.0774,0.0555,0.0386,-0.0335,-0.0376,0.0646,-1.3846,grasp,-0.1902,0.4100,0.0008,0.0000,0.0000,0.0000,False,,0.0500,0.0000,False,0.8020,-0.2600,0.0099,1.1981
1152,0.0,0.2136,-5.0083,True,False,False,2.0529,4.7045,1.9948,-1.9719,-1.5548,-0.0240,0.0179,0.0321,0.0136,0.0318,0.0428,-0.0282,0.2140,-0.3311,0.3357,0.1399,-0.1906,0.4090,-0.0034,0.0000,0.0000,0.0000,False,0.0658,-0.0367,-0.0707,0.0558,0.0670,0.0564,-2.4582,grasp,-0.1906,0.4090,-0.0034,0.0000,0.0000,0.0000,False,,0.0500,0.0000,False,0.8020,-0.2600,0.0099,1.1981
1153,0.0,0.2207,-0.0053,False,False,False,2.0579,4.6973,1.9848,-1.9647,-1.5503,-0.0103,-0.0244,-0.0042,0.0085,-0.0113,-0.0282,0.0141,0.0020,-0.3353,0.3353,0.1581,-0.1981,0.4065,0.0007,0.0000,0.0000,0.0000,False,0.0703,0.0455,0.0360,0.0554,-0.0071,-0.0628,1.1688,grasp,-0.1981,0.4065,0.0007,0.0000,0.0000,0.0000,False,,0.0500,0.0000,True,0.8020,-0.2600,0.0099,1.2018
1154,0.0,0.2184,-0.0123,False,False,False,2.0572,4.6978,1.9844,-1.9642,-1.5502,-0.0096,-0.0464,0.0561,-0.0501,0.0626,0.0468,0.0550,0.0418,-0.3348,0.3358,0.1555,-0.1981,0.4065,0.0007,0.0000,0.0000,0.0000,False,-0.0466,0.0560,-0.0500,0.0625,0.0465,0.0551,2.8452,grasp,-0.1981,0.4065,0.0007,0.0000,0.0000,0.0000,False,,0.0500,0.0000,True,0.8020,-0.2600,0.0099,1.2018
1155,0.0,0.2184,-0.0299,False,False,False,2.0563,4.6989,1.9834,-1.9630,-1.5493,-0.0086,-0.0881,0.1065,-0.0951,0.1190,0.0889,0.1044,0.0618,-0.3348,0.3358,0.1555,-0.1981,0.4065,0.0007,0.0000,0.0000,0.0000,False,-0.0658,0.0766,0.0372,0.0041,0.0446,-0.0414,2.0686,grasp,-0.1981,0.4065,0.0007,0.0000,0.0000,0.0000,False,,0.0500,0.0000,True,0.8020,-0.2600,0.0099,1.2018
1156,0.0,0.2184,-0.0150,False,False,False,2.0561,4.6995,1.9842,-1.9634,-1.5490,-0.0079,-0.0181,0.0595,0.0731,-0.0399,0.0297,0.0634,0.1131,-0.3348,0.3358,0.1555,-0.1981,0.4065,0.0007,0.0000,0.0000,0.0000,False,-0.0181,0.0595,0.0731,-0.0399,0.0297,0.0634,-1.4735,grasp,-0.1981,0.4065,0.0007,0.0000,0.0000,0.0000,False,,0.0500,0.0000,False,0.8020,-0.2600,0.0099,1.2018
1157,0.0,0.2200,-0.0146,False,False,False,2.0561,4.6995,1.9842,-1.9634,-1.5490,-0.0079,-0.0181,0.0595,0.0731,-0.0399,0.0297,0.0634,0.1131,-0.3348,0.3358,0.1555,-0.1961,0.4071,0.0004,0.0000,0.0000,0.0000,False,-0.0370,-0.0661,-0.0408,-0.0427,0.0790,0.0421,-0.2355,grasp,-0.1961,0.4071,0.0004,0.0000,0.0000,0.0000,False,,0.0500,0.0000,False,0.8020,-0.2600,0.0099,1.2018
1158,0.0,0.2154,-0.0065,False,False,False,2.0563,4.7005,1.9860,-1.9640,-1.5481,-0.0073,0.0524,-0.0225,0.0391,0.0203,0.0298,-0.0584,0.1628,-0.3346,0.3354,0.1490,-0.1961,0.4071,0.0004,0.0000,0.0000,0.0000,False,0.0521,-0.0204,0.0405,0.0195,0.0303,-0.0572,1.9939,grasp,-0.1961,0.4071,0.0004,0.0000,0.0000,0.0000,False,,0.0500,0.0000,True,0.8020,-0.2600,0.0099,1.2018
1159,0.0,0.2154,-0.0219,False,False,False,2.0573,4.7001,1.9867,-1.9636,-1.5475,-0.0084,0.0996,-0.0418,0.0743,0.0386,0.0566,-0.1109,0.1825,-0.3346,0.3354,0.1490,-0.1961,0.4071,0.0004,0.0000,0.0000,0.0000,False,-0.0102,-0.0429,-0.0592,0.0048,0.0326,0.0276,1.3297,grasp,-0.1961,0.4071,0.0004,0.0000,0.0000,0.0000,False,,0.0500,0.0000,True,0.8020,-0.2600,0.0099,1.2018
1160,0.0,0.2129,-0.0076,False,False,False,2.0572,4.6997,1.9861,-1.9636,-1.5472,-0.0081,-0.0112,-0.0425,-0.0600,0.0044,0.0321,0.0287,0.2225,-0.3353,0.3344,0.1441,-0.1961,0.4071,0.0004,0.0000,0.0000,0.0000,False,0.0431,0.0332,0.0298,-0.0295,0.0423,-0.0475,1.2538,grasp,-0.1961,0.4071,0.0004,0.0000,0.0000,0.0000,False,,0.0500,0.0000,True,0.8020,-0.2600,0.0099,1.2018
1161,0.0,0.2129,-0.0160,False,False,False,2.0570,4.6989,1.9850,-1.9635,-1.5466,-0.0076,-0.0213,-0.0808,-0.1140,0.0084,0.0609,0.0546,0.2425,-0.3353,0.3344,0.1441,-0.1961,0.4071,0.0004,0.0000,0.0000,0.0000,False,0.0223,0.0205,0.0510,0.0577,0.0271,-0.0493,-0.1461,grasp,-0.1961,0.4071,0.0004,0.0000,0.0000,0.0000,False,,0.0500,0.0000,False,0.8020,-0.2600,0.0099,1.2018
1162,0.0,0.2129,-0.0092,False,False,False,2.0568,4.6982,1.9854,-1.9640,-1.5465,-0.0072,-0.0208,-0.0618,0.0402,-0.0534,0.0081,0.0378,0.2959,-0.3353,0.3344,0.1441,-0.1961,0.4071,0.0004,0.0000,0.0000,0.0000,False,-0.0208,-0.0618,0.0402,-0.0534,0.0081,0.0378,2.2712,grasp,-0.1961,0.4071,0.0004,0.0000,0.0000,0.0000,False,,0.0500,0.0000,True,0.8020,-0.2600,0.0099,1.2018
1163,0.0,0.2152,-5.0148,True,False,False,2.0568,4.6982,1.9854,-1.9640,-1.5465,-0.0072,-0.0208,-0.0618,0.0402,-0.0534,0.0081,0.0378,0.2959,-0.3353,0.3344,0.1441,-0.1940,0.4062,-0.0015,0.0000,0.0000,0.0000,False,0.0388,-0.0048,-0.0065,0.0046,-0.0189,0.0783,-2.5860,grasp,-0.1940,0.4062,-0.0015,0.0000,0.0000,0.0000,False,,0.0500,0.0000,False,0.8020,-0.2600,0.0099,1.2018
1164,0.0,0.2210,-0.0042,False,False,False,2.0552,4.6959,1.9869,-1.9668,-1.5553,0.0026,-0.0211,-0.0023,0.0057,-0.0086,-0.0217,-0.0036,0.0033,-0.3327,0.3368,0.1579,-0.1937,0.4059,0.0005,0.0000,0.0000,0.0000,False,0.0742,-0.0686,0.0518,-0.0672,-0.0112,0.0287,-0.7695,grasp,-0.1937,0.4059,0.0005,0.0000,0.0000,0.0000,False,,0.0500,0.0000,False,0.8020,-0.2600,0.0235,1.1981
1165,0.0,0.2210,-0.0030,False,False,False,2.0552,4.6959,1.9869,-1.9668,-1.5553,0.0026,0.0000,0.0000,0.0000,0.0000,-0.0000,0.0000,0.0233,-0.3327,0.3368,0.1579,-0.1937,0.4059,0.0005,0.0000,0.0000,0.0000,False,-0.0229,0.0278,0.0396,0.0459,0.0287,-0.0163,-0.4765,grasp,-0.1937,0.4059,0.0005,0.0000,0.0000,0.0000,False,,0.0500,0.0000,False,0.8020,-0.2600,0.0235,1.1981
1166,0.0,0.2210,-0.0024,False,False,False,2.0552,4.6959,1.9869,-1.9668,-1.5553,0.0026,0.0000,0.0000,0.0000,0.0000,-0.0000,0.0000,0.0633,-0.3327,0.3368,0.1579,-0.1937,0.4059,0.0005,0.0000,0.0000,0.0000,False,-0.0307,-0.0458,0.0198,0.0519,0.0195,-0.0518,-2.9630,grasp,-0.1937,0.4059,0.0005,0.0000,0.0000,0.0000,False,,0.0500,0.0000,False,0.8020,-0.2600,0.0235,1.1981
1167,0.0,0.2225,-0.0051,False,False,False,2.0552,4.6959,1.9869,-1.9668,-1.5553,0.0026,0.0000,0.0000,0.0000,0.0000,-0.0000,0.0000,0.0633,-0.3327,0.3368,0.1579,-0.1920,0.4068,0.0005,0.0000,0.0000,0.0000,False,0.0206,-0.0550,-0.0069,0.0438,0.0221,-0.0015,-3.0737,grasp,-0.1920,0.4068,0.0005,0.0000,0.0000,0.0000,False,,0.0500,0.0000,False,0.8020,-0.2600,0.0235,1.1981
1168,0.0,0.2202,-0.0167,False,False,False,2.0555,4.6960,1.9865,-1.9660,-1.5557,0.0028,0.0589,0.0597,-0.0572,0.0336,-0.0604,0.0669,0.0508,-0.3326,0.3367,0.1547,-0.1920,0.4068,0.0005,0.0000,0.0000,0.0000,False,0.0586,0.0593,-0.0570,0.0342,-0.0602,0.0664,-3.1027,grasp,-0.1920,0.4068,0.0005,0.0000,0.0000,0.0000,False,,0.0500,0.0000,False,0.8020,-0.2600,0.0235,1.1981
1169,0.0,0.2202,-0.0149,False,False,False,2.0555,4.6960,1.9865,-1.9660,-1.5557,0.0028,0.0589,0.0597,-0.0572,0.0336,-0.0604,0.0669,0.0508,-0.3326,0.3367,0.1547,-0.1920,0.4068,0.0005,0.0000,0.0000,0.0000,False,-0.0266,0.0403,0.0498,-0.0240,0.0234,-0.0695,-2.4881,grasp,-0.1920,0.4068,0.0005,0.0000,0.0000,0.0000,False,,0.0500,0.0000,False,0.8020,-0.2600,0.0235,1.1981
1170,0.0,0.2191,-0.0185,False,False,False,2.0579,4.6967,1.9855,-1.9639,-1.5549,0.0048,0.0826,-0.0269,0.0048,0.0924,0.1306,0.0486,0.1060,-0.3337,0.3356,0.1517,-0.1920,0.4068,0.0005,0.0000,0.0000,0.0000,False,0.0446,-0.0130,0.0014,0.0493,0.0676,0.0268,2.3109,grasp,-0.1920,0.4068,0.0005,0.0000,0.0000,0.0000,False,,0.0500,0.0000,True,0.8020,-0.2600,0.0235,1.1981
1171,0.0,0.2191,-0.0285,False,False,False,2.0591,4.6964,1.9856,-1.9626,-1.5530,0.0055,0.1178,-0.0384,0.0069,0.1318,0.1863,0.0693,0.1259,-0.3337,0.3356,0.1517,-0.1920,0.4068,0.0005,0.0000,0.0000,0.0000,False,0.0348,-0.0544,0.0589,-0.0098,0.0442,0.0595,2.6436,grasp,-0.1920,0.4068,0.0005,0.0000,0.0000,0.0000,False,,0.0500,0.0000,True,0.8020,-0.2600,0.0235,1.1981
1172,0.0,0.2191,-0.0245,False,False,False,2.0591,4.6964,1.9856,-1.9626,-1.5530,0.0055,0.1178,-0.0384,0.0069,0.1318,0.1863,0.0693,0.1259,-0.3337,0.3356,0.1517,-0.1920,0.4068,0.0005,0.0000,0.0000,0.0000,False,-0.0610,0.0542,0.0667,0.0451,-0.0331,-0.0502,0.6873,grasp,-0.1920,0.4068,0.0005,0.0000,0.0000,0.0000,False,,0.0500,0.0000,True,0.8020,-0.2600,0.0235,1.1981
1173,0.0,0.2191,-0.0023,False,False,False,2.0591,4.6964,1.9856,-1.9626,-1.5530,0.0055,0.0000,0.0000,0.0000,0.0000,-0.0000,0.0000,0.1659,-0.3337,0.3356,0.1517,-0.1920,0.4068,0.0005,0.0000,0.0000,0.0000,False,0.0055,0.0234,0.0673,0.0781,0.0197,-0.0180,-0.0589,grasp,-0.1920,0.4068,0.0005,0.0000,0.0000,0.0000,False,,0.0500,0.0000,False,0.8020,-0.2600,0.0235,1.1981
1174,0.0,0.2161,0.0021,False,False,False,2.0585,4.6969,1.9862,-1.9621,-1.5534,0.0050,0.0000,0.0000,0.0000,0.0000,-0.0000,0.0000,0.2052,-0.3339,0.3344,0.1459,-0.1914,0.4060,0.0001,0.0000,0.0000,0.0000,False,-0.0719,-0.0501,0.0511,0.0744,-0.0646,-0.0770,-1.0621,grasp,-0.1914,0.4060,0.0001,0.0000,0.0000,0.0000,False,,0.0500,0.0000,False,0.8020,-0.2600,0.0235,1.1981
1175,0.0,0.2161,-0.0185,False,False,False,2.0578,4.6964,1.9867,-1.9614,-1.5540,0.0042,-0.0713,-0.0508,0.0504,0.0739,-0.0642,-0.0765,0.2123,-0.3339,0.3344,0.1459,-0.1914,0.4060,0.0001,0.0000,0.0000,0.0000,False,0.0730,0.0220,0.0588,0.0471,0.0241,-0.0235,2.8086,grasp,-0.1914,0.4060,0.0001,0.0000,0.0000,0.0000,False,,0.0500,0.0000,True,0.8020,-0.2600,0.0235,1.1981
1176,0.0,0.2129,-0.0236,False,False,False,2.0579,4.6944,1.9880,-1.9580,-1.5571,0.0008,0.0964,-0.0668,0.0200,0.1343,-0.1238,-0.1260,0.2771,-0.3319,0.3333,0.1426,-0.1914,0.4060,0.0001,0.0000,0.0000,0.0000,False,0.0494,-0.0361,0.0115,0.0721,-0.0664,-0.0678,2.9397,grasp,-0.1914,0.4060,0.0001,0.0000,0.0000,0.0000,False,,0.0500,0.0000,True,0.8020,-0.2600,0.0235,1.1981
1177,0.0,0.2129,-0.0399,False,False,False,2.0592,4.6935,1.9883,-1.9560,-1.5589,-0.0010,0.1376,-0.0953,0.0285,0.1915,-0.1765,-0.1797,0.2970,-0.3319,0.3333,0.1426,-0.1914,0.4060,0.0001,0.0000,0.0000,0.0000,False,-0.0162,0.0493,0.0651,-0.0503,0.0605,-0.0504,-0.4205,grasp,-0.1914,0.4060,0.0001,0.0000,0.0000,0.0000,False,,0.0500,0.0000,False,0.8020,-0.2600,0.0235,1.1981
1178,0.0,0.2129,-0.0029,False,False,False,2.0593,4.6935,1.9883,-1.9560,-1.5589,-0.0010,0.0000,0.0000,0.0000,0.0000,-0.0000,0.0000,0.3247,-0.3319,0.3333,0.1426,-0.1914,0.4060,0.0001,0.0000,0.0000,0.0000,False,-0.0060,0.0715,0.0649,0.0177,0.0535,0.0683,2.3042,grasp,-0.1914,0.4060,0.0001,0.0000,0.0000,0.0000,False,,0.0500,0.0000,True,0.8020,-0.2600,0.0235,1.1981
1179,0.0,0.2129,-0.0022,False,False,False,2.0593,4.6935,1.9883,-1.9560,-1.5589,-0.0010,0.0000,0.0000,0.0000,0.0000,-0.0000,0.0000,0.3247,-0.3319,0.3333,0.1426,-0.1914,0.4060,0.0001,0.0000,0.0000,0.0000,False,0.0561,0.0554,-0.0486,0.0528,0.0127,-0.0398,-1.8869,grasp,-0.1914,0.4060,0.0001,0.0000,0.0000,0.0000,False,,0.0500,0.0000,False,0.8020,-0.2600,0.0235,1.1981
1180,0.0,0.2145,-0.0041,False,False,False,2.0593,4.6935,1.9883,-1.9560,-1.5589,-0.0010,0.0000,0.0000,0.0000,0.0000,-0.0000,0.0000,0.3247,-0.3319,0.3333,0.1426,-0.1881,0.4044,0.0002,0.0000,0.0000,0.0000,False,0.0623,-0.0785,-0.0021,0.0438,0.0431,0.0578,-2.1096,grasp,-0.1881,0.4044,0.0002,0.0000,0.0000,0.0000,False,,0.0500,0.0000,False,0.8020,-0.2600,0.0235,1.1981
1181,0.0,0.2122,-0.0144,False,False,False,2.0599,4.6946,1.9885,-1.9559,-1.5576,0.0005,0.0686,0.0443,-0.0378,-0.0085,0.0717,0.0785,0.3842,-0.3316,0.3321,0.1389,-0.1881,0.4044,0.0002,0.0000,0.0000,0.0000,False,0.0685,0.0453,-0.0371,-0.0083,0.0722,0.0791,-0.7688,grasp,-0.1881,0.4044,0.0002,0.0000,0.0000,0.0000,False,,0.0500,0.0000,False,0.8020,-0.2600,0.0235,1.1981
1182,0.0,0.2125,-0.0189,False,False,False,2.0606,4.6940,1.9887,-1.9551,-1.5572,0.0025,-0.0370,-0.0959,0.0590,0.0663,-0.0645,0.0364,0.3885,-0.3323,0.3313,0.1382,-0.1881,0.4044,0.0002,0.0000,0.0000,0.0000,False,-0.0182,-0.0496,0.0303,0.0347,-0.0326,0.0207,-0.4832,grasp,-0.1881,0.4044,0.0002,0.0000,0.0000,0.0000,False,,0.0500,0.0000,False,0.8020,-0.2600,0.0235,1.1981
1183,0.0,0.2125,-0.0161,False,False,False,2.0606,4.6940,1.9887,-1.9551,-1.5572,0.0025,-0.0370,-0.0959,0.0590,0.0663,-0.0645,0.0364,0.3885,-0.3323,0.3313,0.1382,-0.1881,0.4044,0.0002,0.0000,0.0000,0.0000,False,0.0053,0.0406,0.0379,0.0430,-0.0654,0.0163,-1.8351,grasp,-0.1881,0.4044,0.0002,0.0000,0.0000,0.0000,False,,0.0500,0.0000,False,0.8020,-0.2600,0.0235,1.1981
1184,0.0,0.2125,-0.0033,False,False,False,2.0601,4.6927,1.9896,-1.9542,-1.5582,0.0031,0.0000,0.0000,0.0000,0.0000,-0.0000,0.0000,0.3719,-0.3323,0.3313,0.1382,-0.1881,0.4044,0.0002,0.0000,0.0000,0.0000,False,-0.0183,0.0213,-0.0510,0.0685,0.0139,0.0437,0.3718,grasp,-0.1881,0.4044,0.0002,0.0000,0.0000,0.0000,False,,0.0500,0.0000,False,0.8020,-0.2600,0.0235,1.1981
1185,0.0,0.2145,-5.0045,True,False,False,2.0601,4.6927,1.9896,-1.9542,-1.5582,0.0031,0.0000,0.0000,0.0000,0.0000,-0.0000,0.0000,0.3719,-0.3323,0.3313,0.1382,-0.1856,0.4036,-0.0006,0.0000,0.0000,0.0000,False,0.0152,0.0165,0.0455,-0.0691,-0.0731,-0.0102,-1.1711,grasp,-0.1856,0.4036,-0.0006,0.0000,0.0000,0.0000,False,,0.0500,0.0000,False,0.8020,-0.2600,0.0235,1.1981
1186,0.0,0.2210,-0.0027,False,False,False,2.0555,4.6948,1.9939,-1.9657,-1.5686,0.0015,-0.0215,-0.0008,-0.0040,-0.0102,-0.0033,-0.0021,0.0045,-0.3282,0.3350,0.1547,-0.1862,0.4046,0.0003,0.0000,0.0000,0.0000,False,0.0435,0.0209,0.0485,0.0750,0.0633,0.0355,1.7628,grasp,-0.1862,0.4046,0.0003,0.0000,0.0000,0.0000,False,,0.0500,0.0000,True,0.8020,-0.2600,0.0099,1.1909
1187,0.0,0.2210,-0.0026,False,False,False,2.0555,4.6948,1.9939,-1.9657,-1.5686,0.0015,0.0000,0.0000,0.0000,0.0000,-0.0000,0.0000,0.0445,-0.3282,0.3350,0.1547,-0.1862,0.4046,0.0003,0.0000,0.0000,0.0000,False,0.0529,0.0374,-0.0251,0.0079,0.0100,0.0047,-2.0092,grasp,-0.1862,0.4046,0.0003,0.0000,0.0000,0.0000,False,,0.0500,0.0000,False,0.8020,-0.2600,0.0099,1.1909
1188,0.0,0.2200,-0.0062,False,False,False,2.0561,4.6951,1.9937,-1.9656,-1.5685,0.0015,0.0529,0.0374,-0.0251,0.0079,0.0100,0.0047,0.0645,-0.3280,0.3354,0.1537,-0.1862,0.4046,0.0003,0.0000,0.0000,0.0000,False,0.0442,0.0617,0.0164,-0.0281,0.0728,-0.0710,2.6913,grasp,-0.1862,0.4046,0.0003,0.0000,0.0000,0.0000,False,,0.0500,0.0000,True,0.8020,-0.2600,0.0099,1.1909
1189,0.0,0.2209,-0.0070,False,False,False,2.0561,4.6951,1.9937,-1.9656,-1.5685,0.0015,0.0529,0.0374,-0.0251,0.0079,0.0100,0.0047,0.0645,-0.3280,0.3354,0.1537,-0.1854,0.4056,0.0003,0.0000,0.0000,0.0000,False,0.0150,-0.0102,-0.0516,0.0065,0.0344,0.0635,0.7295,grasp,-0.1854,0.4056,0.0003,0.0000,0.0000,0.0000,False,,0.0500,0.0000,True,0.8020,-0.2600,0.0099,1.1909
1190,0.0,0.2171,-0.0220,False,False,False,2.0573,4.6939,1.9938,-1.9642,-1.5705,-0.0002,0.0806,-0.0839,0.0094,0.0899,-0.1317,-0.1109,0.1444,-0.3281,0.3351,0.1479,-0.1854,0.4056,0.0003,0.0000,0.0000,0.0000,False,0.0424,-0.0442,0.0049,0.0473,-0.0693,-0.0584,0.6750,grasp,-0.1854,0.4056,0.0003,0.0000,0.0000,0.0000,False,,0.0500,0.0000,True,0.8020,-0.2600,0.0099,1.1909
1191,0.0,0.2171,-0.0269,False,False,False,2.0585,4.6927,1.9939,-1.9629,-1.5724,-0.0017,0.1150,-0.1196,0.0133,0.1283,-0.1878,-0.1582,0.1644,-0.3281,0.3351,0.1479,-0.1854,0.4056,0.0003,0.0000,0.0000,0.0000,False,0.0110,-0.0751,-0.0732,0.0779,0.0176,-0.0439,-1.8223,grasp,-0.1854,0.4056,0.0003,0.0000,0.0000,0.0000,False,,0.0500,0.0000,False,0.8020,-0.2600,0.0099,1.1909
1192,0.0,0.2171,-0.0150,False,False,False,2.0586,4.6919,1.9932,-1.9622,-1.5722,-0.0022,0.0099,-0.0735,-0.0734,0.0766,0.0195,-0.0423,0.2044,-0.3281,0.3351,0.1479,-0.1854,0.4056,0.0003,0.0000,0.0000,0.0000,False,0.0163,0.0661,-0.0315,-0.0092,-0.0731,0.0281,-0.7106,grasp,-0.1854,0.4056,0.0003,0.0000,0.0000,0.0000,False,,0.0500,0.0000,False,0.8020,-0.2600,0.0099,1.1909
1193,0.0,0.2148,-0.0000,False,False,False,2.0586,4.6919,1.9932,-1.9622,-1.5722,-0.0022,-0.0000,0.0000,0.0000,0.0000,0.0000,0.0000,0.2079,-0.3278,0.3343,0.1445,-0.1854,0.4056,0.0003,0.0000,0.0000,0.0000,False,0.0340,0.0383,0.0109,-0.0612,0.0445,-0.0142,-2.0321,grasp,-0.1854,0.4056,0.0003,0.0000,0.0000,0.0000,False,,0.0500,0.0000,False,0.8020,-0.2600,0.0099,1.1909
1194,0.0,0.2148,-0.0113,False,False,False,2.0589,4.6923,1.9933,-1.9628,-1.5718,-0.0023,0.0340,0.0383,0.0109,-0.0612,0.0445,-0.0142,0.2012,-0.3278,0.3343,0.1445,-0.1854,0.4056,0.0003,0.0000,0.0000,0.0000,False,0.0559,0.0699,0.0750,-0.0667,-0.0103,-0.0226,-0.2064,grasp,-0.1854,0.4056,0.0003,0.0000,0.0000,0.0000,False,,0.0500,0.0000,False,0.8020,-0.2600,0.0099,1.1909
1195,0.0,0.2162,-0.0118,False,False,False,2.0589,4.6923,1.9933,-1.9628,-1.5718,-0.0023,0.0340,0.0383,0.0109,-0.0612,0.0445,-0.0142,0.2012,-0.3278,0.3343,0.1445,-0.1825,0.4071,0.0019,0.0000,0.0000,0.0000,False,0.0306,0.0503,-0.0400,0.0784,0.0575,0.0335,2.2891,grasp,-0.1825,0.4071,0.0019,0.0000,0.0000,0.0000,False,,0.0500,0.0000,True,0.8020,-0.2600,0.0099,1.1909
1196,0.0,0.2153,-0.0289,False,False,False,2.0611,4.6926,1.9940,-1.9610,-1.5701,-0.0002,0.1469,0.0189,0.0441,0.1151,0.1071,0.1358,0.2778,-0.3283,0.3336,0.1422,-0.1825,0.4071,0.0019,0.0000,0.0000,0.0000,False,0.0773,0.0099,0.0232,0.0606,0.0564,0.0715,1.0353,grasp,-0.1825,0.4071,0.0019,0.0000,0.0000,0.0000,False,,0.0500,0.0000,True,0.8020,-0.2600,0.0099,1.1909
1197,0.0,0.2153,-0.0288,False,False,False,2.0611,4.6926,1.9940,-1.9610,-1.5701,-0.0002,0.1469,0.0189,0.0441,0.1151,0.1071,0.1358,0.2778,-0.3283,0.3336,0.1422,-0.1825,0.4071,0.0019,0.0000,0.0000,0.0000,False,0.0786,-0.0075,0.0010,-0.0658,-0.0356,0.0630,1.1263,grasp,-0.1825,0.4071,0.0019,0.0000,0.0000,0.0000,False,,0.0500,0.0000,True,0.8020,-0.2600,0.0099,1.1909
1198,0.0,0.2153,-0.0023,False,False,False,2.0633,4.6929,1.9946,-1.9594,-1.5686,0.0017,0.0000,0.0000,0.0000,0.0000,-0.0000,0.0000,0.3375,-0.3283,0.3336,0.1422,-0.1825,0.4071,0.0019,0.0000,0.0000,0.0000,False,-0.0157,-0.0755,-0.0136,-0.0188,0.0074,0.0658,-2.8145,grasp,-0.1825,0.4071,0.0019,0.0000,0.0000,0.0000,False,,0.0500,0.0000,False,0.8020,-0.2600,0.0099,1.1909
1199,0.0,0.2142,-0.0021,False,False,False,2.0631,4.6921,1.9945,-1.9596,-1.5686,0.0023,-0.0000,0.0000,0.0000,0.0000,-0.0000,0.0000,0.3702,-0.3296,0.3310,0.1378,-0.1825,0.4071,0.0019,0.0000,0.0000,0.0000,False,-0.0278,0.0679,-0.0472,-0.0342,-0.0016,-0.0591,0.6315,grasp,-0.1825,0.4071,0.0019,0.0000,0.0000,0.0000,False,,0.0500,0.0000,False,0.8020,-0.2600,0.0099,1.1909
1200,0.0,0.2142,-0.0113,False,False,False,2.0628,4.6928,1.9940,-1.9599,-1.5686,0.0018,-0.0277,0.0686,-0.0471,-0.0340,-0.0017,-0.0598,0.3812,-0.3296,0.3310,0.1378,-0.1825,0.4071,0.0019,0.0000,0.0000,0.0000,False,-0.0038,0.0045,0.0046,0.0306,0.0612,-0.0085,0.7230,grasp,-0.1825,0.4071,0.0019,0.0000,0.0000,0.0000,False,,0.0500,0.0000,False,0.8020,-0.2600,0.0099,1.1909
1201,0.0,0.2155,-5.0138,True,False,False,2.0628,4.6928,1.9940,-1.9599,-1.5686,0.0018,-0.0277,0.0686,-0.0471,-0.0340,-0.0017,-0.0598,0.3812,-0.3296,0.3310,0.1378,-0.1821,0.4039,-0.0015,0.0000,0.0000,0.0000,False,0.0668,0.0574,0.0438,0.0637,0.0084,-0.0192,2.4278,grasp,-0.1821,0.4039,-0.0015,0.0000,0.0000,0.0000,False,,0.0500,0.0000,True,0.8020,-0.2600,0.0099,1.1909
1202,0.0,0.2135,-0.0040,False,False,False,2.0650,4.7006,1.9988,-1.9555,-1.5682,-0.0012,-0.0341,-0.0087,-0.0106,-0.0240,-0.0038,0.0016,0.0048,-0.3291,0.3272,0.1487,-0.1906,0.3949,0.0010,0.0000,0.0000,0.0000,False,0.0760,0.0363,-0.0711,-0.0354,0.0525,-0.0385,0.9206,grasp,-0.1906,0.3949,0.0010,0.0000,0.0000,0.0000,False,,0.0500,0.0000,True,0.8020,-0.2600,0.0099,1.1892
1203,0.0,0.2126,-0.0153,False,False,False,2.0645,4.7011,1.9992,-1.9553,-1.5676,-0.0018,-0.0136,0.0630,0.0535,0.0362,0.0576,-0.0650,0.0438,-0.3288,0.3281,0.1481,-0.1906,0.3949,0.0010,0.0000,0.0000,0.0000,False,-0.0139,0.0629,0.0534,0.0360,0.0576,-0.0650,0.4780,grasp,-0.1906,0.3949,0.0010,0.0000,0.0000,0.0000,False,,0.0500,0.0000,True,0.8020,-0.2600,0.0099,1.1892
1204,0.0,0.2126,-0.0273,False,False,False,2.0642,4.7023,2.0002,-1.9546,-1.5665,-0.0031,-0.0258,0.1197,0.1016,0.0688,0.1095,-0.1235,0.0633,-0.3288,0.3281,0.1481,-0.1906,0.3949,0.0010,0.0000,0.0000,0.0000,False,-0.0100,0.0682,0.0340,-0.0104,0.0435,-0.0588,-2.5247,grasp,-0.1906,0.3949,0.0010,0.0000,0.0000,0.0000,False,,0.0500,0.0000,False,0.8020,-0.2600,0.0099,1.1892
1205,0.0,0.2141,-0.0285,False,False,False,2.0642,4.7023,2.0002,-1.9546,-1.5665,-0.0031,-0.0258,0.1197,0.1016,0.0688,0.1095,-0.1235,0.0633,-0.3288,0.3281,0.1481,-0.1894,0.3969,0.0009,0.0000,0.0000,0.0000,False,-0.0686,0.0582,0.0610,0.0540,0.0065,0.0553,-2.3240,grasp,-0.1894,0.3969,0.0009,0.0000,0.0000,0.0000,False,,0.0500,0.0000,False,0.8020,-0.2600,0.0099,1.1892
1206,0.0,0.2090,-0.0040,False,False,False,2.0641,4.7032,1.9998,-1.9543,-1.5668,-0.0031,-0.0157,0.0761,-0.0442,0.0365,-0.0282,-0.0018,0.1233,-0.3284,0.3270,0.1404,-0.1894,0.3969,0.0009,0.0000,0.0000,0.0000,False,-0.0157,0.0762,-0.0442,0.0365,-0.0282,-0.0018,-2.5214,grasp,-0.1894,0.3969,0.0009,0.0000,0.0000,0.0000,False,,0.0500,0.0000,False,0.8020,-0.2600,0.0099,1.1892
1207,0.0,0.2090,-0.0119,False,False,False,2.0645,4.7051,1.9996,-1.9533,-1.5680,-0.0030,0.0712,0.0426,0.0638,0.0270,-0.0606,0.0163,0.1681,-0.3284,0.3270,0.1404,-0.1894,0.3969,0.0009,0.0000,0.0000,0.0000,False,0.0709,0.0446,0.0630,0.0277,-0.0611,0.0162,-1.0150,grasp,-0.1894,0.3969,0.0009,0.0000,0.0000,0.0000,False,,0.0500,0.0000,False,0.8020,-0.2600,0.0099,1.1892
1208,0.0,0.2090,-0.0132,False,False,False,2.0645,4.7051,1.9996,-1.9533,-1.5680,-0.0030,0.0712,0.0426,0.0638,0.0270,-0.0606,0.0163,0.1681,-0.3284,0.3270,0.1404,-0.1894,0.3969,0.0009,0.0000,0.0000,0.0000,False,-0.0541,0.0252,0.0680,-0.0297,-0.0378,0.0042,1.1475,grasp,-0.1894,0.3969,0.0009,0.0000,0.0000,0.0000,False,,0.0500,0.0000,True,0.8020,-0.2600,0.0099,1.1892
1209,0.0,0.2056,-0.0079,False,False,False,2.0666,4.7057,2.0001,-1.9527,-1.5694,-0.0034,0.0724,-0.0176,-0.0730,0.0100,-0.0294,-0.0736,0.2028,-0.3279,0.3258,0.1351,-0.1894,0.3969,0.0009,0.0000,0.0000,0.0000,False,0.0738,-0.0167,-0.0713,0.0105,-0.0305,-0.0733,-0.7312,grasp,-0.1894,0.3969,0.0009,0.0000,0.0000,0.0000,False,,0.0500,0.0000,False,0.8020,-0.2600,0.0099,1.1892
1210,0.0,0.2056,-0.0151,False,False,False,2.0666,4.7057,2.0001,-1.9527,-1.5694,-0.0034,0.0724,-0.0176,-0.0730,0.0100,-0.0294,-0.0736,0.2028,-0.3279,0.3258,0.1351,-0.1894,0.3969,0.0009,0.0000,0.0000,0.0000,False,0.0666,0.0543,0.0307,-0.0554,0.0066,-0.0789,0.9157,grasp,-0.1894,0.3969,0.0009,0.0000,0.0000,0.0000,False,,0.0500,0.0000,True,0.8020,-0.2600,0.0099,1.1892
1211,0.0,0.2091,-5.0175,True,False,False,2.0666,4.7057,2.0001,-1.9527,-1.5694,-0.0034,0.0724,-0.0176,-0.0730,0.0100,-0.0294,-0.0736,0.2028,-0.3279,0.3258,0.1351,-0.1867,0.3948,-0.0028,0.0000,0.0000,0.0000,False,0.0251,-0.0442,0.0448,-0.0257,-0.0111,-0.0289,-1.6173,grasp,-0.1867,0.3948,-0.0028,0.0000,0.0000,0.0000,False,,0.0500,0.0000,False,0.8020,-0.2600,0.0099,1.1892
1212,0.0,0.2154,-0.0048,False,False,False,2.0628,4.6966,2.0023,-1.9618,-1.5716,-0.0069,-0.0316,-0.0033,-0.0157,-0.0156,0.0008,0.0095,0.0017,-0.3276,0.3287,0.1498,-0.1885,0.3982,0.0008,0.0000,0.0000,0.0000,False,0.0751,-0.0081,0.0692,-0.0473,0.0067,0.0093,-1.9315,grasp,-0.1885,0.3982,0.0008,0.0000,0.0000,0.0000,False,,0.0500,0.0000,False,0.8020,-0.2600,0.0099,1.1893
1213,0.0,0.2138,-0.0137,False,False,False,2.0632,4.6972,2.0017,-1.9613,-1.5712,-0.0063,0.0375,0.0584,-0.0605,0.0440,0.0454,0.0527,0.0534,-0.3274,0.3292,0.1480,-0.1885,0.3982,0.0008,0.0000,0.0000,0.0000,False,0.0375,0.0584,-0.0605,0.0440,0.0454,0.0527,-1.5013,grasp,-0.1885,0.3982,0.0008,0.0000,0.0000,0.0000,False,,0.0500,0.0000,False,0.8020,-0.2600,0.0099,1.1893
1214,0.0,0.2138,-0.0160,False,False,False,2.0632,4.6972,2.0017,-1.9613,-1.5712,-0.0063,0.0375,0.0584,-0.0605,0.0440,0.0454,0.0527,0.0534,-0.3274,0.3292,0.1480,-0.1885,0.3982,0.0008,0.0000,0.0000,0.0000,False,0.0751,0.0743,0.0556,0.0360,0.0345,0.0548,1.3050,grasp,-0.1885,0.3982,0.0008,0.0000,0.0000,0.0000,False,,0.0500,0.0000,True,0.8020,-0.2600,0.0099,1.1893
1215,0.0,0.2151,-0.0153,False,False,False,2.0632,4.6972,2.0017,-1.9613,-1.5712,-0.0063,0.0375,0.0584,-0.0605,0.0440,0.0454,0.0527,0.0534,-0.3274,0.3292,0.1480,-0.1875,0.3998,0.0006,0.0000,0.0000,0.0000,False,-0.0606,-0.0028,0.0329,0.0615,-0.0644,0.0780,0.2210,grasp,-0.1875,0.3998,0.0006,0.0000,0.0000,0.0000,False,,0.0500,0.0000,True,0.8020,-0.2600,0.0099,1.1893
1216,0.0,0.2151,-0.0115,False,False,False,2.0639,4.6977,2.0011,-1.9607,-1.5700,-0.0059,0.0068,-0.0597,0.0599,-0.0188,0.0290,-0.0527,0.1052,-0.3274,0.3292,0.1480,-0.1875,0.3998,0.0006,0.0000,0.0000,0.0000,False,0.0075,-0.0586,0.0587,-0.0180,0.0299,-0.0517,-1.1008,grasp,-0.1875,0.3998,0.0006,0.0000,0.0000,0.0000,False,,0.0500,0.0000,False,0.8020,-0.2600,0.0099,1.1893
1217,0.0,0.2151,-0.0131,False,False,False,2.0639,4.6977,2.0011,-1.9607,-1.5700,-0.0059,0.0068,-0.0597,0.0599,-0.0188,0.0290,-0.0527,0.1052,-0.3274,0.3292,0.1480,-0.1875,0.3998,0.0006,0.0000,0.0000,0.0000,False,0.0675,0.0404,0.0698,-0.0191,-0.0194,-0.0311,-2.8136,grasp,-0.1875,0.3998,0.0006,0.0000,0.0000,0.0000,False,,0.0500,0.0000,False,0.8020,-0.2600,0.0099,1.1893
1218,0.0,0.2126,-0.0189,False,False,False,2.0657,4.6964,2.0042,-1.9614,-1.5702,-0.0086,0.1070,-0.0078,0.1242,-0.0222,-0.0503,-0.1132,0.1059,-0.3282,0.3282,0.1430,-0.1875,0.3998,0.0006,0.0000,0.0000,0.0000,False,0.0564,-0.0052,0.0665,-0.0120,-0.0259,-0.0606,-2.6215,grasp,-0.1875,0.3998,0.0006,0.0000,0.0000,0.0000,False,,0.0500,0.0000,False,0.8020,-0.2600,0.0099,1.1893
1219,0.0,0.2122,-0.0094,False,False,False,2.0678,4.6965,2.0062,-1.9613,-1.5704,-0.0103,0.0560,0.0159,0.0247,0.0414,0.0586,-0.0140,0.1416,-0.3282,0.3261,0.1414,-0.1875,0.3998,0.0006,0.0000,0.0000,0.0000,False,0.0576,0.0158,0.0269,0.0411,0.0579,-0.0156,2.3630,grasp,-0.1875,0.3998,0.0006,0.0000,0.0000,0.0000,False,,0.0500,0.0000,True,0.8020,-0.2600,0.0099,1.1893
1220,0.0,0.2122,-0.0122,False,False,False,2.0678,4.6965,2.0062,-1.9613,-1.5704,-0.0103,0.0560,0.0159,0.0247,0.0414,0.0586,-0.0140,0.1416,-0.3282,0.3261,0.1414,-0.1875,0.3998,0.0006,0.0000,0.0000,0.0000,False,-0.0210,0.0025,0.0031,-0.0037,0.0274,-0.0730,1.0233,grasp,-0.1875,0.3998,0.0006,0.0000,0.0000,0.0000,False,,0.0500,0.0000,True,0.8020,-0.2600,0.0099,1.1893
1221,0.0,0.2122,-0.0107,False,False,False,2.0678,4.6965,2.0062,-1.9613,-1.5704,-0.0103,0.0560,0.0159,0.0247,0.0414,0.0586,-0.0140,0.1416,-0.3282,0.3261,0.1414,-0.1875,0.3998,0.0006,0.0000,0.0000,0.0000,False,-0.0360,0.0720,0.0641,0.0664,-0.0285,0.0283,-1.5643,grasp,-0.1875,0.3998,0.0006,0.0000,0.0000,0.0000,False,,0.0500,0.0000,False,0.8020,-0.2600,0.0099,1.1893
1222,0.0,0.2133,-5.0130,True,False,False,2.0686,4.6968,2.0065,-1.9598,-1.5688,-0.0101,-0.0316,0.0021,-0.0210,0.0655,0.0425,0.0516,0.2014,-0.3282,0.3261,0.1414,-0.1872,0.3980,-0.0016,0.0000,0.0000,0.0000,False,-0.0306,0.0024,-0.0206,0.0662,0.0436,0.0513,1.9317,grasp,-0.1872,0.3980,-0.0016,0.0000,0.0000,0.0000,False,,0.0500,0.0000,True,0.8020,-0.2600,0.0099,1.1893
1223,0.0,0.2022,-0.0047,False,False,False,2.0533,4.6967,1.9973,-1.9466,-1.5586,0.0055,-0.0173,-0.0032,-0.0082,-0.0344,-0.0161,-0.0072,0.5380,-0.3265,0.3276,0.1281,-0.1840,0.3941,0.0011,0.0000,0.0000,0.0000,False,-0.0513,0.0669,-0.0425,0.0383,0.0506,0.0153,1.0855,grasp,-0.1840,0.3941,0.0011,0.0000,0.0000,0.0000,False,,0.0500,0.0000,False,0.8020,-0.2600,0.0277,1.1835
1224,0.0,0.2036,-0.0185,False,False,False,2.0541,4.6960,1.9968,-1.9460,-1.5580,0.0049,0.0722,-0.0665,-0.0498,0.0614,0.0631,-0.0578,0.4980,-0.3269,0.3278,0.1300,-0.1840,0.3941,0.0011,0.0000,0.0000,0.0000,False,0.0722,-0.0665,-0.0498,0.0614,0.0631,-0.0578,-1.8721,grasp,-0.1840,0.3941,0.0011,0.0000,0.0000,0.0000,False,,0.0500,0.0000,False,0.8020,-0.2600,0.0277,1.1835
1225,0.0,0.2036,-0.0371,False,False,False,2.0554,4.6948,1.9958,-1.9448,-1.5568,0.0038,0.1372,-0.1265,-0.0946,0.1167,0.1199,-0.1099,0.4780,-0.3269,0.3278,0.1300,-0.1840,0.3941,0.0011,0.0000,0.0000,0.0000,False,0.0478,-0.0423,0.0763,-0.0636,0.0150,0.0092,-0.9728,grasp,-0.1840,0.3941,0.0011,0.0000,0.0000,0.0000,False,,0.0500,0.0000,False,0.8020,-0.2600,0.0277,1.1835
1226,0.0,0.2036,-0.0023,False,False,False,2.0554,4.6947,1.9958,-1.9448,-1.5568,0.0038,0.0000,0.0000,0.0000,0.0000,-0.0000,0.0000,0.4483,-0.3269,0.3278,0.1300,-0.1840,0.3941,0.0011,0.0000,0.0000,0.0000,False,0.0701,-0.0444,-0.0597,-0.0444,-0.0059,0.0178,-0.3028,grasp,-0.1840,0.3941,0.0011,0.0000,0.0000,0.0000,False,,0.0500,0.0000,False,0.8020,-0.2600,0.0277,1.1835
1227,0.0,0.2036,-0.0119,False,False,False,2.0561,4.6943,1.9952,-1.9452,-1.5568,0.0040,0.0701,-0.0443,-0.0597,-0.0444,-0.0059,0.0178,0.4397,-0.3269,0.3278,0.1300,-0.1840,0.3941,0.0011,0.0000,0.0000,0.0000,False,-0.0463,-0.0190,0.0353,-0.0558,0.0743,-0.0122,-1.3150,grasp,-0.1840,0.3941,0.0011,0.0000,0.0000,0.0000,False,,0.0500,0.0000,False,0.8020,-0.2600,0.0277,1.1835
1228,0.0,0.2032,-0.0111,False,False,False,2.0561,4.6943,1.9952,-1.9452,-1.5568,0.0040,0.0701,-0.0443,-0.0597,-0.0444,-0.0059,0.0178,0.4397,-0.3269,0.3278,0.1300,-0.1843,0.3940,0.0011,0.0000,0.0000,0.0000,False,0.0359,-0.0118,0.0632,-0.0750,0.0060,-0.0398,1.4395,grasp,-0.1843,0.3940,0.0011,0.0000,0.0000,0.0000,False,,0.0500,0.0000,True,0.8020,-0.2600,0.0277,1.1835
1229,0.0,0.2072,-0.0060,False,False,False,2.0575,4.6934,1.9941,-1.9461,-1.5570,0.0043,-0.0000,0.0000,0.0000,0.0000,-0.0000,0.0000,0.4270,-0.3289,0.3278,0.1339,-0.1843,0.3940,0.0011,0.0000,0.0000,0.0000,False,-0.0425,0.0663,0.0251,0.0683,-0.0079,-0.0060,-3.0251,grasp,-0.1843,0.3940,0.0011,0.0000,0.0000,0.0000,False,,0.0500,0.0000,False,0.8020,-0.2600,0.0277,1.1835
1230,0.0,0.2082,-0.0122,False,False,False,2.0577,4.6941,1.9941,-1.9460,-1.5569,0.0047,0.0685,0.0035,-0.0247,-0.0570,0.0118,0.0403,0.3687,-0.3290,0.3277,0.1355,-0.1843,0.3940,0.0011,0.0000,0.0000,0.0000,False,0.0681,0.0043,-0.0244,-0.0563,0.0117,0.0402,-1.5376,grasp,-0.1843,0.3940,0.0011,0.0000,0.0000,0.0000,False,,0.0500,0.0000,False,0.8020,-0.2600,0.0277,1.1835
1231,0.0,0.2082,-0.0204,False,False,False,2.0590,4.6941,1.9936,-1.9471,-1.5567,0.0055,0.1302,0.0068,-0.0468,-0.1083,0.0225,0.0765,0.3523,-0.3290,0.3277,0.1355,-0.1843,0.3940,0.0011,0.0000,0.0000,0.0000,False,0.0223,0.0623,-0.0102,0.0302,0.0393,0.0026,0.2115,grasp,-0.1843,0.3940,0.0011,0.0000,0.0000,0.0000,False,,0.0500,0.0000,False,0.8020,-0.2600,0.0277,1.1835
1232,0.0,0.2082,-0.0209,False,False,False,2.0590,4.6941,1.9936,-1.9471,-1.5567,0.0055,0.1302,0.0068,-0.0468,-0.1083,0.0225,0.0765,0.3523,-0.3290,0.3277,0.1355,-0.1843,0.3940,0.0011,0.0000,0.0000,0.0000,False,-0.0252,0.0295,-0.0039,0.0110,-0.0231,0.0074,-2.7263,grasp,-0.1843,0.3940,0.0011,0.0000,0.0000,0.0000,False,,0.0500,0.0000,False,0.8020,-0.2600,0.0277,1.1835
1233,0.0,0.2082,-0.0028,False,False,False,2.0590,4.6941,1.9936,-1.9471,-1.5567,0.0055,-0.0000,0.0000,0.0000,0.0000,-0.0000,0.0000,0.3197,-0.3290,0.3277,0.1355,-0.1843,0.3940,0.0011,0.0000,0.0000,0.0000,False,0.0588,-0.0172,-0.0575,0.0002,-0.0545,0.0774,-2.8299,grasp,-0.1843,0.3940,0.0011,0.0000,0.0000,0.0000,False,,0.0500,0.0000,False,0.8020,-0.2600,0.0277,1.1835
1234,0.0,0.2092,-0.0030,False,False,False,2.0590,4.6941,1.9936,-1.9471,-1.5567,0.0055,-0.0000,0.0000,0.0000,0.0000,-0.0000,0.0000,0.3197,-0.3290,0.3277,0.1355,-0.1843,0.3973,0.0014,0.0000,0.0000,0.0000,False,-0.0168,-0.0673,0.0718,-0.0754,0.0788,-0.0507,1.4153,grasp,-0.1843,0.3973,0.0014,0.0000,0.0000,0.0000,False,,0.0500,0.0000,True,0.8020,-0.2600,0.0277,1.1835
1235,0.0,0.2117,-0.0206,False,False,False,2.0594,4.6933,1.9938,-1.9478,-1.5564,0.0057,-0.0174,-0.0672,0.0723,-0.0754,0.0794,-0.0514,0.3397,-0.3299,0.3279,0.1386,-0.1843,0.3973,0.0014,0.0000,0.0000,0.0000,False,-0.0131,0.0363,-0.0143,0.0479,0.0598,0.0653,0.8077,grasp,-0.1843,0.3973,0.0014,0.0000,0.0000,0.0000,False,,0.0500,0.0000,True,0.8020,-0.2600,0.0277,1.1835
1236,0.0,0.2099,-0.0114,False,False,False,2.0585,4.6922,1.9950,-1.9500,-1.5545,0.0043,-0.0629,0.0185,-0.0154,-0.0722,0.0391,-0.0426,0.3997,-0.3302,0.3279,0.1353,-0.1843,0.3973,0.0014,0.0000,0.0000,0.0000,False,-0.0632,0.0172,-0.0141,-0.0736,0.0406,-0.0436,-2.1275,grasp,-0.1843,0.3973,0.0014,0.0000,0.0000,0.0000,False,,0.0500,0.0000,False,0.8020,-0.2600,0.0277,1.1835
1237,0.0,0.2099,-0.0240,False,False,False,2.0573,4.6926,1.9947,-1.9513,-1.5538,0.0035,-0.1195,0.0351,-0.0293,-0.1372,0.0743,-0.0809,0.4197,-0.3302,0.3279,0.1353,-0.1843,0.3973,0.0014,0.0000,0.0000,0.0000,False,0.0188,0.0534,0.0116,0.0070,-0.0449,-0.0662,2.4236,grasp,-0.1843,0.3973,0.0014,0.0000,0.0000,0.0000,False,,0.0500,0.0000,True,0.8020,-0.2600,0.0277,1.1835
1238,0.0,0.2099,-0.0234,False,False,False,2.0573,4.6926,1.9947,-1.9513,-1.5538,0.0035,-0.1195,0.0351,-0.0293,-0.1372,0.0743,-0.0809,0.4197,-0.3302,0.3279,0.1353,-0.1843,0.3973,0.0014,0.0000,0.0000,0.0000,False,-0.0093,-0.0383,0.0478,-0.0772,0.0758,0.0745,-2.0987,grasp,-0.1843,0.3973,0.0014,0.0000,0.0000,0.0000,False,,0.0500,0.0000,False,0.8020,-0.2600,0.0277,1.1835
1239,0.0,0.2099,-0.0021,False,False,False,2.0573,4.6926,1.9947,-1.9513,-1.5538,0.0035,0.0000,0.0000,0.0000,0.0000,-0.0000,0.0000,0.4591,-0.3302,0.3279,0.1353,-0.1843,0.3973,0.0014,0.0000,0.0000,0.0000,False,0.0386,0.0380,-0.0421,-0.0584,-0.0696,0.0215,0.7916,grasp,-0.1843,0.3973,0.0014,0.0000,0.0000,0.0000,False,,0.0500,0.0000,False,0.8020,-0.2600,0.0277,1.1835
1240,0.0,0.2101,-0.0024,False,False,False,2.0573,4.6926,1.9947,-1.9513,-1.5538,0.0035,0.0000,0.0000,0.0000,0.0000,-0.0000,0.0000,0.4591,-0.3302,0.3279,0.1353,-0.1853,0.3981,0.0003,0.0000,0.0000,0.0000,False,-0.0299,0.0012,0.0693,-0.0103,-0.0606,0.0346,-0.5319,grasp,-0.1853,0.3981,0.0003,0.0000,0.0000,0.0000,False,,0.0500,0.0000,False,0.8020,-0.2600,0.0277,1.1835
1241,0.0,0.2084,-0.0203,False,False,False,2.0589,4.6945,1.9956,-1.9520,-1.5536,0.0053,0.0839,0.1033,0.0846,-0.0031,0.0582,0.1066,0.5376,-0.3304,0.3288,0.1330,-0.1853,0.3981,0.0003,0.0000,0.0000,0.0000,False,0.0445,0.0548,0.0441,-0.0022,0.0299,0.0563,2.4741,grasp,-0.1853,0.3981,0.0003,0.0000,0.0000,0.0000,False,,0.0500,0.0000,True,0.8020,-0.2600,0.0277,1.1835
1242,0.0,0.2078,-0.0092,False,False,False,2.0602,4.6968,1.9966,-1.9524,-1.5525,0.0074,0.0035,0.0732,-0.0223,-0.0410,0.0281,0.0572,0.5153,-0.3313,0.3268,0.1300,-0.1853,0.3981,0.0003,0.0000,0.0000,0.0000,False,0.0047,0.0757,-0.0206,-0.0411,0.0289,0.0587,-2.2912,grasp,-0.1853,0.3981,0.0003,0.0000,0.0000,0.0000,False,,0.0500,0.0000,False,0.8020,-0.2600,0.0277,1.1835
1243,0.0,0.2078,-0.0121,False,False,False,2.0602,4.6968,1.9966,-1.9524,-1.5525,0.0074,0.0035,0.0732,-0.0223,-0.0410,0.0281,0.0572,0.5153,-0.3313,0.3268,0.1300,-0.1853,0.3981,0.0003,0.0000,0.0000,0.0000,False,0.0495,0.0472,-0.0437,0.0550,0.0684,0.0780,1.7317,grasp,-0.1853,0.3981,0.0003,0.0000,0.0000,0.0000,False,,0.0500,0.0000,False,0.8020,-0.2600,0.0277,1.1835
1244,0.0,0.2078,-0.0228,False,False,False,2.0602,4.6982,1.9962,-1.9532,-1.5520,0.0085,0.0067,0.1401,-0.0418,-0.0780,0.0534,0.1087,0.4953,-0.3313,0.3268,0.1300,-0.1853,0.3981,0.0003,0.0000,0.0000,0.0000,False,0.0577,-0.0150,0.0605,-0.0576,0.0390,0.0769,-1.0070,grasp,-0.1853,0.3981,0.0003,0.0000,0.0000,0.0000,False,,0.0500,0.0000,False,0.8020,-0.2600,0.0277,1.1835
1245,0.0,0.2078,-0.0021,False,False,False,2.0602,4.6983,1.9962,-1.9532,-1.5520,0.0085,0.0000,0.0000,0.0000,0.0000,-0.0000,0.0000,0.4953,-0.3313,0.3268,0.1300,-0.1853,0.3981,0.0003,0.0000,0.0000,0.0000,False,-0.0051,0.0604,0.0142,-0.0092,-0.0613,0.0644,2.7710,grasp,-0.1853,0.3981,0.0003,0.0000,0.0000,0.0000,False,,0.0500,0.0000,True,0.8020,-0.2600,0.0277,1.1835
1246,0.0,0.2053,-4.9999,True,False,False,2.0602,4.6983,1.9962,-1.9532,-1.5520,0.0085,0.0000,0.0000,0.0000,0.0000,-0.0000,0.0000,0.4953,-0.3313,0.3268,0.1300,-0.1899,0.3944,-0.0026,0.0000,0.0000,0.0000,False,-0.0419,0.0273,0.0638,-0.0563,-0.0145,0.0586,-0.3315,grasp,-0.1899,0.3944,-0.0026,0.0000,0.0000,0.0000,False,,0.0500,0.0000,False,0.8020,-0.2600,0.0277,1.1835
1247,0.0,0.2102,-0.0024,False,False,False,2.0491,4.7010,2.0030,-1.9660,-1.5595,0.0140,0.0000,0.0000,0.0000,0.0000,-0.0000,0.0000,0.0104,-0.3263,0.3329,0.1477,-0.1891,0.3956,0.0014,0.0000,0.0000,0.0000,False,0.0320,0.0588,-0.0324,0.0631,0.0505,-0.0565,-1.8744,grasp,-0.1891,0.3956,0.0014,0.0000,0.0000,0.0000,False,,0.0500,0.0000,False,0.8020,-0.2600,0.0099,1.1883
1248,0.0,0.2102,-0.0146,False,False,False,2.0495,4.7016,2.0027,-1.9654,-1.5590,0.0134,0.0321,0.0588,-0.0322,0.0632,0.0506,-0.0563,0.0255,-0.3263,0.3329,0.1477,-0.1891,0.3956,0.0014,0.0000,0.0000,0.0000,False,-0.0562,-0.0436,-0.0191,0.0619,-0.0229,0.0753,1.5753,grasp,-0.1891,0.3956,0.0014,0.0000,0.0000,0.0000,False,,0.0500,0.0000,True,0.8020,-0.2600,0.0099,1.1883
1249,0.0,0.2102,-0.0021,False,False,False,2.0495,4.7016,2.0027,-1.9654,-1.5590,0.0134,0.0000,0.0000,0.0000,0.0000,-0.0000,0.0000,0.0655,-0.3263,0.3329,0.1477,-0.1891,0.3956,0.0014,0.0000,0.0000,0.0000,False,0.0703,0.0732,0.0023,-0.0345,0.0037,0.0685,2.7525,grasp,-0.1891,0.3956,0.0014,0.0000,0.0000,0.0000,False,,0.0500,0.0000,True,0.8020,-0.2600,0.0099,1.1883
1250,0.0,0.2115,-0.0046,False,False,False,2.0495,4.7016,2.0027,-1.9654,-1.5590,0.0134,0.0000,0.0000,0.0000,0.0000,-0.0000,0.0000,0.0655,-0.3263,0.3329,0.1477,-0.1880,0.3975,0.0013,0.0000,0.0000,0.0000,False,-0.0163,0.0314,-0.0469,0.0567,-0.0575,0.0424,1.1039,grasp,-0.1880,0.3975,0.0013,0.0000,0.0000,0.0000,False,,0.0500,0.0000,True,0.8020,-0.2600,0.0099,1.1883
1251,0.0,0.2078,-0.0091,False,False,False,2.0502,4.7030,2.0032,-1.9653,-1.5583,0.0138,0.0043,0.0742,0.0487,0.0492,0.0732,-0.0293,0.1195,-0.3268,0.3324,0.1416,-0.1880,0.3975,0.0013,0.0000,0.0000,0.0000,False,0.0050,0.0750,0.0487,0.0489,0.0732,-0.0286,-1.1810,grasp,-0.1880,0.3975,0.0013,0.0000,0.0000,0.0000,False,,0.0500,0.0000,False,0.8020,-0.2600,0.0099,1.1883
1252,0.0,0.2078,-0.0117,False,False,False,2.0495,4.7038,2.0059,-1.9665,-1.5574,0.0142,-0.0531,-0.0520,0.1209,-0.1443,-0.0350,0.0586,0.1646,-0.3268,0.3324,0.1416,-0.1880,0.3975,0.0013,0.0000,0.0000,0.0000,False,-0.0279,-0.0253,0.0646,-0.0750,-0.0170,0.0303,-1.1715,grasp,-0.1880,0.3975,0.0013,0.0000,0.0000,0.0000,False,,0.0500,0.0000,False,0.8020,-0.2600,0.0099,1.1883
1253,0.0,0.2044,-0.0196,False,False,False,2.0495,4.7038,2.0059,-1.9665,-1.5574,0.0142,-0.0531,-0.0520,0.1209,-0.1443,-0.0350,0.0586,0.1646,-0.3263,0.3312,0.1363,-0.1880,0.3975,0.0013,0.0000,0.0000,0.0000,False,0.0460,0.0189,0.0073,0.0651,-0.0210,0.0122,-2.0439,grasp,-0.1880,0.3975,0.0013,0.0000,0.0000,0.0000,False,,0.0500,0.0000,False,0.8020,-0.2600,0.0099,1.1883
1254,0.0,0.2044,-0.0348,False,False,False,2.0487,4.7030,2.0077,-1.9686,-1.5579,0.0150,-0.0758,-0.0735,0.1725,-0.2058,-0.0499,0.0836,0.1732,-0.3263,0.3312,0.1363,-0.1880,0.3975,0.0013,0.0000,0.0000,0.0000,False,0.0562,0.0310,0.0368,0.0496,0.0413,-0.0694,1.3703,grasp,-0.1880,0.3975,0.0013,0.0000,0.0000,0.0000,False,,0.0500,0.0000,True,0.8020,-0.2600,0.0099,1.1883
1255,0.0,0.2044,-0.0021,False,False,False,2.0487,4.7030,2.0077,-1.9686,-1.5579,0.0150,0.0000,0.0000,0.0000,0.0000,-0.0000,0.0000,0.2132,-0.3263,0.3312,0.1363,-0.1880,0.3975,0.0013,0.0000,0.0000,0.0000,False,0.0243,-0.0598,0.0067,0.0391,0.0068,0.0122,-1.1903,grasp,-0.1880,0.3975,0.0013,0.0000,0.0000,0.0000,False,,0.0500,0.0000,False,0.8020,-0.2600,0.0099,1.1883
1256,0.0,0.2085,-5.0074,True,False,False,2.0487,4.7030,2.0077,-1.9686,-1.5579,0.0150,0.0000,0.0000,0.0000,0.0000,-0.0000,0.0000,0.2132,-0.3263,0.3312,0.1363,-0.1851,0.3965,-0.0024,0.0000,0.0000,0.0000,False,-0.0014,0.0569,-0.0299,0.0151,0.0715,-0.0603,2.3791,grasp,-0.1851,0.3965,-0.0024,0.0000,0.0000,0.0000,False,,0.0500,0.0000,True,0.8020,-0.2600,0.0099,1.1883
1257,0.0,0.2122,-0.0023,False,False,False,2.0462,4.7054,2.0001,-1.9682,-1.5550,0.0051,-0.0086,-0.0156,-0.0126,-0.0066,-0.0221,-0.0071,0.0075,-0.3274,0.3344,0.1467,-0.1876,0.4009,0.0017,0.0000,0.0000,0.0000,False,0.0409,0.0480,-0.0672,0.0769,-0.0611,-0.0525,2.1525,grasp,-0.1876,0.4009,0.0017,0.0000,0.0000,0.0000,False,,0.0500,0.0000,True,0.8020,-0.2600,0.0099,1.1900
1258,0.0,0.2116,-0.0036,False,False,False,2.0462,4.7054,2.0001,-1.9682,-1.5550,0.0051,0.0000,0.0000,0.0000,0.0000,-0.0000,0.0000,0.0475,-0.3273,0.3349,0.1462,-0.1876,0.4009,0.0017,0.0000,0.0000,0.0000,False,-0.0298,-0.0153,0.0628,-0.0767,0.0780,0.0206,-2.8461,grasp,-0.1876,0.4009,0.0017,0.0000,0.0000,0.0000,False,,0.0500,0.0000,False,0.8020,-0.2600,0.0099,1.1900
1259,0.0,0.2116,-0.0136,False,False,False,2.0459,4.7052,2.0007,-1.9690,-1.5542,0.0053,-0.0298,-0.0153,0.0628,-0.0767,0.0780,0.0206,0.0486,-0.3273,0.3349,0.1462,-0.1876,0.4009,0.0017,0.0000,0.0000,0.0000,False,-0.0006,0.0039,-0.0062,0.0453,-0.0524,0.0132,0.1065,grasp,-0.1876,0.4009,0.0017,0.0000,0.0000,0.0000,False,,0.0500,0.0000,True,0.8020,-0.2600,0.0099,1.1900
1260,0.0,0.2116,-0.0136,False,False,False,2.0459,4.7052,2.0007,-1.9690,-1.5542,0.0053,-0.0298,-0.0153,0.0628,-0.0767,0.0780,0.0206,0.0486,-0.3273,0.3349,0.1462,-0.1876,0.4009,0.0017,0.0000,0.0000,0.0000,False,-0.0480,-0.0695,0.0675,-0.0708,-0.0637,-0.0333,2.1995,grasp,-0.1876,0.4009,0.0017,0.0000,0.0000,0.0000,False,,0.0500,0.0000,True,0.8020,-0.2600,0.0099,1.1900
1261,0.0,0.2091,-0.0223,False,False,False,2.0467,4.7031,2.0006,-1.9678,-1.5561,0.0038,0.0550,-0.1381,-0.0081,0.0771,-0.1220,-0.0999,0.1286,-0.3272,0.3346,0.1416,-0.1873,0.4020,0.0016,0.0000,0.0000,0.0000,False,0.0289,-0.0727,-0.0043,0.0406,-0.0642,-0.0526,1.4594,grasp,-0.1873,0.4020,0.0016,0.0000,0.0000,0.0000,False,,0.0500,0.0000,True,0.8020,-0.2600,0.0099,1.1900
1262,0.0,0.2091,-0.0257,False,False,False,2.0467,4.7031,2.0006,-1.9678,-1.5561,0.0038,0.0550,-0.1381,-0.0081,0.0771,-0.1220,-0.0999,0.1286,-0.3272,0.3346,0.1416,-0.1873,0.4020,0.0016,0.0000,0.0000,0.0000,False,0.0593,0.0049,0.0614,0.0472,-0.0317,-0.0431,-0.9297,grasp,-0.1873,0.4020,0.0016,0.0000,0.0000,0.0000,False,,0.0500,0.0000,False,0.8020,-0.2600,0.0099,1.1900
1263,0.0,0.2091,-0.0119,False,False,False,2.0481,4.7011,2.0011,-1.9663,-1.5581,0.0019,0.0585,0.0082,0.0615,0.0461,-0.0299,-0.0417,0.1749,-0.3272,0.3346,0.1416,-0.1873,0.4020,0.0016,0.0000,0.0000,0.0000,False,-0.0322,0.0071,-0.0100,0.0781,0.0263,-0.0113,-0.5345,grasp,-0.1873,0.4020,0.0016,0.0000,0.0000,0.0000,False,,0.0500,0.0000,False,0.8020,-0.2600,0.0099,1.1900
1264,0.0,0.2069,0.0001,False,False,False,2.0481,4.7011,2.0011,-1.9663,-1.5581,0.0019,-0.0000,0.0000,0.0000,0.0000,-0.0000,0.0000,0.2040,-0.3267,0.3336,0.1384,-0.1873,0.4020,0.0016,0.0000,0.0000,0.0000,False,0.0574,-0.0378,-0.0493,-0.0685,-0.0395,-0.0764,-0.5932,grasp,-0.1873,0.4020,0.0016,0.0000,0.0000,0.0000,False,,0.0500,0.0000,False,0.8020,-0.2600,0.0099,1.1900
1265,0.0,0.2069,-0.0032,False,False,False,2.0487,4.7007,2.0006,-1.9669,-1.5585,0.0012,0.0574,-0.0378,-0.0493,-0.0685,-0.0395,-0.0764,0.2160,-0.3267,0.3336,0.1384,-0.1873,0.4020,0.0016,0.0000,0.0000,0.0000,False,0.0083,-0.0693,0.0555,0.0575,-0.0622,-0.0598,-0.7903,grasp,-0.1873,0.4020,0.0016,0.0000,0.0000,0.0000,False,,0.0500,0.0000,False,0.8020,-0.2600,0.0099,1.1900
1266,0.0,0.2069,-0.0176,False,False,False,2.0487,4.7007,2.0006,-1.9669,-1.5585,0.0012,0.0574,-0.0378,-0.0493,-0.0685,-0.0395,-0.0764,0.2160,-0.3267,0.3336,0.1384,-0.1873,0.4020,0.0016,0.0000,0.0000,0.0000,False,0.0391,-0.0447,-0.0545,0.0518,0.0562,0.0619,1.9487,grasp,-0.1873,0.4020,0.0016,0.0000,0.0000,0.0000,False,,0.0500,0.0000,True,0.8020,-0.2600,0.0099,1.1900
1267,0.0,0.2058,-0.0272,False,False,False,2.0473,4.7024,2.0007,-1.9656,-1.5571,-0.0009,-0.0898,0.1108,0.0070,0.0883,0.0943,-0.1383,0.1739,-0.3269,0.3338,0.1386,-0.1884,0.4008,0.0020,0.0000,0.0000,0.0000,False,-0.0473,0.0583,0.0037,0.0465,0.0497,-0.0728,-2.8425,grasp,-0.1884,0.4008,0.0020,0.0000,0.0000,0.0000,False,,0.0500,0.0000,False,0.8020,-0.2600,0.0099,1.1900
1268,0.0,0.2058,-0.0139,False,False,False,2.0465,4.7039,2.0002,-1.9645,-1.5553,-0.0023,0.0496,-0.0259,-0.0549,-0.0198,0.0450,0.0631,0.1908,-0.3269,0.3338,0.1386,-0.1884,0.4008,0.0020,0.0000,0.0000,0.0000,False,0.0483,-0.0228,-0.0548,-0.0186,0.0463,0.0612,-0.6239,grasp,-0.1884,0.4008,0.0020,0.0000,0.0000,0.0000,False,,0.0500,0.0000,False,0.8020,-0.2600,0.0099,1.1900
1269,0.0,0.2058,-0.0126,False,False,False,2.0465,4.7039,2.0002,-1.9645,-1.5553,-0.0023,0.0496,-0.0259,-0.0549,-0.0198,0.0450,0.0631,0.1908,-0.3269,0.3338,0.1386,-0.1884,0.4008,0.0020,0.0000,0.0000,0.0000,False,0.0125,0.0548,0.0332,-0.0352,0.0622,0.0263,0.1843,grasp,-0.1884,0.4008,0.0020,0.0000,0.0000,0.0000,False,,0.0500,0.0000,True,0.8020,-0.2600,0.0099,1.1900
1270,0.0,0.2055,-0.0021,False,False,False,2.0475,4.7034,1.9992,-1.9649,-1.5545,-0.0011,0.0000,0.0000,0.0000,0.0000,-0.0000,0.0000,0.2237,-0.3276,0.3337,0.1374,-0.1884,0.4008,0.0020,0.0000,0.0000,0.0000,False,0.0484,-0.0192,0.0602,0.0252,0.0731,0.0136,2.6520,grasp,-0.1884,0.4008,0.0020,0.0000,0.0000,0.0000,False,,0.0500,0.0000,True,0.8020,-0.2600,0.0099,1.1900
1271,0.0,0.2055,-0.0029,False,False,False,2.0475,4.7034,1.9992,-1.9649,-1.5545,-0.0011,0.0000,0.0000,0.0000,0.0000,-0.0000,0.0000,0.2437,-0.3276,0.3337,0.1374,-0.1884,0.4008,0.0020,0.0000,0.0000,0.0000,False,-0.0450,0.0454,0.0361,-0.0397,0.0338,0.0781,-0.8280,grasp,-0.1884,0.4008,0.0020,0.0000,0.0000,0.0000,False,,0.0500,0.0000,False,0.8020,-0.2600,0.0099,1.1900
1272,0.0,0.2081,-5.0047,True,False,False,2.0475,4.7034,1.9992,-1.9649,-1.5545,-0.0011,0.0000,0.0000,0.0000,0.0000,-0.0000,0.0000,0.2437,-0.3276,0.3337,0.1374,-0.1875,0.4014,-0.0007,0.0000,0.0000,0.0000,False,-0.0010,0.0452,0.0305,0.0745,-0.0661,0.0573,1.4559,grasp,-0.1875,0.4014,-0.0007,0.0000,0.0000,0.0000,False,,0.0500,0.0000,True,0.8020,-0.2600,0.0099,1.1900
1273,0.0,0.2096,-0.0036,False,False,False,2.0452,4.7066,2.0008,-1.9577,-1.5676,0.0066,-0.0071,-0.0170,-0.0134,-0.0209,-0.0047,-0.0089,0.0031,-0.3223,0.3335,0.1454,-0.1836,0.3964,0.0014,0.0000,0.0000,0.0000,False,-0.0647,0.0736,0.0162,0.0304,0.0499,0.0695,-1.4429,grasp,-0.1836,0.3964,0.0014,0.0000,0.0000,0.0000,False,,0.0500,0.0000,False,0.8020,-0.2600,0.0099,1.1842
1274,0.0,0.2097,-0.0102,False,False,False,2.0454,4.7063,1.9999,-1.9578,-1.5672,0.0067,0.0260,-0.0202,-0.0755,0.0081,0.0411,0.0187,0.0157,-0.3223,0.3340,0.1456,-0.1836,0.3964,0.0014,0.0000,0.0000,0.0000,False,0.0259,-0.0204,-0.0757,0.0079,0.0411,0.0186,-2.5865,grasp,-0.1836,0.3964,0.0014,0.0000,0.0000,0.0000,False,,0.0500,0.0000,False,0.8020,-0.2600,0.0099,1.1842
1275,0.0,0.2097,-0.0181,False,False,False,2.0459,4.7059,1.9985,-1.9576,-1.5664,0.0070,0.0494,-0.0383,-0.1435,0.0153,0.0781,0.0355,0.0212,-0.3223,0.3340,0.1456,-0.1836,0.3964,0.0014,0.0000,0.0000,0.0000,False,0.0435,0.0701,-0.0478,0.0688,0.0211,0.0740,0.7843,grasp,-0.1836,0.3964,0.0014,0.0000,0.0000,0.0000,False,,0.0500,0.0000,True,0.8020,-0.2600,0.0099,1.1842
1276,0.0,0.2106,-0.0188,False,False,False,2.0459,4.7059,1.9985,-1.9576,-1.5664,0.0070,0.0494,-0.0383,-0.1435,0.0153,0.0781,0.0355,0.0212,-0.3223,0.3340,0.1456,-0.1831,0.3982,0.0013,0.0000,0.0000,0.0000,False,-0.0730,-0.0317,-0.0532,-0.0755,-0.0374,0.0230,1.3774,grasp,-0.1831,0.3982,0.0013,0.0000,0.0000,0.0000,False,,0.0500,0.0000,True,0.8020,-0.2600,0.0099,1.1842
1277,0.0,0.2093,-0.0097,False,False,False,2.0466,4.7054,1.9983,-1.9575,-1.5669,0.0074,0.0645,-0.0436,-0.0147,0.0140,-0.0438,0.0342,0.0812,-0.3234,0.3342,0.1427,-0.1831,0.3982,0.0013,0.0000,0.0000,0.0000,False,0.0645,-0.0436,-0.0147,0.0140,-0.0438,0.0342,-2.3678,grasp,-0.1831,0.3982,0.0013,0.0000,0.0000,0.0000,False,,0.0500,0.0000,False,0.8020,-0.2600,0.0099,1.1842
1278,0.0,0.2093,-0.0143,False,False,False,2.0474,4.7039,1.9976,-1.9570,-1.5677,0.0073,-0.0361,-0.0644,-0.0477,0.0202,0.0045,-0.0720,0.1239,-0.3234,0.3342,0.1427,-0.1831,0.3982,0.0013,0.0000,0.0000,0.0000,False,-0.0349,-0.0654,-0.0480,0.0205,0.0037,-0.0713,-1.4378,grasp,-0.1831,0.3982,0.0013,0.0000,0.0000,0.0000,False,,0.0500,0.0000,False,0.8020,-0.2600,0.0099,1.1842
1279,0.0,0.2093,-0.0128,False,False,False,2.0474,4.7039,1.9976,-1.9570,-1.5677,0.0073,-0.0361,-0.0644,-0.0477,0.0202,0.0045,-0.0720,0.1239,-0.3234,0.3342,0.1427,-0.1831,0.3982,0.0013,0.0000,0.0000,0.0000,False,-0.0009,0.0512,-0.0075,0.0065,-0.0175,-0.0111,-1.4527,grasp,-0.1831,0.3982,0.0013,0.0000,0.0000,0.0000,False,,0.0500,0.0000,False,0.8020,-0.2600,0.0099,1.1842
1280,0.0,0.2078,-0.0092,False,False,False,2.0472,4.7025,1.9963,-1.9569,-1.5668,0.0054,0.0462,-0.0205,-0.0399,-0.0226,0.0755,-0.0476,0.1731,-0.3235,0.3346,0.1407,-0.1831,0.3982,0.0013,0.0000,0.0000,0.0000,False,0.0455,-0.0221,-0.0408,-0.0222,0.0756,-0.0489,2.2776,grasp,-0.1831,0.3982,0.0013,0.0000,0.0000,0.0000,False,,0.0500,0.0000,True,0.8020,-0.2600,0.0099,1.1842
1281,0.0,0.2078,-0.0127,False,False,False,2.0472,4.7025,1.9963,-1.9569,-1.5668,0.0054,0.0462,-0.0205,-0.0399,-0.0226,0.0755,-0.0476,0.1731,-0.3235,0.3346,0.1407,-0.1831,0.3982,0.0013,0.0000,0.0000,0.0000,False,-0.0681,0.0598,-0.0028,-0.0020,-0.0345,-0.0549,0.8927,grasp,-0.1831,0.3982,0.0013,0.0000,0.0000,0.0000,False,,0.0500,0.0000,True,0.8020,-0.2600,0.0099,1.1842
1282,0.0,0.2077,-0.0136,False,False,False,2.0472,4.7025,1.9963,-1.9569,-1.5668,0.0054,0.0462,-0.0205,-0.0399,-0.0226,0.0755,-0.0476,0.1731,-0.3235,0.3346,0.1407,-0.1827,0.4008,0.0030,0.0000,0.0000,0.0000,False,0.0044,0.0394,0.0465,-0.0747,0.0552,-0.0444,2.7918,grasp,-0.1827,0.4008,0.0030,0.0000,0.0000,0.0000,False,,0.0500,0.0000,True,0.8020,-0.2600,0.0099,1.1842
1283,0.0,0.2090,-0.0239,False,False,False,2.0497,4.7040,1.9960,-1.9567,-1.5646,0.0058,0.1062,0.1264,0.0350,0.0397,0.0495,0.0822,0.1573,-0.3253,0.3335,0.1401,-0.1827,0.4008,0.0030,0.0000,0.0000,0.0000,False,0.0568,0.0661,0.0177,0.0204,0.0275,0.0424,-2.7312,grasp,-0.1827,0.4008,0.0030,0.0000,0.0000,0.0000,False,,0.0500,0.0000,False,0.8020,-0.2600,0.0099,1.1842
1284,0.0,0.2090,-0.0209,False,False,False,2.0497,4.7040,1.9960,-1.9567,-1.5646,0.0058,0.1062,0.1264,0.0350,0.0397,0.0495,0.0822,0.1573,-0.3253,0.3335,0.1401,-0.1827,0.4008,0.0030,0.0000,0.0000,0.0000,False,0.0230,-0.0565,0.0213,-0.0706,0.0191,0.0409,-1.6514,grasp,-0.1827,0.4008,0.0030,0.0000,0.0000,0.0000,False,,0.0500,0.0000,False,0.8020,-0.2600,0.0099,1.1842
1285,0.0,0.2090,-0.0087,False,False,False,2.0518,4.7064,1.9965,-1.9558,-1.5633,0.0068,0.0532,0.0422,-0.0053,0.0277,0.0620,-0.0141,0.1391,-0.3253,0.3335,0.1401,-0.1827,0.4008,0.0030,0.0000,0.0000,0.0000,False,0.0548,0.0453,-0.0048,0.0282,0.0627,-0.0129,-2.3068,grasp,-0.1827,0.4008,0.0030,0.0000,0.0000,0.0000,False,,0.0500,0.0000,False,0.8020,-0.2600,0.0099,1.1842
1286,0.0,0.2090,-0.0094,False,False,False,2.0518,4.7064,1.9965,-1.9558,-1.5633,0.0068,0.0532,0.0422,-0.0053,0.0277,0.0620,-0.0141,0.1391,-0.3253,0.3335,0.1401,-0.1827,0.4008,0.0030,0.0000,0.0000,0.0000,False,0.0373,-0.0358,-0.0383,0.0106,-0.0236,0.0283,1.3336,grasp,-0.1827,0.4008,0.0030,0.0000,0.0000,0.0000,False,,0.0500,0.0000,True,0.8020,-0.2600,0.0099,1.1842
1287,0.0,0.2095,-0.0081,False,False,False,2.0531,4.7068,1.9960,-1.9552,-1.5624,0.0068,0.0363,-0.0366,-0.0382,0.0101,-0.0248,0.0285,0.1758,-0.3267,0.3316,0.1385,-0.1827,0.4008,0.0030,0.0000,0.0000,0.0000,False,0.0194,-0.0223,0.0218,0.0579,0.0057,0.0197,-0.8885,grasp,-0.1827,0.4008,0.0030,0.0000,0.0000,0.0000,False,,0.0500,0.0000,False,0.8020,-0.2600,0.0099,1.1842
1288,0.0,0.2110,-5.0103,True,False,False,2.0531,4.7068,1.9960,-1.9552,-1.5624,0.0068,0.0363,-0.0366,-0.0382,0.0101,-0.0248,0.0285,0.1758,-0.3267,0.3316,0.1385,-0.1846,0.3976,-0.0029,0.0000,0.0000,0.0000,False,-0.0539,0.0105,0.0333,-0.0094,0.0108,0.0720,-0.8357,grasp,-0.1846,0.3976,-0.0029,0.0000,0.0000,0.0000,False,,0.0500,0.0000,False,0.8020,-0.2600,0.0099,1.1842
1289,0.0,0.2121,-0.0016,False,False,False,2.0429,4.7042,1.9984,-1.9613,-1.5637,0.0144,0.0000,0.0000,0.0000,0.0000,-0.0000,0.0000,0.0171,-0.3235,0.3358,0.1482,-0.1838,0.3983,0.0012,0.0000,0.0000,0.0000,False,0.0625,0.0758,0.0705,0.0257,0.0480,0.0615,-1.9192,grasp,-0.1838,0.3983,0.0012,0.0000,0.0000,0.0000,False,,0.0500,0.0000,False,0.8020,-0.2600,0.0099,1.1854
1290,0.0,0.2099,-0.0146,False,False,False,2.0443,4.7046,1.9997,-1.9606,-1.5625,0.0143,0.0720,-0.0405,0.0525,0.0470,0.0706,-0.0761,0.0706,-0.3236,0.3353,0.1447,-0.1838,0.3983,0.0012,0.0000,0.0000,0.0000,False,0.0726,-0.0396,0.0532,0.0473,0.0711,-0.0755,-0.3214,grasp,-0.1838,0.3983,0.0012,0.0000,0.0000,0.0000,False,,0.0500,0.0000,False,0.8020,-0.2600,0.0099,1.1854
1291,0.0,0.2099,-0.0189,False,False,False,2.0443,4.7046,1.9997,-1.9606,-1.5625,0.0143,0.0720,-0.0405,0.0525,0.0470,0.0706,-0.0761,0.0706,-0.3236,0.3353,0.1447,-0.1838,0.3983,0.0012,0.0000,0.0000,0.0000,False,-0.0657,-0.0473,-0.0684,-0.0004,-0.0318,0.0556,-1.9463,grasp,-0.1838,0.3983,0.0012,0.0000,0.0000,0.0000,False,,0.0500,0.0000,False,0.8020,-0.2600,0.0099,1.1854
1292,0.0,0.2112,-0.0180,False,False,False,2.0443,4.7046,1.9997,-1.9606,-1.5625,0.0143,0.0720,-0.0405,0.0525,0.0470,0.0706,-0.0761,0.0706,-0.3236,0.3353,0.1447,-0.1833,0.3987,0.0001,0.0000,0.0000,0.0000,False,-0.0548,0.0742,0.0029,-0.0212,0.0350,0.0613,2.8303,grasp,-0.1833,0.3987,0.0001,0.0000,0.0000,0.0000,False,,0.0500,0.0000,True,0.8020,-0.2600,0.0099,1.1854
1293,0.0,0.2112,-0.0181,False,False,False,2.0443,4.7046,1.9997,-1.9606,-1.5625,0.0143,0.0720,-0.0405,0.0525,0.0470,0.0706,-0.0761,0.0706,-0.3236,0.3353,0.1447,-0.1833,0.3987,0.0001,0.0000,0.0000,0.0000,False,-0.0098,-0.0701,0.0062,0.0161,0.0479,0.0681,-3.0228,grasp,-0.1833,0.3987,0.0001,0.0000,0.0000,0.0000,False,,0.0500,0.0000,False,0.8020,-0.2600,0.0099,1.1854
1294,0.0,0.2112,-0.0124,False,False,False,2.0463,4.7031,2.0008,-1.9593,-1.5608,0.0126,0.0675,-0.0681,0.0138,0.0355,0.0395,-0.0221,0.1078,-0.3236,0.3353,0.1447,-0.1833,0.3987,0.0001,0.0000,0.0000,0.0000,False,0.0692,-0.0688,0.0148,0.0364,0.0409,-0.0236,-2.6637,grasp,-0.1833,0.3987,0.0001,0.0000,0.0000,0.0000,False,,0.0500,0.0000,False,0.8020,-0.2600,0.0099,1.1854
1295,0.0,0.2113,-0.0153,False,False,False,2.0471,4.7010,2.0010,-1.9606,-1.5588,0.0123,-0.0342,-0.0483,-0.0063,-0.1265,0.0807,0.0023,0.1336,-0.3251,0.3322,0.1420,-0.1833,0.3987,0.0001,0.0000,0.0000,0.0000,False,-0.0166,-0.0269,-0.0031,-0.0659,0.0432,0.0008,-1.4460,grasp,-0.1833,0.3987,0.0001,0.0000,0.0000,0.0000,False,,0.0500,0.0000,False,0.8020,-0.2600,0.0099,1.1854
1296,0.0,0.2105,-0.0128,False,False,False,2.0470,4.7007,2.0006,-1.9632,-1.5579,0.0128,0.0362,0.0385,-0.0297,-0.0758,-0.0231,0.0564,0.1576,-0.3259,0.3332,0.1405,-0.1833,0.3987,0.0001,0.0000,0.0000,0.0000,False,0.0357,0.0378,-0.0298,-0.0776,-0.0220,0.0564,-1.3769,grasp,-0.1833,0.3987,0.0001,0.0000,0.0000,0.0000,False,,0.0500,0.0000,False,0.8020,-0.2600,0.0099,1.1854
1297,0.0,0.2105,-0.0138,False,False,False,2.0470,4.7007,2.0006,-1.9632,-1.5579,0.0128,0.0362,0.0385,-0.0297,-0.0758,-0.0231,0.0564,0.1576,-0.3259,0.3332,0.1405,-0.1833,0.3987,0.0001,0.0000,0.0000,0.0000,False,0.0429,-0.0748,0.0760,0.0233,-0.0691,0.0631,0.0173,grasp,-0.1833,0.3987,0.0001,0.0000,0.0000,0.0000,False,,0.0500,0.0000,True,0.8020,-0.2600,0.0099,1.1854
1298,0.0,0.2105,-0.0112,False,False,False,2.0470,4.7007,2.0006,-1.9632,-1.5579,0.0128,0.0362,0.0385,-0.0297,-0.0758,-0.0231,0.0564,0.1576,-0.3259,0.3332,0.1405,-0.1833,0.3987,0.0001,0.0000,0.0000,0.0000,False,-0.0530,0.0702,-0.0232,-0.0313,-0.0143,-0.0681,1.7903,grasp,-0.1833,0.3987,0.0001,0.0000,0.0000,0.0000,False,,0.0500,0.0000,True,0.8020,-0.2600,0.0099,1.1854
1299,0.0,0.2082,-0.0012,False,False,False,2.0477,4.7015,2.0000,-1.9646,-1.5583,0.0139,0.0000,0.0000,0.0000,0.0000,-0.0000,0.0000,0.1843,-0.3259,0.3332,0.1405,-0.1859,0.3983,0.0008,0.0000,0.0000,0.0000,False,0.0415,0.0787,-0.0709,0.0521,0.0484,0.0260,2.5899,grasp,-0.1859,0.3983,0.0008,0.0000,0.0000,0.0000,False,,0.0500,0.0000,True,0.8020,-0.2600,0.0099,1.1854
1300,0.0,0.2082,-0.0153,False,False,False,2.0481,4.7022,1.9993,-1.9641,-1.5578,0.0142,0.0408,0.0780,-0.0703,0.0535,0.0488,0.0249,0.2043,-0.3259,0.3332,0.1405,-0.1859,0.3983,0.0008,0.0000,0.0000,0.0000,False,0.0521,-0.0225,0.0634,-0.0044,-0.0452,0.0073,-1.6476,grasp,-0.1859,0.3983,0.0008,0.0000,0.0000,0.0000,False,,0.0500,0.0000,False,0.8020,-0.2600,0.0099,1.1854
1301,0.0,0.2067,-0.0082,False,False,False,2.0494,4.7035,1.9984,-1.9631,-1.5575,0.0154,0.0583,-0.0211,0.0379,-0.0010,-0.0618,0.0734,0.2640,-0.3275,0.3335,0.1367,-0.1859,0.3983,0.0008,0.0000,0.0000,0.0000,False,0.0591,-0.0193,0.0366,0.0001,-0.0608,0.0738,0.8112,grasp,-0.1859,0.3983,0.0008,0.0000,0.0000,0.0000,False,,0.0500,0.0000,True,0.8020,-0.2600,0.0099,1.1854
1302,0.0,0.2044,-0.0119,False,False,False,2.0513,4.7036,1.9988,-1.9634,-1.5581,0.0165,0.0774,0.0427,-0.0297,-0.0370,0.0634,-0.0258,0.3238,-0.3279,0.3325,0.1323,-0.1859,0.3983,0.0008,0.0000,0.0000,0.0000,False,0.0785,0.0423,-0.0289,-0.0370,0.0623,-0.0244,-2.1206,grasp,-0.1859,0.3983,0.0008,0.0000,0.0000,0.0000,False,,0.0500,0.0000,False,0.8020,-0.2600,0.0099,1.1854
1303,0.0,0.2044,-0.0262,False,False,False,2.0528,4.7044,1.9982,-1.9641,-1.5568,0.0160,0.1471,0.0812,-0.0564,-0.0703,0.1205,-0.0490,0.3438,-0.3279,0.3325,0.1323,-0.1859,0.3983,0.0008,0.0000,0.0000,0.0000,False,-0.0215,-0.0133,-0.0029,-0.0635,-0.0500,0.0547,-0.5635,grasp,-0.1859,0.3983,0.0008,0.0000,0.0000,0.0000,False,,0.0500,0.0000,False,0.8020,-0.2600,0.0099,1.1854
1304,0.0,0.2044,-0.0262,False,False,False,2.0528,4.7044,1.9982,-1.9641,-1.5568,0.0160,0.1471,0.0812,-0.0564,-0.0703,0.1205,-0.0490,0.3438,-0.3279,0.3325,0.1323,-0.1859,0.3983,0.0008,0.0000,0.0000,0.0000,False,0.0298,0.0731,-0.0642,0.0535,0.0488,0.0246,1.2095,grasp,-0.1859,0.3983,0.0008,0.0000,0.0000,0.0000,False,,0.0500,0.0000,True,0.8020,-0.2600,0.0099,1.1854
1305,0.0,0.2059,-5.0391,True,False,False,2.0549,4.7055,1.9974,-1.9651,-1.5551,0.0153,0.2098,0.1158,-0.0804,-0.1002,0.1719,-0.0698,0.3638,-0.3279,0.3325,0.1323,-0.1850,0.3992,-0.0002,0.0000,0.0000,0.0000,False,-0.0021,0.0418,-0.0509,0.0545,-0.0618,-0.0404,0.3278,grasp,-0.1850,0.3992,-0.0002,0.0000,0.0000,0.0000,False,,0.0500,0.0000,False,0.8020,-0.2600,0.0099,1.1854
1306,0.0,0.2177,-0.0051,False,False,False,2.0496,4.7125,1.9831,-1.9535,-1.5755,0.0011,-0.0132,-0.0250,0.0108,-0.0267,0.0062,-0.0014,0.0035,-0.3249,0.3393,0.1508,-0.1819,0.4055,0.0005,0.0000,0.0000,0.0000,False,-0.0402,-0.0670,0.0136,0.0056,0.0533,-0.0509,0.0483,grasp,-0.1819,0.4055,0.0005,0.0000,0.0000,0.0000,False,,0.0500,0.0000,True,0.8020,-0.2600,0.0099,1.1879
1307,0.0,0.2177,-0.0033,False,False,False,2.0496,4.7125,1.9831,-1.9535,-1.5755,0.0011,0.0000,0.0000,0.0000,0.0000,0.0000,-0.0000,0.0235,-0.3249,0.3393,0.1508,-0.1819,0.4055,0.0005,0.0000,0.0000,0.0000,False,-0.0462,0.0271,0.0110,0.0114,0.0405,-0.0090,2.4802,grasp,-0.1819,0.4055,0.0005,0.0000,0.0000,0.0000,False,,0.0500,0.0000,True,0.8020,-0.2600,0.0099,1.1879
1308,0.0,0.2177,-0.0017,False,False,False,2.0496,4.7125,1.9831,-1.9535,-1.5755,0.0011,0.0000,0.0000,0.0000,0.0000,0.0000,-0.0000,0.0635,-0.3249,0.3393,0.1508,-0.1819,0.4055,0.0005,0.0000,0.0000,0.0000,False,0.0100,-0.0468,-0.0068,-0.0159,-0.0191,0.0450,-2.8404,grasp,-0.1819,0.4055,0.0005,0.0000,0.0000,0.0000,False,,0.0500,0.0000,False,0.8020,-0.2600,0.0099,1.1879
1309,0.0,0.2182,-0.0025,False,False,False,2.0496,4.7125,1.9831,-1.9535,-1.5755,0.0011,0.0000,0.0000,0.0000,0.0000,0.0000,-0.0000,0.0635,-0.3249,0.3393,0.1508,-0.1816,0.4065,0.0006,0.0000,0.0000,0.0000,False,-0.0743,-0.0237,0.0644,-0.0180,0.0425,-0.0757,-1.4240,grasp,-0.1816,0.4065,0.0006,0.0000,0.0000,0.0000,False,,0.0500,0.0000,False,0.8020,-0.2600,0.0099,1.1879
1310,0.0,0.2142,-0.0241,False,False,False,2.0485,4.7138,1.9848,-1.9525,-1.5753,0.0035,-0.0804,0.1131,0.1199,0.0728,0.0289,0.1313,0.1419,-0.3248,0.3392,0.1450,-0.1816,0.4065,0.0006,0.0000,0.0000,0.0000,False,-0.0422,0.0591,0.0630,0.0382,0.0150,0.0696,2.1449,grasp,-0.1816,0.4065,0.0006,0.0000,0.0000,0.0000,False,,0.0500,0.0000,True,0.8020,-0.2600,0.0099,1.1879
1311,0.0,0.2142,-0.0280,False,False,False,2.0485,4.7138,1.9848,-1.9525,-1.5753,0.0035,-0.0804,0.1131,0.1199,0.0728,0.0289,0.1313,0.1419,-0.3248,0.3392,0.1450,-0.1816,0.4065,0.0006,0.0000,0.0000,0.0000,False,0.0291,0.0314,0.0383,0.0792,-0.0309,0.0000,-2.8011,grasp,-0.1816,0.4065,0.0006,0.0000,0.0000,0.0000,False,,0.0500,0.0000,False,0.8020,-0.2600,0.0099,1.1879
1312,0.0,0.2079,0.0039,False,False,False,2.0474,4.7157,1.9866,-1.9515,-1.5749,0.0054,0.0000,0.0000,0.0000,0.0000,0.0000,-0.0000,0.2013,-0.3230,0.3377,0.1365,-0.1816,0.4065,0.0006,0.0000,0.0000,0.0000,False,-0.0346,-0.0166,0.0010,-0.0667,0.0234,-0.0485,-1.4010,grasp,-0.1816,0.4065,0.0006,0.0000,0.0000,0.0000,False,,0.0500,0.0000,False,0.8020,-0.2600,0.0099,1.1879
1313,0.0,0.2079,-0.0105,False,False,False,2.0470,4.7155,1.9866,-1.9521,-1.5746,0.0049,-0.0334,-0.0185,-0.0007,-0.0677,0.0230,-0.0503,0.2213,-0.3230,0.3377,0.1365,-0.1816,0.4065,0.0006,0.0000,0.0000,0.0000,False,-0.0181,-0.0086,-0.0645,0.0434,0.0786,0.0415,-2.5584,grasp,-0.1816,0.4065,0.0006,0.0000,0.0000,0.0000,False,,0.0500,0.0000,False,0.8020,-0.2600,0.0099,1.1879
1314,0.0,0.2079,-0.0022,False,False,False,2.0470,4.7155,1.9866,-1.9521,-1.5746,0.0049,0.0000,0.0000,0.0000,0.0000,0.0000,-0.0000,0.2298,-0.3230,0.3377,0.1365,-0.1816,0.4065,0.0006,0.0000,0.0000,0.0000,False,-0.0419,0.0283,0.0401,0.0665,0.0342,0.0325,1.6920,grasp,-0.1816,0.4065,0.0006,0.0000,0.0000,0.0000,False,,0.0500,0.0000,True,0.8020,-0.2600,0.0099,1.1879
1315,0.0,0.2135,-5.0077,True,False,False,2.0470,4.7155,1.9866,-1.9521,-1.5746,0.0049,0.0000,0.0000,0.0000,0.0000,0.0000,-0.0000,0.2298,-0.3230,0.3377,0.1365,-0.1761,0.4044,-0.0033,0.0000,0.0000,0.0000,False,0.0230,-0.0233,-0.0025,-0.0294,-0.0221,-0.0562,-2.4879,grasp,-0.1761,0.4044,-0.0033,0.0000,0.0000,0.0000,False,,0.0500,0.0000,False,0.8020,-0.2600,0.0099,1.1879
1316,0.0,0.2193,-0.0046,False,False,False,2.0476,4.7065,1.9878,-1.9615,-1.5762,-0.0035,-0.0106,-0.0170,0.0045,-0.0159,0.0071,0.0048,0.0091,-0.3241,0.3402,0.1518,-0.1809,0.4086,0.0004,0.0000,0.0000,0.0000,False,0.0351,0.0652,-0.0586,-0.0305,0.0509,0.0464,-2.3650,grasp,-0.1809,0.4086,0.0004,0.0000,0.0000,0.0000,False,,0.0500,0.0000,False,0.8020,-0.2600,0.0099,1.1887
1317,0.0,0.2193,-0.0031,False,False,False,2.0476,4.7065,1.9878,-1.9615,-1.5762,-0.0035,0.0000,0.0000,0.0000,0.0000,0.0000,-0.0000,0.0181,-0.3241,0.3402,0.1518,-0.1809,0.4086,0.0004,0.0000,0.0000,0.0000,False,-0.0388,-0.0213,0.0764,0.0097,0.0134,0.0626,-2.8732,grasp,-0.1809,0.4086,0.0004,0.0000,0.0000,0.0000,False,,0.0500,0.0000,False,0.8020,-0.2600,0.0099,1.1887
1318,0.0,0.2193,-0.0019,False,False,False,2.0476,4.7065,1.9878,-1.9615,-1.5762,-0.0035,0.0000,0.0000,0.0000,0.0000,0.0000,-0.0000,0.0334,-0.3241,0.3402,0.1518,-0.1809,0.4086,0.0004,0.0000,0.0000,0.0000,False,-0.0385,0.0674,0.0758,-0.0719,-0.0371,0.0602,-1.9077,grasp,-0.1809,0.4086,0.0004,0.0000,0.0000,0.0000,False,,0.0500,0.0000,False,0.8020,-0.2600,0.0099,1.1887
1319,0.0,0.2196,-0.0030,False,False,False,2.0476,4.7065,1.9878,-1.9615,-1.5762,-0.0035,0.0000,0.0000,0.0000,0.0000,0.0000,-0.0000,0.0334,-0.3241,0.3402,0.1518,-0.1807,0.4092,0.0004,0.0000,0.0000,0.0000,False,0.0537,0.0761,0.0412,0.0680,-0.0202,0.0452,-1.7916,grasp,-0.1807,0.4092,0.0004,0.0000,0.0000,0.0000,False,,0.0500,0.0000,False,0.8020,-0.2600,0.0099,1.1887
1320,0.0,0.2196,-0.0028,False,False,False,2.0476,4.7065,1.9878,-1.9615,-1.5762,-0.0035,0.0000,0.0000,0.0000,0.0000,0.0000,-0.0000,0.0334,-0.3241,0.3402,0.1518,-0.1807,0.4092,0.0004,0.0000,0.0000,0.0000,False,0.0177,-0.0056,0.0562,-0.0530,0.0640,-0.0416,-2.6150,grasp,-0.1807,0.4092,0.0004,0.0000,0.0000,0.0000,False,,0.0500,0.0000,False,0.8020,-0.2600,0.0099,1.1887
1321,0.0,0.2176,-0.0098,False,False,False,2.0472,4.7079,1.9885,-1.9618,-1.5759,-0.0026,-0.0024,0.0717,-0.0043,0.0473,0.0585,0.0247,0.0413,-0.3238,0.3403,0.1490,-0.1807,0.4092,0.0004,0.0000,0.0000,0.0000,False,-0.0028,0.0726,-0.0035,0.0466,0.0582,0.0253,-2.9673,grasp,-0.1807,0.4092,0.0004,0.0000,0.0000,0.0000,False,,0.0500,0.0000,False,0.8020,-0.2600,0.0099,1.1887
1322,0.0,0.2178,-0.0317,False,False,False,2.0455,4.7072,1.9895,-1.9622,-1.5729,-0.0036,-0.1091,-0.1381,0.0682,-0.0872,0.1237,-0.0969,0.0341,-0.3239,0.3400,0.1492,-0.1807,0.4092,0.0004,0.0000,0.0000,0.0000,False,-0.0575,-0.0710,0.0358,-0.0450,0.0662,-0.0505,-2.9846,grasp,-0.1807,0.4092,0.0004,0.0000,0.0000,0.0000,False,,0.0500,0.0000,False,0.8020,-0.2600,0.0099,1.1887
1323,0.0,0.2178,-0.0450,False,False,False,2.0440,4.7053,1.9904,-1.9635,-1.5712,-0.0050,-0.1556,-0.1966,0.0973,-0.1244,0.1764,-0.1382,0.0327,-0.3239,0.3400,0.1492,-0.1807,0.4092,0.0004,0.0000,0.0000,0.0000,False,-0.0278,0.0050,0.0152,-0.0369,0.0279,0.0523,-1.7449,grasp,-0.1807,0.4092,0.0004,0.0000,0.0000,0.0000,False,,0.0500,0.0000,False,0.8020,-0.2600,0.0099,1.1887
1324,0.0,0.2178,-0.0447,False,False,False,2.0440,4.7053,1.9904,-1.9635,-1.5712,-0.0050,-0.1556,-0.1966,0.0973,-0.1244,0.1764,-0.1382,0.0327,-0.3239,0.3400,0.1492,-0.1807,0.4092,0.0004,0.0000,0.0000,0.0000,False,0.0604,0.0001,0.0452,0.0029,0.0676,0.0642,-0.6891,grasp,-0.1807,0.4092,0.0004,0.0000,0.0000,0.0000,False,,0.0500,0.0000,False,0.8020,-0.2600,0.0099,1.1887
1325,0.0,0.2178,-0.0026,False,False,False,2.0440,4.7052,1.9904,-1.9635,-1.5712,-0.0050,0.0000,0.0000,0.0000,0.0000,0.0000,-0.0000,0.0672,-0.3239,0.3400,0.1492,-0.1807,0.4092,0.0004,0.0000,0.0000,0.0000,False,0.0164,0.0543,-0.0012,0.0510,0.0070,0.0248,2.5267,grasp,-0.1807,0.4092,0.0004,0.0000,0.0000,0.0000,False,,0.0500,0.0000,True,0.8020,-0.2600,0.0099,1.1887
1326,0.0,0.2191,-5.0029,True,False,False,2.0440,4.7052,1.9904,-1.9635,-1.5712,-0.0050,0.0000,0.0000,0.0000,0.0000,0.0000,-0.0000,0.0672,-0.3239,0.3400,0.1492,-0.1803,0.4082,-0.0016,0.0000,0.0000,0.0000,False,-0.0099,-0.0679,-0.0424,0.0715,0.0275,-0.0362,1.7711,grasp,-0.1803,0.4082,-0.0016,0.0000,0.0000,0.0000,False,,0.0500,0.0000,True,0.8020,-0.2600,0.0099,1.1887
1327,0.0,0.2276,-5.0034,True,False,False,2.0411,4.6915,1.9845,-1.9564,-1.5671,-0.0083,-0.0018,0.0042,0.0103,-0.0262,-0.0062,0.0130,0.0018,-0.3242,0.3411,0.1601,-0.1786,0.4111,-0.0002,0.0000,0.0000,0.0000,False,0.0727,0.0219,0.0616,-0.0451,-0.0600,0.0477,0.8115,grasp,-0.1786,0.4111,-0.0002,0.0000,0.0000,0.0000,False,,0.0500,0.0000,True,0.8020,-0.2600,0.0099,1.1883
1328,0.0,0.2257,-5.0049,True,False,False,2.0434,4.6933,1.9890,-1.9639,-1.5706,-0.0036,-0.0052,0.0014,0.0030,-0.0140,-0.0005,0.0055,0.0002,-0.3242,0.3410,0.1580,-0.1790,0.4109,-0.0001,0.0000,0.0000,0.0000,False,0.0617,0.0203,0.0431,-0.0136,-0.0093,0.0648,2.6610,grasp,-0.1790,0.4109,-0.0001,0.0000,0.0000,0.0000,False,,0.0500,0.0000,True,0.8020,-0.2600,0.0099,1.1885
1329,0.0,0.2235,-0.0023,False,False,False,2.0458,4.6948,1.9922,-1.9679,-1.5713,0.0014,-0.0089,-0.0009,-0.0019,-0.0079,0.0005,-0.0022,0.0000,-0.3247,0.3400,0.1562,-0.1805,0.4093,0.0002,0.0000,0.0000,0.0000,False,0.0183,-0.0224,-0.0684,-0.0313,0.0628,-0.0462,0.4708,grasp,-0.1805,0.4093,0.0002,0.0000,0.0000,0.0000,False,,0.0500,0.0000,True,0.8020,-0.2600,0.0099,1.1888
1330,0.0,0.2217,-0.0062,False,False,False,2.0465,4.6946,1.9915,-1.9678,-1.5715,0.0014,0.0688,-0.0224,-0.0742,0.0073,-0.0152,-0.0085,0.0600,-0.3247,0.3401,0.1537,-0.1805,0.4093,0.0002,0.0000,0.0000,0.0000,False,0.0688,-0.0224,-0.0742,0.0073,-0.0152,-0.0085,3.0516,grasp,-0.1805,0.4093,0.0002,0.0000,0.0000,0.0000,False,,0.0500,0.0000,True,0.8020,-0.2600,0.0099,1.1888
1331,0.0,0.2217,-0.0109,False,False,False,2.0465,4.6946,1.9915,-1.9678,-1.5715,0.0014,0.0688,-0.0224,-0.0742,0.0073,-0.0152,-0.0085,0.0600,-0.3247,0.3401,0.1537,-0.1805,0.4093,0.0002,0.0000,0.0000,0.0000,False,-0.0256,-0.0024,-0.0365,-0.0547,0.0498,-0.0518,2.4550,grasp,-0.1805,0.4093,0.0002,0.0000,0.0000,0.0000,False,,0.0500,0.0000,True,0.8020,-0.2600,0.0099,1.1888
1332,0.0,0.2220,-0.0105,False,False,False,2.0465,4.6946,1.9915,-1.9678,-1.5715,0.0014,0.0688,-0.0224,-0.0742,0.0073,-0.0152,-0.0085,0.0600,-0.3247,0.3401,0.1537,-0.1803,0.4097,0.0001,0.0000,0.0000,0.0000,False,0.0607,-0.0630,0.0760,0.0009,-0.0421,0.0744,3.0323,grasp,-0.1803,0.4097,0.0001,0.0000,0.0000,0.0000,False,,0.0500,0.0000,True,0.8020,-0.2600,0.0099,1.1888
1333,0.0,0.2220,-0.0098,False,False,False,2.0465,4.6946,1.9915,-1.9678,-1.5715,0.0014,0.0688,-0.0224,-0.0742,0.0073,-0.0152,-0.0085,0.0600,-0.3247,0.3401,0.1537,-0.1803,0.4097,0.0001,0.0000,0.0000,0.0000,False,-0.0722,-0.0139,-0.0237,0.0009,-0.0344,0.0688,1.1892,grasp,-0.1803,0.4097,0.0001,0.0000,0.0000,0.0000,False,,0.0500,0.0000,True,0.8020,-0.2600,0.0099,1.1888
1334,0.0,0.2189,-0.0185,False,False,False,2.0457,4.6937,1.9894,-1.9676,-1.5727,0.0032,-0.1397,-0.0255,-0.0424,0.0014,-0.0648,0.1311,0.1393,-0.3248,0.3414,0.1497,-0.1803,0.4097,0.0001,0.0000,0.0000,0.0000,False,0.0647,-0.0196,-0.0078,-0.0661,0.0438,0.0081,-0.4617,grasp,-0.1803,0.4097,0.0001,0.0000,0.0000,0.0000,False,,0.0500,0.0000,False,0.8020,-0.2600,0.0099,1.1888
1335,0.0,0.2189,-0.0121,False,False,False,2.0443,4.6932,1.9888,-1.9683,-1.5732,0.0051,0.0671,-0.0192,-0.0072,-0.0661,0.0448,0.0062,0.1934,-0.3248,0.3414,0.1497,-0.1803,0.4097,0.0001,0.0000,0.0000,0.0000,False,0.0162,-0.0091,-0.0632,-0.0186,0.0325,0.0686,-3.0271,grasp,-0.1803,0.4097,0.0001,0.0000,0.0000,0.0000,False,,0.0500,0.0000,False,0.8020,-0.2600,0.0099,1.1888
1336,0.0,0.2169,-0.0025,False,False,False,2.0444,4.6934,1.9885,-1.9684,-1.5734,0.0050,0.0035,0.0255,-0.0244,-0.0125,-0.0172,-0.0146,0.2155,-0.3244,0.3423,0.1475,-0.1803,0.4097,0.0001,0.0000,0.0000,0.0000,False,0.0035,0.0255,-0.0244,-0.0125,-0.0172,-0.0146,-0.0491,grasp,-0.1803,0.4097,0.0001,0.0000,0.0000,0.0000,False,,0.0500,0.0000,False,0.8020,-0.2600,0.0099,1.1888
1337,0.0,0.2169,-0.0045,False,False,False,2.0444,4.6934,1.9885,-1.9684,-1.5734,0.0050,0.0035,0.0255,-0.0244,-0.0125,-0.0172,-0.0146,0.2155,-0.3244,0.3423,0.1475,-0.1803,0.4097,0.0001,0.0000,0.0000,0.0000,False,0.0678,0.0761,-0.0558,-0.0283,0.0103,-0.0235,-1.9624,grasp,-0.1803,0.4097,0.0001,0.0000,0.0000,0.0000,False,,0.0500,0.0000,False,0.8020,-0.2600,0.0099,1.1888
1338,0.0,0.2189,-0.0066,False,False,False,2.0444,4.6934,1.9885,-1.9684,-1.5734,0.0050,0.0035,0.0255,-0.0244,-0.0125,-0.0172,-0.0146,0.2155,-0.3244,0.3423,0.1475,-0.1770,0.4134,0.0022,0.0000,0.0000,0.0000,False,-0.0042,0.0401,-0.0619,0.0418,0.0346,-0.0506,-1.9418,grasp,-0.1770,0.4134,0.0022,0.0000,0.0000,0.0000,False,,0.0500,0.0000,False,0.8020,-0.2600,0.0099,1.1888
1339,0.0,0.2189,-0.0154,False,False,False,2.0438,4.6946,1.9882,-1.9681,-1.5731,0.0041,-0.0609,0.0646,0.0101,0.0497,0.0606,-0.0627,0.2751,-0.3244,0.3423,0.1475,-0.1770,0.4134,0.0022,0.0000,0.0000,0.0000,False,-0.0608,0.0650,0.0097,0.0494,0.0602,-0.0630,3.0817,grasp,-0.1770,0.4134,0.0022,0.0000,0.0000,0.0000,False,,0.0500,0.0000,True,0.8020,-0.2600,0.0099,1.1888
1340,0.0,0.2189,-0.0151,False,False,False,2.0438,4.6946,1.9882,-1.9681,-1.5731,0.0041,-0.0609,0.0646,0.0101,0.0497,0.0606,-0.0627,0.2751,-0.3244,0.3423,0.1475,-0.1770,0.4134,0.0022,0.0000,0.0000,0.0000,False,0.0656,0.0586,0.0456,-0.0167,0.0468,0.0388,-2.0185,grasp,-0.1770,0.4134,0.0022,0.0000,0.0000,0.0000,False,,0.0500,0.0000,False,0.8020,-0.2600,0.0099,1.1888
1341,0.0,0.2150,0.0019,False,False,False,2.0433,4.6964,1.9888,-1.9674,-1.5715,0.0033,0.0000,0.0000,0.0000,0.0000,0.0000,-0.0000,0.3209,-0.3241,0.3425,0.1420,-0.1770,0.4134,0.0022,0.0000,0.0000,0.0000,False,-0.0512,0.0539,-0.0362,0.0431,0.0630,0.0412,0.9259,grasp,-0.1770,0.4134,0.0022,0.0000,0.0000,0.0000,False,,0.0500,0.0000,True,0.8020,-0.2600,0.0099,1.1888
1342,0.0,0.2133,-0.0080,False,False,False,2.0436,4.6964,1.9889,-1.9671,-1.5708,0.0039,0.0758,-0.0600,0.0439,-0.0134,0.0103,0.0169,0.3800,-0.3243,0.3422,0.1390,-0.1770,0.4134,0.0022,0.0000,0.0000,0.0000,False,0.0752,-0.0595,0.0436,-0.0130,0.0110,0.0173,1.5219,grasp,-0.1770,0.4134,0.0022,0.0000,0.0000,0.0000,False,,0.0500,0.0000,True,0.8020,-0.2600,0.0099,1.1888
1343,0.0,0.2133,-0.0102,False,False,False,2.0436,4.6964,1.9889,-1.9671,-1.5708,0.0039,0.0758,-0.0600,0.0439,-0.0134,0.0103,0.0169,0.3800,-0.3243,0.3422,0.1390,-0.1770,0.4134,0.0022,0.0000,0.0000,0.0000,False,-0.0170,0.0120,-0.0203,0.0025,0.0507,0.0122,2.5184,grasp,-0.1770,0.4134,0.0022,0.0000,0.0000,0.0000,False,,0.0500,0.0000,True,0.8020,-0.2600,0.0099,1.1888
1344,0.0,0.2190,-5.0190,True,False,False,2.0436,4.6964,1.9889,-1.9671,-1.5708,0.0039,0.0758,-0.0600,0.0439,-0.0134,0.0103,0.0169,0.3800,-0.3243,0.3422,0.1390,-0.1730,0.4139,-0.0022,0.0000,0.0000,0.0000,False,0.0459,0.0234,0.0148,0.0741,-0.0493,0.0103,-1.8127,grasp,-0.1730,0.4139,-0.0022,0.0000,0.0000,0.0000,False,,0.0500,0.0000,False,0.8020,-0.2600,0.0099,1.1888
1345,0.0,0.2219,-0.0027,False,False,False,2.0493,4.6981,1.9919,-1.9594,-1.5770,0.0043,-0.0127,-0.0053,-0.0012,-0.0186,0.0082,-0.0058,0.0063,-0.3234,0.3376,0.1535,-0.1782,0.4056,0.0001,0.0000,0.0000,0.0000,False,-0.0179,0.0691,-0.0399,0.0122,0.0349,0.0432,1.5068,grasp,-0.1782,0.4056,0.0001,0.0000,0.0000,0.0000,False,,0.0500,0.0000,True,0.8020,-0.2600,0.0099,1.1848
1346,0.0,0.2194,-0.0229,False,False,False,2.0511,4.6992,1.9917,-1.9581,-1.5787,0.0027,0.1167,0.0735,-0.0127,0.0857,-0.1109,-0.1065,0.0859,-0.3234,0.3375,0.1498,-0.1782,0.4056,0.0001,0.0000,0.0000,0.0000,False,0.0614,0.0387,-0.0067,0.0451,-0.0583,-0.0560,0.6167,grasp,-0.1782,0.4056,0.0001,0.0000,0.0000,0.0000,False,,0.0500,0.0000,True,0.8020,-0.2600,0.0099,1.1848
1347,0.0,0.2194,-0.0152,False,False,False,2.0534,4.7001,1.9919,-1.9572,-1.5796,0.0004,0.0645,-0.0124,0.0383,-0.0316,0.0763,-0.0734,0.1456,-0.3234,0.3375,0.1498,-0.1782,0.4056,0.0001,0.0000,0.0000,0.0000,False,0.0662,-0.0113,0.0382,-0.0303,0.0747,-0.0749,0.8743,grasp,-0.1782,0.4056,0.0001,0.0000,0.0000,0.0000,False,,0.0500,0.0000,True,0.8020,-0.2600,0.0099,1.1848
1348,0.0,0.2194,-0.0160,False,False,False,2.0534,4.7001,1.9919,-1.9572,-1.5796,0.0004,0.0645,-0.0124,0.0383,-0.0316,0.0763,-0.0734,0.1456,-0.3234,0.3375,0.1498,-0.1782,0.4056,0.0001,0.0000,0.0000,0.0000,False,0.0527,0.0465,0.0224,-0.0195,0.0767,0.0414,-2.7632,grasp,-0.1782,0.4056,0.0001,0.0000,0.0000,0.0000,False,,0.0500,0.0000,False,0.8020,-0.2600,0.0099,1.1848
1349,0.0,0.2207,-5.0154,True,False,False,2.0534,4.7001,1.9919,-1.9572,-1.5796,0.0004,0.0645,-0.0124,0.0383,-0.0316,0.0763,-0.0734,0.1456,-0.3234,0.3375,0.1498,-0.1769,0.4068,-0.0000,0.0000,0.0000,0.0000,False,0.0616,0.0697,0.0631,-0.0252,-0.0533,-0.0733,1.7315,grasp,-0.1769,0.4068,-0.0000,0.0000,0.0000,0.0000,False,,0.0500,0.0000,True,0.8020,-0.2600,0.0099,1.1848
1350,0.0,0.2161,-0.0053,False,False,False,2.0560,4.7048,1.9979,-1.9645,-1.5811,-0.0074,-0.0222,-0.0147,-0.0097,-0.0118,0.0140,0.0103,0.0018,-0.3241,0.3350,0.1487,-0.1827,0.4040,0.0006,0.0000,0.0000,0.0000,False,-0.0459,-0.0171,0.0407,0.0410,0.0133,-0.0775,-0.8782,grasp,-0.1827,0.4040,0.0006,0.0000,0.0000,0.0000,False,,0.0500,0.0000,False,0.8020,-0.2600,0.0099,1.1877
1351,0.0,0.2161,-0.0027,False,False,False,2.0560,4.7048,1.9979,-1.9645,-1.5811,-0.0074,0.0000,0.0000,0.0000,0.0000,0.0000,-0.0000,0.0218,-0.3241,0.3350,0.1487,-0.1827,0.4040,0.0006,0.0000,0.0000,0.0000,False,0.0348,-0.0759,-0.0778,-0.0302,-0.0021,0.0711,2.9895,grasp,-0.1827,0.4040,0.0006,0.0000,0.0000,0.0000,False,,0.0500,0.0000,True,0.8020,-0.2600,0.0099,1.1877
1352,0.0,0.2161,-0.0021,False,False,False,2.0560,4.7048,1.9979,-1.9645,-1.5811,-0.0074,0.0000,0.0000,0.0000,0.0000,0.0000,-0.0000,0.0618,-0.3241,0.3350,0.1487,-0.1827,0.4040,0.0006,0.0000,0.0000,0.0000,False,0.0454,-0.0548,-0.0429,-0.0596,0.0418,-0.0689,2.3133,grasp,-0.1827,0.4040,0.0006,0.0000,0.0000,0.0000,False,,0.0500,0.0000,True,0.8020,-0.2600,0.0099,1.1877
1353,0.0,0.2167,-0.0032,False,False,False,2.0560,4.7048,1.9979,-1.9645,-1.5811,-0.0074,0.0000,0.0000,0.0000,0.0000,0.0000,-0.0000,0.0618,-0.3241,0.3350,0.1487,-0.1823,0.4052,0.0007,0.0000,0.0000,0.0000,False,0.0767,-0.0515,-0.0671,0.0725,-0.0372,0.0031,-2.9503,grasp,-0.1823,0.4052,0.0007,0.0000,0.0000,0.0000,False,,0.0500,0.0000,False,0.8020,-0.2600,0.0099,1.1877
1354,0.0,0.2131,0.0014,False,False,False,2.0564,4.7036,1.9969,-1.9649,-1.5805,-0.0085,-0.0009,-0.0589,-0.0604,0.0258,0.0178,-0.0419,0.1213,-0.3244,0.3350,0.1432,-0.1823,0.4052,0.0007,0.0000,0.0000,0.0000,False,-0.0005,-0.0594,-0.0608,0.0252,0.0182,-0.0426,2.6328,grasp,-0.1823,0.4052,0.0007,0.0000,0.0000,0.0000,False,,0.0500,0.0000,True,0.8020,-0.2600,0.0099,1.1877
1355,0.0,0.2131,-0.0208,False,False,False,2.0564,4.7025,1.9958,-1.9644,-1.5802,-0.0093,-0.0018,-0.1119,-0.1147,0.0491,0.0337,-0.0797,0.1413,-0.3244,0.3350,0.1432,-0.1823,0.4052,0.0007,0.0000,0.0000,0.0000,False,-0.0618,0.0052,-0.0503,0.0749,0.0360,-0.0199,1.9514,grasp,-0.1823,0.4052,0.0007,0.0000,0.0000,0.0000,False,,0.0500,0.0000,True,0.8020,-0.2600,0.0099,1.1877
1356,0.0,0.2121,-0.0080,False,False,False,2.0568,4.7008,1.9936,-1.9636,-1.5799,-0.0110,0.0467,0.0023,-0.0544,0.0026,-0.0156,-0.0591,0.2002,-0.3253,0.3359,0.1412,-0.1823,0.4052,0.0007,0.0000,0.0000,0.0000,False,0.0467,-0.0006,-0.0561,0.0033,-0.0151,-0.0603,-0.1032,grasp,-0.1823,0.4052,0.0007,0.0000,0.0000,0.0000,False,,0.0500,0.0000,False,0.8020,-0.2600,0.0099,1.1877
1357,0.0,0.2121,-0.0173,False,False,False,2.0577,4.7008,1.9925,-1.9636,-1.5802,-0.0122,0.0888,0.0031,-0.1034,0.0050,-0.0296,-0.1123,0.2202,-0.3253,0.3359,0.1412,-0.1823,0.4052,0.0007,0.0000,0.0000,0.0000,False,0.0122,0.0685,-0.0015,-0.0478,0.0306,0.0018,-0.2793,grasp,-0.1823,0.4052,0.0007,0.0000,0.0000,0.0000,False,,0.0500,0.0000,False,0.8020,-0.2600,0.0099,1.1877
1358,0.0,0.2121,-0.0019,False,False,False,2.0577,4.7008,1.9925,-1.9636,-1.5802,-0.0122,-0.0000,0.0000,0.0000,0.0000,0.0000,-0.0000,0.2345,-0.3253,0.3359,0.1412,-0.1823,0.4052,0.0007,0.0000,0.0000,0.0000,False,-0.0294,0.0310,0.0278,-0.0685,-0.0218,0.0759,-2.7451,grasp,-0.1823,0.4052,0.0007,0.0000,0.0000,0.0000,False,,0.0500,0.0000,False,0.8020,-0.2600,0.0099,1.1877
1359,0.0,0.2111,-0.0007,False,False,False,2.0577,4.7008,1.9925,-1.9636,-1.5802,-0.0122,-0.0000,0.0000,0.0000,0.0000,0.0000,-0.0000,0.2161,-0.3253,0.3359,0.1412,-0.1830,0.4085,0.0032,0.0000,0.0000,0.0000,False,-0.0663,-0.0340,-0.0617,-0.0786,-0.0327,0.0053,0.6432,grasp,-0.1830,0.4085,0.0032,0.0000,0.0000,0.0000,False,,0.0500,0.0000,True,0.8020,-0.2600,0.0099,1.1877
1360,0.0,0.2112,-0.0150,False,False,False,2.0577,4.7019,1.9933,-1.9646,-1.5808,-0.0121,0.0249,0.0737,0.0455,-0.0358,-0.0434,-0.0699,0.2063,-0.3256,0.3363,0.1413,-0.1830,0.4085,0.0032,0.0000,0.0000,0.0000,False,0.0246,0.0740,0.0458,-0.0365,-0.0436,-0.0691,-1.2976,grasp,-0.1830,0.4085,0.0032,0.0000,0.0000,0.0000,False,,0.0500,0.0000,False,0.8020,-0.2600,0.0099,1.1877
1361,0.0,0.2112,-0.0284,False,False,False,2.0582,4.7033,1.9941,-1.9653,-1.5816,-0.0134,0.0473,0.1400,0.0865,-0.0681,-0.0824,-0.1328,0.2091,-0.3256,0.3363,0.1413,-0.1830,0.4085,0.0032,0.0000,0.0000,0.0000,False,-0.0185,0.0506,0.0559,0.0779,0.0464,0.0717,-2.3435,grasp,-0.1830,0.4085,0.0032,0.0000,0.0000,0.0000,False,,0.0500,0.0000,False,0.8020,-0.2600,0.0099,1.1877
1362,0.0,0.2080,-0.0078,False,False,False,2.0592,4.7051,1.9957,-1.9665,-1.5827,-0.0148,0.0348,-0.0454,0.0327,-0.0202,0.0091,0.0492,0.2517,-0.3252,0.3353,0.1362,-0.1830,0.4085,0.0032,0.0000,0.0000,0.0000,False,0.0355,-0.0412,0.0340,-0.0211,0.0080,0.0473,2.2946,grasp,-0.1830,0.4085,0.0032,0.0000,0.0000,0.0000,False,,0.0500,0.0000,True,0.8020,-0.2600,0.0099,1.1877
1363,0.0,0.2080,-0.0176,False,False,False,2.0598,4.7042,1.9963,-1.9669,-1.5826,-0.0139,0.0662,-0.0840,0.0622,-0.0383,0.0173,0.0934,0.2716,-0.3252,0.3353,0.1362,-0.1830,0.4085,0.0032,0.0000,0.0000,0.0000,False,-0.0238,0.0264,0.0788,0.0497,0.0019,0.0760,3.0194,grasp,-0.1830,0.4085,0.0032,0.0000,0.0000,0.0000,False,,0.0500,0.0000,True,0.8020,-0.2600,0.0099,1.1877
1364,0.0,0.2080,-0.0189,False,False,False,2.0598,4.7042,1.9963,-1.9669,-1.5826,-0.0139,0.0662,-0.0840,0.0622,-0.0383,0.0173,0.0934,0.2716,-0.3252,0.3353,0.1362,-0.1830,0.4085,0.0032,0.0000,0.0000,0.0000,False,0.0776,0.0773,-0.0000,-0.0491,0.0726,-0.0056,0.9145,grasp,-0.1830,0.4085,0.0032,0.0000,0.0000,0.0000,False,,0.0500,0.0000,True,0.8020,-0.2600,0.0099,1.1877
1365,0.0,0.2080,-0.0023,False,False,False,2.0598,4.7042,1.9963,-1.9669,-1.5826,-0.0139,0.0000,0.0000,0.0000,0.0000,0.0000,-0.0000,0.3116,-0.3252,0.3353,0.1362,-0.1830,0.4085,0.0032,0.0000,0.0000,0.0000,False,0.0142,-0.0636,-0.0326,0.0534,-0.0329,0.0131,1.1675,grasp,-0.1830,0.4085,0.0032,0.0000,0.0000,0.0000,False,,0.0500,0.0000,True,0.8020,-0.2600,0.0099,1.1877
1366,0.0,0.2126,-5.0183,True,False,False,2.0594,4.7036,1.9966,-1.9665,-1.5820,-0.0146,-0.0487,-0.0640,0.0307,0.0342,0.0574,-0.0703,0.3468,-0.3253,0.3349,0.1324,-0.1791,0.4094,-0.0028,0.0000,0.0000,0.0000,False,-0.0487,-0.0640,0.0307,0.0342,0.0574,-0.0703,-0.9723,grasp,-0.1791,0.4094,-0.0028,0.0000,0.0000,0.0000,False,,0.0500,0.0000,False,0.8020,-0.2600,0.0099,1.1877
1367,0.0,0.2198,-0.0048,False,False,False,2.0463,4.6907,2.0000,-1.9628,-1.5698,-0.0219,-0.0084,0.0047,-0.0121,-0.0137,-0.0016,0.0294,0.0050,-0.3230,0.3352,0.1533,-0.1820,0.4063,0.0004,0.0000,0.0000,0.0000,False,-0.0379,0.0514,0.0223,0.0406,0.0037,-0.0354,-2.0166,grasp,-0.1820,0.4063,0.0004,0.0000,0.0000,0.0000,False,,0.0500,0.0000,False,0.8020,-0.2600,0.0277,1.1887
1368,0.0,0.2200,-0.0020,False,False,False,2.0462,4.6908,1.9999,-1.9629,-1.5698,-0.0216,0.0000,0.0000,0.0000,0.0000,-0.0000,0.0000,0.0113,-0.3230,0.3357,0.1537,-0.1820,0.4063,0.0004,0.0000,0.0000,0.0000,False,0.0701,-0.0025,-0.0607,0.0590,0.0713,0.0004,-2.5748,grasp,-0.1820,0.4063,0.0004,0.0000,0.0000,0.0000,False,,0.0500,0.0000,False,0.8020,-0.2600,0.0277,1.1887
1369,0.0,0.2200,-0.0030,False,False,False,2.0469,4.6908,1.9993,-1.9623,-1.5691,-0.0216,0.0000,0.0000,0.0000,0.0000,-0.0000,0.0000,0.0374,-0.3230,0.3357,0.1537,-0.1820,0.4063,0.0004,0.0000,0.0000,0.0000,False,0.0605,0.0019,0.0613,-0.0569,-0.0073,-0.0654,2.1484,grasp,-0.1820,0.4063,0.0004,0.0000,0.0000,0.0000,False,,0.0500,0.0000,True,0.8020,-0.2600,0.0277,1.1887
1370,0.0,0.2204,-0.0039,False,False,False,2.0469,4.6908,1.9993,-1.9623,-1.5691,-0.0216,0.0000,0.0000,0.0000,0.0000,-0.0000,0.0000,0.0374,-0.3230,0.3357,0.1537,-0.1817,0.4072,0.0005,0.0000,0.0000,0.0000,False,0.0753,0.0315,-0.0312,0.0459,0.0495,0.0007,-2.6238,grasp,-0.1817,0.4072,0.0005,0.0000,0.0000,0.0000,False,,0.0500,0.0000,False,0.8020,-0.2600,0.0277,1.1887
1371,0.0,0.2179,-0.0114,False,False,False,2.0476,4.6907,1.9993,-1.9636,-1.5685,-0.0226,0.0083,-0.0072,-0.0642,-0.0679,0.0626,-0.0329,0.0971,-0.3236,0.3351,0.1493,-0.1817,0.4072,0.0005,0.0000,0.0000,0.0000,False,0.0089,-0.0072,-0.0636,-0.0685,0.0625,-0.0335,2.7882,grasp,-0.1817,0.4072,0.0005,0.0000,0.0000,0.0000,False,,0.0500,0.0000,True,0.8020,-0.2600,0.0277,1.1887
1372,0.0,0.2179,-0.0212,False,False,False,2.0477,4.6906,1.9981,-1.9649,-1.5674,-0.0232,0.0157,-0.0137,-0.1220,-0.1290,0.1190,-0.0625,0.1171,-0.3236,0.3351,0.1493,-0.1817,0.4072,0.0005,0.0000,0.0000,0.0000,False,-0.0018,-0.0365,0.0753,-0.0146,-0.0699,-0.0636,0.8878,grasp,-0.1817,0.4072,0.0005,0.0000,0.0000,0.0000,False,,0.0500,0.0000,True,0.8020,-0.2600,0.0277,1.1887
1373,0.0,0.2179,-0.0151,False,False,False,2.0477,4.6902,1.9988,-1.9650,-1.5681,-0.0238,-0.0020,-0.0363,0.0765,-0.0133,-0.0711,-0.0630,0.1554,-0.3236,0.3351,0.1493,-0.1817,0.4072,0.0005,0.0000,0.0000,0.0000,False,-0.0571,-0.0739,-0.0500,-0.0636,-0.0548,0.0796,-2.3630,grasp,-0.1817,0.4072,0.0005,0.0000,0.0000,0.0000,False,,0.0500,0.0000,False,0.8020,-0.2600,0.0277,1.1887
1374,0.0,0.2147,0.0008,False,False,False,2.0477,4.6895,2.0003,-1.9653,-1.5694,-0.0250,0.0000,0.0000,0.0000,0.0000,-0.0000,0.0000,0.1951,-0.3238,0.3355,0.1446,-0.1817,0.4072,0.0005,0.0000,0.0000,0.0000,False,0.0054,-0.0666,-0.0283,-0.0710,0.0653,0.0504,1.3956,grasp,-0.1817,0.4072,0.0005,0.0000,0.0000,0.0000,False,,0.0500,0.0000,True,0.8020,-0.2600,0.0277,1.1887
1375,0.0,0.2147,-0.0146,False,False,False,2.0477,4.6889,2.0000,-1.9660,-1.5687,-0.0245,0.0054,-0.0659,-0.0297,-0.0707,0.0666,0.0516,0.2151,-0.3238,0.3355,0.1446,-0.1817,0.4072,0.0005,0.0000,0.0000,0.0000,False,-0.0020,0.0693,0.0181,-0.0217,-0.0198,-0.0650,2.7381,grasp,-0.1817,0.4072,0.0005,0.0000,0.0000,0.0000,False,,0.0500,0.0000,True,0.8020,-0.2600,0.0277,1.1887
1376,0.0,0.2153,-0.0157,False,False,False,2.0477,4.6889,2.0000,-1.9660,-1.5687,-0.0245,0.0054,-0.0659,-0.0297,-0.0707,0.0666,0.0516,0.2151,-0.3238,0.3355,0.1446,-0.1816,0.4089,0.0006,0.0000,0.0000,0.0000,False,-0.0506,0.0777,0.0254,0.0258,0.0405,-0.0610,2.0894,grasp,-0.1816,0.4089,0.0006,0.0000,0.0000,0.0000,False,,0.0500,0.0000,True,0.8020,-0.2600,0.0277,1.1887
1377,0.0,0.2129,-0.0319,False,False,False,2.0498,4.6901,2.0017,-1.9678,-1.5667,-0.0230,0.1364,0.0819,0.1096,-0.1200,0.1364,0.0970,0.2937,-0.3245,0.3353,0.1401,-0.1816,0.4089,0.0006,0.0000,0.0000,0.0000,False,0.0718,0.0431,0.0577,-0.0632,0.0718,0.0510,2.3897,grasp,-0.1816,0.4089,0.0006,0.0000,0.0000,0.0000,False,,0.0500,0.0000,True,0.8020,-0.2600,0.0277,1.1887
1378,0.0,0.2129,-0.0345,False,False,False,2.0498,4.6901,2.0017,-1.9678,-1.5667,-0.0230,0.1364,0.0819,0.1096,-0.1200,0.1364,0.0970,0.2937,-0.3245,0.3353,0.1401,-0.1816,0.4089,0.0006,0.0000,0.0000,0.0000,False,0.0561,0.0152,-0.0727,-0.0193,0.0274,0.0037,0.0891,grasp,-0.1816,0.4089,0.0006,0.0000,0.0000,0.0000,False,,0.0500,0.0000,False,0.8020,-0.2600,0.0277,1.1887
1379,0.0,0.2129,-0.0093,False,False,False,2.0521,4.6914,2.0035,-1.9699,-1.5644,-0.0210,0.0355,0.0120,0.0188,-0.0355,0.0304,0.0655,0.3174,-0.3245,0.3353,0.1401,-0.1816,0.4089,0.0006,0.0000,0.0000,0.0000,False,0.0377,0.0135,0.0209,-0.0372,0.0324,0.0669,-2.5319,grasp,-0.1816,0.4089,0.0006,0.0000,0.0000,0.0000,False,,0.0500,0.0000,False,0.8020,-0.2600,0.0277,1.1887
1380,0.0,0.2133,-0.0015,False,False,False,2.0528,4.6917,2.0038,-1.9705,-1.5638,-0.0198,-0.0000,0.0000,0.0000,0.0000,-0.0000,0.0000,0.2833,-0.3269,0.3329,0.1370,-0.1816,0.4089,0.0006,0.0000,0.0000,0.0000,False,-0.0121,-0.0667,0.0151,-0.0667,0.0232,0.0065,-1.9105,grasp,-0.1816,0.4089,0.0006,0.0000,0.0000,0.0000,False,,0.0500,0.0000,False,0.8020,-0.2600,0.0277,1.1887
1381,0.0,0.2133,-0.0024,False,False,False,2.0528,4.6917,2.0038,-1.9705,-1.5638,-0.0198,-0.0000,0.0000,0.0000,0.0000,-0.0000,0.0000,0.2833,-0.3269,0.3329,0.1370,-0.1816,0.4089,0.0006,0.0000,0.0000,0.0000,False,-0.0481,-0.0298,-0.0381,0.0240,0.0039,-0.0464,2.9697,grasp,-0.1816,0.4089,0.0006,0.0000,0.0000,0.0000,False,,0.0500,0.0000,True,0.8020,-0.2600,0.0277,1.1887
1382,0.0,0.2133,-0.0115,False,False,False,2.0527,4.6910,2.0040,-1.9712,-1.5636,-0.0197,-0.0128,-0.0669,0.0147,-0.0660,0.0227,0.0053,0.2706,-0.3269,0.3329,0.1370,-0.1816,0.4089,0.0006,0.0000,0.0000,0.0000,False,-0.0754,-0.0131,-0.0749,0.0683,-0.0536,-0.0306,-1.1743,grasp,-0.1816,0.4089,0.0006,0.0000,0.0000,0.0000,False,,0.0500,0.0000,False,0.8020,-0.2600,0.0277,1.1887
1383,0.0,0.2141,-5.0109,True,False,False,2.0529,4.6899,2.0062,-1.9717,-1.5623,-0.0214,0.0127,-0.0706,0.1435,-0.0308,0.0858,-0.1113,0.3230,-0.3270,0.3327,0.1363,-0.1826,0.4073,-0.0029,0.0000,0.0000,0.0000,False,0.0067,-0.0371,0.0755,-0.0162,0.0452,-0.0586,-0.2298,grasp,-0.1826,0.4073,-0.0029,0.0000,0.0000,0.0000,False,,0.0500,0.0000,False,0.8020,-0.2600,0.0277,1.1887
1384,0.0,0.2122,-0.0071,False,False,False,2.0506,4.6841,2.0163,-1.9751,-1.5562,-0.0266,-0.0143,0.0136,-0.0340,0.0028,-0.0199,0.0357,0.0047,-0.3263,0.3285,0.1499,-0.1926,0.3996,0.0013,0.0000,0.0000,0.0000,False,0.0168,0.0508,-0.0213,0.0445,0.0733,0.0012,0.4769,grasp,-0.1926,0.3996,0.0013,0.0000,0.0000,0.0000,False,,0.0500,0.0000,True,0.8020,-0.2600,0.0277,1.1937
1385,0.0,0.2113,-0.0008,False,False,False,2.0506,4.6841,2.0163,-1.9751,-1.5562,-0.0266,0.0000,0.0000,0.0000,0.0000,-0.0000,0.0000,0.0447,-0.3262,0.3292,0.1492,-0.1926,0.3996,0.0013,0.0000,0.0000,0.0000,False,-0.0630,-0.0685,-0.0585,0.0703,0.0172,-0.0646,-0.6007,grasp,-0.1926,0.3996,0.0013,0.0000,0.0000,0.0000,False,,0.0500,0.0000,False,0.8020,-0.2600,0.0277,1.1937
1386,0.0,0.2113,-0.0147,False,False,False,2.0500,4.6834,2.0157,-1.9744,-1.5560,-0.0272,-0.0630,-0.0685,-0.0585,0.0703,0.0172,-0.0646,0.0647,-0.3262,0.3292,0.1492,-0.1926,0.3996,0.0013,0.0000,0.0000,0.0000,False,-0.0752,-0.0538,-0.0325,0.0686,-0.0005,0.0685,0.9585,grasp,-0.1926,0.3996,0.0013,0.0000,0.0000,0.0000,False,,0.0500,0.0000,True,0.8020,-0.2600,0.0277,1.1937
1387,0.0,0.2113,-0.0164,False,False,False,2.0500,4.6834,2.0157,-1.9744,-1.5560,-0.0272,-0.0630,-0.0685,-0.0585,0.0703,0.0172,-0.0646,0.0647,-0.3262,0.3292,0.1492,-0.1926,0.3996,0.0013,0.0000,0.0000,0.0000,False,0.0344,0.0263,-0.0303,0.0081,0.0187,0.0428,2.8762,grasp,-0.1926,0.3996,0.0013,0.0000,0.0000,0.0000,False,,0.0500,0.0000,True,0.8020,-0.2600,0.0277,1.1937
1388,0.0,0.2128,-0.0030,False,False,False,2.0500,4.6834,2.0157,-1.9744,-1.5560,-0.0272,0.0000,0.0000,0.0000,0.0000,-0.0000,0.0000,0.1043,-0.3262,0.3292,0.1492,-0.1912,0.4011,0.0012,0.0000,0.0000,0.0000,False,0.0516,0.0198,0.0699,-0.0207,0.0478,-0.0568,2.1105,grasp,-0.1912,0.4011,0.0012,0.0000,0.0000,0.0000,False,,0.0500,0.0000,True,0.8020,-0.2600,0.0277,1.1937
1389,0.0,0.2091,-0.0103,False,False,False,2.0505,4.6836,2.0164,-1.9746,-1.5555,-0.0278,0.0516,0.0198,0.0699,-0.0207,0.0478,-0.0568,0.1238,-0.3263,0.3289,0.1435,-0.1912,0.4011,0.0012,0.0000,0.0000,0.0000,False,-0.0519,0.0350,-0.0241,0.0120,0.0651,0.0716,-1.3139,grasp,-0.1912,0.4011,0.0012,0.0000,0.0000,0.0000,False,,0.0500,0.0000,False,0.8020,-0.2600,0.0277,1.1937
1390,0.0,0.2091,-0.0133,False,False,False,2.0516,4.6856,2.0171,-1.9737,-1.5544,-0.0286,0.0055,0.1054,-0.0405,0.0818,0.0112,0.0208,0.2031,-0.3263,0.3289,0.1435,-0.1912,0.4011,0.0012,0.0000,0.0000,0.0000,False,0.0039,0.0558,-0.0198,0.0427,0.0068,0.0099,-0.1000,grasp,-0.1912,0.4011,0.0012,0.0000,0.0000,0.0000,False,,0.0500,0.0000,False,0.8020,-0.2600,0.0277,1.1937
1391,0.0,0.2052,0.0017,False,False,False,2.0517,4.6872,2.0165,-1.9726,-1.5543,-0.0283,-0.0000,0.0000,0.0000,0.0000,-0.0000,0.0000,0.2394,-0.3267,0.3276,0.1367,-0.1912,0.4011,0.0012,0.0000,0.0000,0.0000,False,0.0288,0.0439,0.0070,-0.0059,-0.0566,-0.0297,-0.0030,grasp,-0.1912,0.4011,0.0012,0.0000,0.0000,0.0000,False,,0.0500,0.0000,False,0.8020,-0.2600,0.0277,1.1937
1392,0.0,0.2052,-0.0025,False,False,False,2.0517,4.6872,2.0165,-1.9726,-1.5543,-0.0283,-0.0000,0.0000,0.0000,0.0000,-0.0000,0.0000,0.2394,-0.3267,0.3276,0.1367,-0.1912,0.4011,0.0012,0.0000,0.0000,0.0000,False,0.0255,0.0761,0.0617,-0.0282,-0.0168,0.0009,-1.2427,grasp,-0.1912,0.4011,0.0012,0.0000,0.0000,0.0000,False,,0.0500,0.0000,False,0.8020,-0.2600,0.0277,1.1937
1393,0.0,0.2052,-0.0089,False,False,False,2.0520,4.6876,2.0166,-1.9726,-1.5548,-0.0286,0.0287,0.0418,0.0076,-0.0071,-0.0567,-0.0300,0.2554,-0.3267,0.3276,0.1367,-0.1912,0.4011,0.0012,0.0000,0.0000,0.0000,False,0.0288,0.0329,0.0777,-0.0458,0.0759,0.0195,-0.5075,grasp,-0.1912,0.4011,0.0012,0.0000,0.0000,0.0000,False,,0.0500,0.0000,False,0.8020,-0.2600,0.0277,1.1937
1394,0.0,0.2087,-5.0120,True,False,False,2.0520,4.6876,2.0166,-1.9726,-1.5548,-0.0286,0.0287,0.0418,0.0076,-0.0071,-0.0567,-0.0300,0.2554,-0.3267,0.3276,0.1367,-0.1887,0.4006,-0.0018,0.0000,0.0000,0.0000,False,0.0383,0.0358,0.0586,-0.0008,0.0042,0.0431,2.7928,grasp,-0.1887,0.4006,-0.0018,0.0000,0.0000,0.0000,False,,0.0500,0.0000,True,0.8020,-0.2600,0.0277,1.1937
1395,0.0,0.2068,-0.0058,False,False,False,2.0535,4.6940,2.0169,-1.9728,-1.5589,-0.0150,-0.0184,0.0002,-0.0354,-0.0002,-0.0166,0.0205,0.0024,-0.3261,0.3271,0.1452,-0.1934,0.3949,0.0018,0.0000,0.0000,0.0000,False,0.0074,-0.0418,-0.0774,-0.0542,-0.0028,-0.0168,0.8275,grasp,-0.1934,0.3949,0.0018,0.0000,0.0000,0.0000,False,,0.0500,0.0000,True,0.8020,-0.2600,0.0108,1.1916
1396,0.0,0.2052,-0.0089,False,False,False,2.0533,4.6940,2.0175,-1.9735,-1.5583,-0.0153,-0.0196,-0.0071,0.0600,-0.0675,0.0537,-0.0319,0.0532,-0.3260,0.3277,0.1432,-0.1934,0.3949,0.0018,0.0000,0.0000,0.0000,False,-0.0196,-0.0071,0.0600,-0.0675,0.0537,-0.0319,-2.0373,grasp,-0.1934,0.3949,0.0018,0.0000,0.0000,0.0000,False,,0.0500,0.0000,False,0.8020,-0.2600,0.0108,1.1916
1397,0.0,0.2052,-0.0113,False,False,False,2.0533,4.6940,2.0175,-1.9735,-1.5583,-0.0153,-0.0196,-0.0071,0.0600,-0.0675,0.0537,-0.0319,0.0532,-0.3260,0.3277,0.1432,-0.1934,0.3949,0.0018,0.0000,0.0000,0.0000,False,-0.0597,-0.0009,-0.0690,0.0454,0.0617,-0.0149,1.1338,grasp,-0.1934,0.3949,0.0018,0.0000,0.0000,0.0000,False,,0.0500,0.0000,True,0.8020,-0.2600,0.0108,1.1916
1398,0.0,0.2052,-0.0120,False,False,False,2.0533,4.6940,2.0175,-1.9735,-1.5583,-0.0153,-0.0196,-0.0071,0.0600,-0.0675,0.0537,-0.0319,0.0532,-0.3260,0.3277,0.1432,-0.1934,0.3949,0.0018,0.0000,0.0000,0.0000,False,-0.0787,0.0304,-0.0143,0.0683,-0.0074,0.0646,-1.8792,grasp,-0.1934,0.3949,0.0018,0.0000,0.0000,0.0000,False,,0.0500,0.0000,False,0.8020,-0.2600,0.0108,1.1916
1399,0.0,0.2069,-0.0154,False,False,False,2.0533,4.6940,2.0175,-1.9735,-1.5583,-0.0153,-0.0196,-0.0071,0.0600,-0.0675,0.0537,-0.0319,0.0532,-0.3260,0.3277,0.1432,-0.1919,0.3968,0.0015,0.0000,0.0000,0.0000,False,-0.0057,-0.0555,-0.0592,0.0707,0.0143,-0.0222,2.5221,grasp,-0.1919,0.3968,0.0015,0.0000,0.0000,0.0000,False,,0.0500,0.0000,True,0.8020,-0.2600,0.0108,1.1916
1400,0.0,0.2036,-0.0196,False,False,False,2.0524,4.6923,2.0191,-1.9768,-1.5591,-0.0169,-0.0310,-0.0997,0.0329,-0.1328,-0.1154,-0.0656,0.1219,-0.3257,0.3281,0.1387,-0.1919,0.3968,0.0015,0.0000,0.0000,0.0000,False,-0.0167,-0.0526,0.0185,-0.0712,-0.0597,-0.0351,1.9931,grasp,-0.1919,0.3968,0.0015,0.0000,0.0000,0.0000,False,,0.0500,0.0000,True,0.8020,-0.2600,0.0108,1.1916
1401,0.0,0.2036,-0.0075,False,False,False,2.0518,4.6910,2.0195,-1.9792,-1.5606,-0.0174,-0.0254,0.0120,-0.0068,-0.0446,0.0090,0.0424,0.1812,-0.3257,0.3281,0.1387,-0.1919,0.3968,0.0015,0.0000,0.0000,0.0000,False,-0.0258,0.0102,-0.0063,-0.0465,0.0074,0.0415,0.1948,grasp,-0.1919,0.3968,0.0015,0.0000,0.0000,0.0000,False,,0.0500,0.0000,True,0.8020,-0.2600,0.0108,1.1916
1402,0.0,0.2036,-0.0054,False,False,False,2.0518,4.6910,2.0195,-1.9792,-1.5606,-0.0174,-0.0254,0.0120,-0.0068,-0.0446,0.0090,0.0424,0.1812,-0.3257,0.3281,0.1387,-0.1919,0.3968,0.0015,0.0000,0.0000,0.0000,False,0.0124,-0.0006,-0.0022,-0.0622,0.0778,-0.0784,2.4634,grasp,-0.1919,0.3968,0.0015,0.0000,0.0000,0.0000,False,,0.0500,0.0000,True,0.8020,-0.2600,0.0108,1.1916
1403,0.0,0.2000,-0.0093,False,False,False,2.0514,4.6912,2.0194,-1.9806,-1.5597,-0.0174,0.0129,-0.0009,-0.0021,-0.0613,0.0776,-0.0792,0.2409,-0.3253,0.3293,0.1343,-0.1919,0.3968,0.0015,0.0000,0.0000,0.0000,False,-0.0109,-0.0115,0.0450,0.0236,-0.0337,-0.0073,-1.8137,grasp,-0.1919,0.3968,0.0015,0.0000,0.0000,0.0000,False,,0.0500,0.0000,False,0.8020,-0.2600,0.0108,1.1916
1404,0.0,0.2000,-0.0133,False,False,False,2.0514,4.6912,2.0194,-1.9806,-1.5597,-0.0174,0.0129,-0.0009,-0.0021,-0.0613,0.0776,-0.0792,0.2409,-0.3253,0.3293,0.1343,-0.1919,0.3968,0.0015,0.0000,0.0000,0.0000,False,-0.0228,0.0309,-0.0726,-0.0322,-0.0247,-0.0499,1.1852,grasp,-0.1919,0.3968,0.0015,0.0000,0.0000,0.0000,False,,0.0500,0.0000,True,0.8020,-0.2600,0.0108,1.1916
1405,0.0,0.2037,-0.0180,False,False,False,2.0514,4.6912,2.0194,-1.9806,-1.5597,-0.0174,0.0129,-0.0009,-0.0021,-0.0613,0.0776,-0.0792,0.2409,-0.3253,0.3293,0.1343,-0.1885,0.4008,0.0015,0.0000,0.0000,0.0000,False,-0.0129,0.0527,-0.0394,-0.0748,0.0754,-0.0260,0.9319,grasp,-0.1885,0.4008,0.0015,0.0000,0.0000,0.0000,False,,0.0500,0.0000,True,0.8020,-0.2600,0.0108,1.1916
1406,0.0,0.2018,-0.0114,False,False,False,2.0513,4.6912,2.0186,-1.9821,-1.5585,-0.0183,-0.0372,0.0007,-0.0729,-0.0343,-0.0317,0.0588,0.3206,-0.3263,0.3298,0.1307,-0.1885,0.4008,0.0015,0.0000,0.0000,0.0000,False,-0.0372,0.0007,-0.0729,-0.0343,-0.0317,0.0588,-2.5613,grasp,-0.1885,0.4008,0.0015,0.0000,0.0000,0.0000,False,,0.0500,0.0000,False,0.8020,-0.2600,0.0108,1.1916
1407,0.0,0.2018,-0.0129,False,False,False,2.0506,4.6912,2.0172,-1.9828,-1.5591,-0.0172,-0.0706,0.0014,-0.1384,-0.0652,-0.0603,0.1117,0.3406,-0.3263,0.3298,0.1307,-0.1885,0.4008,0.0015,0.0000,0.0000,0.0000,False,0.0702,0.0470,0.0321,0.0568,0.0515,0.0041,2.5832,grasp,-0.1885,0.4008,0.0015,0.0000,0.0000,0.0000,False,,0.0500,0.0000,True,0.8020,-0.2600,0.0108,1.1916
1408,0.0,0.2002,-0.0100,False,False,False,2.0521,4.6926,2.0176,-1.9808,-1.5573,-0.0165,-0.0566,0.0032,-0.0636,0.0279,0.0273,0.0651,0.4380,-0.3269,0.3290,0.1270,-0.1885,0.4008,0.0015,0.0000,0.0000,0.0000,False,-0.0553,0.0042,-0.0629,0.0290,0.0282,0.0651,-3.0437,grasp,-0.1885,0.4008,0.0015,0.0000,0.0000,0.0000,False,,0.0500,0.0000,False,0.8020,-0.2600,0.0108,1.1916
1409,0.0,0.2002,-0.0132,False,False,False,2.0521,4.6926,2.0176,-1.9808,-1.5573,-0.0165,-0.0566,0.0032,-0.0636,0.0279,0.0273,0.0651,0.4380,-0.3269,0.3290,0.1270,-0.1885,0.4008,0.0015,0.0000,0.0000,0.0000,False,0.0734,-0.0719,0.0023,-0.0241,0.0192,-0.0248,2.4792,grasp,-0.1885,0.4008,0.0015,0.0000,0.0000,0.0000,False,,0.0500,0.0000,True,0.8020,-0.2600,0.0108,1.1916
1410,0.0,0.2002,-0.0109,False,False,False,2.0521,4.6926,2.0176,-1.9808,-1.5573,-0.0165,-0.0566,0.0032,-0.0636,0.0279,0.0273,0.0651,0.4380,-0.3269,0.3290,0.1270,-0.1885,0.4008,0.0015,0.0000,0.0000,0.0000,False,-0.0423,0.0026,0.0588,-0.0119,0.0420,-0.0320,-2.7096,grasp,-0.1885,0.4008,0.0015,0.0000,0.0000,0.0000,False,,0.0500,0.0000,False,0.8020,-0.2600,0.0108,1.1916
1411,0.0,0.2014,-5.0144,True,False,False,2.0521,4.6926,2.0176,-1.9808,-1.5573,-0.0165,-0.0566,0.0032,-0.0636,0.0279,0.0273,0.0651,0.4380,-0.3269,0.3290,0.1270,-0.1887,0.4016,-0.0002,0.0000,0.0000,0.0000,False,0.0675,-0.0582,-0.0530,0.0127,0.0766,-0.0469,-2.7783,grasp,-0.1887,0.4016,-0.0002,0.0000,0.0000,0.0000,False,,0.0500,0.0000,False,0.8020,-0.2600,0.0108,1.1916
1412,0.0,0.2184,-0.0052,False,False,False,2.0567,4.6856,2.0026,-1.9767,-1.5511,-0.0171,-0.0228,0.0118,-0.0158,0.0050,-0.0272,0.0233,0.0069,-0.3326,0.3320,0.1559,-0.1972,0.4046,0.0008,0.0000,0.0000,0.0000,False,0.0552,-0.0730,-0.0658,-0.0153,0.0258,-0.0700,2.5683,grasp,-0.1972,0.4046,0.0008,0.0000,0.0000,0.0000,False,,0.0500,0.0000,True,0.8020,-0.2600,0.0270,1.2003
1413,0.0,0.2162,-0.0303,False,False,False,2.0583,4.6859,2.0009,-1.9789,-1.5492,-0.0194,0.1078,0.0209,-0.1113,-0.1421,0.1241,-0.1472,0.0869,-0.3330,0.3324,0.1527,-0.1972,0.4046,0.0008,0.0000,0.0000,0.0000,False,0.0567,0.0110,-0.0586,-0.0748,0.0653,-0.0775,-1.9964,grasp,-0.1972,0.4046,0.0008,0.0000,0.0000,0.0000,False,,0.0500,0.0000,False,0.8020,-0.2600,0.0270,1.2003
1414,0.0,0.2162,-0.0098,False,False,False,2.0595,4.6867,1.9995,-1.9806,-1.5479,-0.0214,-0.0391,0.0471,0.0187,0.0326,-0.0490,0.0071,0.1450,-0.3330,0.3324,0.1527,-0.1972,0.4046,0.0008,0.0000,0.0000,0.0000,False,-0.0376,0.0474,0.0171,0.0306,-0.0472,0.0050,-0.5243,grasp,-0.1972,0.4046,0.0008,0.0000,0.0000,0.0000,False,,0.0500,0.0000,False,0.8020,-0.2600,0.0270,1.2003
1415,0.0,0.2162,-0.0098,False,False,False,2.0595,4.6867,1.9995,-1.9806,-1.5479,-0.0214,-0.0391,0.0471,0.0187,0.0326,-0.0490,0.0071,0.1450,-0.3330,0.3324,0.1527,-0.1972,0.4046,0.0008,0.0000,0.0000,0.0000,False,0.0241,0.0482,-0.0698,-0.0131,0.0536,0.0165,0.7630,grasp,-0.1972,0.4046,0.0008,0.0000,0.0000,0.0000,False,,0.0500,0.0000,True,0.8020,-0.2600,0.0270,1.2003
1416,0.0,0.2181,-0.0127,False,False,False,2.0595,4.6867,1.9995,-1.9806,-1.5479,-0.0214,-0.0391,0.0471,0.0187,0.0326,-0.0490,0.0071,0.1450,-0.3330,0.3324,0.1527,-0.1952,0.4065,0.0009,0.0000,0.0000,0.0000,False,-0.0453,-0.0573,-0.0700,0.0256,0.0303,0.0093,-2.4616,grasp,-0.1952,0.4065,0.0009,0.0000,0.0000,0.0000,False,,0.0500,0.0000,False,0.8020,-0.2600,0.0270,1.2003
1417,0.0,0.2181,-0.0093,False,False,False,2.0595,4.6867,1.9995,-1.9806,-1.5479,-0.0214,-0.0391,0.0471,0.0187,0.0326,-0.0490,0.0071,0.1450,-0.3330,0.3324,0.1527,-0.1952,0.4065,0.0009,0.0000,0.0000,0.0000,False,0.0189,0.0730,-0.0064,0.0520,0.0673,0.0102,0.5033,grasp,-0.1952,0.4065,0.0009,0.0000,0.0000,0.0000,False,,0.0500,0.0000,True,0.8020,-0.2600,0.0270,1.2003
1418,0.0,0.2155,-0.0137,False,False,False,2.0588,4.6873,1.9991,-1.9794,-1.5481,-0.0218,0.0108,-0.0348,-0.0765,0.0581,0.0691,-0.0535,0.2036,-0.3348,0.3331,0.1477,-0.1952,0.4065,0.0009,0.0000,0.0000,0.0000,False,0.0100,-0.0334,-0.0761,0.0588,0.0682,-0.0534,3.0455,grasp,-0.1952,0.4065,0.0009,0.0000,0.0000,0.0000,False,,0.0500,0.0000,True,0.8020,-0.2600,0.0270,1.2003
1419,0.0,0.2155,-0.0161,False,False,False,2.0588,4.6873,1.9991,-1.9794,-1.5481,-0.0218,0.0108,-0.0348,-0.0765,0.0581,0.0691,-0.0535,0.2036,-0.3348,0.3331,0.1477,-0.1952,0.4065,0.0009,0.0000,0.0000,0.0000,False,0.0756,0.0741,-0.0596,0.0715,-0.0004,0.0019,-2.6864,grasp,-0.1952,0.4065,0.0009,0.0000,0.0000,0.0000,False,,0.0500,0.0000,False,0.8020,-0.2600,0.0270,1.2003
1420,0.0,0.2159,-0.0172,False,False,False,2.0589,4.6860,1.9973,-1.9775,-1.5460,-0.0235,-0.0172,-0.0633,-0.0320,0.0715,0.0777,-0.0676,0.2146,-0.3357,0.3331,0.1475,-0.1952,0.4065,0.0009,0.0000,0.0000,0.0000,False,-0.0172,-0.0633,-0.0320,0.0715,0.0777,-0.0676,2.3388,grasp,-0.1952,0.4065,0.0009,0.0000,0.0000,0.0000,False,,0.0500,0.0000,True,0.8020,-0.2600,0.0270,1.2003
1421,0.0,0.2159,-0.0138,False,False,False,2.0579,4.6852,1.9963,-1.9754,-1.5452,-0.0247,-0.0632,0.0455,-0.0386,0.0767,-0.0675,0.0047,0.2743,-0.3357,0.3331,0.1475,-0.1952,0.4065,0.0009,0.0000,0.0000,0.0000,False,-0.0635,0.0440,-0.0392,0.0781,-0.0660,0.0034,1.0656,grasp,-0.1952,0.4065,0.0009,0.0000,0.0000,0.0000,False,,0.0500,0.0000,True,0.8020,-0.2600,0.0270,1.2003
1422,0.0,0.2159,-0.0146,False,False,False,2.0579,4.6852,1.9963,-1.9754,-1.5452,-0.0247,-0.0632,0.0455,-0.0386,0.0767,-0.0675,0.0047,0.2743,-0.3357,0.3331,0.1475,-0.1952,0.4065,0.0009,0.0000,0.0000,0.0000,False,0.0232,0.0783,0.0129,-0.0167,-0.0558,-0.0483,-2.2946,grasp,-0.1952,0.4065,0.0009,0.0000,0.0000,0.0000,False,,0.0500,0.0000,False,0.8020,-0.2600,0.0270,1.2003
1423,0.0,0.2154,-0.0147,False,False,False,2.0579,4.6852,1.9963,-1.9754,-1.5452,-0.0247,-0.0632,0.0455,-0.0386,0.0767,-0.0675,0.0047,0.2743,-0.3357,0.3331,0.1475,-0.1972,0.4093,0.0011,0.0000,0.0000,0.0000,False,-0.0055,0.0114,0.0639,-0.0215,0.0234,0.0523,1.0573,grasp,-0.1972,0.4093,0.0011,0.0000,0.0000,0.0000,False,,0.0500,0.0000,True,0.8020,-0.2600,0.0270,1.2003
1424,0.0,0.2123,-0.0104,False,False,False,2.0571,4.6867,1.9960,-1.9744,-1.5466,-0.0240,0.0396,0.0632,0.0438,-0.0438,-0.0121,0.0670,0.2981,-0.3349,0.3336,0.1438,-0.1972,0.4093,0.0011,0.0000,0.0000,0.0000,False,0.0384,0.0643,0.0431,-0.0423,-0.0134,0.0671,-2.7826,grasp,-0.1972,0.4093,0.0011,0.0000,0.0000,0.0000,False,,0.0500,0.0000,False,0.8020,-0.2600,0.0270,1.2003
1425,0.0,0.2114,-0.0109,False,False,False,2.0574,4.6886,1.9970,-1.9755,-1.5463,-0.0225,-0.0498,0.0585,0.0123,-0.0231,0.0557,0.0224,0.2977,-0.3351,0.3331,0.1421,-0.1972,0.4093,0.0011,0.0000,0.0000,0.0000,False,-0.0490,0.0602,0.0132,-0.0240,0.0555,0.0236,-0.1443,grasp,-0.1972,0.4093,0.0011,0.0000,0.0000,0.0000,False,,0.0500,0.0000,False,0.8020,-0.2600,0.0270,1.2003
1426,0.0,0.2114,-0.0112,False,False,False,2.0574,4.6886,1.9970,-1.9755,-1.5463,-0.0225,-0.0498,0.0585,0.0123,-0.0231,0.0557,0.0224,0.2977,-0.3351,0.3331,0.1421,-0.1972,0.4093,0.0011,0.0000,0.0000,0.0000,False,0.0027,-0.0594,0.0316,0.0218,0.0027,0.0669,3.0343,grasp,-0.1972,0.4093,0.0011,0.0000,0.0000,0.0000,False,,0.0500,0.0000,True,0.8020,-0.2600,0.0270,1.2003
1427,0.0,0.2114,-0.0134,False,False,False,2.0574,4.6886,1.9970,-1.9755,-1.5463,-0.0225,-0.0498,0.0585,0.0123,-0.0231,0.0557,0.0224,0.2977,-0.3351,0.3331,0.1421,-0.1972,0.4093,0.0011,0.0000,0.0000,0.0000,False,0.0164,-0.0464,-0.0641,0.0239,0.0358,0.0091,1.5604,grasp,-0.1972,0.4093,0.0011,0.0000,0.0000,0.0000,False,,0.0500,0.0000,True,0.8020,-0.2600,0.0270,1.2003
1428,0.0,0.2114,-0.0126,False,False,False,2.0556,4.6893,1.9972,-1.9764,-1.5456,-0.0214,-0.0771,-0.0441,0.0014,-0.0477,-0.0348,0.0672,0.3661,-0.3351,0.3331,0.1421,-0.1972,0.4093,0.0011,0.0000,0.0000,0.0000,False,-0.0771,-0.0440,0.0014,-0.0477,-0.0348,0.0672,-2.0345,grasp,-0.1972,0.4093,0.0011,0.0000,0.0000,0.0000,False,,0.0500,0.0000,False,0.8020,-0.2600,0.0270,1.2003
1429,0.0,0.2135,-5.0153,True,False,False,2.0556,4.6893,1.9972,-1.9764,-1.5456,-0.0214,-0.0771,-0.0441,0.0014,-0.0477,-0.0348,0.0672,0.3661,-0.3351,0.3331,0.1421,-0.1956,0.4086,-0.0008,0.0000,0.0000,0.0000,False,0.0026,-0.0566,0.0772,0.0471,-0.0183,-0.0102,1.6736,grasp,-0.1956,0.4086,-0.0008,0.0000,0.0000,0.0000,False,,0.0500,0.0000,True,0.8020,-0.2600,0.0270,1.2003
1430,0.0,0.2188,-0.0046,False,False,False,2.0504,4.6850,2.0026,-1.9716,-1.5551,-0.0153,-0.0144,0.0128,-0.0161,-0.0020,-0.0220,0.0212,0.0047,-0.3287,0.3336,0.1560,-0.1916,0.4042,0.0007,0.0000,0.0000,0.0000,False,-0.0219,-0.0124,0.0487,-0.0673,0.0578,0.0047,-1.5941,grasp,-0.1916,0.4042,0.0007,0.0000,0.0000,0.0000,False,,0.0500,0.0000,False,0.8020,-0.2600,0.0277,1.1955
1431,0.0,0.2188,-0.0012,False,False,False,2.0504,4.6850,2.0026,-1.9716,-1.5551,-0.0153,0.0000,0.0000,0.0000,0.0000,-0.0000,0.0000,0.0240,-0.3287,0.3336,0.1560,-0.1916,0.4042,0.0007,0.0000,0.0000,0.0000,False,-0.0366,-0.0115,0.0694,0.0507,0.0734,0.0488,-2.3902,grasp,-0.1916,0.4042,0.0007,0.0000,0.0000,0.0000,False,,0.0500,0.0000,False,0.8020,-0.2600,0.0277,1.1955
1432,0.0,0.2188,-0.0018,False,False,False,2.0504,4.6850,2.0026,-1.9716,-1.5551,-0.0153,0.0000,0.0000,0.0000,0.0000,-0.0000,0.0000,0.0511,-0.3287,0.3336,0.1560,-0.1916,0.4042,0.0007,0.0000,0.0000,0.0000,False,0.0348,-0.0649,-0.0686,0.0743,-0.0436,-0.0156,1.1801,grasp,-0.1916,0.4042,0.0007,0.0000,0.0000,0.0000,False,,0.0500,0.0000,True,0.8020,-0.2600,0.0277,1.1955
1433,0.0,0.2201,-0.0039,False,False,False,2.0504,4.6850,2.0026,-1.9716,-1.5551,-0.0153,0.0000,0.0000,0.0000,0.0000,-0.0000,0.0000,0.0511,-0.3287,0.3336,0.1560,-0.1901,0.4053,0.0007,0.0000,0.0000,0.0000,False,-0.0588,-0.0399,-0.0565,-0.0598,-0.0363,0.0095,-2.6603,grasp,-0.1901,0.4053,0.0007,0.0000,0.0000,0.0000,False,,0.0500,0.0000,False,0.8020,-0.2600,0.0277,1.1955
1434,0.0,0.2169,-0.0229,False,False,False,2.0526,4.6846,2.0000,-1.9729,-1.5543,-0.0165,0.1228,0.0204,-0.1232,-0.1357,0.0821,-0.0674,0.1308,-0.3288,0.3336,0.1513,-0.1901,0.4053,0.0007,0.0000,0.0000,0.0000,False,0.0650,0.0101,-0.0655,-0.0707,0.0428,-0.0356,0.7360,grasp,-0.1901,0.4053,0.0007,0.0000,0.0000,0.0000,False,,0.0500,0.0000,True,0.8020,-0.2600,0.0277,1.1955
1435,0.0,0.2169,-0.0252,False,False,False,2.0526,4.6846,2.0000,-1.9729,-1.5543,-0.0165,0.1228,0.0204,-0.1232,-0.1357,0.0821,-0.0674,0.1308,-0.3288,0.3336,0.1513,-0.1901,0.4053,0.0007,0.0000,0.0000,0.0000,False,-0.0029,-0.0621,-0.0533,0.0141,0.0695,0.0445,-0.6424,grasp,-0.1901,0.4053,0.0007,0.0000,0.0000,0.0000,False,,0.0500,0.0000,False,0.8020,-0.2600,0.0277,1.1955
1436,0.0,0.2187,-0.0146,False,False,False,2.0550,4.6843,1.9976,-1.9747,-1.5538,-0.0173,0.0606,-0.0625,-0.0633,0.0142,-0.0633,0.0143,0.1317,-0.3320,0.3345,0.1513,-0.1901,0.4053,0.0007,0.0000,0.0000,0.0000,False,0.0623,-0.0622,-0.0650,0.0123,-0.0622,0.0134,-2.8006,grasp,-0.1901,0.4053,0.0007,0.0000,0.0000,0.0000,False,,0.0500,0.0000,False,0.8020,-0.2600,0.0277,1.1955
1437,0.0,0.2187,-0.0289,False,False,False,2.0562,4.6831,1.9964,-1.9744,-1.5550,-0.0170,0.1151,-0.1189,-0.1202,0.0271,-0.1204,0.0272,0.1229,-0.3320,0.3345,0.1513,-0.1901,0.4053,0.0007,0.0000,0.0000,0.0000,False,-0.0621,0.0091,0.0698,0.0145,0.0564,-0.0052,0.3885,grasp,-0.1901,0.4053,0.0007,0.0000,0.0000,0.0000,False,,0.0500,0.0000,True,0.8020,-0.2600,0.0277,1.1955
1438,0.0,0.2187,-0.0247,False,False,False,2.0562,4.6831,1.9964,-1.9744,-1.5550,-0.0170,0.1151,-0.1189,-0.1202,0.0271,-0.1204,0.0272,0.1229,-0.3320,0.3345,0.1513,-0.1901,0.4053,0.0007,0.0000,0.0000,0.0000,False,0.0211,0.0572,-0.0020,-0.0421,-0.0570,0.0450,2.6378,grasp,-0.1901,0.4053,0.0007,0.0000,0.0000,0.0000,False,,0.0500,0.0000,True,0.8020,-0.2600,0.0277,1.1955
1439,0.0,0.2187,-0.0028,False,False,False,2.0562,4.6831,1.9964,-1.9744,-1.5550,-0.0170,-0.0000,0.0000,0.0000,0.0000,-0.0000,0.0000,0.1626,-0.3320,0.3345,0.1513,-0.1901,0.4053,0.0007,0.0000,0.0000,0.0000,False,0.0273,-0.0521,-0.0247,-0.0737,-0.0439,-0.0649,2.6653,grasp,-0.1901,0.4053,0.0007,0.0000,0.0000,0.0000,False,,0.0500,0.0000,True,0.8020,-0.2600,0.0277,1.1955
1440,0.0,0.2175,-0.0031,False,False,False,2.0562,4.6831,1.9964,-1.9744,-1.5550,-0.0170,-0.0000,0.0000,0.0000,0.0000,-0.0000,0.0000,0.1626,-0.3320,0.3345,0.1513,-0.1920,0.4097,0.0029,0.0000,0.0000,0.0000,False,-0.0055,-0.0008,0.0400,0.0500,-0.0775,-0.0146,-2.9721,grasp,-0.1920,0.4097,0.0029,0.0000,0.0000,0.0000,False,,0.0500,0.0000,False,0.8020,-0.2600,0.0277,1.1955
1441,0.0,0.2159,-0.0083,False,False,False,2.0556,4.6834,1.9960,-1.9741,-1.5549,-0.0171,-0.0516,0.0359,-0.0482,0.0327,0.0034,-0.0055,0.2226,-0.3324,0.3347,0.1488,-0.1920,0.4097,0.0029,0.0000,0.0000,0.0000,False,-0.0516,0.0359,-0.0482,0.0327,0.0034,-0.0055,1.5039,grasp,-0.1920,0.4097,0.0029,0.0000,0.0000,0.0000,False,,0.0500,0.0000,True,0.8020,-0.2600,0.0277,1.1955
1442,0.0,0.2154,-0.0253,False,False,False,2.0566,4.6824,1.9964,-1.9720,-1.5539,-0.0177,0.1290,-0.1099,0.0855,0.0951,0.0664,-0.0360,0.2357,-0.3326,0.3338,0.1474,-0.1920,0.4097,0.0029,0.0000,0.0000,0.0000,False,0.0669,-0.0572,0.0441,0.0507,0.0350,-0.0191,-1.4836,grasp,-0.1920,0.4097,0.0029,0.0000,0.0000,0.0000,False,,0.0500,0.0000,False,0.8020,-0.2600,0.0277,1.1955
1443,0.0,0.2154,-0.0253,False,False,False,2.0566,4.6824,1.9964,-1.9720,-1.5539,-0.0177,0.1290,-0.1099,0.0855,0.0951,0.0664,-0.0360,0.2357,-0.3326,0.3338,0.1474,-0.1920,0.4097,0.0029,0.0000,0.0000,0.0000,False,-0.0384,0.0789,-0.0793,-0.0180,-0.0709,0.0525,2.7509,grasp,-0.1920,0.4097,0.0029,0.0000,0.0000,0.0000,False,,0.0500,0.0000,True,0.8020,-0.2600,0.0277,1.1955
1444,0.0,0.2154,-0.0378,False,False,False,2.0585,4.6809,1.9976,-1.9707,-1.5529,-0.0183,0.1840,-0.1568,0.1220,0.1356,0.0947,-0.0514,0.2332,-0.3326,0.3338,0.1474,-0.1920,0.4097,0.0029,0.0000,0.0000,0.0000,False,0.0621,0.0712,-0.0749,-0.0097,-0.0133,-0.0674,-0.7639,grasp,-0.1920,0.4097,0.0029,0.0000,0.0000,0.0000,False,,0.0500,0.0000,False,0.8020,-0.2600,0.0277,1.1955
1445,0.0,0.2154,-0.0030,False,False,False,2.0586,4.6808,1.9976,-1.9707,-1.5529,-0.0183,0.0000,0.0000,0.0000,0.0000,-0.0000,0.0000,0.2732,-0.3326,0.3338,0.1474,-0.1920,0.4097,0.0029,0.0000,0.0000,0.0000,False,0.0015,0.0214,-0.0752,-0.0604,-0.0427,-0.0498,1.7591,grasp,-0.1920,0.4097,0.0029,0.0000,0.0000,0.0000,False,,0.0500,0.0000,True,0.8020,-0.2600,0.0277,1.1955
1446,0.0,0.2154,-0.0028,False,False,False,2.0586,4.6808,1.9976,-1.9707,-1.5529,-0.0183,0.0000,0.0000,0.0000,0.0000,-0.0000,0.0000,0.2732,-0.3326,0.3338,0.1474,-0.1920,0.4097,0.0029,0.0000,0.0000,0.0000,False,0.0649,0.0397,-0.0224,-0.0686,-0.0280,-0.0708,2.3725,grasp,-0.1920,0.4097,0.0029,0.0000,0.0000,0.0000,False,,0.0500,0.0000,True,0.8020,-0.2600,0.0277,1.1955
1447,0.0,0.2183,-0.0049,False,False,False,2.0586,4.6808,1.9976,-1.9707,-1.5529,-0.0183,0.0000,0.0000,0.0000,0.0000,-0.0000,0.0000,0.2732,-0.3326,0.3338,0.1474,-0.1903,0.4096,0.0002,0.0000,0.0000,0.0000,False,0.0634,0.0770,-0.0147,-0.0345,-0.0707,0.0016,-0.1197,grasp,-0.1903,0.4096,0.0002,0.0000,0.0000,0.0000,False,,0.0500,0.0000,False,0.8020,-0.2600,0.0277,1.1955
1448,0.0,0.2174,-0.0136,False,False,False,2.0592,4.6818,1.9967,-1.9716,-1.5540,-0.0187,0.0634,0.0767,-0.0139,-0.0339,-0.0703,0.0021,0.3111,-0.3332,0.3328,0.1449,-0.1903,0.4096,0.0002,0.0000,0.0000,0.0000,False,0.0491,-0.0000,0.0052,0.0407,-0.0472,-0.0680,-2.8069,grasp,-0.1903,0.4096,0.0002,0.0000,0.0000,0.0000,False,,0.0500,0.0000,False,0.8020,-0.2600,0.0277,1.1955
1449,0.0,0.2174,-0.0141,False,False,False,2.0592,4.6818,1.9967,-1.9716,-1.5540,-0.0187,0.0634,0.0767,-0.0139,-0.0339,-0.0703,0.0021,0.3111,-0.3332,0.3328,0.1449,-0.1903,0.4096,0.0002,0.0000,0.0000,0.0000,False,-0.0173,-0.0085,-0.0592,0.0476,-0.0131,0.0063,-2.7933,grasp,-0.1903,0.4096,0.0002,0.0000,0.0000,0.0000,False,,0.0500,0.0000,False,0.8020,-0.2600,0.0277,1.1955
1450,0.0,0.2195,-0.0240,False,False,False,2.0582,4.6813,1.9934,-1.9689,-1.5548,-0.0184,-0.0469,-0.0230,-0.1604,0.1291,-0.0355,0.0170,0.2125,-0.3332,0.3333,0.1484,-0.1903,0.4096,0.0002,0.0000,0.0000,0.0000,False,-0.0410,0.0546,-0.0516,0.0259,-0.0040,-0.0656,-2.2660,grasp,-0.1903,0.4096,0.0002,0.0000,0.0000,0.0000,False,,0.0500,0.0000,False,0.8020,-0.2600,0.0277,1.1955
1451,0.0,0.2195,-0.0016,False,False,False,2.0582,4.6813,1.9934,-1.9689,-1.5548,-0.0184,0.0000,0.0000,0.0000,0.0000,-0.0000,0.0000,0.2187,-0.3332,0.3333,0.1484,-0.1903,0.4096,0.0002,0.0000,0.0000,0.0000,False,-0.0526,0.0771,0.0309,-0.0667,-0.0370,-0.0466,-0.2731,grasp,-0.1903,0.4096,0.0002,0.0000,0.0000,0.0000,False,,0.0500,0.0000,False,0.8020,-0.2600,0.0277,1.1955
1452,0.0,0.2171,-0.0003,False,False,False,2.0582,4.6813,1.9934,-1.9689,-1.5548,-0.0184,0.0000,0.0000,0.0000,0.0000,-0.0000,0.0000,0.2187,-0.3332,0.3333,0.1484,-0.1924,0.4089,0.0014,0.0000,0.0000,0.0000,False,0.0763,0.0065,-0.0379,-0.0235,-0.0774,-0.0609,1.0886,grasp,-0.1924,0.4089,0.0014,0.0000,0.0000,0.0000,False,,0.0500,0.0000,True,0.8020,-0.2600,0.0277,1.1955
1453,0.0,0.2162,-0.0167,False,False,False,2.0583,4.6826,1.9941,-1.9689,-1.5557,-0.0193,0.0592,0.0463,0.0466,0.0715,-0.0595,-0.0481,0.2727,-0.3328,0.3341,0.1477,-0.1924,0.4089,0.0014,0.0000,0.0000,0.0000,False,0.0587,0.0472,0.0469,0.0708,-0.0598,-0.0486,1.1611,grasp,-0.1924,0.4089,0.0014,0.0000,0.0000,0.0000,False,,0.0500,0.0000,True,0.8020,-0.2600,0.0277,1.1955
1454,0.0,0.2162,-0.0164,False,False,False,2.0583,4.6826,1.9941,-1.9689,-1.5557,-0.0193,0.0592,0.0463,0.0466,0.0715,-0.0595,-0.0481,0.2727,-0.3328,0.3341,0.1477,-0.1924,0.4089,0.0014,0.0000,0.0000,0.0000,False,0.0270,0.0775,-0.0604,0.0656,0.0205,-0.0295,-2.9853,grasp,-0.1924,0.4089,0.0014,0.0000,0.0000,0.0000,False,,0.0500,0.0000,False,0.8020,-0.2600,0.0277,1.1955
1455,0.0,0.2134,-0.0096,False,False,False,2.0600,4.6831,1.9943,-1.9680,-1.5569,-0.0206,0.0537,-0.0346,-0.0764,-0.0437,-0.0024,-0.0307,0.3522,-0.3328,0.3329,0.1430,-0.1924,0.4089,0.0014,0.0000,0.0000,0.0000,False,0.0537,-0.0346,-0.0764,-0.0437,-0.0024,-0.0307,-2.8801,grasp,-0.1924,0.4089,0.0014,0.0000,0.0000,0.0000,False,,0.0500,0.0000,False,0.8020,-0.2600,0.0277,1.1955
1456,0.0,0.2134,-0.0258,False,False,False,2.0610,4.6825,1.9928,-1.9688,-1.5569,-0.0211,0.1021,-0.0657,-0.1451,-0.0831,-0.0046,-0.0584,0.3722,-0.3328,0.3329,0.1430,-0.1924,0.4089,0.0014,0.0000,0.0000,0.0000,False,0.0763,0.0452,-0.0671,0.0712,0.0547,-0.0725,0.5556,grasp,-0.1924,0.4089,0.0014,0.0000,0.0000,0.0000,False,,0.0500,0.0000,False,0.8020,-0.2600,0.0277,1.1955
1457,0.0,0.2134,-0.0234,False,False,False,2.0610,4.6825,1.9928,-1.9688,-1.5569,-0.0211,0.1021,-0.0657,-0.1451,-0.0831,-0.0046,-0.0584,0.3722,-0.3328,0.3329,0.1430,-0.1924,0.4089,0.0014,0.0000,0.0000,0.0000,False,0.0405,-0.0524,-0.0726,-0.0364,0.0707,0.0713,1.7094,grasp,-0.1924,0.4089,0.0014,0.0000,0.0000,0.0000,False,,0.0500,0.0000,True,0.8020,-0.2600,0.0277,1.1955
1458,0.0,0.2134,-0.0029,False,False,False,2.0610,4.6824,1.9928,-1.9688,-1.5569,-0.0211,0.0000,0.0000,0.0000,0.0000,-0.0000,0.0000,0.4017,-0.3328,0.3329,0.1430,-0.1924,0.4089,0.0014,0.0000,0.0000,0.0000,False,0.0638,-0.0256,-0.0079,-0.0517,-0.0174,0.0673,2.1990,grasp,-0.1924,0.4089,0.0014,0.0000,0.0000,0.0000,False,,0.0500,0.0000,True,0.8020,-0.2600,0.0277,1.1955
1459,0.0,0.2181,-5.0058,True,False,False,2.0610,4.6824,1.9928,-1.9688,-1.5569,-0.0211,0.0000,0.0000,0.0000,0.0000,-0.0000,0.0000,0.4017,-0.3328,0.3329,0.1430,-0.1882,0.4102,-0.0007,0.0000,0.0000,0.0000,False,-0.0342,-0.0207,-0.0022,-0.0547,-0.0737,-0.0603,-0.7434,grasp,-0.1882,0.4102,-0.0007,0.0000,0.0000,0.0000,False,,0.0500,0.0000,False,0.8020,-0.2600,0.0277,1.1955
1460,0.0,0.2326,-5.0045,True,False,False,2.0495,4.6822,1.9920,-1.9791,-1.5731,-0.0255,-0.0128,0.0161,-0.0013,0.0082,0.0029,0.0342,0.0072,-0.3272,0.3420,0.1628,-0.1819,0.4210,-0.0007,0.0000,0.0000,0.0000,False,0.0535,0.0544,0.0139,0.0252,0.0286,0.0295,-2.3679,grasp,-0.1819,0.4210,-0.0007,0.0000,0.0000,0.0000,False,,0.0500,0.0000,False,0.8020,-0.2600,0.0250,1.1968
1461,0.0,0.2284,-5.0038,True,False,False,2.0480,4.6885,1.9921,-1.9760,-1.5713,-0.0153,-0.0124,0.0089,-0.0017,0.0047,0.0005,0.0237,0.0001,-0.3267,0.3414,0.1601,-0.1825,0.4165,-0.0003,0.0000,0.0000,0.0000,False,0.0516,0.0574,0.0460,-0.0228,-0.0695,0.0257,-1.2146,grasp,-0.1825,0.4165,-0.0003,0.0000,0.0000,0.0000,False,,0.0500,0.0000,False,0.8020,-0.2600,0.0099,1.1946
1462,0.0,0.2257,-5.0030,True,False,False,2.0471,4.6926,1.9934,-1.9758,-1.5737,-0.0090,-0.0108,0.0025,-0.0037,0.0042,0.0042,0.0137,0.0001,-0.3254,0.3415,0.1575,-0.1812,0.4144,-0.0001,0.0000,0.0000,0.0000,False,-0.0452,0.0749,0.0026,-0.0027,-0.0784,-0.0228,-0.8910,grasp,-0.1812,0.4144,-0.0001,0.0000,0.0000,0.0000,False,,0.0500,0.0000,False,0.8020,-0.2600,0.0099,1.1923
1463,0.0,0.2245,-5.0132,True,False,False,2.0432,4.6953,1.9933,-1.9754,-1.5755,-0.0071,0.0354,-0.0499,0.0684,-0.0513,-0.0021,-0.0675,0.0084,-0.3234,0.3432,0.1560,-0.1787,0.4148,-0.0000,0.0000,0.0000,0.0000,False,0.0354,-0.0500,0.0684,-0.0512,-0.0020,-0.0674,-2.8003,grasp,-0.1787,0.4148,-0.0000,0.0000,0.0000,0.0000,False,,0.0500,0.0000,False,0.8020,-0.2600,0.0099,1.1905
1464,0.0,0.2244,-0.0021,False,False,False,2.0449,4.6910,1.9979,-1.9786,-1.5741,-0.0099,-0.0075,0.0049,-0.0105,0.0085,0.0047,0.0152,0.0001,-0.3239,0.3413,0.1564,-0.1803,0.4139,0.0000,0.0000,0.0000,0.0000,False,0.0511,0.0266,-0.0090,-0.0459,-0.0543,0.0519,0.2332,grasp,-0.1803,0.4139,0.0000,0.0000,0.0000,0.0000,False,,0.0500,0.0000,True,0.8020,-0.2600,0.0099,1.1913
1465,0.0,0.2244,-0.0037,False,False,False,2.0448,4.6910,1.9978,-1.9785,-1.5741,-0.0098,-0.0075,0.0049,-0.0105,0.0085,0.0047,0.0152,0.0001,-0.3239,0.3413,0.1564,-0.1803,0.4139,0.0000,0.0000,0.0000,0.0000,False,-0.0333,0.0653,0.0346,-0.0720,-0.0212,0.0540,-0.8770,grasp,-0.1803,0.4139,0.0000,0.0000,0.0000,0.0000,False,,0.0500,0.0000,False,0.8020,-0.2600,0.0099,1.1913
1466,0.0,0.2244,-0.0181,False,False,False,2.0443,4.6918,1.9972,-1.9779,-1.5747,-0.0102,-0.0537,0.0785,-0.0616,0.0631,-0.0611,-0.0398,0.0601,-0.3239,0.3413,0.1564,-0.1803,0.4139,0.0000,0.0000,0.0000,0.0000,False,-0.0537,0.0785,-0.0616,0.0631,-0.0611,-0.0398,-2.9743,grasp,-0.1803,0.4139,0.0000,0.0000,0.0000,0.0000,False,,0.0500,0.0000,False,0.8020,-0.2600,0.0099,1.1913
1467,0.0,0.2245,-0.0180,False,False,False,2.0443,4.6918,1.9972,-1.9779,-1.5747,-0.0102,-0.0537,0.0785,-0.0616,0.0631,-0.0611,-0.0398,0.0601,-0.3239,0.3413,0.1564,-0.1801,0.4139,0.0000,0.0000,0.0000,0.0000,False,-0.0426,0.0727,-0.0492,-0.0270,-0.0782,0.0546,-0.9489,grasp,-0.1801,0.4139,0.0000,0.0000,0.0000,0.0000,False,,0.0500,0.0000,False,0.8020,-0.2600,0.0099,1.1913
1468,0.0,0.2199,0.0020,False,False,False,2.0433,4.6934,1.9960,-1.9767,-1.5758,-0.0109,0.0000,0.0000,0.0000,0.0000,0.0000,-0.0000,0.0999,-0.3230,0.3423,0.1511,-0.1801,0.4139,0.0000,0.0000,0.0000,0.0000,False,-0.0107,0.0219,-0.0664,0.0401,-0.0453,0.0642,1.0075,grasp,-0.1801,0.4139,0.0000,0.0000,0.0000,0.0000,False,,0.0500,0.0000,True,0.8020,-0.2600,0.0099,1.1913
1469,0.0,0.2199,-0.0113,False,False,False,2.0432,4.6936,1.9953,-1.9763,-1.5763,-0.0103,-0.0097,0.0198,-0.0652,0.0389,-0.0441,0.0650,0.1199,-0.3230,0.3423,0.1511,-0.1801,0.4139,0.0000,0.0000,0.0000,0.0000,False,0.0638,0.0600,-0.0357,0.0560,-0.0543,-0.0139,-2.1847,grasp,-0.1801,0.4139,0.0000,0.0000,0.0000,0.0000,False,,0.0500,0.0000,False,0.8020,-0.2600,0.0099,1.1913
1470,0.0,0.2162,-0.0046,False,False,False,2.0426,4.6942,1.9934,-1.9752,-1.5772,-0.0090,-0.0353,0.0242,-0.0727,0.0283,-0.0105,0.0052,0.1794,-0.3228,0.3434,0.1464,-0.1801,0.4139,0.0000,0.0000,0.0000,0.0000,False,-0.0355,0.0246,-0.0740,0.0290,-0.0114,0.0064,0.8055,grasp,-0.1801,0.4139,0.0000,0.0000,0.0000,0.0000,False,,0.0500,0.0000,True,0.8020,-0.2600,0.0099,1.1913
1471,0.0,0.2162,-0.0164,False,False,False,2.0419,4.6947,1.9920,-1.9747,-1.5774,-0.0089,-0.0671,0.0460,-0.1382,0.0537,-0.0200,0.0099,0.1994,-0.3228,0.3434,0.1464,-0.1801,0.4139,0.0000,0.0000,0.0000,0.0000,False,0.0013,0.0769,-0.0038,-0.0453,-0.0759,-0.0247,-1.6529,grasp,-0.1801,0.4139,0.0000,0.0000,0.0000,0.0000,False,,0.0500,0.0000,False,0.8020,-0.2600,0.0099,1.1913
1472,0.0,0.2162,-0.0149,False,False,False,2.0419,4.6947,1.9920,-1.9747,-1.5774,-0.0089,-0.0671,0.0460,-0.1382,0.0537,-0.0200,0.0099,0.1994,-0.3228,0.3434,0.1464,-0.1801,0.4139,0.0000,0.0000,0.0000,0.0000,False,-0.0214,0.0663,-0.0155,0.0739,0.0402,-0.0090,-2.7159,grasp,-0.1801,0.4139,0.0000,0.0000,0.0000,0.0000,False,,0.0500,0.0000,False,0.8020,-0.2600,0.0099,1.1913
1473,0.0,0.2196,-0.0059,False,False,False,2.0419,4.6947,1.9920,-1.9747,-1.5774,-0.0089,-0.0000,0.0000,0.0000,0.0000,0.0000,-0.0000,0.1852,-0.3228,0.3434,0.1464,-0.1757,0.4167,0.0007,0.0000,0.0000,0.0000,False,0.0477,0.0758,0.0296,0.0641,-0.0574,-0.0560,-0.9891,grasp,-0.1757,0.4167,0.0007,0.0000,0.0000,0.0000,False,,0.0500,0.0000,False,0.8020,-0.2600,0.0099,1.1913
1474,0.0,0.2196,-0.0024,False,False,False,2.0419,4.6947,1.9920,-1.9747,-1.5774,-0.0089,-0.0000,0.0000,0.0000,0.0000,0.0000,-0.0000,0.1852,-0.3228,0.3434,0.1464,-0.1757,0.4167,0.0007,0.0000,0.0000,0.0000,False,0.0104,0.0586,0.0048,-0.0133,-0.0685,0.0684,-2.3724,grasp,-0.1757,0.4167,0.0007,0.0000,0.0000,0.0000,False,,0.0500,0.0000,False,0.8020,-0.2600,0.0099,1.1913
1475,0.0,0.2199,-0.0222,False,False,False,2.0420,4.6970,1.9920,-1.9744,-1.5790,-0.0070,0.0201,0.1101,0.0094,-0.0267,-0.1310,0.1302,0.1520,-0.3227,0.3439,0.1472,-0.1757,0.4167,0.0007,0.0000,0.0000,0.0000,False,-0.0214,0.0365,0.0688,-0.0705,0.0330,0.0155,-0.7048,grasp,-0.1757,0.4167,0.0007,0.0000,0.0000,0.0000,False,,0.0500,0.0000,False,0.8020,-0.2600,0.0099,1.1913
1476,0.0,0.2192,-0.0142,False,False,False,2.0429,4.6993,1.9922,-1.9742,-1.5815,-0.0051,0.0523,0.0623,0.0096,0.0564,-0.0664,0.0092,0.1316,-0.3218,0.3440,0.1470,-0.1757,0.4167,0.0007,0.0000,0.0000,0.0000,False,0.0525,0.0648,0.0097,0.0560,-0.0682,0.0110,-2.6097,grasp,-0.1757,0.4167,0.0007,0.0000,0.0000,0.0000,False,,0.0500,0.0000,False,0.8020,-0.2600,0.0099,1.1913
1477,0.0,0.2192,-0.0242,False,False,False,2.0438,4.7005,1.9924,-1.9731,-1.5828,-0.0049,0.0993,0.1194,0.0183,0.1072,-0.1261,0.0174,0.1252,-0.3218,0.3440,0.1470,-0.1757,0.4167,0.0007,0.0000,0.0000,0.0000,False,0.0255,0.0397,0.0293,-0.0184,-0.0169,-0.0005,-1.2724,grasp,-0.1757,0.4167,0.0007,0.0000,0.0000,0.0000,False,,0.0500,0.0000,False,0.8020,-0.2600,0.0099,1.1913
1478,0.0,0.2192,-0.0024,False,False,False,2.0438,4.7005,1.9924,-1.9731,-1.5828,-0.0049,0.0000,0.0000,0.0000,0.0000,0.0000,-0.0000,0.1565,-0.3218,0.3440,0.1470,-0.1757,0.4167,0.0007,0.0000,0.0000,0.0000,False,0.0482,0.0568,-0.0352,-0.0129,0.0284,-0.0457,2.7657,grasp,-0.1757,0.4167,0.0007,0.0000,0.0000,0.0000,False,,0.0500,0.0000,True,0.8020,-0.2600,0.0099,1.1913
1479,0.0,0.2216,-5.0041,True,False,False,2.0438,4.7005,1.9924,-1.9731,-1.5828,-0.0049,0.0000,0.0000,0.0000,0.0000,0.0000,-0.0000,0.1565,-0.3218,0.3440,0.1470,-0.1740,0.4158,-0.0016,0.0000,0.0000,0.0000,False,0.0700,0.0796,0.0526,0.0231,0.0744,-0.0645,-0.0006,grasp,-0.1740,0.4158,-0.0016,0.0000,0.0000,0.0000,False,,0.0500,0.0000,False,0.8020,-0.2600,0.0099,1.1913
1480,0.0,0.2111,-0.0046,False,False,False,2.0519,4.7091,1.9984,-1.9703,-1.5698,-0.0119,-0.0165,-0.0208,-0.0104,-0.0038,-0.0017,0.0165,0.0014,-0.3261,0.3361,0.1471,-0.1896,0.4043,0.0013,0.0000,0.0000,0.0000,False,0.0208,0.0552,0.0163,-0.0652,-0.0426,-0.0794,1.2920,grasp,-0.1896,0.4043,0.0013,0.0000,0.0000,0.0000,False,,0.0500,0.0000,True,0.8020,-0.2600,0.0099,1.1936
1481,0.0,0.2111,-0.0023,False,False,False,2.0519,4.7091,1.9984,-1.9703,-1.5698,-0.0119,0.0000,0.0000,0.0000,0.0000,-0.0000,0.0000,0.0214,-0.3261,0.3361,0.1471,-0.1896,0.4043,0.0013,0.0000,0.0000,0.0000,False,0.0301,-0.0130,0.0685,0.0185,-0.0216,0.0614,2.5606,grasp,-0.1896,0.4043,0.0013,0.0000,0.0000,0.0000,False,,0.0500,0.0000,True,0.8020,-0.2600,0.0099,1.1936
1482,0.0,0.2111,-0.0026,False,False,False,2.0519,4.7091,1.9984,-1.9703,-1.5698,-0.0119,0.0000,0.0000,0.0000,0.0000,-0.0000,0.0000,0.0614,-0.3261,0.3361,0.1471,-0.1896,0.4043,0.0013,0.0000,0.0000,0.0000,False,0.0193,-0.0129,0.0578,0.0043,0.0334,0.0201,-0.7503,grasp,-0.1896,0.4043,0.0013,0.0000,0.0000,0.0000,False,,0.0500,0.0000,False,0.8020,-0.2600,0.0099,1.1936
1483,0.0,0.2122,-0.0037,False,False,False,2.0519,4.7091,1.9984,-1.9703,-1.5698,-0.0119,0.0000,0.0000,0.0000,0.0000,-0.0000,0.0000,0.0614,-0.3261,0.3361,0.1471,-0.1884,0.4054,0.0013,0.0000,0.0000,0.0000,False,-0.0190,0.0242,0.0426,0.0362,-0.0521,0.0259,-1.6109,grasp,-0.1884,0.4054,0.0013,0.0000,0.0000,0.0000,False,,0.0500,0.0000,False,0.8020,-0.2600,0.0099,1.1936
1484,0.0,0.2081,-0.0081,False,False,False,2.0523,4.7092,1.9986,-1.9697,-1.5700,-0.0110,0.0292,0.0234,-0.0409,0.0476,-0.0550,0.0664,0.1211,-0.3260,0.3356,0.1409,-0.1884,0.4054,0.0013,0.0000,0.0000,0.0000,False,0.0294,0.0232,-0.0403,0.0477,-0.0547,0.0666,-0.1129,grasp,-0.1884,0.4054,0.0013,0.0000,0.0000,0.0000,False,,0.0500,0.0000,False,0.8020,-0.2600,0.0099,1.1936
1485,0.0,0.2081,-0.0146,False,False,False,2.0523,4.7092,1.9986,-1.9697,-1.5700,-0.0110,0.0292,0.0234,-0.0409,0.0476,-0.0550,0.0664,0.1211,-0.3260,0.3356,0.1409,-0.1884,0.4054,0.0013,0.0000,0.0000,0.0000,False,0.0387,0.0779,-0.0464,-0.0440,0.0322,0.0259,1.3660,grasp,-0.1884,0.4054,0.0013,0.0000,0.0000,0.0000,False,,0.0500,0.0000,True,0.8020,-0.2600,0.0099,1.1936
1486,0.0,0.2050,-0.0219,False,False,False,2.0540,4.7119,1.9965,-1.9701,-1.5701,-0.0090,0.0724,0.1471,-0.0867,-0.0853,0.0632,0.0468,0.2011,-0.3270,0.3358,0.1354,-0.1884,0.4054,0.0013,0.0000,0.0000,0.0000,False,-0.0460,-0.0242,-0.0141,-0.0329,-0.0203,-0.0698,-2.5848,grasp,-0.1884,0.4054,0.0013,0.0000,0.0000,0.0000,False,,0.0500,0.0000,False,0.8020,-0.2600,0.0099,1.1936
1487,0.0,0.2050,-0.0033,False,False,False,2.0540,4.7119,1.9965,-1.9701,-1.5701,-0.0090,-0.0000,0.0000,0.0000,0.0000,-0.0000,0.0000,0.1910,-0.3270,0.3358,0.1354,-0.1884,0.4054,0.0013,0.0000,0.0000,0.0000,False,-0.0266,0.0556,-0.0503,0.0561,0.0628,0.0729,-0.9974,grasp,-0.1884,0.4054,0.0013,0.0000,0.0000,0.0000,False,,0.0500,0.0000,False,0.8020,-0.2600,0.0099,1.1936
1488,0.0,0.2050,-0.0021,False,False,False,2.0540,4.7119,1.9965,-1.9701,-1.5701,-0.0090,-0.0000,0.0000,0.0000,0.0000,-0.0000,0.0000,0.1995,-0.3270,0.3358,0.1354,-0.1884,0.4054,0.0013,0.0000,0.0000,0.0000,False,-0.0378,-0.0471,-0.0348,-0.0683,-0.0221,0.0628,-1.5537,grasp,-0.1884,0.4054,0.0013,0.0000,0.0000,0.0000,False,,0.0500,0.0000,False,0.8020,-0.2600,0.0099,1.1936
1489,0.0,0.2081,-5.0056,True,False,False,2.0540,4.7119,1.9965,-1.9701,-1.5701,-0.0090,-0.0000,0.0000,0.0000,0.0000,-0.0000,0.0000,0.1995,-0.3270,0.3358,0.1354,-0.1860,0.4066,-0.0003,0.0000,0.0000,0.0000,False,0.0424,0.0319,-0.0278,0.0594,0.0761,0.0792,1.1806,grasp,-0.1860,0.4066,-0.0003,0.0000,0.0000,0.0000,False,,0.0500,0.0000,True,0.8020,-0.2600,0.0099,1.1936
1490,0.0,0.2126,-0.0024,False,False,False,2.0534,4.7092,1.9921,-1.9660,-1.5635,0.0013,0.0000,0.0000,0.0000,0.0000,-0.0000,0.0000,0.0216,-0.3289,0.3361,0.1495,-0.1918,0.4024,0.0012,0.0000,0.0000,0.0000,False,0.0683,0.0733,0.0410,-0.0004,-0.0174,-0.0037,-1.5052,grasp,-0.1918,0.4024,0.0012,0.0000,0.0000,0.0000,False,,0.0500,0.0000,False,0.8020,-0.2600,0.0099,1.1944
1491,0.0,0.2126,-0.0114,False,False,False,2.0541,4.7099,1.9925,-1.9660,-1.5637,0.0013,0.0685,0.0735,0.0411,-0.0003,-0.0173,-0.0037,0.0399,-0.3289,0.3361,0.1495,-0.1918,0.4024,0.0012,0.0000,0.0000,0.0000,False,0.0744,0.0482,0.0702,-0.0706,0.0195,-0.0668,1.1622,grasp,-0.1918,0.4024,0.0012,0.0000,0.0000,0.0000,False,,0.0500,0.0000,True,0.8020,-0.2600,0.0099,1.1944
1492,0.0,0.2126,-0.0118,False,False,False,2.0541,4.7099,1.9925,-1.9660,-1.5637,0.0013,0.0685,0.0735,0.0411,-0.0003,-0.0173,-0.0037,0.0399,-0.3289,0.3361,0.1495,-0.1918,0.4024,0.0012,0.0000,0.0000,0.0000,False,0.0067,0.0224,-0.0704,0.0553,0.0688,-0.0464,0.4286,grasp,-0.1918,0.4024,0.0012,0.0000,0.0000,0.0000,False,,0.0500,0.0000,True,0.8020,-0.2600,0.0099,1.1944
1493,0.0,0.2139,-0.0035,False,False,False,2.0541,4.7099,1.9925,-1.9660,-1.5637,0.0013,0.0000,0.0000,0.0000,0.0000,-0.0000,0.0000,0.0799,-0.3289,0.3361,0.1495,-0.1904,0.4038,0.0012,0.0000,0.0000,0.0000,False,0.0448,-0.0045,0.0237,0.0750,0.0532,0.0784,-1.4288,grasp,-0.1904,0.4038,0.0012,0.0000,0.0000,0.0000,False,,0.0500,0.0000,False,0.8020,-0.2600,0.0099,1.1944
1494,0.0,0.2100,-0.0210,False,False,False,2.0554,4.7098,1.9932,-1.9638,-1.5621,0.0036,0.0852,-0.0086,0.0451,0.1424,0.1011,0.1490,0.1064,-0.3291,0.3351,0.1432,-0.1904,0.4038,0.0012,0.0000,0.0000,0.0000,False,0.0748,0.0192,0.0451,-0.0502,-0.0616,-0.0638,1.0609,grasp,-0.1904,0.4038,0.0012,0.0000,0.0000,0.0000,False,,0.0500,0.0000,True,0.8020,-0.2600,0.0099,1.1944
1495,0.0,0.2100,-0.0130,False,False,False,2.0550,4.7106,1.9927,-1.9638,-1.5622,0.0043,-0.0454,0.0741,-0.0448,-0.0039,-0.0074,0.0697,0.1664,-0.3291,0.3351,0.1432,-0.1904,0.4038,0.0012,0.0000,0.0000,0.0000,False,-0.0454,0.0741,-0.0448,-0.0039,-0.0074,0.0697,2.0051,grasp,-0.1904,0.4038,0.0012,0.0000,0.0000,0.0000,False,,0.0500,0.0000,True,0.8020,-0.2600,0.0099,1.1944
1496,0.0,0.2064,0.0015,False,False,False,2.0541,4.7120,1.9919,-1.9639,-1.5624,0.0056,-0.0000,0.0000,0.0000,0.0000,-0.0000,0.0000,0.1884,-0.3291,0.3350,0.1376,-0.1904,0.4038,0.0012,0.0000,0.0000,0.0000,False,-0.0350,-0.0239,-0.0559,0.0190,0.0739,-0.0486,-1.6415,grasp,-0.1904,0.4038,0.0012,0.0000,0.0000,0.0000,False,,0.0500,0.0000,False,0.8020,-0.2600,0.0099,1.1944
1497,0.0,0.2064,-0.0011,False,False,False,2.0541,4.7120,1.9919,-1.9639,-1.5624,0.0056,-0.0000,0.0000,0.0000,0.0000,-0.0000,0.0000,0.1884,-0.3291,0.3350,0.1376,-0.1904,0.4038,0.0012,0.0000,0.0000,0.0000,False,0.0232,0.0242,0.0529,0.0204,0.0193,0.0108,0.7033,grasp,-0.1904,0.4038,0.0012,0.0000,0.0000,0.0000,False,,0.0500,0.0000,True,0.8020,-0.2600,0.0099,1.1944
1498,0.0,0.2064,-0.0119,False,False,False,2.0538,4.7118,1.9913,-1.9637,-1.5616,0.0051,-0.0341,-0.0259,-0.0551,0.0191,0.0741,-0.0499,0.1887,-0.3291,0.3350,0.1376,-0.1904,0.4038,0.0012,0.0000,0.0000,0.0000,False,0.0510,0.0217,-0.0669,0.0262,-0.0098,0.0456,1.2268,grasp,-0.1904,0.4038,0.0012,0.0000,0.0000,0.0000,False,,0.0500,0.0000,True,0.8020,-0.2600,0.0099,1.1944
1499,0.0,0.2100,-5.0153,True,False,False,2.0526,4.7138,1.9899,-1.9629,-1.5629,0.0057,-0.0776,0.1332,-0.0908,0.0517,-0.0837,0.0384,0.2681,-0.3291,0.3350,0.1376,-0.1871,0.4030,-0.0014,0.0000,0.0000,0.0000,False,-0.0409,0.0701,-0.0478,0.0272,-0.0441,0.0202,1.5686,grasp,-0.1871,0.4030,-0.0014,0.0000,0.0000,0.0000,False,,0.0500,0.0000,True,0.8020,-0.2600,0.0099,1.1944
1500,0.0,0.2179,-0.0064,False,False,False,2.0413,4.7183,1.9824,-1.9621,-1.5731,0.0070,-0.0020,-0.0375,0.0133,-0.0170,0.0033,-0.0108,0.0043,-0.3238,0.3440,0.1487,-0.1782,0.4108,0.0010,0.0000,0.0000,0.0000,False,-0.0685,0.0219,-0.0710,0.0236,0.0646,0.0671,-1.5256,grasp,-0.1782,0.4108,0.0010,0.0000,0.0000,0.0000,False,,0.0500,0.0000,False,0.8020,-0.2600,0.0099,1.1877
1501,0.0,0.2175,-0.0148,False,False,False,2.0406,4.7176,1.9823,-1.9629,-1.5729,0.0062,-0.0719,-0.0298,-0.0220,-0.0664,0.0188,-0.0701,0.0439,-0.3238,0.3440,0.1481,-0.1782,0.4108,0.0010,0.0000,0.0000,0.0000,False,-0.0719,-0.0302,-0.0219,-0.0666,0.0188,-0.0702,1.2798,grasp,-0.1782,0.4108,0.0010,0.0000,0.0000,0.0000,False,,0.0500,0.0000,True,0.8020,-0.2600,0.0099,1.1877
1502,0.0,0.2175,-0.0267,False,False,False,2.0392,4.7171,1.9819,-1.9642,-1.5725,0.0048,-0.1366,-0.0567,-0.0418,-0.1262,0.0357,-0.1332,0.0639,-0.3238,0.3440,0.1481,-0.1782,0.4108,0.0010,0.0000,0.0000,0.0000,False,-0.0214,0.0575,-0.0765,0.0664,-0.0031,0.0563,-0.3235,grasp,-0.1782,0.4108,0.0010,0.0000,0.0000,0.0000,False,,0.0500,0.0000,False,0.8020,-0.2600,0.0099,1.1877
1503,0.0,0.2175,-0.0263,False,False,False,2.0392,4.7171,1.9819,-1.9642,-1.5725,0.0048,-0.1366,-0.0567,-0.0418,-0.1262,0.0357,-0.1332,0.0639,-0.3238,0.3440,0.1481,-0.1782,0.4108,0.0010,0.0000,0.0000,0.0000,False,0.0511,0.0407,0.0297,0.0004,-0.0509,0.0679,0.2585,grasp,-0.1782,0.4108,0.0010,0.0000,0.0000,0.0000,False,,0.0500,0.0000,True,0.8020,-0.2600,0.0099,1.1877
1504,0.0,0.2160,-0.0239,False,False,False,2.0392,4.7171,1.9819,-1.9642,-1.5725,0.0048,-0.1366,-0.0567,-0.0418,-0.1262,0.0357,-0.1332,0.0639,-0.3238,0.3440,0.1481,-0.1802,0.4101,0.0009,0.0000,0.0000,0.0000,False,0.0652,0.0204,-0.0461,0.0456,-0.0736,-0.0450,-0.1007,grasp,-0.1802,0.4101,0.0009,0.0000,0.0000,0.0000,False,,0.0500,0.0000,False,0.8020,-0.2600,0.0099,1.1877
1505,0.0,0.2125,-0.0127,False,False,False,2.0385,4.7178,1.9816,-1.9634,-1.5720,0.0049,-0.0708,0.0731,-0.0348,0.0721,0.0490,0.0061,0.1043,-0.3234,0.3453,0.1439,-0.1802,0.4101,0.0009,0.0000,0.0000,0.0000,False,-0.0708,0.0731,-0.0348,0.0721,0.0490,0.0061,-2.3897,grasp,-0.1802,0.4101,0.0009,0.0000,0.0000,0.0000,False,,0.0500,0.0000,False,0.8020,-0.2600,0.0099,1.1877
1506,0.0,0.2125,-0.0124,False,False,False,2.0377,4.7196,1.9816,-1.9623,-1.5704,0.0048,0.0554,0.0303,0.0708,-0.0259,0.0712,-0.0252,0.1430,-0.3234,0.3453,0.1439,-0.1802,0.4101,0.0009,0.0000,0.0000,0.0000,False,0.0540,0.0325,0.0702,-0.0245,0.0721,-0.0251,0.0678,grasp,-0.1802,0.4101,0.0009,0.0000,0.0000,0.0000,False,,0.0500,0.0000,True,0.8020,-0.2600,0.0099,1.1877
1507,0.0,0.2092,-0.0076,False,False,False,2.0386,4.7205,1.9822,-1.9634,-1.5692,0.0044,-0.0122,0.0374,-0.0800,-0.0554,-0.0199,0.0098,0.2026,-0.3238,0.3440,0.1380,-0.1802,0.4101,0.0009,0.0000,0.0000,0.0000,False,-0.0111,0.0380,-0.0783,-0.0559,-0.0185,0.0093,0.1619,grasp,-0.1802,0.4101,0.0009,0.0000,0.0000,0.0000,False,,0.0500,0.0000,True,0.8020,-0.2600,0.0099,1.1877
1508,0.0,0.2092,-0.0110,False,False,False,2.0386,4.7205,1.9822,-1.9634,-1.5692,0.0044,-0.0122,0.0374,-0.0800,-0.0554,-0.0199,0.0098,0.2026,-0.3238,0.3440,0.1380,-0.1802,0.4101,0.0009,0.0000,0.0000,0.0000,False,-0.0113,0.0022,-0.0474,0.0005,-0.0684,-0.0085,1.6042,grasp,-0.1802,0.4101,0.0009,0.0000,0.0000,0.0000,False,,0.0500,0.0000,True,0.8020,-0.2600,0.0099,1.1877
1509,0.0,0.2092,-0.0101,False,False,False,2.0386,4.7205,1.9822,-1.9634,-1.5692,0.0044,-0.0122,0.0374,-0.0800,-0.0554,-0.0199,0.0098,0.2026,-0.3238,0.3440,0.1380,-0.1802,0.4101,0.0009,0.0000,0.0000,0.0000,False,0.0677,-0.0001,0.0127,0.0086,0.0575,0.0395,-0.7503,grasp,-0.1802,0.4101,0.0009,0.0000,0.0000,0.0000,False,,0.0500,0.0000,False,0.8020,-0.2600,0.0099,1.1877
1510,0.0,0.2123,-5.0155,True,False,False,2.0386,4.7205,1.9822,-1.9634,-1.5692,0.0044,-0.0122,0.0374,-0.0800,-0.0554,-0.0199,0.0098,0.2026,-0.3238,0.3440,0.1380,-0.1788,0.4104,-0.0021,0.0000,0.0000,0.0000,False,-0.0312,0.0505,-0.0028,0.0587,0.0149,-0.0589,2.9463,grasp,-0.1788,0.4104,-0.0021,0.0000,0.0000,0.0000,False,,0.0500,0.0000,True,0.8020,-0.2600,0.0099,1.1877
1511,0.0,0.2124,-0.0028,False,False,False,2.0349,4.7197,1.9835,-1.9594,-1.5681,-0.0042,0.0070,-0.0354,0.0103,-0.0189,-0.0040,0.0059,0.0018,-0.3222,0.3443,0.1476,-0.1825,0.4089,0.0012,0.0000,0.0000,0.0000,False,0.0148,0.0702,0.0190,0.0704,0.0576,-0.0241,-0.4611,grasp,-0.1825,0.4089,0.0012,0.0000,0.0000,0.0000,False,,0.0500,0.0000,False,0.8020,-0.2600,0.0099,1.1903
1512,0.0,0.2110,-0.0057,False,False,False,2.0348,4.7196,1.9832,-1.9586,-1.5680,-0.0039,-0.0157,-0.0060,-0.0328,0.0771,0.0063,0.0334,0.0618,-0.3223,0.3442,0.1455,-0.1825,0.4089,0.0012,0.0000,0.0000,0.0000,False,-0.0157,-0.0060,-0.0328,0.0771,0.0063,0.0334,1.7986,grasp,-0.1825,0.4089,0.0012,0.0000,0.0000,0.0000,False,,0.0500,0.0000,True,0.8020,-0.2600,0.0099,1.1903
1513,0.0,0.2110,-0.0090,False,False,False,2.0348,4.7196,1.9832,-1.9586,-1.5680,-0.0039,-0.0157,-0.0060,-0.0328,0.0771,0.0063,0.0334,0.0618,-0.3223,0.3442,0.1455,-0.1825,0.4089,0.0012,0.0000,0.0000,0.0000,False,0.0484,-0.0392,0.0158,-0.0754,-0.0380,-0.0115,1.8180,grasp,-0.1825,0.4089,0.0012,0.0000,0.0000,0.0000,False,,0.0500,0.0000,True,0.8020,-0.2600,0.0099,1.1903
1514,0.0,0.2110,-0.0071,False,False,False,2.0348,4.7196,1.9832,-1.9586,-1.5680,-0.0039,-0.0157,-0.0060,-0.0328,0.0771,0.0063,0.0334,0.0618,-0.3223,0.3442,0.1455,-0.1825,0.4089,0.0012,0.0000,0.0000,0.0000,False,0.0434,0.0612,0.0356,-0.0346,0.0697,-0.0423,2.2406,grasp,-0.1825,0.4089,0.0012,0.0000,0.0000,0.0000,False,,0.0500,0.0000,True,0.8020,-0.2600,0.0099,1.1903
1515,0.0,0.2116,-0.0089,False,False,False,2.0345,4.7195,1.9826,-1.9571,-1.5679,-0.0033,-0.0299,-0.0114,-0.0622,0.1465,0.0119,0.0635,0.0818,-0.3223,0.3442,0.1455,-0.1820,0.4093,0.0010,0.0000,0.0000,0.0000,False,0.0775,0.0243,0.0366,-0.0313,0.0071,0.0045,-1.6884,grasp,-0.1820,0.4093,0.0010,0.0000,0.0000,0.0000,False,,0.0500,0.0000,False,0.8020,-0.2600,0.0099,1.1903
1516,0.0,0.2116,-0.0100,False,False,False,2.0353,4.7197,1.9830,-1.9575,-1.5678,-0.0032,0.0778,0.0244,0.0372,-0.0328,0.0070,0.0039,0.1110,-0.3223,0.3442,0.1455,-0.1820,0.4093,0.0010,0.0000,0.0000,0.0000,False,-0.0375,0.0462,-0.0245,-0.0752,-0.0609,-0.0187,-1.3746,grasp,-0.1820,0.4093,0.0010,0.0000,0.0000,0.0000,False,,0.0500,0.0000,False,0.8020,-0.2600,0.0099,1.1903
1517,0.0,0.2090,-0.0247,False,False,False,2.0387,4.7215,1.9818,-1.9582,-1.5669,-0.0046,0.1289,0.0838,-0.1207,-0.0052,0.0520,-0.0949,0.1784,-0.3227,0.3431,0.1406,-0.1820,0.4093,0.0010,0.0000,0.0000,0.0000,False,0.0693,0.0445,-0.0628,-0.0034,0.0275,-0.0499,0.4611,grasp,-0.1820,0.4093,0.0010,0.0000,0.0000,0.0000,False,,0.0500,0.0000,True,0.8020,-0.2600,0.0099,1.1903
1518,0.0,0.2086,-0.0108,False,False,False,2.0400,4.7224,1.9796,-1.9575,-1.5663,-0.0062,-0.0573,-0.0304,-0.0523,0.0775,-0.0116,-0.0221,0.1728,-0.3251,0.3430,0.1376,-0.1820,0.4093,0.0010,0.0000,0.0000,0.0000,False,-0.0555,-0.0293,-0.0540,0.0774,-0.0109,-0.0234,-2.7500,grasp,-0.1820,0.4093,0.0010,0.0000,0.0000,0.0000,False,,0.0500,0.0000,False,0.8020,-0.2600,0.0099,1.1903
1519,0.0,0.2086,-0.0129,False,False,False,2.0400,4.7224,1.9796,-1.9575,-1.5663,-0.0062,-0.0573,-0.0304,-0.0523,0.0775,-0.0116,-0.0221,0.1728,-0.3251,0.3430,0.1376,-0.1820,0.4093,0.0010,0.0000,0.0000,0.0000,False,0.0673,0.0215,-0.0582,0.0285,0.0174,0.0004,-1.7457,grasp,-0.1820,0.4093,0.0010,0.0000,0.0000,0.0000,False,,0.0500,0.0000,False,0.8020,-0.2600,0.0099,1.1903
1520,0.0,0.2086,-0.0133,False,False,False,2.0400,4.7224,1.9796,-1.9575,-1.5663,-0.0062,-0.0573,-0.0304,-0.0523,0.0775,-0.0116,-0.0221,0.1728,-0.3251,0.3430,0.1376,-0.1820,0.4093,0.0010,0.0000,0.0000,0.0000,False,-0.0590,0.0113,0.0150,0.0776,0.0001,-0.0135,0.8659,grasp,-0.1820,0.4093,0.0010,0.0000,0.0000,0.0000,False,,0.0500,0.0000,True,0.8020,-0.2600,0.0099,1.1903
1521,0.0,0.2094,-5.0024,True,False,False,2.0389,4.7218,1.9786,-1.9560,-1.5665,-0.0066,0.0000,0.0000,0.0000,0.0000,-0.0000,0.0000,0.1805,-0.3251,0.3430,0.1376,-0.1826,0.4104,-0.0003,0.0000,0.0000,0.0000,False,0.0071,-0.0679,0.0495,0.0407,0.0452,-0.0414,-0.2095,grasp,-0.1826,0.4104,-0.0003,0.0000,0.0000,0.0000,False,,0.0500,0.0000,False,0.8020,-0.2600,0.0099,1.1903
1522,0.0,0.2148,-0.0031,False,False,False,2.0413,4.6973,1.9949,-1.9501,-1.5558,-0.0156,-0.0017,-0.0039,-0.0051,-0.0298,-0.0198,0.0203,0.0026,-0.3242,0.3340,0.1519,-0.1862,0.4000,0.0011,0.0000,0.0000,0.0000,False,-0.0750,-0.0672,0.0706,0.0525,0.0719,0.0134,3.0132,grasp,-0.1862,0.4000,0.0011,0.0000,0.0000,0.0000,False,,0.0500,0.0000,True,0.8020,-0.2600,0.0277,1.1886
1523,0.0,0.2127,-0.0125,False,False,False,2.0408,4.6978,1.9949,-1.9498,-1.5562,-0.0147,-0.0484,0.0617,0.0068,0.0541,-0.0233,0.0736,0.0421,-0.3239,0.3343,0.1493,-0.1862,0.4000,0.0011,0.0000,0.0000,0.0000,False,-0.0485,0.0616,0.0068,0.0538,-0.0235,0.0738,-0.6757,grasp,-0.1862,0.4000,0.0011,0.0000,0.0000,0.0000,False,,0.0500,0.0000,False,0.8020,-0.2600,0.0277,1.1886
1524,0.0,0.2127,-0.0257,False,False,False,2.0399,4.6990,1.9950,-1.9488,-1.5567,-0.0133,-0.0920,0.1172,0.0130,0.1027,-0.0444,0.1398,0.0619,-0.3239,0.3343,0.1493,-0.1862,0.4000,0.0011,0.0000,0.0000,0.0000,False,0.0578,0.0749,-0.0342,-0.0728,0.0629,0.0525,-2.5937,grasp,-0.1862,0.4000,0.0011,0.0000,0.0000,0.0000,False,,0.0500,0.0000,False,0.8020,-0.2600,0.0277,1.1886
1525,0.0,0.2127,-0.0251,False,False,False,2.0399,4.6990,1.9950,-1.9488,-1.5567,-0.0133,-0.0920,0.1172,0.0130,0.1027,-0.0444,0.1398,0.0619,-0.3239,0.3343,0.1493,-0.1862,0.4000,0.0011,0.0000,0.0000,0.0000,False,0.0085,0.0428,0.0372,-0.0486,-0.0042,-0.0522,-1.6338,grasp,-0.1862,0.4000,0.0011,0.0000,0.0000,0.0000,False,,0.0500,0.0000,False,0.8020,-0.2600,0.0277,1.1886
1526,0.0,0.2127,-0.0127,False,False,False,2.0403,4.6987,1.9955,-1.9482,-1.5570,-0.0125,0.0460,-0.0396,0.0433,0.0600,-0.0284,0.0774,0.1215,-0.3239,0.3343,0.1493,-0.1862,0.4000,0.0011,0.0000,0.0000,0.0000,False,0.0460,-0.0395,0.0433,0.0600,-0.0284,0.0774,-0.2641,grasp,-0.1862,0.4000,0.0011,0.0000,0.0000,0.0000,False,,0.0500,0.0000,False,0.8020,-0.2600,0.0277,1.1886
1527,0.0,0.2141,-0.0169,False,False,False,2.0403,4.6987,1.9955,-1.9482,-1.5570,-0.0125,0.0460,-0.0396,0.0433,0.0600,-0.0284,0.0774,0.1215,-0.3239,0.3343,0.1493,-0.1850,0.4010,0.0006,0.0000,0.0000,0.0000,False,-0.0678,0.0680,-0.0475,0.0249,0.0604,0.0307,-1.3251,grasp,-0.1850,0.4010,0.0006,0.0000,0.0000,0.0000,False,,0.0500,0.0000,False,0.8020,-0.2600,0.0277,1.1886
1528,0.0,0.2095,-0.0044,False,False,False,2.0409,4.6981,1.9965,-1.9476,-1.5576,-0.0116,-0.0326,0.0156,0.0164,-0.0556,-0.0095,-0.0588,0.1812,-0.3230,0.3329,0.1427,-0.1850,0.4010,0.0006,0.0000,0.0000,0.0000,False,-0.0317,0.0149,0.0173,-0.0544,-0.0100,-0.0574,-1.6957,grasp,-0.1850,0.4010,0.0006,0.0000,0.0000,0.0000,False,,0.0500,0.0000,False,0.8020,-0.2600,0.0277,1.1886
1529,0.0,0.2070,-0.0083,False,False,False,2.0401,4.6988,1.9972,-1.9482,-1.5577,-0.0121,-0.0179,0.0433,0.0437,0.0419,0.0062,0.0626,0.1891,-0.3226,0.3331,0.1396,-0.1850,0.4010,0.0006,0.0000,0.0000,0.0000,False,-0.0185,0.0436,0.0440,0.0408,0.0060,0.0615,-2.1605,grasp,-0.1850,0.4010,0.0006,0.0000,0.0000,0.0000,False,,0.0500,0.0000,False,0.8020,-0.2600,0.0277,1.1886
1530,0.0,0.2070,-0.0113,False,False,False,2.0401,4.6988,1.9972,-1.9482,-1.5577,-0.0121,-0.0179,0.0433,0.0437,0.0419,0.0062,0.0626,0.1891,-0.3226,0.3331,0.1396,-0.1850,0.4010,0.0006,0.0000,0.0000,0.0000,False,-0.0244,0.0567,0.0541,0.0373,-0.0108,-0.0353,2.0736,grasp,-0.1850,0.4010,0.0006,0.0000,0.0000,0.0000,False,,0.0500,0.0000,True,0.8020,-0.2600,0.0277,1.1886
1531,0.0,0.2070,-0.0199,False,False,False,2.0397,4.6997,1.9980,-1.9474,-1.5576,-0.0109,-0.0340,0.0823,0.0830,0.0796,0.0118,0.1189,0.1827,-0.3226,0.3331,0.1396,-0.1850,0.4010,0.0006,0.0000,0.0000,0.0000,False,0.0113,0.0726,-0.0754,-0.0420,0.0752,-0.0256,-0.5731,grasp,-0.1850,0.4010,0.0006,0.0000,0.0000,0.0000,False,,0.0500,0.0000,False,0.8020,-0.2600,0.0277,1.1886
1532,0.0,0.2070,-0.0138,False,False,False,2.0393,4.6994,1.9986,-1.9468,-1.5574,-0.0116,-0.0428,-0.0337,0.0582,0.0609,0.0172,-0.0640,0.2423,-0.3226,0.3331,0.1396,-0.1850,0.4010,0.0006,0.0000,0.0000,0.0000,False,-0.0428,-0.0336,0.0582,0.0609,0.0172,-0.0640,1.4949,grasp,-0.1850,0.4010,0.0006,0.0000,0.0000,0.0000,False,,0.0500,0.0000,True,0.8020,-0.2600,0.0277,1.1886
1533,0.0,0.2070,-0.0136,False,False,False,2.0393,4.6994,1.9986,-1.9468,-1.5574,-0.0116,-0.0428,-0.0337,0.0582,0.0609,0.0172,-0.0640,0.2423,-0.3226,0.3331,0.1396,-0.1850,0.4010,0.0006,0.0000,0.0000,0.0000,False,0.0376,0.0302,0.0310,0.0510,0.0085,0.0608,-1.1643,grasp,-0.1850,0.4010,0.0006,0.0000,0.0000,0.0000,False,,0.0500,0.0000,False,0.8020,-0.2600,0.0277,1.1886
1534,0.0,0.2060,-5.0252,True,False,False,2.0385,4.6987,1.9997,-1.9457,-1.5571,-0.0128,0.0000,0.0000,0.0000,0.0000,-0.0000,0.0000,0.2820,-0.3213,0.3317,0.1349,-0.1819,0.3997,-0.0006,0.0000,0.0000,0.0000,False,0.0670,0.0382,0.0103,-0.0757,-0.0687,0.0179,0.0231,grasp,-0.1819,0.3997,-0.0006,0.0000,0.0000,0.0000,False,,0.0500,0.0000,True,0.8020,-0.2600,0.0277,1.1886
1535,0.0,0.2180,-0.0036,False,False,False,2.0476,4.7024,1.9984,-1.9632,-1.5698,-0.0067,-0.0104,-0.0112,-0.0102,-0.0133,-0.0016,0.0092,0.0108,-0.3238,0.3358,0.1488,-0.1795,0.4051,0.0009,0.0000,0.0000,0.0000,False,0.0353,-0.0357,-0.0787,-0.0507,0.0093,0.0791,-0.8101,grasp,-0.1795,0.4051,0.0009,0.0000,0.0000,0.0000,False,,0.0500,0.0000,False,0.8020,-0.2600,0.0277,1.1859
1536,0.0,0.2180,-0.0027,False,False,False,2.0476,4.7024,1.9984,-1.9632,-1.5698,-0.0067,0.0000,0.0000,0.0000,0.0000,-0.0000,-0.0000,0.0308,-0.3238,0.3358,0.1488,-0.1795,0.4051,0.0009,0.0000,0.0000,0.0000,False,0.0390,0.0622,0.0280,0.0323,-0.0078,-0.0003,0.7458,grasp,-0.1795,0.4051,0.0009,0.0000,0.0000,0.0000,False,,0.0500,0.0000,True,0.8020,-0.2600,0.0277,1.1859
1537,0.0,0.2180,-0.0023,False,False,False,2.0476,4.7024,1.9984,-1.9632,-1.5698,-0.0067,0.0000,0.0000,0.0000,0.0000,-0.0000,0.0000,0.0708,-0.3238,0.3358,0.1488,-0.1795,0.4051,0.0009,0.0000,0.0000,0.0000,False,0.0043,0.0587,0.0622,0.0458,-0.0455,0.0525,-1.9064,grasp,-0.1795,0.4051,0.0009,0.0000,0.0000,0.0000,False,,0.0500,0.0000,False,0.8020,-0.2600,0.0277,1.1859
1538,0.0,0.2177,-0.0022,False,False,False,2.0476,4.7024,1.9984,-1.9632,-1.5698,-0.0067,0.0000,0.0000,0.0000,0.0000,-0.0000,0.0000,0.0708,-0.3238,0.3358,0.1488,-0.1801,0.4058,0.0010,0.0000,0.0000,0.0000,False,-0.0533,0.0183,-0.0457,-0.0663,0.0495,0.0072,-1.7752,grasp,-0.1801,0.4058,0.0010,0.0000,0.0000,0.0000,False,,0.0500,0.0000,False,0.8020,-0.2600,0.0277,1.1859
1539,0.0,0.2136,-0.0071,False,False,False,2.0481,4.7035,1.9993,-1.9630,-1.5699,-0.0067,0.0422,0.0503,0.0204,-0.0228,0.0405,-0.0512,0.1198,-0.3234,0.3353,0.1429,-0.1801,0.4058,0.0010,0.0000,0.0000,0.0000,False,0.0422,0.0510,0.0210,-0.0224,0.0400,-0.0507,2.5854,grasp,-0.1801,0.4058,0.0010,0.0000,0.0000,0.0000,False,,0.0500,0.0000,True,0.8020,-0.2600,0.0277,1.1859
1540,0.0,0.2136,-0.0099,False,False,False,2.0481,4.7035,1.9993,-1.9630,-1.5699,-0.0067,0.0422,0.0503,0.0204,-0.0228,0.0405,-0.0512,0.1198,-0.3234,0.3353,0.1429,-0.1801,0.4058,0.0010,0.0000,0.0000,0.0000,False,0.0441,0.0021,0.0715,-0.0378,0.0315,-0.0666,-2.8359,grasp,-0.1801,0.4058,0.0010,0.0000,0.0000,0.0000,False,,0.0500,0.0000,False,0.8020,-0.2600,0.0277,1.1859
1541,0.0,0.2107,-0.0252,False,False,False,2.0496,4.7062,2.0010,-1.9651,-1.5679,-0.0093,0.0452,0.1147,0.0877,-0.1099,0.0818,-0.1046,0.1787,-0.3245,0.3340,0.1366,-0.1801,0.4058,0.0010,0.0000,0.0000,0.0000,False,0.0246,0.0614,0.0465,-0.0583,0.0438,-0.0560,-1.1316,grasp,-0.1801,0.4058,0.0010,0.0000,0.0000,0.0000,False,,0.0500,0.0000,False,0.8020,-0.2600,0.0277,1.1859
1542,0.0,0.2107,-0.0393,False,False,False,2.0502,4.7079,2.0022,-1.9667,-1.5667,-0.0108,0.0644,0.1637,0.1251,-0.1568,0.1166,-0.1492,0.1864,-0.3245,0.3340,0.1366,-0.1801,0.4058,0.0010,0.0000,0.0000,0.0000,False,0.0161,-0.0454,0.0737,-0.0367,-0.0251,-0.0258,2.9608,grasp,-0.1801,0.4058,0.0010,0.0000,0.0000,0.0000,False,,0.0500,0.0000,True,0.8020,-0.2600,0.0277,1.1859
1543,0.0,0.2107,-0.0383,False,False,False,2.0502,4.7079,2.0022,-1.9667,-1.5667,-0.0108,0.0644,0.1637,0.1251,-0.1568,0.1166,-0.1492,0.1864,-0.3245,0.3340,0.1366,-0.1801,0.4058,0.0010,0.0000,0.0000,0.0000,False,0.0534,0.0518,0.0688,-0.0016,0.0333,0.0574,-2.1334,grasp,-0.1801,0.4058,0.0010,0.0000,0.0000,0.0000,False,,0.0500,0.0000,False,0.8020,-0.2600,0.0277,1.1859
1544,0.0,0.2107,-0.0017,False,False,False,2.0502,4.7080,2.0023,-1.9667,-1.5667,-0.0108,0.0000,0.0000,0.0000,0.0000,-0.0000,0.0000,0.2264,-0.3245,0.3340,0.1366,-0.1801,0.4058,0.0010,0.0000,0.0000,0.0000,False,0.0348,-0.0331,-0.0482,0.0642,-0.0379,0.0234,-0.5907,grasp,-0.1801,0.4058,0.0010,0.0000,0.0000,0.0000,False,,0.0500,0.0000,False,0.8020,-0.2600,0.0277,1.1859
1545,0.0,0.2114,-5.0015,True,False,False,2.0502,4.7080,2.0023,-1.9667,-1.5667,-0.0108,0.0000,0.0000,0.0000,0.0000,-0.0000,0.0000,0.2264,-0.3245,0.3340,0.1366,-0.1818,0.4036,-0.0030,0.0000,0.0000,0.0000,False,-0.0017,0.0405,-0.0686,0.0097,0.0022,0.0037,-2.2650,grasp,-0.1818,0.4036,-0.0030,0.0000,0.0000,0.0000,False,,0.0500,0.0000,False,0.8020,-0.2600,0.0277,1.1859
1546,0.0,0.2152,-0.0029,False,False,False,2.0473,4.7091,1.9900,-1.9668,-1.5679,-0.0071,-0.0100,-0.0204,0.0014,-0.0084,-0.0043,0.0097,0.0023,-0.3264,0.3395,0.1501,-0.1872,0.4078,0.0009,0.0000,0.0000,0.0000,False,0.0292,-0.0310,-0.0060,0.0037,0.0387,0.0371,-0.2312,grasp,-0.1872,0.4078,0.0009,0.0000,0.0000,0.0000,False,,0.0500,0.0000,False,0.8020,-0.2600,0.0125,1.1936
1547,0.0,0.2154,-0.0040,False,False,False,2.0473,4.7091,1.9900,-1.9668,-1.5679,-0.0071,0.0000,0.0000,0.0000,0.0000,-0.0000,0.0000,0.0221,-0.3263,0.3397,0.1505,-0.1872,0.4078,0.0009,0.0000,0.0000,0.0000,False,0.0691,0.0306,0.0106,-0.0048,0.0231,0.0575,0.3647,grasp,-0.1872,0.4078,0.0009,0.0000,0.0000,0.0000,False,,0.0500,0.0000,True,0.8020,-0.2600,0.0125,1.1936
1548,0.0,0.2154,-0.0024,False,False,False,2.0473,4.7091,1.9900,-1.9668,-1.5679,-0.0071,0.0000,0.0000,0.0000,0.0000,-0.0000,0.0000,0.0221,-0.3263,0.3397,0.1505,-0.1872,0.4078,0.0009,0.0000,0.0000,0.0000,False,0.0727,0.0765,-0.0298,0.0705,0.0125,-0.0229,-2.4106,grasp,-0.1872,0.4078,0.0009,0.0000,0.0000,0.0000,False,,0.0500,0.0000,False,0.8020,-0.2600,0.0125,1.1936
1549,0.0,0.2154,-0.0107,False,False,False,2.0480,4.7094,1.9901,-1.9669,-1.5676,-0.0066,0.0691,0.0306,0.0106,-0.0048,0.0231,0.0575,0.0419,-0.3263,0.3397,0.1505,-0.1872,0.4078,0.0009,0.0000,0.0000,0.0000,False,0.0263,0.0773,0.0609,-0.0380,0.0635,0.0674,0.1908,grasp,-0.1872,0.4078,0.0009,0.0000,0.0000,0.0000,False,,0.0500,0.0000,True,0.8020,-0.2600,0.0125,1.1936
1550,0.0,0.2162,-0.0114,False,False,False,2.0480,4.7094,1.9901,-1.9669,-1.5676,-0.0066,0.0691,0.0306,0.0106,-0.0048,0.0231,0.0575,0.0419,-0.3263,0.3397,0.1505,-0.1863,0.4084,0.0008,0.0000,0.0000,0.0000,False,-0.0461,0.0532,-0.0462,0.0232,0.0613,0.0026,1.2603,grasp,-0.1863,0.4084,0.0008,0.0000,0.0000,0.0000,False,,0.0500,0.0000,True,0.8020,-0.2600,0.0125,1.1936
1551,0.0,0.2121,0.0007,False,False,False,2.0476,4.7100,1.9897,-1.9666,-1.5670,-0.0065,-0.0000,0.0000,0.0000,0.0000,-0.0000,0.0000,0.1058,-0.3266,0.3395,0.1443,-0.1863,0.4084,0.0008,0.0000,0.0000,0.0000,False,0.0373,-0.0505,-0.0173,0.0483,-0.0174,0.0414,-2.1713,grasp,-0.1863,0.4084,0.0008,0.0000,0.0000,0.0000,False,,0.0500,0.0000,False,0.8020,-0.2600,0.0125,1.1936
1552,0.0,0.2121,-0.0050,False,False,False,2.0480,4.7097,1.9894,-1.9660,-1.5669,-0.0065,0.0071,0.0220,-0.0077,0.0147,0.0310,-0.0331,0.1171,-0.3266,0.3395,0.1443,-0.1863,0.4084,0.0008,0.0000,0.0000,0.0000,False,0.0074,0.0215,-0.0079,0.0152,0.0308,-0.0327,-1.9013,grasp,-0.1863,0.4084,0.0008,0.0000,0.0000,0.0000,False,,0.0500,0.0000,False,0.8020,-0.2600,0.0125,1.1936
1553,0.0,0.2118,-0.0019,False,False,False,2.0481,4.7101,1.9893,-1.9657,-1.5663,-0.0071,0.0000,0.0000,0.0000,0.0000,-0.0000,0.0000,0.1304,-0.3269,0.3391,0.1432,-0.1863,0.4084,0.0008,0.0000,0.0000,0.0000,False,0.0531,0.0239,-0.0062,-0.0212,0.0686,-0.0469,-1.4704,grasp,-0.1863,0.4084,0.0008,0.0000,0.0000,0.0000,False,,0.0500,0.0000,False,0.8020,-0.2600,0.0125,1.1936
1554,0.0,0.2118,-0.0019,False,False,False,2.0481,4.7101,1.9893,-1.9657,-1.5663,-0.0071,0.0000,0.0000,0.0000,0.0000,-0.0000,0.0000,0.1304,-0.3269,0.3391,0.1432,-0.1863,0.4084,0.0008,0.0000,0.0000,0.0000,False,0.0037,0.0562,-0.0719,-0.0075,0.0445,0.0704,2.4159,grasp,-0.1863,0.4084,0.0008,0.0000,0.0000,0.0000,False,,0.0500,0.0000,True,0.8020,-0.2600,0.0125,1.1936
1555,0.0,0.2118,-0.0084,False,False,False,2.0487,4.7103,1.9892,-1.9660,-1.5656,-0.0076,0.0530,0.0235,-0.0061,-0.0214,0.0680,-0.0463,0.1386,-0.3269,0.3391,0.1432,-0.1863,0.4084,0.0008,0.0000,0.0000,0.0000,False,0.0163,-0.0025,0.0669,0.0211,-0.0346,0.0744,-1.6218,grasp,-0.1863,0.4084,0.0008,0.0000,0.0000,0.0000,False,,0.0500,0.0000,False,0.8020,-0.2600,0.0125,1.1936
1556,0.0,0.2142,-5.0131,True,False,False,2.0487,4.7103,1.9892,-1.9660,-1.5656,-0.0076,0.0530,0.0235,-0.0061,-0.0214,0.0680,-0.0463,0.1386,-0.3269,0.3391,0.1432,-0.1842,0.4091,-0.0004,0.0000,0.0000,0.0000,False,0.0560,0.0036,-0.0552,-0.0655,-0.0035,-0.0402,-1.7957,grasp,-0.1842,0.4091,-0.0004,0.0000,0.0000,0.0000,False,,0.0500,0.0000,False,0.8020,-0.2600,0.0125,1.1936
1557,0.0,0.2223,-0.0056,False,False,False,2.0532,4.7061,1.9828,-1.9763,-1.5676,-0.0104,-0.0183,-0.0165,0.0114,0.0046,-0.0047,0.0144,0.0011,-0.3314,0.3429,0.1561,-0.1908,0.4161,0.0003,0.0000,0.0000,0.0000,False,0.0275,-0.0078,-0.0378,-0.0123,0.0550,0.0576,-0.2564,grasp,-0.1908,0.4161,0.0003,0.0000,0.0000,0.0000,False,,0.0500,0.0000,False,0.8020,-0.2600,0.0099,1.2012
1558,0.0,0.2213,0.0001,False,False,False,2.0532,4.7061,1.9828,-1.9763,-1.5676,-0.0104,0.0000,0.0000,0.0000,0.0000,-0.0000,0.0000,0.0411,-0.3310,0.3429,0.1549,-0.1908,0.4161,0.0003,0.0000,0.0000,0.0000,False,0.0306,-0.0231,0.0099,-0.0242,0.0231,-0.0590,-2.3390,grasp,-0.1908,0.4161,0.0003,0.0000,0.0000,0.0000,False,,0.0500,0.0000,False,0.8020,-0.2600,0.0099,1.2012
1559,0.0,0.2213,-0.0075,False,False,False,2.0535,4.7058,1.9828,-1.9765,-1.5674,-0.0110,0.0306,-0.0231,0.0099,-0.0242,0.0231,-0.0590,0.0611,-0.3310,0.3429,0.1549,-0.1908,0.4161,0.0003,0.0000,0.0000,0.0000,False,0.0286,0.0116,-0.0114,0.0025,0.0612,-0.0340,-1.4597,grasp,-0.1908,0.4161,0.0003,0.0000,0.0000,0.0000,False,,0.0500,0.0000,False,0.8020,-0.2600,0.0099,1.2012
1560,0.0,0.2213,-0.0082,False,False,False,2.0535,4.7058,1.9828,-1.9765,-1.5674,-0.0110,0.0306,-0.0231,0.0099,-0.0242,0.0231,-0.0590,0.0611,-0.3310,0.3429,0.1549,-0.1908,0.4161,0.0003,0.0000,0.0000,0.0000,False,0.0342,0.0142,0.0256,0.0158,0.0718,0.0636,-0.0132,grasp,-0.1908,0.4161,0.0003,0.0000,0.0000,0.0000,False,,0.0500,0.0000,False,0.8020,-0.2600,0.0099,1.2012
1561,0.0,0.2182,-0.0066,False,False,False,2.0538,4.7060,1.9829,-1.9772,-1.5676,-0.0103,0.0306,0.0146,0.0054,-0.0719,-0.0209,0.0681,0.1211,-0.3314,0.3429,0.1491,-0.1894,0.4159,0.0003,0.0000,0.0000,0.0000,False,0.0306,0.0146,0.0054,-0.0719,-0.0209,0.0681,-0.9640,grasp,-0.1894,0.4159,0.0003,0.0000,0.0000,0.0000,False,,0.0500,0.0000,False,0.8020,-0.2600,0.0099,1.2012
1562,0.0,0.2182,-0.0271,False,False,False,2.0544,4.7083,1.9813,-1.9775,-1.5658,-0.0074,0.0004,0.1344,-0.1099,0.0706,0.1409,0.1039,0.2010,-0.3314,0.3429,0.1491,-0.1894,0.4159,0.0003,0.0000,0.0000,0.0000,False,0.0008,0.0710,-0.0578,0.0358,0.0738,0.0560,0.6845,grasp,-0.1894,0.4159,0.0003,0.0000,0.0000,0.0000,False,,0.0500,0.0000,True,0.8020,-0.2600,0.0099,1.2012
1563,0.0,0.2155,0.0003,False,False,False,2.0544,4.7103,1.9798,-1.9765,-1.5638,-0.0060,-0.0000,0.0000,0.0000,0.0000,-0.0000,0.0000,0.2364,-0.3331,0.3431,0.1435,-0.1894,0.4159,0.0003,0.0000,0.0000,0.0000,False,0.0137,0.0092,0.0188,-0.0672,-0.0201,-0.0429,-0.2025,grasp,-0.1894,0.4159,0.0003,0.0000,0.0000,0.0000,False,,0.0500,0.0000,False,0.8020,-0.2600,0.0099,1.2012
1564,0.0,0.2155,-0.0022,False,False,False,2.0544,4.7103,1.9798,-1.9765,-1.5638,-0.0060,-0.0000,0.0000,0.0000,0.0000,-0.0000,0.0000,0.2364,-0.3331,0.3431,0.1435,-0.1894,0.4159,0.0003,0.0000,0.0000,0.0000,False,0.0261,-0.0362,-0.0717,-0.0565,0.0295,-0.0563,1.7299,grasp,-0.1894,0.4159,0.0003,0.0000,0.0000,0.0000,False,,0.0500,0.0000,True,0.8020,-0.2600,0.0099,1.2012
1565,0.0,0.2169,-5.0099,True,False,False,2.0546,4.7104,1.9800,-1.9772,-1.5641,-0.0064,0.0137,0.0065,0.0204,-0.0682,-0.0221,-0.0444,0.2502,-0.3331,0.3431,0.1435,-0.1890,0.4166,-0.0011,0.0000,0.0000,0.0000,False,-0.0714,-0.0250,0.0712,-0.0547,0.0670,0.0732,-1.5955,grasp,-0.1890,0.4166,-0.0011,0.0000,0.0000,0.0000,False,,0.0500,0.0000,False,0.8020,-0.2600,0.0099,1.2012
1566,0.0,0.2186,-0.0039,False,False,False,2.0437,4.7033,1.9898,-1.9811,-1.5598,0.0023,-0.0051,-0.0127,0.0016,0.0112,-0.0155,-0.0031,0.0032,-0.3291,0.3435,0.1544,-0.1898,0.4126,0.0007,0.0000,0.0000,0.0000,False,0.0064,0.0512,0.0586,-0.0665,-0.0674,0.0148,0.8431,grasp,-0.1898,0.4126,0.0007,0.0000,0.0000,0.0000,False,,0.0500,0.0000,True,0.8020,-0.2600,0.0099,1.1984
1567,0.0,0.2169,-0.0085,False,False,False,2.0441,4.7027,1.9893,-1.9810,-1.5599,0.0023,0.0473,-0.0607,-0.0546,0.0100,-0.0068,0.0028,0.0632,-0.3289,0.3435,0.1521,-0.1898,0.4126,0.0007,0.0000,0.0000,0.0000,False,0.0473,-0.0607,-0.0546,0.0100,-0.0068,0.0028,-2.6815,grasp,-0.1898,0.4126,0.0007,0.0000,0.0000,0.0000,False,,0.0500,0.0000,False,0.8020,-0.2600,0.0099,1.1984
1568,0.0,0.2169,-0.0104,False,False,False,2.0441,4.7027,1.9893,-1.9810,-1.5599,0.0023,0.0473,-0.0607,-0.0546,0.0100,-0.0068,0.0028,0.0632,-0.3289,0.3435,0.1521,-0.1898,0.4126,0.0007,0.0000,0.0000,0.0000,False,0.0125,0.0390,0.0172,0.0038,0.0523,-0.0366,1.9700,grasp,-0.1898,0.4126,0.0007,0.0000,0.0000,0.0000,False,,0.0500,0.0000,True,0.8020,-0.2600,0.0099,1.1984
1569,0.0,0.2177,-0.0120,False,False,False,2.0441,4.7027,1.9893,-1.9810,-1.5599,0.0023,0.0473,-0.0607,-0.0546,0.0100,-0.0068,0.0028,0.0632,-0.3289,0.3435,0.1521,-0.1886,0.4127,0.0006,0.0000,0.0000,0.0000,False,0.0561,0.0606,-0.0777,-0.0099,0.0711,-0.0740,2.6969,grasp,-0.1886,0.4127,0.0006,0.0000,0.0000,0.0000,False,,0.0500,0.0000,True,0.8020,-0.2600,0.0099,1.1984
1570,0.0,0.2150,-0.0207,False,False,False,2.0450,4.7037,1.9882,-1.9829,-1.5588,0.0012,-0.0028,0.1434,-0.0036,-0.1399,0.0800,-0.0786,0.1426,-0.3302,0.3440,0.1471,-0.1886,0.4127,0.0006,0.0000,0.0000,0.0000,False,-0.0006,0.0740,-0.0029,-0.0735,0.0420,-0.0413,1.9721,grasp,-0.1886,0.4127,0.0006,0.0000,0.0000,0.0000,False,,0.0500,0.0000,True,0.8020,-0.2600,0.0099,1.1984
1571,0.0,0.2150,-0.0223,False,False,False,2.0450,4.7037,1.9882,-1.9829,-1.5588,0.0012,-0.0028,0.1434,-0.0036,-0.1399,0.0800,-0.0786,0.1426,-0.3302,0.3440,0.1471,-0.1886,0.4127,0.0006,0.0000,0.0000,0.0000,False,0.0180,0.0372,0.0394,-0.0561,-0.0701,-0.0429,-2.2536,grasp,-0.1886,0.4127,0.0006,0.0000,0.0000,0.0000,False,,0.0500,0.0000,False,0.8020,-0.2600,0.0099,1.1984
1572,0.0,0.2150,-0.0141,False,False,False,2.0450,4.7064,1.9873,-1.9857,-1.5572,0.0006,0.0024,0.0453,-0.0787,-0.0752,0.0439,0.0612,0.2023,-0.3302,0.3440,0.1471,-0.1886,0.4127,0.0006,0.0000,0.0000,0.0000,False,0.0023,0.0490,-0.0788,-0.0772,0.0450,0.0601,2.1290,grasp,-0.1886,0.4127,0.0006,0.0000,0.0000,0.0000,False,,0.0500,0.0000,True,0.8020,-0.2600,0.0099,1.1984
1573,0.0,0.2134,-0.0064,False,False,False,2.0450,4.7072,1.9864,-1.9872,-1.5563,0.0010,-0.0008,-0.0079,0.0583,-0.0097,0.0140,-0.0775,0.1850,-0.3319,0.3456,0.1439,-0.1886,0.4127,0.0006,0.0000,0.0000,0.0000,False,-0.0007,-0.0070,0.0568,-0.0112,0.0148,-0.0763,-3.1367,grasp,-0.1886,0.4127,0.0006,0.0000,0.0000,0.0000,False,,0.0500,0.0000,False,0.8020,-0.2600,0.0099,1.1984
1574,0.0,0.2134,-0.0072,False,False,False,2.0450,4.7072,1.9864,-1.9872,-1.5563,0.0010,-0.0008,-0.0079,0.0583,-0.0097,0.0140,-0.0775,0.1850,-0.3319,0.3456,0.1439,-0.1886,0.4127,0.0006,0.0000,0.0000,0.0000,False,-0.0099,0.0490,-0.0538,0.0023,-0.0502,-0.0001,-2.2111,grasp,-0.1886,0.4127,0.0006,0.0000,0.0000,0.0000,False,,0.0500,0.0000,False,0.8020,-0.2600,0.0099,1.1984
1575,0.0,0.2134,-0.0088,False,False,False,2.0450,4.7072,1.9864,-1.9872,-1.5563,0.0010,-0.0008,-0.0079,0.0583,-0.0097,0.0140,-0.0775,0.1850,-0.3319,0.3456,0.1439,-0.1886,0.4127,0.0006,0.0000,0.0000,0.0000,False,0.0030,-0.0519,0.0100,0.0113,-0.0392,0.0444,-0.2484,grasp,-0.1886,0.4127,0.0006,0.0000,0.0000,0.0000,False,,0.0500,0.0000,False,0.8020,-0.2600,0.0099,1.1984
1576,0.0,0.2148,-5.0142,True,False,False,2.0457,4.7068,1.9871,-1.9866,-1.5558,-0.0011,0.0695,-0.0196,-0.0474,0.0751,0.0220,-0.0659,0.1604,-0.3319,0.3456,0.1439,-0.1895,0.4170,-0.0003,0.0000,0.0000,0.0000,False,0.0694,-0.0198,-0.0463,0.0749,0.0223,-0.0674,-2.0893,grasp,-0.1895,0.4170,-0.0003,0.0000,0.0000,0.0000,False,,0.0500,0.0000,False,0.8020,-0.2600,0.0099,1.1984
1577,0.0,0.2256,-0.0045,False,False,False,2.0590,4.6981,1.9780,-1.9653,-1.5563,-0.0152,-0.0290,-0.0059,0.0198,-0.0117,-0.0224,0.0232,0.0007,-0.3357,0.3385,0.1611,-0.1961,0.4126,0.0001,0.0000,0.0000,0.0000,False,0.0599,0.0239,0.0170,0.0092,-0.0751,-0.0738,-1.5585,grasp,-0.1961,0.4126,0.0001,0.0000,0.0000,0.0000,False,,0.0500,0.0000,False,0.8020,-0.2600,0.0099,1.2036
1578,0.0,0.2228,-0.0184,False,False,False,2.0612,4.6992,1.9771,-1.9648,-1.5571,-0.0134,0.1441,0.0744,-0.0594,0.0343,-0.0503,0.1147,0.0807,-0.3356,0.3385,0.1572,-0.1961,0.4126,0.0001,0.0000,0.0000,0.0000,False,0.0759,0.0392,-0.0312,0.0180,-0.0265,0.0604,-0.9637,grasp,-0.1961,0.4126,0.0001,0.0000,0.0000,0.0000,False,,0.0500,0.0000,False,0.8020,-0.2600,0.0099,1.2036
1579,0.0,0.2228,-0.0041,False,False,False,2.0632,4.7003,1.9763,-1.9643,-1.5578,-0.0118,0.0000,0.0000,0.0000,0.0000,-0.0000,0.0000,0.1207,-0.3356,0.3385,0.1572,-0.1961,0.4126,0.0001,0.0000,0.0000,0.0000,False,0.0050,0.0763,-0.0565,-0.0219,-0.0221,-0.0365,-1.6319,grasp,-0.1961,0.4126,0.0001,0.0000,0.0000,0.0000,False,,0.0500,0.0000,False,0.8020,-0.2600,0.0099,1.2036
1580,0.0,0.2228,-0.0098,False,False,False,2.0633,4.7010,1.9757,-1.9645,-1.5580,-0.0122,0.0029,0.0752,-0.0557,-0.0224,-0.0214,-0.0382,0.1407,-0.3356,0.3385,0.1572,-0.1961,0.4126,0.0001,0.0000,0.0000,0.0000,False,0.0239,0.0496,-0.0470,-0.0078,0.0574,-0.0628,-1.8790,grasp,-0.1961,0.4126,0.0001,0.0000,0.0000,0.0000,False,,0.0500,0.0000,False,0.8020,-0.2600,0.0099,1.2036
1581,0.0,0.2247,-0.0130,False,False,False,2.0633,4.7010,1.9757,-1.9645,-1.5580,-0.0122,0.0029,0.0752,-0.0557,-0.0224,-0.0214,-0.0382,0.1407,-0.3356,0.3385,0.1572,-0.1934,0.4133,0.0001,0.0000,0.0000,0.0000,False,0.0024,0.0334,0.0304,-0.0086,0.0559,0.0494,0.5211,grasp,-0.1934,0.4133,0.0001,0.0000,0.0000,0.0000,False,,0.0500,0.0000,True,0.8020,-0.2600,0.0099,1.2036
1582,0.0,0.2247,-0.0119,False,False,False,2.0633,4.7010,1.9757,-1.9645,-1.5580,-0.0122,0.0029,0.0752,-0.0557,-0.0224,-0.0214,-0.0382,0.1407,-0.3356,0.3385,0.1572,-0.1934,0.4133,0.0001,0.0000,0.0000,0.0000,False,0.0202,0.0518,0.0310,0.0572,0.0609,-0.0652,-0.2770,grasp,-0.1934,0.4133,0.0001,0.0000,0.0000,0.0000,False,,0.0500,0.0000,False,0.8020,-0.2600,0.0099,1.2036
1583,0.0,0.2214,0.0002,False,False,False,2.0633,4.7025,1.9747,-1.9650,-1.5584,-0.0129,0.0000,0.0000,0.0000,0.0000,-0.0000,0.0000,0.1802,-0.3370,0.3386,0.1512,-0.1934,0.4133,0.0001,0.0000,0.0000,0.0000,False,-0.0161,0.0464,0.0722,-0.0645,-0.0307,-0.0270,1.0428,grasp,-0.1934,0.4133,0.0001,0.0000,0.0000,0.0000,False,,0.0500,0.0000,True,0.8020,-0.2600,0.0099,1.2036
1584,0.0,0.2214,-0.0129,False,False,False,2.0632,4.7029,1.9754,-1.9656,-1.5587,-0.0132,-0.0161,0.0446,0.0732,-0.0641,-0.0303,-0.0263,0.1998,-0.3370,0.3386,0.1512,-0.1934,0.4133,0.0001,0.0000,0.0000,0.0000,False,-0.0117,-0.0575,0.0437,0.0322,0.0383,0.0264,0.3082,grasp,-0.1934,0.4133,0.0001,0.0000,0.0000,0.0000,False,,0.0500,0.0000,True,0.8020,-0.2600,0.0099,1.2036
1585,0.0,0.2175,-0.0151,False,False,False,2.0635,4.7016,1.9750,-1.9667,-1.5591,-0.0141,0.0459,-0.1516,-0.1177,0.0100,0.0081,-0.0278,0.2794,-0.3367,0.3386,0.1457,-0.1934,0.4133,0.0001,0.0000,0.0000,0.0000,False,0.0238,-0.0785,-0.0605,0.0040,0.0037,-0.0151,2.6080,grasp,-0.1934,0.4133,0.0001,0.0000,0.0000,0.0000,False,,0.0500,0.0000,True,0.8020,-0.2600,0.0099,1.2036
1586,0.0,0.2175,-0.0176,False,False,False,2.0635,4.7016,1.9750,-1.9667,-1.5591,-0.0141,0.0459,-0.1516,-0.1177,0.0100,0.0081,-0.0278,0.2794,-0.3367,0.3386,0.1457,-0.1934,0.4133,0.0001,0.0000,0.0000,0.0000,False,0.0448,-0.0332,-0.0458,0.0657,0.0713,-0.0466,0.2618,grasp,-0.1934,0.4133,0.0001,0.0000,0.0000,0.0000,False,,0.0500,0.0000,True,0.8020,-0.2600,0.0099,1.2036
1587,0.0,0.2175,-0.0147,False,False,False,2.0646,4.6989,1.9729,-1.9659,-1.5583,-0.0150,0.0441,-0.0282,-0.0441,0.0656,0.0711,-0.0462,0.3243,-0.3367,0.3386,0.1457,-0.1934,0.4133,0.0001,0.0000,0.0000,0.0000,False,-0.0085,0.0779,0.0177,-0.0066,0.0751,-0.0761,-2.1173,grasp,-0.1934,0.4133,0.0001,0.0000,0.0000,0.0000,False,,0.0500,0.0000,False,0.8020,-0.2600,0.0099,1.2036
1588,0.0,0.2187,-5.0182,True,False,False,2.0646,4.6989,1.9729,-1.9659,-1.5583,-0.0150,0.0441,-0.0282,-0.0441,0.0656,0.0711,-0.0462,0.3243,-0.3367,0.3386,0.1457,-0.1929,0.4145,-0.0006,0.0000,0.0000,0.0000,False,0.0688,0.0466,0.0111,0.0322,-0.0374,0.0328,0.1569,grasp,-0.1929,0.4145,-0.0006,0.0000,0.0000,0.0000,False,,0.0500,0.0000,False,0.8020,-0.2600,0.0099,1.2036
1589,0.0,0.2242,-0.0040,False,False,False,2.0644,4.7015,1.9787,-1.9642,-1.5647,-0.0081,-0.0338,-0.0101,0.0171,-0.0122,-0.0088,0.0112,0.0036,-0.3348,0.3374,0.1588,-0.1944,0.4107,0.0001,0.0000,0.0000,0.0000,False,0.0091,-0.0652,0.0349,-0.0169,0.0289,0.0725,0.4608,grasp,-0.1944,0.4107,0.0001,0.0000,0.0000,0.0000,False,,0.0500,0.0000,True,0.8020,-0.2600,0.0099,1.2012
1590,0.0,0.2242,-0.0017,False,False,False,2.0644,4.7015,1.9787,-1.9642,-1.5647,-0.0081,0.0000,0.0000,0.0000,0.0000,-0.0000,0.0000,0.0236,-0.3348,0.3374,0.1588,-0.1944,0.4107,0.0001,0.0000,0.0000,0.0000,False,0.0149,-0.0306,0.0218,-0.0279,-0.0654,-0.0511,-0.5114,grasp,-0.1944,0.4107,0.0001,0.0000,0.0000,0.0000,False,,0.0500,0.0000,False,0.8020,-0.2600,0.0099,1.2012
1591,0.0,0.2242,-0.0025,False,False,False,2.0644,4.7015,1.9787,-1.9642,-1.5647,-0.0081,0.0000,0.0000,0.0000,0.0000,-0.0000,0.0000,0.0636,-0.3348,0.3374,0.1588,-0.1944,0.4107,0.0001,0.0000,0.0000,0.0000,False,-0.0450,0.0317,-0.0217,0.0569,-0.0651,0.0632,-2.4273,grasp,-0.1944,0.4107,0.0001,0.0000,0.0000,0.0000,False,,0.0500,0.0000,False,0.8020,-0.2600,0.0099,1.2012
1592,0.0,0.2242,-0.0026,False,False,False,2.0644,4.7015,1.9787,-1.9642,-1.5647,-0.0081,0.0000,0.0000,0.0000,0.0000,-0.0000,0.0000,0.0636,-0.3348,0.3374,0.1588,-0.1944,0.4107,0.0001,0.0000,0.0000,0.0000,False,0.0086,-0.0145,-0.0635,0.0117,0.0599,-0.0234,-2.6622,grasp,-0.1944,0.4107,0.0001,0.0000,0.0000,0.0000,False,,0.0500,0.0000,False,0.8020,-0.2600,0.0099,1.2012
1593,0.0,0.2256,-0.0161,False,False,False,2.0639,4.7018,1.9785,-1.9636,-1.5653,-0.0075,-0.0450,0.0317,-0.0217,0.0569,-0.0651,0.0632,0.0680,-0.3348,0.3374,0.1588,-0.1925,0.4111,0.0000,0.0000,0.0000,0.0000,False,0.0376,0.0737,0.0717,-0.0328,-0.0405,0.0612,-2.5560,grasp,-0.1925,0.4111,0.0000,0.0000,0.0000,0.0000,False,,0.0500,0.0000,False,0.8020,-0.2600,0.0099,1.2012
1594,0.0,0.2224,-0.0258,False,False,False,2.0650,4.7039,1.9805,-1.9646,-1.5665,-0.0057,0.0723,0.1394,0.1367,-0.0635,-0.0757,0.1150,0.0698,-0.3345,0.3376,0.1547,-0.1925,0.4111,0.0000,0.0000,0.0000,0.0000,False,0.0743,-0.0647,0.0327,-0.0543,-0.0008,0.0473,-0.1219,grasp,-0.1925,0.4111,0.0000,0.0000,0.0000,0.0000,False,,0.0500,0.0000,False,0.8020,-0.2600,0.0099,1.2012
1595,0.0,0.2190,-0.0123,False,False,False,2.0643,4.7033,1.9802,-1.9650,-1.5666,-0.0053,-0.0743,-0.0747,-0.0363,-0.0392,-0.0091,0.0446,0.1298,-0.3341,0.3372,0.1499,-0.1925,0.4111,0.0000,0.0000,0.0000,0.0000,False,-0.0743,-0.0746,-0.0363,-0.0392,-0.0091,0.0446,-2.1690,grasp,-0.1925,0.4111,0.0000,0.0000,0.0000,0.0000,False,,0.0500,0.0000,False,0.8020,-0.2600,0.0099,1.2012
1596,0.0,0.2190,-0.0264,False,False,False,2.0629,4.7019,1.9795,-1.9657,-1.5667,-0.0044,-0.1412,-0.1419,-0.0691,-0.0744,-0.0173,0.0847,0.1498,-0.3341,0.3372,0.1499,-0.1925,0.4111,0.0000,0.0000,0.0000,0.0000,False,0.0147,-0.0130,-0.0581,-0.0766,-0.0713,0.0668,1.7901,grasp,-0.1925,0.4111,0.0000,0.0000,0.0000,0.0000,False,,0.0500,0.0000,True,0.8020,-0.2600,0.0099,1.2012
1597,0.0,0.2190,-0.0253,False,False,False,2.0629,4.7018,1.9795,-1.9657,-1.5667,-0.0044,0.0000,0.0000,0.0000,0.0000,-0.0000,0.0000,0.1688,-0.3341,0.3372,0.1499,-0.1925,0.4111,0.0000,0.0000,0.0000,0.0000,False,0.0475,0.0412,0.0608,-0.0688,0.0721,-0.0571,1.1728,grasp,-0.1925,0.4111,0.0000,0.0000,0.0000,0.0000,False,,0.0500,0.0000,True,0.8020,-0.2600,0.0099,1.2012
1598,0.0,0.2214,-5.0045,True,False,False,2.0629,4.7018,1.9795,-1.9657,-1.5667,-0.0044,0.0000,0.0000,0.0000,0.0000,-0.0000,0.0000,0.1888,-0.3341,0.3372,0.1499,-0.1899,0.4110,-0.0010,0.0000,0.0000,0.0000,False,0.0759,0.0748,-0.0022,0.0123,0.0675,-0.0125,-2.4125,grasp,-0.1899,0.4110,-0.0010,0.0000,0.0000,0.0000,False,,0.0500,0.0000,False,0.8020,-0.2600,0.0099,1.2012
1599,0.0,0.2166,-0.0056,False,False,False,2.0661,4.7093,1.9829,-1.9667,-1.5590,-0.0050,-0.0362,-0.0210,0.0112,-0.0087,-0.0166,0.0070,0.0021,-0.3371,0.3344,0.1533,-0.2006,0.4054,0.0009,0.0000,0.0000,0.0000,False,-0.0236,0.0783,-0.0678,-0.0470,0.0619,-0.0706,2.2966,grasp,-0.2006,0.4054,0.0009,0.0000,0.0000,0.0000,False,,0.0500,0.0000,True,0.8020,-0.2600,0.0099,1.2033
1600,0.0,0.2161,-0.0015,False,False,False,2.0661,4.7093,1.9829,-1.9667,-1.5590,-0.0050,0.0000,0.0000,0.0000,0.0000,-0.0000,0.0000,0.0221,-0.3362,0.3351,0.1537,-0.2006,0.4054,0.0009,0.0000,0.0000,0.0000,False,-0.0414,-0.0386,-0.0437,-0.0666,0.0414,0.0653,0.8715,grasp,-0.2006,0.4054,0.0009,0.0000,0.0000,0.0000,False,,0.0500,0.0000,True,0.8020,-0.2600,0.0099,1.2033
1601,0.0,0.2161,-0.0038,False,False,False,2.0658,4.7101,1.9823,-1.9672,-1.5584,-0.0057,0.0000,0.0000,0.0000,0.0000,-0.0000,0.0000,0.0599,-0.3362,0.3351,0.1537,-0.2006,0.4054,0.0009,0.0000,0.0000,0.0000,False,0.0478,-0.0027,-0.0528,-0.0157,0.0619,0.0547,-1.4061,grasp,-0.2006,0.4054,0.0009,0.0000,0.0000,0.0000,False,,0.0500,0.0000,False,0.8020,-0.2600,0.0099,1.2033
1602,0.0,0.2180,-0.0052,False,False,False,2.0658,4.7101,1.9823,-1.9672,-1.5584,-0.0057,0.0000,0.0000,0.0000,0.0000,-0.0000,0.0000,0.0599,-0.3362,0.3351,0.1537,-0.1980,0.4064,0.0009,0.0000,0.0000,0.0000,False,-0.0100,0.0009,-0.0612,-0.0749,-0.0356,0.0700,-1.6383,grasp,-0.1980,0.4064,0.0009,0.0000,0.0000,0.0000,False,,0.0500,0.0000,False,0.8020,-0.2600,0.0099,1.2033
1603,0.0,0.2152,-0.0089,False,False,False,2.0662,4.7105,1.9820,-1.9678,-1.5574,-0.0056,-0.0126,0.0477,0.0290,-0.0471,0.0370,-0.0380,0.0860,-0.3369,0.3353,0.1491,-0.1980,0.4064,0.0009,0.0000,0.0000,0.0000,False,-0.0121,0.0476,0.0285,-0.0472,0.0376,-0.0374,-2.1303,grasp,-0.1980,0.4064,0.0009,0.0000,0.0000,0.0000,False,,0.0500,0.0000,False,0.8020,-0.2600,0.0099,1.2033
1604,0.0,0.2152,-0.0089,False,False,False,2.0662,4.7105,1.9820,-1.9678,-1.5574,-0.0056,-0.0126,0.0477,0.0290,-0.0471,0.0370,-0.0380,0.0860,-0.3369,0.3353,0.1491,-0.1980,0.4064,0.0009,0.0000,0.0000,0.0000,False,0.0282,0.0085,-0.0267,-0.0322,-0.0703,-0.0025,-3.0113,grasp,-0.1980,0.4064,0.0009,0.0000,0.0000,0.0000,False,,0.0500,0.0000,False,0.8020,-0.2600,0.0099,1.2033
1605,0.0,0.2152,-0.0029,False,False,False,2.0668,4.7117,1.9818,-1.9696,-1.5588,-0.0063,0.0000,0.0000,0.0000,0.0000,-0.0000,0.0000,0.0821,-0.3371,0.3358,0.1492,-0.1980,0.4064,0.0009,0.0000,0.0000,0.0000,False,-0.0473,0.0651,0.0562,-0.0462,-0.0149,0.0149,-1.6601,grasp,-0.1980,0.4064,0.0009,0.0000,0.0000,0.0000,False,,0.0500,0.0000,False,0.8020,-0.2600,0.0099,1.2033
1606,0.0,0.2152,-0.0026,False,False,False,2.0668,4.7117,1.9818,-1.9696,-1.5588,-0.0063,0.0000,0.0000,0.0000,0.0000,-0.0000,0.0000,0.0821,-0.3371,0.3358,0.1492,-0.1980,0.4064,0.0009,0.0000,0.0000,0.0000,False,-0.0655,-0.0257,-0.0327,0.0516,0.0634,0.0127,-0.7561,grasp,-0.1980,0.4064,0.0009,0.0000,0.0000,0.0000,False,,0.0500,0.0000,False,0.8020,-0.2600,0.0099,1.2033
1607,0.0,0.2152,-0.0014,False,False,False,2.0663,4.7124,1.9824,-1.9700,-1.5589,-0.0062,0.0000,0.0000,0.0000,0.0000,-0.0000,0.0000,0.1104,-0.3371,0.3358,0.1492,-0.1980,0.4064,0.0009,0.0000,0.0000,0.0000,False,0.0664,-0.0472,-0.0442,-0.0119,0.0243,0.0672,-1.0297,grasp,-0.1980,0.4064,0.0009,0.0000,0.0000,0.0000,False,,0.0500,0.0000,False,0.8020,-0.2600,0.0099,1.2033
1608,0.0,0.2169,-5.0042,True,False,False,2.0663,4.7124,1.9824,-1.9700,-1.5589,-0.0062,0.0000,0.0000,0.0000,0.0000,-0.0000,0.0000,0.1104,-0.3371,0.3358,0.1492,-0.1976,0.4085,-0.0002,0.0000,0.0000,0.0000,False,-0.0065,-0.0274,-0.0700,-0.0759,0.0319,-0.0277,-0.7499,grasp,-0.1976,0.4085,-0.0002,0.0000,0.0000,0.0000,False,,0.0500,0.0000,False,0.8020,-0.2600,0.0099,1.2033
1609,0.0,0.2237,-0.0023,False,False,False,2.0582,4.7041,1.9783,-1.9780,-1.5595,-0.0065,0.0000,0.0000,0.0000,0.0000,-0.0000,0.0000,0.0210,-0.3359,0.3423,0.1594,-0.1972,0.4164,0.0002,0.0000,0.0000,0.0000,False,0.0491,0.0308,-0.0580,-0.0713,-0.0164,-0.0174,-0.5534,grasp,-0.1972,0.4164,0.0002,0.0000,0.0000,0.0000,False,,0.0500,0.0000,False,0.8020,-0.2600,0.0099,1.2066
1610,0.0,0.2237,-0.0019,False,False,False,2.0582,4.7041,1.9783,-1.9780,-1.5595,-0.0065,0.0000,0.0000,0.0000,0.0000,-0.0000,0.0000,0.0210,-0.3359,0.3423,0.1594,-0.1972,0.4164,0.0002,0.0000,0.0000,0.0000,False,0.0523,-0.0191,-0.0330,0.0389,0.0671,-0.0238,-1.1662,grasp,-0.1972,0.4164,0.0002,0.0000,0.0000,0.0000,False,,0.0500,0.0000,False,0.8020,-0.2600,0.0099,1.2066
1611,0.0,0.2237,-0.0121,False,False,False,2.0587,4.7044,1.9777,-1.9787,-1.5597,-0.0066,0.0493,0.0310,-0.0581,-0.0714,-0.0162,-0.0175,0.0410,-0.3359,0.3423,0.1594,-0.1972,0.4164,0.0002,0.0000,0.0000,0.0000,False,0.0064,0.0360,0.0218,-0.0444,-0.0697,-0.0791,-1.5589,grasp,-0.1972,0.4164,0.0002,0.0000,0.0000,0.0000,False,,0.0500,0.0000,False,0.8020,-0.2600,0.0099,1.2066
1612,0.0,0.2251,-0.0138,False,False,False,2.0587,4.7044,1.9777,-1.9787,-1.5597,-0.0066,0.0493,0.0310,-0.0581,-0.0714,-0.0162,-0.0175,0.0410,-0.3359,0.3423,0.1594,-0.1949,0.4161,0.0002,0.0000,0.0000,0.0000,False,0.0393,0.0157,-0.0463,-0.0273,-0.0771,-0.0312,-2.3722,grasp,-0.1949,0.4161,0.0002,0.0000,0.0000,0.0000,False,,0.0500,0.0000,False,0.8020,-0.2600,0.0099,1.2066
1613,0.0,0.2218,-0.0103,False,False,False,2.0587,4.7049,1.9771,-1.9794,-1.5604,-0.0066,0.0015,0.0552,-0.0597,-0.0697,-0.0727,-0.0006,0.0817,-0.3363,0.3431,0.1547,-0.1949,0.4161,0.0002,0.0000,0.0000,0.0000,False,0.0015,0.0552,-0.0597,-0.0697,-0.0727,-0.0006,-1.6750,grasp,-0.1949,0.4161,0.0002,0.0000,0.0000,0.0000,False,,0.0500,0.0000,False,0.8020,-0.2600,0.0099,1.2066
1614,0.0,0.2218,-0.0017,False,False,False,2.0587,4.7060,1.9759,-1.9807,-1.5618,-0.0067,-0.0000,0.0000,0.0000,0.0000,-0.0000,0.0000,0.0856,-0.3363,0.3431,0.1547,-0.1949,0.4161,0.0002,0.0000,0.0000,0.0000,False,0.0540,0.0548,0.0011,-0.0605,-0.0376,-0.0615,-2.9352,grasp,-0.1949,0.4161,0.0002,0.0000,0.0000,0.0000,False,,0.0500,0.0000,False,0.8020,-0.2600,0.0099,1.2066
1615,0.0,0.2218,-0.0248,False,False,False,2.0603,4.7075,1.9760,-1.9824,-1.5628,-0.0084,0.1026,0.1021,0.0042,-0.1124,-0.0687,-0.1168,0.0743,-0.3363,0.3431,0.1547,-0.1949,0.4161,0.0002,0.0000,0.0000,0.0000,False,0.0314,0.0756,0.0608,0.0163,0.0078,-0.0149,2.9598,grasp,-0.1949,0.4161,0.0002,0.0000,0.0000,0.0000,False,,0.0500,0.0000,True,0.8020,-0.2600,0.0099,1.2066
1616,0.0,0.2211,-0.0020,False,False,False,2.0603,4.7076,1.9760,-1.9824,-1.5628,-0.0084,0.0000,0.0000,0.0000,0.0000,-0.0000,0.0000,0.1143,-0.3369,0.3440,0.1536,-0.1949,0.4161,0.0002,0.0000,0.0000,0.0000,False,0.0645,0.0584,-0.0777,-0.0147,-0.0408,-0.0043,-2.7127,grasp,-0.1949,0.4161,0.0002,0.0000,0.0000,0.0000,False,,0.0500,0.0000,False,0.8020,-0.2600,0.0099,1.2066
1617,0.0,0.2211,-0.0133,False,False,False,2.0609,4.7081,1.9752,-1.9826,-1.5632,-0.0085,0.0645,0.0584,-0.0777,-0.0147,-0.0408,-0.0043,0.1343,-0.3369,0.3440,0.1536,-0.1949,0.4161,0.0002,0.0000,0.0000,0.0000,False,0.0130,0.0777,-0.0404,-0.0602,0.0153,0.0514,-2.4764,grasp,-0.1949,0.4161,0.0002,0.0000,0.0000,0.0000,False,,0.0500,0.0000,False,0.8020,-0.2600,0.0099,1.2066
1618,0.0,0.2211,-0.0147,False,False,False,2.0609,4.7081,1.9752,-1.9826,-1.5632,-0.0085,0.0645,0.0584,-0.0777,-0.0147,-0.0408,-0.0043,0.1343,-0.3369,0.3440,0.1536,-0.1949,0.4161,0.0002,0.0000,0.0000,0.0000,False,0.0008,0.0365,-0.0555,-0.0039,-0.0480,-0.0554,1.5287,grasp,-0.1949,0.4161,0.0002,0.0000,0.0000,0.0000,False,,0.0500,0.0000,True,0.8020,-0.2600,0.0099,1.2066
1619,0.0,0.2193,-0.0157,False,False,False,2.0609,4.7089,1.9746,-1.9831,-1.5639,-0.0091,-0.0056,0.0768,-0.0619,-0.0510,-0.0710,-0.0632,0.1716,-0.3372,0.3447,0.1495,-0.1947,0.4197,0.0006,0.0000,0.0000,0.0000,False,-0.0056,0.0768,-0.0619,-0.0510,-0.0710,-0.0632,-0.1339,grasp,-0.1947,0.4197,0.0006,0.0000,0.0000,0.0000,False,,0.0500,0.0000,False,0.8020,-0.2600,0.0099,1.2066
1620,0.0,0.2193,-0.0167,False,False,False,2.0609,4.7089,1.9746,-1.9831,-1.5639,-0.0091,-0.0056,0.0768,-0.0619,-0.0510,-0.0710,-0.0632,0.1716,-0.3372,0.3447,0.1495,-0.1947,0.4197,0.0006,0.0000,0.0000,0.0000,False,-0.0338,0.0606,-0.0024,0.0189,-0.0719,-0.0078,2.1441,grasp,-0.1947,0.4197,0.0006,0.0000,0.0000,0.0000,False,,0.0500,0.0000,True,0.8020,-0.2600,0.0099,1.2066
1621,0.0,0.2193,-0.0206,False,False,False,2.0629,4.7118,1.9726,-1.9837,-1.5659,-0.0096,0.1425,0.0936,-0.0566,0.0240,-0.0434,0.0438,0.2509,-0.3372,0.3447,0.1495,-0.1947,0.4197,0.0006,0.0000,0.0000,0.0000,False,0.0749,0.0509,-0.0310,0.0116,-0.0242,0.0218,1.3816,grasp,-0.1947,0.4197,0.0006,0.0000,0.0000,0.0000,False,,0.0500,0.0000,True,0.8020,-0.2600,0.0099,1.2066
1622,0.0,0.2167,-0.0003,False,False,False,2.0650,4.7132,1.9718,-1.9833,-1.5666,-0.0090,0.0000,0.0000,0.0000,0.0000,-0.0000,0.0000,0.2909,-0.3386,0.3448,0.1443,-0.1947,0.4197,0.0006,0.0000,0.0000,0.0000,False,-0.0028,0.0757,-0.0596,-0.0054,-0.0669,-0.0089,-1.0130,grasp,-0.1947,0.4197,0.0006,0.0000,0.0000,0.0000,False,,0.0500,0.0000,False,0.8020,-0.2600,0.0099,1.2066
1623,0.0,0.2167,-0.0116,False,False,False,2.0649,4.7139,1.9712,-1.9834,-1.5672,-0.0091,-0.0048,0.0743,-0.0588,-0.0058,-0.0663,-0.0095,0.3109,-0.3386,0.3448,0.1443,-0.1947,0.4197,0.0006,0.0000,0.0000,0.0000,False,0.0101,0.0320,-0.0183,-0.0779,0.0253,-0.0444,2.4724,grasp,-0.1947,0.4197,0.0006,0.0000,0.0000,0.0000,False,,0.0500,0.0000,True,0.8020,-0.2600,0.0099,1.2066
1624,0.0,0.2178,-0.0126,False,False,False,2.0649,4.7139,1.9712,-1.9834,-1.5672,-0.0091,-0.0048,0.0743,-0.0588,-0.0058,-0.0663,-0.0095,0.3109,-0.3386,0.3448,0.1443,-0.1947,0.4221,0.0002,0.0000,0.0000,0.0000,False,0.0772,0.0315,-0.0475,0.0122,-0.0056,-0.0792,-2.1538,grasp,-0.1947,0.4221,0.0002,0.0000,0.0000,0.0000,False,,0.0500,0.0000,False,0.8020,-0.2600,0.0099,1.2066
1625,0.0,0.2152,-0.0099,False,False,False,2.0654,4.7146,1.9714,-1.9831,-1.5676,-0.0099,0.0438,0.0737,0.0207,0.0272,-0.0356,-0.0771,0.3573,-0.3385,0.3449,0.1405,-0.1947,0.4221,0.0002,0.0000,0.0000,0.0000,False,0.0438,0.0737,0.0207,0.0272,-0.0356,-0.0771,0.0508,grasp,-0.1947,0.4221,0.0002,0.0000,0.0000,0.0000,False,,0.0500,0.0000,False,0.8020,-0.2600,0.0099,1.2066
1626,0.0,0.2152,-0.0100,False,False,False,2.0660,4.7157,1.9712,-1.9828,-1.5683,-0.0120,-0.0212,-0.0378,-0.0617,-0.0204,-0.0044,-0.0636,0.3763,-0.3385,0.3449,0.1405,-0.1947,0.4221,0.0002,0.0000,0.0000,0.0000,False,-0.0203,-0.0357,-0.0613,-0.0199,-0.0051,-0.0650,0.2876,grasp,-0.1947,0.4221,0.0002,0.0000,0.0000,0.0000,False,,0.0500,0.0000,False,0.8020,-0.2600,0.0099,1.2066
1627,0.0,0.2152,-0.0188,False,False,False,2.0656,4.7150,1.9700,-1.9832,-1.5684,-0.0132,-0.0402,-0.0711,-0.1172,-0.0387,-0.0084,-0.1208,0.3823,-0.3385,0.3449,0.1405,-0.1947,0.4221,0.0002,0.0000,0.0000,0.0000,False,0.0251,0.0778,-0.0299,0.0715,-0.0542,-0.0615,-2.2118,grasp,-0.1947,0.4221,0.0002,0.0000,0.0000,0.0000,False,,0.0500,0.0000,False,0.8020,-0.2600,0.0099,1.2066
1628,0.0,0.2152,-0.0190,False,False,False,2.0656,4.7150,1.9700,-1.9832,-1.5684,-0.0132,-0.0402,-0.0711,-0.1172,-0.0387,-0.0084,-0.1208,0.3823,-0.3385,0.3449,0.1405,-0.1947,0.4221,0.0002,0.0000,0.0000,0.0000,False,-0.0061,-0.0174,0.0432,-0.0306,-0.0732,-0.0043,-1.3402,grasp,-0.1947,0.4221,0.0002,0.0000,0.0000,0.0000,False,,0.0500,0.0000,False,0.8020,-0.2600,0.0099,1.2066
1629,0.0,0.2154,-0.0097,False,False,False,2.0650,4.7138,1.9687,-1.9841,-1.5692,-0.0149,-0.0055,-0.0160,0.0453,-0.0301,-0.0731,-0.0026,0.3577,-0.3389,0.3465,0.1413,-0.1947,0.4221,0.0002,0.0000,0.0000,0.0000,False,0.0200,0.0411,-0.0550,0.0224,0.0625,-0.0611,0.4517,grasp,-0.1947,0.4221,0.0002,0.0000,0.0000,0.0000,False,,0.0500,0.0000,False,0.8020,-0.2600,0.0099,1.2066
1630,0.0,0.2154,-0.0070,False,False,False,2.0650,4.7138,1.9687,-1.9841,-1.5692,-0.0149,-0.0055,-0.0160,0.0453,-0.0301,-0.0731,-0.0026,0.3577,-0.3389,0.3465,0.1413,-0.1947,0.4221,0.0002,0.0000,0.0000,0.0000,False,0.0396,0.0655,-0.0523,0.0440,-0.0639,-0.0629,-0.3390,grasp,-0.1947,0.4221,0.0002,0.0000,0.0000,0.0000,False,,0.0500,0.0000,False,0.8020,-0.2600,0.0099,1.2066
1631,0.0,0.2179,-0.0196,False,False,False,2.0657,4.7145,1.9684,-1.9845,-1.5700,-0.0143,0.0740,0.0686,-0.0287,-0.0405,-0.0750,0.0616,0.3479,-0.3388,0.3466,0.1424,-0.1929,0.4265,0.0017,0.0000,0.0000,0.0000,False,0.0740,0.0686,-0.0287,-0.0405,-0.0750,0.0616,-1.0709,grasp,-0.1929,0.4265,0.0017,0.0000,0.0000,0.0000,False,,0.0500,0.0000,False,0.8020,-0.2600,0.0099,1.2066
1632,0.0,0.2179,-0.0188,False,False,False,2.0657,4.7145,1.9684,-1.9845,-1.5700,-0.0143,0.0740,0.0686,-0.0287,-0.0405,-0.0750,0.0616,0.3479,-0.3388,0.3466,0.1424,-0.1929,0.4265,0.0017,0.0000,0.0000,0.0000,False,-0.0226,0.0640,-0.0394,0.0218,-0.0395,-0.0485,-2.8804,grasp,-0.1929,0.4265,0.0017,0.0000,0.0000,0.0000,False,,0.0500,0.0000,False,0.8020,-0.2600,0.0099,1.2066
1633,0.0,0.2179,-0.0128,False,False,False,2.0673,4.7164,1.9672,-1.9858,-1.5709,-0.0129,0.0216,0.0544,-0.0725,-0.0551,0.0512,0.0231,0.3463,-0.3388,0.3466,0.1424,-0.1929,0.4265,0.0017,0.0000,0.0000,0.0000,False,0.0230,0.0559,-0.0731,-0.0559,0.0498,0.0243,-0.1945,grasp,-0.1929,0.4265,0.0017,0.0000,0.0000,0.0000,False,,0.0500,0.0000,False,0.8020,-0.2600,0.0099,1.2066
1634,0.0,0.2179,-0.0130,False,False,False,2.0673,4.7164,1.9672,-1.9858,-1.5709,-0.0129,0.0216,0.0544,-0.0725,-0.0551,0.0512,0.0231,0.3463,-0.3388,0.3466,0.1424,-0.1929,0.4265,0.0017,0.0000,0.0000,0.0000,False,0.0355,0.0470,-0.0780,0.0776,-0.0317,0.0607,-2.8261,grasp,-0.1929,0.4265,0.0017,0.0000,0.0000,0.0000,False,,0.0500,0.0000,False,0.8020,-0.2600,0.0099,1.2066
1635,0.0,0.2192,-0.0182,False,False,False,2.0681,4.7179,1.9650,-1.9860,-1.5702,-0.0119,0.0351,0.0459,-0.0766,0.0787,-0.0327,0.0602,0.3092,-0.3404,0.3475,0.1432,-0.1929,0.4265,0.0017,0.0000,0.0000,0.0000,False,0.0730,0.0723,-0.0521,-0.0167,0.0540,0.0584,-2.2111,grasp,-0.1929,0.4265,0.0017,0.0000,0.0000,0.0000,False,,0.0500,0.0000,False,0.8020,-0.2600,0.0099,1.2066
1636,0.0,0.2192,-0.0027,False,False,False,2.0681,4.7179,1.9650,-1.9860,-1.5702,-0.0119,-0.0000,0.0000,0.0000,0.0000,-0.0000,0.0000,0.2901,-0.3404,0.3475,0.1432,-0.1929,0.4265,0.0017,0.0000,0.0000,0.0000,False,0.0295,0.0354,-0.0418,-0.0577,-0.0550,-0.0394,-0.1934,grasp,-0.1929,0.4265,0.0017,0.0000,0.0000,0.0000,False,,0.0500,0.0000,False,0.8020,-0.2600,0.0099,1.2066
1637,0.0,0.2193,-0.0032,False,False,False,2.0681,4.7179,1.9650,-1.9860,-1.5702,-0.0119,-0.0000,0.0000,0.0000,0.0000,-0.0000,0.0000,0.2901,-0.3404,0.3475,0.1432,-0.1946,0.4274,0.0002,0.0000,0.0000,0.0000,False,-0.0113,0.0408,-0.0514,-0.0668,-0.0787,-0.0597,1.7355,grasp,-0.1946,0.4274,0.0002,0.0000,0.0000,0.0000,False,,0.0500,0.0000,True,0.8020,-0.2600,0.0099,1.2066
1638,0.0,0.2206,-0.0121,False,False,False,2.0683,4.7185,1.9645,-1.9861,-1.5708,-0.0118,0.0239,0.0657,-0.0526,-0.0043,-0.0537,0.0083,0.2783,-0.3405,0.3477,0.1452,-0.1946,0.4274,0.0002,0.0000,0.0000,0.0000,False,0.0239,0.0657,-0.0526,-0.0043,-0.0537,0.0083,-1.6345,grasp,-0.1946,0.4274,0.0002,0.0000,0.0000,0.0000,False,,0.0500,0.0000,False,0.8020,-0.2600,0.0099,1.2066
1639,0.0,0.2206,-0.0110,False,False,False,2.0683,4.7185,1.9645,-1.9861,-1.5708,-0.0118,0.0239,0.0657,-0.0526,-0.0043,-0.0537,0.0083,0.2783,-0.3405,0.3477,0.1452,-0.1946,0.4274,0.0002,0.0000,0.0000,0.0000,False,-0.0210,0.0530,-0.0094,-0.0321,0.0264,-0.0114,-1.5775,grasp,-0.1946,0.4274,0.0002,0.0000,0.0000,0.0000,False,,0.0500,0.0000,False,0.8020,-0.2600,0.0099,1.2066
1640,0.0,0.2206,-0.0021,False,False,False,2.0688,4.7198,1.9635,-1.9862,-1.5718,-0.0116,0.0000,0.0000,0.0000,0.0000,-0.0000,-0.0000,0.2826,-0.3405,0.3477,0.1452,-0.1946,0.4274,0.0002,0.0000,0.0000,0.0000,False,0.0418,0.0364,-0.0711,0.0627,-0.0729,-0.0233,2.8828,grasp,-0.1946,0.4274,0.0002,0.0000,0.0000,0.0000,False,,0.0500,0.0000,True,0.8020,-0.2600,0.0099,1.2066
1641,0.0,0.2194,-0.0156,False,False,False,2.0686,4.7209,1.9626,-1.9849,-1.5733,-0.0111,-0.0629,0.0768,-0.0196,0.0626,-0.0741,0.0731,0.3392,-0.3407,0.3482,0.1434,-0.1946,0.4274,0.0002,0.0000,0.0000,0.0000,False,-0.0624,0.0772,-0.0203,0.0632,-0.0748,0.0729,0.7456,grasp,-0.1946,0.4274,0.0002,0.0000,0.0000,0.0000,False,,0.0500,0.0000,True,0.8020,-0.2600,0.0099,1.2066
1642,0.0,0.2194,-0.0368,False,False,False,2.0674,4.7224,1.9622,-1.9837,-1.5747,-0.0098,-0.1194,0.1459,-0.0373,0.1189,-0.1408,0.1389,0.3548,-0.3407,0.3482,0.1434,-0.1946,0.4274,0.0002,0.0000,0.0000,0.0000,False,-0.0247,-0.0123,-0.0467,0.0518,0.0109,0.0525,-1.1068,grasp,-0.1946,0.4274,0.0002,0.0000,0.0000,0.0000,False,,0.0500,0.0000,False,0.8020,-0.2600,0.0099,1.2066
1643,0.0,0.2194,-0.0336,False,False,False,2.0674,4.7224,1.9622,-1.9837,-1.5747,-0.0098,-0.1194,0.1459,-0.0373,0.1189,-0.1408,0.1389,0.3548,-0.3407,0.3482,0.1434,-0.1946,0.4274,0.0002,0.0000,0.0000,0.0000,False,0.0518,0.0494,-0.0121,0.0534,-0.0341,0.0082,-2.0578,grasp,-0.1946,0.4274,0.0002,0.0000,0.0000,0.0000,False,,0.0500,0.0000,False,0.8020,-0.2600,0.0099,1.2066
1644,0.0,0.2180,-0.0128,False,False,False,2.0672,4.7229,1.9617,-1.9842,-1.5753,-0.0105,-0.0123,0.0435,-0.0559,-0.0495,-0.0582,-0.0788,0.3153,-0.3393,0.3493,0.1428,-0.1944,0.4282,0.0003,0.0000,0.0000,0.0000,False,-0.0123,0.0436,-0.0559,-0.0495,-0.0582,-0.0788,-1.6679,grasp,-0.1944,0.4282,0.0003,0.0000,0.0000,0.0000,False,,0.0500,0.0000,False,0.8020,-0.2600,0.0099,1.2066
1645,0.0,0.2180,-0.0117,False,False,False,2.0675,4.7235,1.9604,-1.9855,-1.5769,-0.0128,0.0524,-0.0239,-0.0183,-0.0340,-0.0549,-0.0766,0.2934,-0.3393,0.3493,0.1428,-0.1944,0.4282,0.0003,0.0000,0.0000,0.0000,False,0.0522,-0.0230,-0.0194,-0.0349,-0.0560,-0.0781,-1.1425,grasp,-0.1944,0.4282,0.0003,0.0000,0.0000,0.0000,False,,0.0500,0.0000,False,0.8020,-0.2600,0.0099,1.2066
1646,0.0,0.2180,-0.0134,False,False,False,2.0675,4.7235,1.9604,-1.9855,-1.5769,-0.0128,0.0524,-0.0239,-0.0183,-0.0340,-0.0549,-0.0766,0.2934,-0.3393,0.3493,0.1428,-0.1944,0.4282,0.0003,0.0000,0.0000,0.0000,False,0.0029,0.0723,-0.0308,0.0390,-0.0425,0.0616,-1.1936,grasp,-0.1944,0.4282,0.0003,0.0000,0.0000,0.0000,False,,0.0500,0.0000,False,0.8020,-0.2600,0.0099,1.2066
1647,0.0,0.2189,-0.0116,False,False,False,2.0692,4.7231,1.9596,-1.9863,-1.5784,-0.0145,0.0668,0.0043,-0.0477,-0.0165,-0.0477,-0.0218,0.3050,-0.3397,0.3503,0.1443,-0.1944,0.4282,0.0003,0.0000,0.0000,0.0000,False,0.0678,0.0039,-0.0481,-0.0172,-0.0487,-0.0233,-0.2273,grasp,-0.1944,0.4282,0.0003,0.0000,0.0000,0.0000,False,,0.0500,0.0000,False,0.8020,-0.2600,0.0099,1.2066
1648,0.0,0.2189,-0.0119,False,False,False,2.0692,4.7231,1.9596,-1.9863,-1.5784,-0.0145,0.0668,0.0043,-0.0477,-0.0165,-0.0477,-0.0218,0.3050,-0.3397,0.3503,0.1443,-0.1944,0.4282,0.0003,0.0000,0.0000,0.0000,False,0.0386,-0.0081,-0.0709,0.0423,0.0707,-0.0273,1.1926,grasp,-0.1944,0.4282,0.0003,0.0000,0.0000,0.0000,False,,0.0500,0.0000,True,0.8020,-0.2600,0.0099,1.2066
1649,0.0,0.2194,-0.0084,False,False,False,2.0692,4.7231,1.9596,-1.9863,-1.5784,-0.0145,0.0668,0.0043,-0.0477,-0.0165,-0.0477,-0.0218,0.3050,-0.3397,0.3503,0.1443,-0.1940,0.4304,0.0011,0.0000,0.0000,0.0000,False,0.0191,0.0113,-0.0164,0.0775,0.0235,0.0431,-2.4578,grasp,-0.1940,0.4304,0.0011,0.0000,0.0000,0.0000,False,,0.0500,0.0000,False,0.8020,-0.2600,0.0099,1.2066
1650,0.0,0.2194,-0.0041,False,False,False,2.0705,4.7232,1.9587,-1.9866,-1.5793,-0.0149,0.0000,0.0000,0.0000,0.0000,0.0000,-0.0000,0.3316,-0.3397,0.3503,0.1443,-0.1940,0.4304,0.0011,0.0000,0.0000,0.0000,False,0.0785,0.0751,0.0546,0.0626,-0.0510,-0.0583,1.2078,grasp,-0.1940,0.4304,0.0011,0.0000,0.0000,0.0000,False,,0.0500,0.0000,True,0.8020,-0.2600,0.0099,1.2066
1651,0.0,0.2177,-0.0338,False,False,False,2.0727,4.7254,1.9603,-1.9848,-1.5808,-0.0166,0.1467,0.1425,0.1055,0.1196,-0.0951,-0.1100,0.3704,-0.3401,0.3489,0.1404,-0.1940,0.4304,0.0011,0.0000,0.0000,0.0000,False,-0.0745,0.0335,0.0204,0.0680,0.0446,0.0037,-2.4502,grasp,-0.1940,0.4304,0.0011,0.0000,0.0000,0.0000,False,,0.0500,0.0000,False,0.8020,-0.2600,0.0099,1.2066
1652,0.0,0.2177,-0.0020,False,False,False,2.0750,4.7281,1.9618,-1.9836,-1.5828,-0.0182,0.0158,0.0457,-0.0158,-0.0583,-0.0597,-0.0092,0.3483,-0.3401,0.3489,0.1404,-0.1940,0.4304,0.0011,0.0000,0.0000,0.0000,False,0.0183,0.0500,-0.0130,-0.0563,-0.0611,-0.0108,-2.5986,grasp,-0.1940,0.4304,0.0011,0.0000,0.0000,0.0000,False,,0.0500,0.0000,False,0.8020,-0.2600,0.0099,1.2066
1653,0.0,0.2177,-0.0097,False,False,False,2.0750,4.7281,1.9618,-1.9836,-1.5828,-0.0182,0.0158,0.0457,-0.0158,-0.0583,-0.0597,-0.0092,0.3483,-0.3401,0.3489,0.1404,-0.1940,0.4304,0.0011,0.0000,0.0000,0.0000,False,0.0190,0.0657,-0.0645,0.0628,-0.0641,-0.0405,-1.3691,grasp,-0.1940,0.4304,0.0011,0.0000,0.0000,0.0000,False,,0.0500,0.0000,False,0.8020,-0.2600,0.0099,1.2066
1654,0.0,0.2177,-0.0170,False,False,False,2.0755,4.7296,1.9608,-1.9841,-1.5845,-0.0188,0.0187,0.0648,-0.0642,0.0639,-0.0629,-0.0404,0.3088,-0.3400,0.3478,0.1400,-0.1940,0.4304,0.0011,0.0000,0.0000,0.0000,False,-0.0172,0.0760,-0.0114,-0.0450,-0.0222,-0.0785,-0.8155,grasp,-0.1940,0.4304,0.0011,0.0000,0.0000,0.0000,False,,0.0500,0.0000,False,0.8020,-0.2600,0.0099,1.2066
1655,0.0,0.2177,-0.0151,False,False,False,2.0755,4.7296,1.9608,-1.9841,-1.5845,-0.0188,0.0187,0.0648,-0.0642,0.0639,-0.0629,-0.0404,0.3088,-0.3400,0.3478,0.1400,-0.1940,0.4304,0.0011,0.0000,0.0000,0.0000,False,-0.0050,0.0542,-0.0336,-0.0243,0.0432,0.0600,0.1931,grasp,-0.1940,0.4304,0.0011,0.0000,0.0000,0.0000,False,,0.0500,0.0000,False,0.8020,-0.2600,0.0099,1.2066
1656,0.0,0.2216,-5.0193,True,False,False,2.0755,4.7296,1.9608,-1.9841,-1.5845,-0.0188,0.0187,0.0648,-0.0642,0.0639,-0.0629,-0.0404,0.3088,-0.3400,0.3478,0.1400,-0.1917,0.4296,-0.0030,0.0000,0.0000,0.0000,False,-0.0046,0.0698,0.0564,-0.0022,-0.0616,-0.0785,1.9293,grasp,-0.1917,0.4296,-0.0030,0.0000,0.0000,0.0000,False,,0.0500,0.0000,True,0.8020,-0.2600,0.0099,1.2066
1657,0.0,0.2181,-0.0083,False,False,False,2.0646,4.7281,1.9768,-1.9811,-1.5884,-0.0232,-0.0340,-0.0472,0.0197,0.0113,0.0241,0.0322,0.0028,-0.3320,0.3452,0.1488,-0.1918,0.4220,0.0004,0.0000,0.0000,0.0000,False,-0.0623,-0.0608,-0.0281,-0.0317,-0.0203,-0.0536,1.3583,grasp,-0.1918,0.4220,0.0004,0.0000,0.0000,0.0000,False,,0.0500,0.0000,True,0.8020,-0.2600,0.0099,1.2054
1658,0.0,0.2181,-0.0097,False,False,False,2.0646,4.7281,1.9768,-1.9811,-1.5884,-0.0232,-0.0340,-0.0472,0.0197,0.0113,0.0241,0.0322,0.0028,-0.3320,0.3452,0.1488,-0.1918,0.4220,0.0004,0.0000,0.0000,0.0000,False,0.0760,-0.0611,0.0440,0.0591,-0.0469,0.0248,-0.9255,grasp,-0.1918,0.4220,0.0004,0.0000,0.0000,0.0000,False,,0.0500,0.0000,False,0.8020,-0.2600,0.0099,1.2054
1659,0.0,0.2165,-0.0155,False,False,False,2.0653,4.7275,1.9772,-1.9806,-1.5888,-0.0230,0.0760,-0.0611,0.0440,0.0591,-0.0469,0.0248,0.0625,-0.3316,0.3451,0.1467,-0.1918,0.4220,0.0004,0.0000,0.0000,0.0000,False,0.0420,0.0698,0.0671,-0.0012,0.0362,0.0288,-1.8626,grasp,-0.1918,0.4220,0.0004,0.0000,0.0000,0.0000,False,,0.0500,0.0000,False,0.8020,-0.2600,0.0099,1.2054
1660,0.0,0.2172,-0.0165,False,False,False,2.0653,4.7275,1.9772,-1.9806,-1.5888,-0.0230,0.0760,-0.0611,0.0440,0.0591,-0.0469,0.0248,0.0625,-0.3316,0.3451,0.1467,-0.1904,0.4213,0.0002,0.0000,0.0000,0.0000,False,-0.0750,-0.0482,0.0226,-0.0110,-0.0198,0.0029,-1.5769,grasp,-0.1904,0.4213,0.0002,0.0000,0.0000,0.0000,False,,0.0500,0.0000,False,0.8020,-0.2600,0.0099,1.2054
1661,0.0,0.2172,-0.0106,False,False,False,2.0670,4.7267,1.9783,-1.9800,-1.5891,-0.0222,0.0253,0.0361,0.0308,-0.0523,0.0617,0.0322,0.1221,-0.3316,0.3451,0.1467,-0.1904,0.4213,0.0002,0.0000,0.0000,0.0000,False,0.0271,0.0348,0.0317,-0.0512,0.0608,0.0326,2.0348,grasp,-0.1904,0.4213,0.0002,0.0000,0.0000,0.0000,False,,0.0500,0.0000,True,0.8020,-0.2600,0.0099,1.2054
1662,0.0,0.2172,-0.0125,False,False,False,2.0670,4.7267,1.9783,-1.9800,-1.5891,-0.0222,0.0253,0.0361,0.0308,-0.0523,0.0617,0.0322,0.1221,-0.3316,0.3451,0.1467,-0.1904,0.4213,0.0002,0.0000,0.0000,0.0000,False,-0.0296,-0.0588,-0.0424,0.0382,-0.0515,-0.0667,2.2782,grasp,-0.1904,0.4213,0.0002,0.0000,0.0000,0.0000,False,,0.0500,0.0000,True,0.8020,-0.2600,0.0099,1.2054
1663,0.0,0.2140,-0.0153,False,False,False,2.0682,4.7281,1.9793,-1.9805,-1.5873,-0.0208,0.0647,0.0679,0.0333,0.0458,0.0676,0.0767,0.2012,-0.3321,0.3432,0.1404,-0.1904,0.4213,0.0002,0.0000,0.0000,0.0000,False,0.0647,0.0679,0.0333,0.0458,0.0676,0.0767,2.5273,grasp,-0.1904,0.4213,0.0002,0.0000,0.0000,0.0000,False,,0.0500,0.0000,True,0.8020,-0.2600,0.0099,1.2054
1664,0.0,0.2110,-0.0061,False,False,False,2.0699,4.7295,1.9799,-1.9795,-1.5854,-0.0188,0.0457,0.0042,-0.0043,0.0124,0.0538,0.0570,0.2554,-0.3327,0.3415,0.1340,-0.1904,0.4213,0.0002,0.0000,0.0000,0.0000,False,0.0469,0.0061,-0.0037,0.0132,0.0551,0.0584,-0.1323,grasp,-0.1904,0.4213,0.0002,0.0000,0.0000,0.0000,False,,0.0500,0.0000,False,0.8020,-0.2600,0.0099,1.2054
1665,0.0,0.2110,-0.0071,False,False,False,2.0699,4.7295,1.9799,-1.9795,-1.5854,-0.0188,0.0457,0.0042,-0.0043,0.0124,0.0538,0.0570,0.2554,-0.3327,0.3415,0.1340,-0.1904,0.4213,0.0002,0.0000,0.0000,0.0000,False,0.0395,0.0574,0.0243,-0.0051,0.0746,-0.0416,-0.5730,grasp,-0.1904,0.4213,0.0002,0.0000,0.0000,0.0000,False,,0.0500,0.0000,False,0.8020,-0.2600,0.0099,1.2054
1666,0.0,0.2110,-0.0096,False,False,False,2.0699,4.7295,1.9799,-1.9795,-1.5854,-0.0188,0.0457,0.0042,-0.0043,0.0124,0.0538,0.0570,0.2554,-0.3327,0.3415,0.1340,-0.1904,0.4213,0.0002,0.0000,0.0000,0.0000,False,-0.0358,0.0443,0.0103,0.0698,-0.0520,-0.0638,-1.5852,grasp,-0.1904,0.4213,0.0002,0.0000,0.0000,0.0000,False,,0.0500,0.0000,False,0.8020,-0.2600,0.0099,1.2054
1667,0.0,0.2129,-5.0211,True,False,False,2.0714,4.7289,1.9804,-1.9786,-1.5839,-0.0171,0.0617,-0.0669,0.0652,0.0694,0.0551,0.0616,0.3077,-0.3327,0.3415,0.1340,-0.1889,0.4183,-0.0029,0.0000,0.0000,0.0000,False,0.0625,-0.0669,0.0651,0.0696,0.0561,0.0627,2.5156,grasp,-0.1889,0.4183,-0.0029,0.0000,0.0000,0.0000,False,,0.0500,0.0000,True,0.8020,-0.2600,0.0099,1.2054
1668,0.0,0.2113,-0.0064,False,False,False,2.0775,4.7028,1.9993,-1.9601,-1.5668,0.0027,-0.0513,-0.0117,-0.0113,-0.0176,-0.0057,-0.0037,0.0035,-0.3338,0.3245,0.1485,-0.1982,0.3920,0.0011,0.0000,0.0000,0.0000,False,0.0556,0.0298,-0.0214,0.0540,-0.0506,-0.0038,0.5289,grasp,-0.1982,0.3920,0.0011,0.0000,0.0000,0.0000,False,,0.0500,0.0000,True,0.8020,-0.2600,0.0099,1.1940
1669,0.0,0.2113,-0.0051,False,False,False,2.0770,4.7027,1.9992,-1.9603,-1.5669,0.0027,-0.0514,-0.0117,-0.0114,-0.0176,-0.0057,-0.0037,0.0031,-0.3338,0.3245,0.1485,-0.1982,0.3920,0.0011,0.0000,0.0000,0.0000,False,0.0235,0.0381,-0.0281,-0.0395,0.0655,-0.0103,0.7167,grasp,-0.1982,0.3920,0.0011,0.0000,0.0000,0.0000,False,,0.0500,0.0000,True,0.8020,-0.2600,0.0099,1.1940
1670,0.0,0.2113,-0.0039,False,False,False,2.0770,4.7027,1.9992,-1.9603,-1.5669,0.0027,0.0000,0.0000,0.0000,0.0000,-0.0000,0.0000,0.0231,-0.3338,0.3245,0.1485,-0.1982,0.3920,0.0011,0.0000,0.0000,0.0000,False,0.0526,0.0119,-0.0418,-0.0306,0.0522,-0.0134,0.9291,grasp,-0.1982,0.3920,0.0011,0.0000,0.0000,0.0000,False,,0.0500,0.0000,True,0.8020,-0.2600,0.0099,1.1940
1671,0.0,0.2135,-0.0119,False,False,False,2.0775,4.7028,1.9987,-1.9606,-1.5664,0.0025,0.0526,0.0119,-0.0418,-0.0306,0.0522,-0.0134,0.0631,-0.3338,0.3245,0.1485,-0.1961,0.3946,0.0012,0.0000,0.0000,0.0000,False,-0.0481,-0.0702,-0.0584,0.0536,0.0163,-0.0532,2.4034,grasp,-0.1961,0.3946,0.0012,0.0000,0.0000,0.0000,False,,0.0500,0.0000,True,0.8020,-0.2600,0.0099,1.1940
1672,0.0,0.2112,-0.0079,False,False,False,2.0793,4.7032,1.9978,-1.9614,-1.5658,0.0020,0.0742,0.0191,-0.0132,-0.0249,-0.0424,-0.0245,0.1227,-0.3349,0.3246,0.1442,-0.1961,0.3946,0.0012,0.0000,0.0000,0.0000,False,0.0752,0.0193,-0.0140,-0.0255,-0.0414,-0.0248,-0.4207,grasp,-0.1961,0.3946,0.0012,0.0000,0.0000,0.0000,False,,0.0500,0.0000,False,0.8020,-0.2600,0.0099,1.1940
1673,0.0,0.2112,-0.0118,False,False,False,2.0793,4.7032,1.9978,-1.9614,-1.5658,0.0020,0.0742,0.0191,-0.0132,-0.0249,-0.0424,-0.0245,0.1227,-0.3349,0.3246,0.1442,-0.1961,0.3946,0.0012,0.0000,0.0000,0.0000,False,-0.0484,0.0371,0.0324,0.0378,-0.0019,-0.0535,3.0275,grasp,-0.1961,0.3946,0.0012,0.0000,0.0000,0.0000,False,,0.0500,0.0000,True,0.8020,-0.2600,0.0099,1.1940
1674,0.0,0.2077,-0.0068,False,False,False,2.0802,4.7040,1.9979,-1.9615,-1.5666,0.0010,-0.0498,0.0367,0.0326,0.0383,-0.0011,-0.0531,0.1823,-0.3351,0.3241,0.1385,-0.1961,0.3946,0.0012,0.0000,0.0000,0.0000,False,-0.0352,0.0061,0.0515,-0.0053,-0.0091,0.0759,-1.4578,grasp,-0.1961,0.3946,0.0012,0.0000,0.0000,0.0000,False,,0.0500,0.0000,False,0.8020,-0.2600,0.0099,1.1940
1675,0.0,0.2077,-0.0216,False,False,False,2.0793,4.7047,1.9985,-1.9608,-1.5666,0.0000,-0.0946,0.0697,0.0620,0.0727,-0.0021,-0.1008,0.2019,-0.3351,0.3241,0.1385,-0.1961,0.3946,0.0012,0.0000,0.0000,0.0000,False,-0.0177,-0.0520,-0.0376,0.0509,0.0140,-0.0468,-2.4248,grasp,-0.1961,0.3946,0.0012,0.0000,0.0000,0.0000,False,,0.0500,0.0000,False,0.8020,-0.2600,0.0099,1.1940
1676,0.0,0.2077,-0.0022,False,False,False,2.0793,4.7047,1.9985,-1.9608,-1.5666,0.0000,0.0000,0.0000,0.0000,0.0000,-0.0000,0.0000,0.2419,-0.3351,0.3241,0.1385,-0.1961,0.3946,0.0012,0.0000,0.0000,0.0000,False,0.0402,-0.0640,0.0024,-0.0222,0.0043,0.0437,-1.9121,grasp,-0.1961,0.3946,0.0012,0.0000,0.0000,0.0000,False,,0.0500,0.0000,False,0.8020,-0.2600,0.0099,1.1940
1677,0.0,0.2100,-0.0055,False,False,False,2.0793,4.7047,1.9985,-1.9608,-1.5666,0.0000,0.0000,0.0000,0.0000,0.0000,-0.0000,0.0000,0.2419,-0.3351,0.3241,0.1385,-0.1948,0.3967,0.0001,0.0000,0.0000,0.0000,False,-0.0076,0.0192,0.0136,-0.0014,0.0398,-0.0389,-2.2290,grasp,-0.1948,0.3967,0.0001,0.0000,0.0000,0.0000,False,,0.0500,0.0000,False,0.8020,-0.2600,0.0099,1.1940
1678,0.0,0.2100,-0.0025,False,False,False,2.0803,4.7040,1.9991,-1.9607,-1.5660,0.0009,0.0655,-0.0104,0.0580,0.0298,0.0579,0.0419,0.3012,-0.3351,0.3241,0.1385,-0.1948,0.3967,0.0001,0.0000,0.0000,0.0000,False,0.0659,-0.0111,0.0580,0.0296,0.0580,0.0424,2.9411,grasp,-0.1948,0.3967,0.0001,0.0000,0.0000,0.0000,False,,0.0500,0.0000,True,0.8020,-0.2600,0.0099,1.1940
1679,0.0,0.2066,-0.0205,False,False,False,2.0816,4.7038,2.0002,-1.9602,-1.5649,0.0017,0.1244,-0.0198,0.1102,0.0566,0.1100,0.0797,0.3207,-0.3347,0.3238,0.1336,-0.1948,0.3967,0.0001,0.0000,0.0000,0.0000,False,0.0670,0.0605,-0.0261,-0.0587,0.0497,0.0534,-2.5310,grasp,-0.1948,0.3967,0.0001,0.0000,0.0000,0.0000,False,,0.0500,0.0000,False,0.8020,-0.2600,0.0099,1.1940
1680,0.0,0.2058,-0.0296,False,False,False,2.0853,4.7052,2.0010,-1.9611,-1.5620,0.0043,0.1234,0.1155,-0.0530,-0.1130,0.0915,0.0994,0.4003,-0.3362,0.3202,0.1286,-0.1948,0.3967,0.0001,0.0000,0.0000,0.0000,False,0.0754,0.0576,0.0527,-0.0750,-0.0255,-0.0218,-0.8920,grasp,-0.1948,0.3967,0.0001,0.0000,0.0000,0.0000,False,,0.0500,0.0000,False,0.8020,-0.2600,0.0099,1.1940
1681,0.0,0.2058,-0.0023,False,False,False,2.0853,4.7052,2.0010,-1.9611,-1.5620,0.0043,-0.0000,0.0000,0.0000,0.0000,-0.0000,0.0000,0.3799,-0.3362,0.3202,0.1286,-0.1948,0.3967,0.0001,0.0000,0.0000,0.0000,False,-0.0645,0.0326,-0.0185,-0.0310,-0.0042,-0.0420,-1.0011,grasp,-0.1948,0.3967,0.0001,0.0000,0.0000,0.0000,False,,0.0500,0.0000,False,0.8020,-0.2600,0.0099,1.1940
1682,0.0,0.2062,-5.0034,True,False,False,2.0853,4.7052,2.0010,-1.9611,-1.5620,0.0043,-0.0000,0.0000,0.0000,0.0000,-0.0000,0.0000,0.3799,-0.3362,0.3202,0.1286,-0.1942,0.3937,-0.0017,0.0000,0.0000,0.0000,False,-0.0115,-0.0541,0.0072,0.0409,0.0159,-0.0292,0.2992,grasp,-0.1942,0.3937,-0.0017,0.0000,0.0000,0.0000,False,,0.0500,0.0000,False,0.8020,-0.2600,0.0099,1.1940
1683,0.0,0.2148,-0.0063,False,False,False,2.0702,4.6954,1.9989,-1.9596,-1.5626,-0.0009,-0.0419,-0.0016,-0.0109,-0.0186,-0.0116,0.0012,0.0038,-0.3325,0.3264,0.1519,-0.1957,0.3944,0.0009,0.0000,0.0000,0.0000,False,0.0065,-0.0094,-0.0533,0.0018,0.0238,0.0646,-2.0209,grasp,-0.1957,0.3944,0.0009,0.0000,0.0000,0.0000,False,,0.0500,0.0000,False,0.8020,-0.2600,0.0099,1.1932
1684,0.0,0.2148,-0.0017,False,False,False,2.0702,4.6954,1.9989,-1.9596,-1.5626,-0.0009,0.0000,0.0000,0.0000,0.0000,-0.0000,0.0000,0.0177,-0.3325,0.3264,0.1519,-0.1957,0.3944,0.0009,0.0000,0.0000,0.0000,False,-0.0322,0.0663,-0.0445,-0.0101,0.0353,-0.0501,0.6013,grasp,-0.1957,0.3944,0.0009,0.0000,0.0000,0.0000,False,,0.0500,0.0000,True,0.8020,-0.2600,0.0099,1.1932
1685,0.0,0.2148,-0.0032,False,False,False,2.0702,4.6954,1.9989,-1.9596,-1.5626,-0.0009,0.0000,0.0000,0.0000,0.0000,-0.0000,0.0000,0.0577,-0.3325,0.3264,0.1519,-0.1957,0.3944,0.0009,0.0000,0.0000,0.0000,False,0.0352,-0.0717,-0.0184,-0.0353,0.0268,-0.0336,-1.5035,grasp,-0.1957,0.3944,0.0009,0.0000,0.0000,0.0000,False,,0.0500,0.0000,False,0.8020,-0.2600,0.0099,1.1932
1686,0.0,0.2167,-0.0044,False,False,False,2.0702,4.6954,1.9989,-1.9596,-1.5626,-0.0009,0.0000,0.0000,0.0000,0.0000,-0.0000,0.0000,0.0577,-0.3325,0.3264,0.1519,-0.1938,0.3968,0.0009,0.0000,0.0000,0.0000,False,-0.0361,-0.0526,-0.0258,0.0466,0.0763,0.0271,-0.4679,grasp,-0.1938,0.3968,0.0009,0.0000,0.0000,0.0000,False,,0.0500,0.0000,False,0.8020,-0.2600,0.0099,1.1932
1687,0.0,0.2133,-0.0071,False,False,False,2.0708,4.6947,1.9984,-1.9604,-1.5618,-0.0007,0.0250,0.0017,-0.0334,-0.0469,0.0577,0.0478,0.1174,-0.3328,0.3263,0.1466,-0.1938,0.3968,0.0009,0.0000,0.0000,0.0000,False,0.0254,0.0010,-0.0336,-0.0473,0.0580,0.0474,-0.7778,grasp,-0.1938,0.3968,0.0009,0.0000,0.0000,0.0000,False,,0.0500,0.0000,False,0.8020,-0.2600,0.0099,1.1932
1688,0.0,0.2133,-0.0119,False,False,False,2.0708,4.6947,1.9984,-1.9604,-1.5618,-0.0007,0.0250,0.0017,-0.0334,-0.0469,0.0577,0.0478,0.1174,-0.3328,0.3263,0.1466,-0.1938,0.3968,0.0009,0.0000,0.0000,0.0000,False,-0.0238,0.0748,-0.0508,0.0663,-0.0076,-0.0168,-1.8413,grasp,-0.1938,0.3968,0.0009,0.0000,0.0000,0.0000,False,,0.0500,0.0000,False,0.8020,-0.2600,0.0099,1.1932
1689,0.0,0.2120,0.0005,False,False,False,2.0711,4.6955,1.9972,-1.9606,-1.5608,0.0000,0.0000,0.0000,0.0000,0.0000,-0.0000,0.0000,0.1533,-0.3337,0.3266,0.1440,-0.1938,0.3968,0.0009,0.0000,0.0000,0.0000,False,0.0097,0.0768,-0.0610,0.0656,0.0191,-0.0410,-1.2615,grasp,-0.1938,0.3968,0.0009,0.0000,0.0000,0.0000,False,,0.0500,0.0000,False,0.8020,-0.2600,0.0099,1.1932
1690,0.0,0.2120,-0.0109,False,False,False,2.0712,4.6962,1.9966,-1.9600,-1.5606,-0.0004,0.0099,0.0761,-0.0605,0.0650,0.0192,-0.0408,0.1619,-0.3337,0.3266,0.1440,-0.1938,0.3968,0.0009,0.0000,0.0000,0.0000,False,0.0607,0.0607,0.0108,0.0096,0.0025,0.0732,1.5491,grasp,-0.1938,0.3968,0.0009,0.0000,0.0000,0.0000,False,,0.0500,0.0000,True,0.8020,-0.2600,0.0099,1.1932
1691,0.0,0.2120,-0.0129,False,False,False,2.0712,4.6962,1.9966,-1.9600,-1.5606,-0.0004,0.0000,0.0000,0.0000,0.0000,-0.0000,0.0000,0.2019,-0.3337,0.3266,0.1440,-0.1938,0.3968,0.0009,0.0000,0.0000,0.0000,False,-0.0657,-0.0711,0.0504,0.0341,0.0726,0.0402,2.6007,grasp,-0.1938,0.3968,0.0009,0.0000,0.0000,0.0000,False,,0.0500,0.0000,True,0.8020,-0.2600,0.0099,1.1932
1692,0.0,0.2120,-0.0010,False,False,False,2.0712,4.6962,1.9966,-1.9600,-1.5606,-0.0004,0.0000,0.0000,0.0000,0.0000,-0.0000,0.0000,0.2019,-0.3337,0.3266,0.1440,-0.1938,0.3968,0.0009,0.0000,0.0000,0.0000,False,0.0763,-0.0230,0.0344,0.0280,0.0628,-0.0371,0.6606,grasp,-0.1938,0.3968,0.0009,0.0000,0.0000,0.0000,False,,0.0500,0.0000,True,0.8020,-0.2600,0.0099,1.1932
1693,0.0,0.2137,-0.0044,False,False,False,2.0712,4.6962,1.9966,-1.9600,-1.5606,-0.0004,0.0000,0.0000,0.0000,0.0000,-0.0000,0.0000,0.2019,-0.3337,0.3266,0.1440,-0.1926,0.3987,0.0006,0.0000,0.0000,0.0000,False,0.0161,0.0060,-0.0170,0.0685,0.0158,-0.0655,-0.9924,grasp,-0.1926,0.3987,0.0006,0.0000,0.0000,0.0000,False,,0.0500,0.0000,False,0.8020,-0.2600,0.0099,1.1932
1694,0.0,0.2109,-0.0078,False,False,False,2.0709,4.6948,1.9973,-1.9593,-1.5595,0.0004,0.0430,-0.0670,0.0198,0.0299,0.0381,0.0402,0.2290,-0.3336,0.3263,0.1396,-0.1926,0.3987,0.0006,0.0000,0.0000,0.0000,False,0.0423,-0.0677,0.0203,0.0302,0.0388,0.0406,-2.5278,grasp,-0.1926,0.3987,0.0006,0.0000,0.0000,0.0000,False,,0.0500,0.0000,False,0.8020,-0.2600,0.0099,1.1932
1695,0.0,0.2109,-0.0121,False,False,False,2.0725,4.6934,1.9975,-1.9588,-1.5580,0.0018,0.0740,-0.0117,-0.0170,-0.0036,0.0715,0.0662,0.1750,-0.3336,0.3263,0.1396,-0.1926,0.3987,0.0006,0.0000,0.0000,0.0000,False,0.0748,-0.0133,-0.0166,-0.0030,0.0722,0.0670,-3.1039,grasp,-0.1926,0.3987,0.0006,0.0000,0.0000,0.0000,False,,0.0500,0.0000,False,0.8020,-0.2600,0.0099,1.1932
1696,0.0,0.2159,-0.0080,False,False,False,2.0739,4.6932,1.9972,-1.9589,-1.5567,0.0031,0.0000,0.0000,0.0000,0.0000,-0.0000,0.0000,0.1780,-0.3354,0.3247,0.1446,-0.1926,0.3987,0.0006,0.0000,0.0000,0.0000,False,-0.0219,-0.0554,0.0762,-0.0107,0.0187,-0.0258,2.7378,grasp,-0.1926,0.3987,0.0006,0.0000,0.0000,0.0000,False,,0.0500,0.0000,True,0.8020,-0.2600,0.0099,1.1932
1697,0.0,0.2159,-0.0036,False,False,False,2.0739,4.6932,1.9972,-1.9589,-1.5567,0.0031,0.0000,0.0000,0.0000,0.0000,-0.0000,0.0000,0.1780,-0.3354,0.3247,0.1446,-0.1926,0.3987,0.0006,0.0000,0.0000,0.0000,False,0.0332,0.0253,0.0675,-0.0257,0.0329,0.0140,-1.8572,grasp,-0.1926,0.3987,0.0006,0.0000,0.0000,0.0000,False,,0.0500,0.0000,False,0.8020,-0.2600,0.0099,1.1932
1698,0.0,0.2159,-0.0023,False,False,False,2.0737,4.6926,1.9980,-1.9590,-1.5565,0.0028,0.0000,0.0000,0.0000,0.0000,-0.0000,0.0000,0.2178,-0.3354,0.3247,0.1446,-0.1926,0.3987,0.0006,0.0000,0.0000,0.0000,False,0.0396,0.0086,-0.0508,0.0349,0.0761,0.0671,-1.5641,grasp,-0.1926,0.3987,0.0006,0.0000,0.0000,0.0000,False,,0.0500,0.0000,False,0.8020,-0.2600,0.0099,1.1932
1699,0.0,0.2129,-0.0003,False,False,False,2.0740,4.6929,1.9987,-1.9592,-1.5562,0.0030,0.0334,0.0258,0.0667,-0.0256,0.0327,0.0143,0.2145,-0.3354,0.3247,0.1446,-0.1958,0.3959,0.0005,0.0000,0.0000,0.0000,False,0.0151,-0.0505,-0.0371,0.0529,0.0261,0.0704,1.2111,grasp,-0.1958,0.3959,0.0005,0.0000,0.0000,0.0000,False,,0.0500,0.0000,True,0.8020,-0.2600,0.0099,1.1932
1700,0.0,0.2102,-0.0092,False,False,False,2.0742,4.6924,1.9983,-1.9587,-1.5559,0.0037,0.0148,-0.0508,-0.0377,0.0532,0.0258,0.0703,0.2545,-0.3354,0.3240,0.1404,-0.1958,0.3959,0.0005,0.0000,0.0000,0.0000,False,-0.0324,-0.0642,-0.0005,-0.0062,0.0488,-0.0103,-2.0240,grasp,-0.1958,0.3959,0.0005,0.0000,0.0000,0.0000,False,,0.0500,0.0000,False,0.8020,-0.2600,0.0099,1.1932
1701,0.0,0.2102,-0.0122,False,False,False,2.0745,4.6919,1.9972,-1.9571,-1.5547,0.0046,0.0022,0.0462,-0.0371,0.0594,0.0694,-0.0430,0.3143,-0.3354,0.3240,0.1404,-0.1958,0.3959,0.0005,0.0000,0.0000,0.0000,False,0.0025,0.0450,-0.0378,0.0604,0.0699,-0.0417,0.6026,grasp,-0.1958,0.3959,0.0005,0.0000,0.0000,0.0000,False,,0.0500,0.0000,True,0.8020,-0.2600,0.0099,1.1932
1702,0.0,0.2089,-0.0003,False,False,False,2.0745,4.6927,1.9965,-1.9560,-1.5534,0.0038,0.0000,0.0000,0.0000,0.0000,-0.0000,0.0000,0.3543,-0.3363,0.3234,0.1371,-0.1958,0.3959,0.0005,0.0000,0.0000,0.0000,False,0.0484,0.0668,-0.0721,0.0683,0.0545,0.0636,-2.5983,grasp,-0.1958,0.3959,0.0005,0.0000,0.0000,0.0000,False,,0.0500,0.0000,False,0.8020,-0.2600,0.0099,1.1932
1703,0.0,0.2089,-0.0022,False,False,False,2.0750,4.6934,1.9958,-1.9553,-1.5529,0.0044,0.0000,0.0000,0.0000,0.0000,-0.0000,0.0000,0.3943,-0.3363,0.3234,0.1371,-0.1958,0.3959,0.0005,0.0000,0.0000,0.0000,False,-0.0454,0.0208,0.0394,0.0369,-0.0141,-0.0318,-0.0596,grasp,-0.1958,0.3959,0.0005,0.0000,0.0000,0.0000,False,,0.0500,0.0000,False,0.8020,-0.2600,0.0099,1.1932
1704,0.0,0.2102,-5.0041,True,False,False,2.0750,4.6934,1.9958,-1.9553,-1.5529,0.0044,0.0000,0.0000,0.0000,0.0000,-0.0000,0.0000,0.3943,-0.3363,0.3234,0.1371,-0.1943,0.3957,-0.0000,0.0000,0.0000,0.0000,False,0.0164,0.0039,-0.0052,0.0477,0.0569,-0.0786,2.3358,grasp,-0.1943,0.3957,-0.0000,0.0000,0.0000,0.0000,False,,0.0500,0.0000,True,0.8020,-0.2600,0.0099,1.1932
1705,0.0,0.2161,-0.0053,False,False,False,2.0660,4.6941,1.9941,-1.9558,-1.5529,-0.0044,-0.0361,0.0001,-0.0044,-0.0239,-0.0250,0.0061,0.0049,-0.3345,0.3265,0.1539,-0.1982,0.3953,0.0010,0.0000,0.0000,0.0000,False,0.0552,0.0092,-0.0593,-0.0076,0.0538,0.0698,-1.4826,grasp,-0.1982,0.3953,0.0010,0.0000,0.0000,0.0000,False,,0.0500,0.0000,False,0.8020,-0.2600,0.0099,1.1958
1706,0.0,0.2161,-0.0050,False,False,False,2.0660,4.6941,1.9941,-1.9558,-1.5529,-0.0044,0.0000,0.0000,0.0000,0.0000,-0.0000,0.0000,0.0449,-0.3345,0.3265,0.1539,-0.1982,0.3953,0.0010,0.0000,0.0000,0.0000,False,-0.0549,0.0060,-0.0516,0.0582,0.0504,0.0680,2.0322,grasp,-0.1982,0.3953,0.0010,0.0000,0.0000,0.0000,False,,0.0500,0.0000,True,0.8020,-0.2600,0.0099,1.1958
1707,0.0,0.2148,-0.0017,False,False,False,2.0660,4.6941,1.9941,-1.9558,-1.5529,-0.0044,0.0000,0.0000,0.0000,0.0000,-0.0000,0.0000,0.0449,-0.3340,0.3274,0.1529,-0.1982,0.3953,0.0010,0.0000,0.0000,0.0000,False,-0.0297,-0.0402,-0.0499,-0.0209,0.0765,0.0206,0.1355,grasp,-0.1982,0.3953,0.0010,0.0000,0.0000,0.0000,False,,0.0500,0.0000,True,0.8020,-0.2600,0.0099,1.1958
1708,0.0,0.2148,-0.0135,False,False,False,2.0655,4.6942,1.9936,-1.9552,-1.5524,-0.0037,-0.0549,0.0060,-0.0516,0.0582,0.0504,0.0680,0.0649,-0.3340,0.3274,0.1529,-0.1982,0.3953,0.0010,0.0000,0.0000,0.0000,False,0.0318,0.0731,0.0315,-0.0470,0.0128,-0.0647,2.8606,grasp,-0.1982,0.3953,0.0010,0.0000,0.0000,0.0000,False,,0.0500,0.0000,True,0.8020,-0.2600,0.0099,1.1958
1709,0.0,0.2168,-0.0038,False,False,False,2.0655,4.6942,1.9936,-1.9552,-1.5524,-0.0037,0.0000,0.0000,0.0000,0.0000,-0.0000,0.0000,0.0848,-0.3340,0.3274,0.1529,-0.1962,0.3973,0.0009,0.0000,0.0000,0.0000,False,-0.0736,-0.0367,-0.0278,-0.0523,0.0608,0.0702,-2.8875,grasp,-0.1962,0.3973,0.0009,0.0000,0.0000,0.0000,False,,0.0500,0.0000,False,0.8020,-0.2600,0.0099,1.1958
1710,0.0,0.2130,-0.0135,False,False,False,2.0647,4.6938,1.9933,-1.9557,-1.5518,-0.0030,-0.0736,-0.0367,-0.0278,-0.0523,0.0608,0.0702,0.1248,-0.3340,0.3278,0.1476,-0.1962,0.3973,0.0009,0.0000,0.0000,0.0000,False,0.0564,0.0461,-0.0043,-0.0103,0.0554,0.0626,0.9121,grasp,-0.1962,0.3973,0.0009,0.0000,0.0000,0.0000,False,,0.0500,0.0000,True,0.8020,-0.2600,0.0099,1.1958
1711,0.0,0.2130,-0.0210,False,False,False,2.0656,4.6948,1.9946,-1.9565,-1.5506,-0.0018,0.1481,0.1110,0.1191,0.0144,0.0050,-0.0074,0.2021,-0.3340,0.3278,0.1476,-0.1962,0.3973,0.0009,0.0000,0.0000,0.0000,False,0.0765,0.0577,0.0621,0.0066,0.0038,-0.0026,2.7916,grasp,-0.1962,0.3973,0.0009,0.0000,0.0000,0.0000,False,,0.0500,0.0000,True,0.8020,-0.2600,0.0099,1.1958
1712,0.0,0.2130,-0.0202,False,False,False,2.0677,4.6965,1.9965,-1.9563,-1.5505,-0.0019,0.0000,0.0000,0.0000,0.0000,-0.0000,0.0000,0.2415,-0.3340,0.3278,0.1476,-0.1962,0.3973,0.0009,0.0000,0.0000,0.0000,False,-0.0346,-0.0770,-0.0522,0.0187,0.0629,-0.0232,-1.4389,grasp,-0.1962,0.3973,0.0009,0.0000,0.0000,0.0000,False,,0.0500,0.0000,False,0.8020,-0.2600,0.0099,1.1958
1713,0.0,0.2093,0.0033,False,False,False,2.0677,4.6965,1.9965,-1.9563,-1.5505,-0.0019,0.0000,0.0000,0.0000,0.0000,-0.0000,0.0000,0.2415,-0.3348,0.3255,0.1403,-0.1962,0.3973,0.0009,0.0000,0.0000,0.0000,False,-0.0229,-0.0108,0.0427,-0.0567,0.0103,-0.0314,-1.6138,grasp,-0.1962,0.3973,0.0009,0.0000,0.0000,0.0000,False,,0.0500,0.0000,False,0.8020,-0.2600,0.0099,1.1958
1714,0.0,0.2093,-0.0143,False,False,False,2.0674,4.6957,1.9959,-1.9561,-1.5499,-0.0021,-0.0370,-0.0797,-0.0551,0.0185,0.0628,-0.0231,0.2615,-0.3348,0.3255,0.1403,-0.1962,0.3973,0.0009,0.0000,0.0000,0.0000,False,0.0184,0.0773,0.0285,-0.0584,0.0671,0.0089,-2.8535,grasp,-0.1962,0.3973,0.0009,0.0000,0.0000,0.0000,False,,0.0500,0.0000,False,0.8020,-0.2600,0.0099,1.1958
1715,0.0,0.2093,-0.0158,False,False,False,2.0674,4.6957,1.9959,-1.9561,-1.5499,-0.0021,-0.0370,-0.0797,-0.0551,0.0185,0.0628,-0.0231,0.2615,-0.3348,0.3255,0.1403,-0.1962,0.3973,0.0009,0.0000,0.0000,0.0000,False,0.0624,0.0519,0.0711,0.0579,-0.0019,0.0032,-2.8806,grasp,-0.1962,0.3973,0.0009,0.0000,0.0000,0.0000,False,,0.0500,0.0000,False,0.8020,-0.2600,0.0099,1.1958
1716,0.0,0.2124,-5.0131,True,False,False,2.0674,4.6957,1.9960,-1.9555,-1.5494,-0.0016,0.0031,-0.0049,0.0092,0.0609,0.0498,0.0562,0.2291,-0.3350,0.3253,0.1403,-0.1941,0.3962,-0.0020,0.0000,0.0000,0.0000,False,0.0031,-0.0049,0.0092,0.0609,0.0498,0.0562,-1.8693,grasp,-0.1941,0.3962,-0.0020,0.0000,0.0000,0.0000,False,,0.0500,0.0000,False,0.8020,-0.2600,0.0099,1.1958
1717,0.0,0.2137,-0.0061,False,False,False,2.0581,4.6943,1.9958,-1.9510,-1.5484,0.0090,-0.0280,-0.0001,-0.0075,-0.0341,-0.0351,-0.0139,0.0009,-0.3319,0.3269,0.1530,-0.1954,0.3908,0.0014,0.0000,0.0000,0.0000,False,-0.0652,0.0414,-0.0321,0.0678,-0.0423,-0.0353,1.3480,grasp,-0.1954,0.3908,0.0014,0.0000,0.0000,0.0000,False,,0.0500,0.0000,True,0.8020,-0.2600,0.0099,1.1910
1718,0.0,0.2117,-0.0138,False,False,False,2.0573,4.6946,1.9964,-1.9512,-1.5480,0.0086,-0.0750,0.0324,0.0571,-0.0183,0.0382,-0.0385,0.0499,-0.3315,0.3276,0.1507,-0.1954,0.3908,0.0014,0.0000,0.0000,0.0000,False,-0.0750,0.0324,0.0571,-0.0183,0.0382,-0.0385,-2.1933,grasp,-0.1954,0.3908,0.0014,0.0000,0.0000,0.0000,False,,0.0500,0.0000,False,0.8020,-0.2600,0.0099,1.1910
1719,0.0,0.2117,-0.0145,False,False,False,2.0573,4.6946,1.9964,-1.9512,-1.5480,0.0086,-0.0750,0.0324,0.0571,-0.0183,0.0382,-0.0385,0.0499,-0.3315,0.3276,0.1507,-0.1954,0.3908,0.0014,0.0000,0.0000,0.0000,False,0.0626,0.0752,0.0201,0.0652,0.0770,0.0026,1.0362,grasp,-0.1954,0.3908,0.0014,0.0000,0.0000,0.0000,False,,0.0500,0.0000,True,0.8020,-0.2600,0.0099,1.1910
1720,0.0,0.2138,-0.0137,False,False,False,2.0573,4.6946,1.9964,-1.9512,-1.5480,0.0086,-0.0750,0.0324,0.0571,-0.0183,0.0382,-0.0385,0.0499,-0.3315,0.3276,0.1507,-0.1936,0.3933,0.0012,0.0000,0.0000,0.0000,False,0.0242,0.0593,-0.0709,0.0700,0.0623,-0.0253,-2.9797,grasp,-0.1936,0.3933,0.0012,0.0000,0.0000,0.0000,False,,0.0500,0.0000,False,0.8020,-0.2600,0.0099,1.1910
1721,0.0,0.2138,-0.0077,False,False,False,2.0555,4.6955,1.9975,-1.9509,-1.5472,0.0081,-0.0377,0.0245,-0.0018,0.0621,0.0095,0.0254,0.0968,-0.3315,0.3276,0.1507,-0.1936,0.3933,0.0012,0.0000,0.0000,0.0000,False,-0.0391,0.0255,-0.0008,0.0617,0.0103,0.0247,0.2649,grasp,-0.1936,0.3933,0.0012,0.0000,0.0000,0.0000,False,,0.0500,0.0000,True,0.8020,-0.2600,0.0099,1.1910
1722,0.0,0.2089,-0.0109,False,False,False,2.0548,4.6960,1.9974,-1.9497,-1.5470,0.0086,-0.0715,0.0469,-0.0035,0.1179,0.0181,0.0483,0.1167,-0.3303,0.3274,0.1447,-0.1936,0.3933,0.0012,0.0000,0.0000,0.0000,False,0.0651,-0.0673,-0.0780,-0.0452,0.0202,-0.0417,-1.0267,grasp,-0.1936,0.3933,0.0012,0.0000,0.0000,0.0000,False,,0.0500,0.0000,False,0.8020,-0.2600,0.0099,1.1910
1723,0.0,0.2089,-0.0127,False,False,False,2.0537,4.6973,1.9977,-1.9475,-1.5462,0.0099,-0.0053,0.0629,0.0321,0.0508,0.0473,0.0603,0.1632,-0.3303,0.3274,0.1447,-0.1936,0.3933,0.0012,0.0000,0.0000,0.0000,False,-0.0063,0.0638,0.0321,0.0525,0.0476,0.0609,-1.4553,grasp,-0.1936,0.3933,0.0012,0.0000,0.0000,0.0000,False,,0.0500,0.0000,False,0.8020,-0.2600,0.0099,1.1910
1724,0.0,0.2052,-0.0092,False,False,False,2.0530,4.6987,1.9977,-1.9463,-1.5446,0.0111,-0.0668,0.0157,-0.0589,0.0304,0.0702,0.0045,0.2084,-0.3297,0.3262,0.1391,-0.1936,0.3933,0.0012,0.0000,0.0000,0.0000,False,-0.0669,0.0177,-0.0583,0.0313,0.0711,0.0057,2.0521,grasp,-0.1936,0.3933,0.0012,0.0000,0.0000,0.0000,False,,0.0500,0.0000,True,0.8020,-0.2600,0.0099,1.1910
1725,0.0,0.2052,-0.0131,False,False,False,2.0530,4.6987,1.9977,-1.9463,-1.5446,0.0111,-0.0668,0.0157,-0.0589,0.0304,0.0702,0.0045,0.2084,-0.3297,0.3262,0.1391,-0.1936,0.3933,0.0012,0.0000,0.0000,0.0000,False,-0.0078,0.0021,-0.0107,0.0111,0.0162,0.0315,2.5598,grasp,-0.1936,0.3933,0.0012,0.0000,0.0000,0.0000,False,,0.0500,0.0000,True,0.8020,-0.2600,0.0099,1.1910
1726,0.0,0.2052,-0.0114,False,False,False,2.0530,4.6987,1.9977,-1.9463,-1.5446,0.0111,-0.0668,0.0157,-0.0589,0.0304,0.0702,0.0045,0.2084,-0.3297,0.3262,0.1391,-0.1936,0.3933,0.0012,0.0000,0.0000,0.0000,False,0.0317,-0.0154,0.0317,-0.0476,0.0197,-0.0716,2.1064,grasp,-0.1936,0.3933,0.0012,0.0000,0.0000,0.0000,False,,0.0500,0.0000,True,0.8020,-0.2600,0.0099,1.1910
1727,0.0,0.2097,-5.0276,True,False,False,2.0519,4.6996,1.9963,-1.9463,-1.5435,0.0114,0.0231,0.0556,-0.0309,-0.0643,-0.0182,0.0298,0.2878,-0.3297,0.3262,0.1391,-0.1895,0.3903,-0.0030,0.0000,0.0000,0.0000,False,0.0231,0.0556,-0.0309,-0.0643,-0.0182,0.0298,-2.2763,grasp,-0.1895,0.3903,-0.0030,0.0000,0.0000,0.0000,False,,0.0500,0.0000,False,0.8020,-0.2600,0.0099,1.1910
1728,0.0,0.2167,-0.0045,False,False,False,2.0519,4.7077,1.9889,-1.9673,-1.5564,0.0128,-0.0182,-0.0206,0.0032,-0.0087,-0.0222,-0.0195,0.0059,-0.3312,0.3371,0.1513,-0.1899,0.4042,0.0013,0.0000,0.0000,0.0000,False,0.0216,-0.0193,0.0579,0.0170,0.0685,-0.0344,2.2043,grasp,-0.1899,0.4042,0.0013,0.0000,0.0000,0.0000,False,,0.0500,0.0000,True,0.8020,-0.2600,0.0099,1.1938
1729,0.0,0.2155,-0.0215,False,False,False,2.0502,4.7054,1.9890,-1.9690,-1.5558,0.0121,-0.1017,-0.1387,0.0038,-0.1049,0.0571,-0.0293,0.0475,-0.3308,0.3377,0.1501,-0.1899,0.4042,0.0013,0.0000,0.0000,0.0000,False,-0.0537,-0.0732,0.0020,-0.0553,0.0298,-0.0156,-1.8766,grasp,-0.1899,0.4042,0.0013,0.0000,0.0000,0.0000,False,,0.0500,0.0000,False,0.8020,-0.2600,0.0099,1.1938
1730,0.0,0.2155,-0.0207,False,False,False,2.0502,4.7054,1.9890,-1.9690,-1.5558,0.0121,-0.1017,-0.1387,0.0038,-0.1049,0.0571,-0.0293,0.0475,-0.3308,0.3377,0.1501,-0.1899,0.4042,0.0013,0.0000,0.0000,0.0000,False,0.0051,-0.0286,0.0652,0.0720,-0.0060,-0.0270,-2.9873,grasp,-0.1899,0.4042,0.0013,0.0000,0.0000,0.0000,False,,0.0500,0.0000,False,0.8020,-0.2600,0.0099,1.1938
1731,0.0,0.2155,-0.0206,False,False,False,2.0502,4.7054,1.9890,-1.9690,-1.5558,0.0121,-0.1017,-0.1387,0.0038,-0.1049,0.0571,-0.0293,0.0475,-0.3308,0.3377,0.1501,-0.1899,0.4042,0.0013,0.0000,0.0000,0.0000,False,0.0412,0.0442,-0.0431,-0.0276,0.0078,0.0461,-1.0084,grasp,-0.1899,0.4042,0.0013,0.0000,0.0000,0.0000,False,,0.0500,0.0000,False,0.8020,-0.2600,0.0099,1.1938
1732,0.0,0.2151,-0.0191,False,False,False,2.0502,4.7054,1.9890,-1.9690,-1.5558,0.0121,-0.1017,-0.1387,0.0038,-0.1049,0.0571,-0.0293,0.0475,-0.3308,0.3377,0.1501,-0.1907,0.4046,0.0014,0.0000,0.0000,0.0000,False,-0.0793,-0.0170,-0.0430,-0.0089,0.0178,-0.0410,2.0247,grasp,-0.1907,0.4046,0.0014,0.0000,0.0000,0.0000,False,,0.0500,0.0000,True,0.8020,-0.2600,0.0099,1.1938
1733,0.0,0.2151,-0.0182,False,False,False,2.0493,4.7037,1.9883,-1.9697,-1.5544,0.0125,0.0569,0.0351,-0.0693,0.0728,0.0519,0.0731,0.0987,-0.3308,0.3377,0.1501,-0.1907,0.4046,0.0014,0.0000,0.0000,0.0000,False,0.0555,0.0323,-0.0692,0.0713,0.0528,0.0727,1.2026,grasp,-0.1907,0.4046,0.0014,0.0000,0.0000,0.0000,False,,0.0500,0.0000,True,0.8020,-0.2600,0.0099,1.1938
1734,0.0,0.2135,-0.0150,False,False,False,2.0510,4.7046,1.9865,-1.9688,-1.5529,0.0146,0.0654,0.0221,-0.0508,-0.0481,0.0506,0.0752,0.1587,-0.3318,0.3383,0.1473,-0.1907,0.4046,0.0014,0.0000,0.0000,0.0000,False,0.0664,0.0227,-0.0522,-0.0468,0.0516,0.0766,0.1557,grasp,-0.1907,0.4046,0.0014,0.0000,0.0000,0.0000,False,,0.0500,0.0000,True,0.8020,-0.2600,0.0099,1.1938
1735,0.0,0.2135,-0.0166,False,False,False,2.0510,4.7046,1.9865,-1.9688,-1.5529,0.0146,0.0654,0.0221,-0.0508,-0.0481,0.0506,0.0752,0.1587,-0.3318,0.3383,0.1473,-0.1907,0.4046,0.0014,0.0000,0.0000,0.0000,False,0.0229,0.0088,-0.0575,0.0517,0.0399,0.0724,-1.2616,grasp,-0.1907,0.4046,0.0014,0.0000,0.0000,0.0000,False,,0.0500,0.0000,False,0.8020,-0.2600,0.0099,1.1938
1736,0.0,0.2118,-0.0159,False,False,False,2.0529,4.7056,1.9863,-1.9697,-1.5525,0.0156,0.0629,0.0653,0.0732,0.0076,-0.0471,-0.0423,0.2246,-0.3333,0.3384,0.1433,-0.1907,0.4046,0.0014,0.0000,0.0000,0.0000,False,0.0629,0.0653,0.0732,0.0076,-0.0471,-0.0423,2.9889,grasp,-0.1907,0.4046,0.0014,0.0000,0.0000,0.0000,False,,0.0500,0.0000,True,0.8020,-0.2600,0.0099,1.1938
1737,0.0,0.2118,-0.0145,False,False,False,2.0538,4.7074,1.9874,-1.9696,-1.5527,0.0155,-0.0254,0.0502,-0.0272,-0.0080,0.0633,0.0726,0.2840,-0.3333,0.3384,0.1433,-0.1907,0.4046,0.0014,0.0000,0.0000,0.0000,False,-0.0242,0.0520,-0.0252,-0.0079,0.0624,0.0718,0.9593,grasp,-0.1907,0.4046,0.0014,0.0000,0.0000,0.0000,False,,0.0500,0.0000,True,0.8020,-0.2600,0.0099,1.1938
1738,0.0,0.2118,-0.0116,False,False,False,2.0538,4.7074,1.9874,-1.9696,-1.5527,0.0155,-0.0254,0.0502,-0.0272,-0.0080,0.0633,0.0726,0.2840,-0.3333,0.3384,0.1433,-0.1907,0.4046,0.0014,0.0000,0.0000,0.0000,False,-0.0113,0.0380,-0.0543,-0.0469,0.0442,-0.0700,-1.6715,grasp,-0.1907,0.4046,0.0014,0.0000,0.0000,0.0000,False,,0.0500,0.0000,False,0.8020,-0.2600,0.0099,1.1938
1739,0.0,0.2117,-0.0111,False,False,False,2.0538,4.7074,1.9874,-1.9696,-1.5527,0.0155,-0.0254,0.0502,-0.0272,-0.0080,0.0633,0.0726,0.2840,-0.3333,0.3384,0.1433,-0.1917,0.4064,0.0015,0.0000,0.0000,0.0000,False,-0.0554,-0.0445,-0.0156,-0.0752,-0.0662,0.0700,-0.2545,grasp,-0.1917,0.4064,0.0015,0.0000,0.0000,0.0000,False,,0.0500,0.0000,False,0.8020,-0.2600,0.0099,1.1938
1740,0.0,0.2117,-0.0104,False,False,False,2.0538,4.7074,1.9874,-1.9696,-1.5527,0.0155,-0.0254,0.0502,-0.0272,-0.0080,0.0633,0.0726,0.2840,-0.3333,0.3384,0.1433,-0.1917,0.4064,0.0015,0.0000,0.0000,0.0000,False,0.0784,0.0487,-0.0637,-0.0061,-0.0290,0.0258,1.7822,grasp,-0.1917,0.4064,0.0015,0.0000,0.0000,0.0000,False,,0.0500,0.0000,True,0.8020,-0.2600,0.0099,1.1938
1741,0.0,0.2079,-0.0060,False,False,False,2.0533,4.7078,1.9862,-1.9695,-1.5515,0.0165,-0.0045,-0.0559,-0.0738,0.0233,0.0066,-0.0428,0.3143,-0.3335,0.3372,0.1369,-0.1917,0.4064,0.0015,0.0000,0.0000,0.0000,False,-0.0050,-0.0548,-0.0743,0.0231,0.0078,-0.0414,-0.3788,grasp,-0.1917,0.4064,0.0015,0.0000,0.0000,0.0000,False,,0.0500,0.0000,False,0.8020,-0.2600,0.0099,1.1938
1742,0.0,0.2079,-0.0122,False,False,False,2.0533,4.7078,1.9862,-1.9695,-1.5515,0.0165,-0.0045,-0.0559,-0.0738,0.0233,0.0066,-0.0428,0.3143,-0.3335,0.3372,0.1369,-0.1917,0.4064,0.0015,0.0000,0.0000,0.0000,False,-0.0723,-0.0614,-0.0723,-0.0725,0.0297,-0.0299,-2.4081,grasp,-0.1917,0.4064,0.0015,0.0000,0.0000,0.0000,False,,0.0500,0.0000,False,0.8020,-0.2600,0.0099,1.1938
1743,0.0,0.2100,-0.0159,False,False,False,2.0498,4.7030,1.9806,-1.9728,-1.5490,0.0148,0.0619,-0.0285,-0.0095,0.0418,0.0654,0.0747,0.2274,-0.3340,0.3387,0.1403,-0.1917,0.4064,0.0015,0.0000,0.0000,0.0000,False,0.0598,-0.0310,-0.0126,0.0392,0.0662,0.0739,-1.8755,grasp,-0.1917,0.4064,0.0015,0.0000,0.0000,0.0000,False,,0.0500,0.0000,False,0.8020,-0.2600,0.0099,1.1938
1744,0.0,0.2100,-0.0146,False,False,False,2.0498,4.7030,1.9806,-1.9728,-1.5490,0.0148,0.0619,-0.0285,-0.0095,0.0418,0.0654,0.0747,0.2274,-0.3340,0.3387,0.1403,-0.1917,0.4064,0.0015,0.0000,0.0000,0.0000,False,0.0350,0.0377,-0.0271,0.0615,0.0640,-0.0070,0.1274,grasp,-0.1917,0.4064,0.0015,0.0000,0.0000,0.0000,False,,0.0500,0.0000,True,0.8020,-0.2600,0.0099,1.1938
1745,0.0,0.2113,-0.0151,False,False,False,2.0498,4.7030,1.9806,-1.9728,-1.5490,0.0148,0.0619,-0.0285,-0.0095,0.0418,0.0654,0.0747,0.2274,-0.3340,0.3387,0.1403,-0.1909,0.4075,0.0008,0.0000,0.0000,0.0000,False,-0.0503,-0.0700,0.0757,-0.0676,0.0627,-0.0140,1.5252,grasp,-0.1909,0.4075,0.0008,0.0000,0.0000,0.0000,False,,0.0500,0.0000,True,0.8020,-0.2600,0.0099,1.1938
1746,0.0,0.2156,-0.0164,False,False,False,2.0513,4.7025,1.9802,-1.9722,-1.5470,0.0169,0.0326,0.0082,-0.0218,-0.0213,0.0750,0.0745,0.1952,-0.3353,0.3409,0.1464,-0.1909,0.4075,0.0008,0.0000,0.0000,0.0000,False,0.0338,0.0076,-0.0220,-0.0205,0.0763,0.0759,-2.4634,grasp,-0.1909,0.4075,0.0008,0.0000,0.0000,0.0000,False,,0.0500,0.0000,False,0.8020,-0.2600,0.0099,1.1938
1747,0.0,0.2156,-0.0106,False,False,False,2.0513,4.7025,1.9802,-1.9722,-1.5470,0.0169,0.0326,0.0082,-0.0218,-0.0213,0.0750,0.0745,0.1952,-0.3353,0.3409,0.1464,-0.1909,0.4075,0.0008,0.0000,0.0000,0.0000,False,-0.0759,0.0651,0.0052,-0.0261,-0.0662,0.0401,-0.3827,grasp,-0.1909,0.4075,0.0008,0.0000,0.0000,0.0000,False,,0.0500,0.0000,False,0.8020,-0.2600,0.0099,1.1938
1748,0.0,0.2165,-0.0038,False,False,False,2.0519,4.7027,1.9798,-1.9726,-1.5456,0.0184,0.0000,0.0000,0.0000,0.0000,-0.0000,0.0000,0.2210,-0.3364,0.3407,0.1466,-0.1909,0.4075,0.0008,0.0000,0.0000,0.0000,False,-0.0120,0.0218,-0.0606,0.0007,0.0449,0.0788,2.2852,grasp,-0.1909,0.4075,0.0008,0.0000,0.0000,0.0000,False,,0.0500,0.0000,True,0.8020,-0.2600,0.0099,1.1938
1749,0.0,0.2165,-0.0113,False,False,False,2.0518,4.7029,1.9792,-1.9726,-1.5451,0.0192,-0.0120,0.0218,-0.0606,0.0007,0.0449,0.0788,0.2410,-0.3364,0.3407,0.1466,-0.1909,0.4075,0.0008,0.0000,0.0000,0.0000,False,0.0353,-0.0086,-0.0768,-0.0185,-0.0131,-0.0644,0.0516,grasp,-0.1909,0.4075,0.0008,0.0000,0.0000,0.0000,False,,0.0500,0.0000,True,0.8020,-0.2600,0.0099,1.1938
1750,0.0,0.2165,-0.0125,False,False,False,2.0518,4.7029,1.9792,-1.9726,-1.5451,0.0192,-0.0120,0.0218,-0.0606,0.0007,0.0449,0.0788,0.2410,-0.3364,0.3407,0.1466,-0.1909,0.4075,0.0008,0.0000,0.0000,0.0000,False,-0.0666,-0.0069,-0.0774,0.0561,0.0078,0.0400,-1.2244,grasp,-0.1909,0.4075,0.0008,0.0000,0.0000,0.0000,False,,0.0500,0.0000,False,0.8020,-0.2600,0.0099,1.1938
1751,0.0,0.2165,-0.0036,False,False,False,2.0518,4.7029,1.9792,-1.9726,-1.5451,0.0192,0.0000,0.0000,0.0000,0.0000,-0.0000,0.0000,0.2660,-0.3364,0.3407,0.1466,-0.1909,0.4075,0.0008,0.0000,0.0000,0.0000,False,0.0196,0.0665,-0.0709,0.0052,0.0669,0.0728,-0.3712,grasp,-0.1909,0.4075,0.0008,0.0000,0.0000,0.0000,False,,0.0500,0.0000,False,0.8020,-0.2600,0.0099,1.1938
1752,0.0,0.2126,-0.0107,False,False,False,2.0515,4.7033,1.9779,-1.9720,-1.5440,0.0192,-0.0452,-0.0249,-0.0599,0.0589,0.0449,-0.0694,0.2346,-0.3370,0.3410,0.1445,-0.1948,0.4094,0.0021,0.0000,0.0000,0.0000,False,-0.0450,-0.0242,-0.0606,0.0590,0.0455,-0.0686,-2.8456,grasp,-0.1948,0.4094,0.0021,0.0000,0.0000,0.0000,False,,0.0500,0.0000,False,0.8020,-0.2600,0.0099,1.1938
1753,0.0,0.2126,-0.0163,False,False,False,2.0515,4.7033,1.9779,-1.9720,-1.5440,0.0192,-0.0452,-0.0249,-0.0599,0.0589,0.0449,-0.0694,0.2346,-0.3370,0.3410,0.1445,-0.1948,0.4094,0.0021,0.0000,0.0000,0.0000,False,-0.0499,0.0640,-0.0522,-0.0496,0.0539,-0.0446,0.8879,grasp,-0.1948,0.4094,0.0021,0.0000,0.0000,0.0000,False,,0.0500,0.0000,True,0.8020,-0.2600,0.0099,1.1938
1754,0.0,0.2126,-0.0172,False,False,False,2.0502,4.7035,1.9762,-1.9714,-1.5426,0.0174,-0.0490,0.0645,-0.0510,-0.0507,0.0530,-0.0433,0.2549,-0.3370,0.3410,0.1445,-0.1948,0.4094,0.0021,0.0000,0.0000,0.0000,False,0.0441,0.0511,-0.0173,-0.0669,0.0723,0.0136,-2.9733,grasp,-0.1948,0.4094,0.0021,0.0000,0.0000,0.0000,False,,0.0500,0.0000,False,0.8020,-0.2600,0.0099,1.1938
1755,0.0,0.2136,-0.0037,False,False,False,2.0502,4.7035,1.9762,-1.9714,-1.5426,0.0174,-0.0000,0.0000,0.0000,0.0000,-0.0000,0.0000,0.2386,-0.3372,0.3419,0.1463,-0.1948,0.4094,0.0021,0.0000,0.0000,0.0000,False,0.0389,-0.0704,-0.0532,0.0573,0.0726,0.0168,-0.0415,grasp,-0.1948,0.4094,0.0021,0.0000,0.0000,0.0000,False,,0.0500,0.0000,False,0.8020,-0.2600,0.0099,1.1938
1756,0.0,0.2136,-0.0014,False,False,False,2.0502,4.7035,1.9762,-1.9714,-1.5426,0.0174,-0.0000,0.0000,0.0000,0.0000,-0.0000,0.0000,0.2386,-0.3372,0.3419,0.1463,-0.1948,0.4094,0.0021,0.0000,0.0000,0.0000,False,0.0710,0.0012,-0.0468,-0.0698,0.0756,0.0399,0.1766,grasp,-0.1948,0.4094,0.0021,0.0000,0.0000,0.0000,False,,0.0500,0.0000,True,0.8020,-0.2600,0.0099,1.1938
1757,0.0,0.2136,-0.0173,False,False,False,2.0509,4.7035,1.9758,-1.9721,-1.5419,0.0178,0.0710,0.0012,-0.0468,-0.0698,0.0756,0.0399,0.2862,-0.3372,0.3419,0.1463,-0.1948,0.4094,0.0021,0.0000,0.0000,0.0000,False,-0.0207,-0.0057,0.0548,-0.0032,-0.0733,0.0449,3.0791,grasp,-0.1948,0.4094,0.0021,0.0000,0.0000,0.0000,False,,0.0500,0.0000,True,0.8020,-0.2600,0.0099,1.1938
1758,0.0,0.2152,-0.0144,False,False,False,2.0520,4.7035,1.9754,-1.9734,-1.5412,0.0190,-0.0221,-0.0058,0.0556,-0.0018,-0.0747,0.0441,0.3396,-0.3390,0.3419,0.1453,-0.1942,0.4093,0.0010,0.0000,0.0000,0.0000,False,-0.0164,0.0161,-0.0700,-0.0732,0.0182,0.0147,1.6597,grasp,-0.1942,0.4093,0.0010,0.0000,0.0000,0.0000,False,,0.0500,0.0000,True,0.8020,-0.2600,0.0099,1.1938
1759,0.0,0.2152,-0.0122,False,False,False,2.0513,4.7032,1.9748,-1.9738,-1.5407,0.0197,-0.0682,-0.0243,-0.0598,-0.0349,0.0462,0.0649,0.3996,-0.3390,0.3419,0.1453,-0.1942,0.4093,0.0010,0.0000,0.0000,0.0000,False,-0.0682,-0.0243,-0.0598,-0.0349,0.0462,0.0649,1.5967,grasp,-0.1942,0.4093,0.0010,0.0000,0.0000,0.0000,False,,0.0500,0.0000,True,0.8020,-0.2600,0.0099,1.1938
1760,0.0,0.2128,-0.0260,False,False,False,2.0500,4.7028,1.9737,-1.9744,-1.5399,0.0209,-0.1295,-0.0462,-0.1137,-0.0664,0.0877,0.1234,0.4196,-0.3388,0.3424,0.1420,-0.1942,0.4093,0.0010,0.0000,0.0000,0.0000,False,-0.0380,0.0520,-0.0694,0.0385,0.0780,0.0183,-2.6351,grasp,-0.1942,0.4093,0.0010,0.0000,0.0000,0.0000,False,,0.0500,0.0000,False,0.8020,-0.2600,0.0099,1.1938
1761,0.0,0.2128,-0.0281,False,False,False,2.0500,4.7028,1.9737,-1.9744,-1.5399,0.0209,-0.1295,-0.0462,-0.1137,-0.0664,0.0877,0.1234,0.4196,-0.3388,0.3424,0.1420,-0.1942,0.4093,0.0010,0.0000,0.0000,0.0000,False,-0.0153,0.0415,-0.0289,-0.0234,-0.0450,0.0585,-1.7244,grasp,-0.1942,0.4093,0.0010,0.0000,0.0000,0.0000,False,,0.0500,0.0000,False,0.8020,-0.2600,0.0099,1.1938
1762,0.0,0.2128,-0.0022,False,False,False,2.0500,4.7028,1.9737,-1.9744,-1.5399,0.0209,0.0000,0.0000,0.0000,0.0000,-0.0000,0.0000,0.4222,-0.3388,0.3424,0.1420,-0.1942,0.4093,0.0010,0.0000,0.0000,0.0000,False,0.0512,0.0788,-0.0357,0.0131,-0.0609,-0.0379,2.4557,grasp,-0.1942,0.4093,0.0010,0.0000,0.0000,0.0000,False,,0.0500,0.0000,True,0.8020,-0.2600,0.0099,1.1938
1763,0.0,0.2139,-0.0045,False,False,False,2.0500,4.7028,1.9737,-1.9744,-1.5399,0.0209,0.0000,0.0000,0.0000,0.0000,-0.0000,0.0000,0.4222,-0.3388,0.3424,0.1420,-0.1940,0.4126,0.0011,0.0000,0.0000,0.0000,False,-0.0133,0.0785,-0.0539,0.0463,-0.0281,-0.0318,0.8820,grasp,-0.1940,0.4126,0.0011,0.0000,0.0000,0.0000,False,,0.0500,0.0000,False,0.8020,-0.2600,0.0099,1.1938
1764,0.0,0.2130,-0.0226,False,False,False,2.0512,4.7055,1.9723,-1.9739,-1.5427,0.0198,0.0458,0.1288,-0.0689,0.0273,-0.1461,-0.0468,0.5022,-0.3390,0.3433,0.1409,-0.1940,0.4126,0.0011,0.0000,0.0000,0.0000,False,0.0246,0.0686,-0.0366,0.0145,-0.0775,-0.0250,-2.5172,grasp,-0.1940,0.4126,0.0011,0.0000,0.0000,0.0000,False,,0.0500,0.0000,False,0.8020,-0.2600,0.0099,1.1938
1765,0.0,0.2130,-0.0230,False,False,False,2.0512,4.7055,1.9723,-1.9739,-1.5427,0.0198,0.0458,0.1288,-0.0689,0.0273,-0.1461,-0.0468,0.5022,-0.3390,0.3433,0.1409,-0.1940,0.4126,0.0011,0.0000,0.0000,0.0000,False,-0.0312,0.0384,0.0146,-0.0569,-0.0055,0.0627,0.1827,grasp,-0.1940,0.4126,0.0011,0.0000,0.0000,0.0000,False,,0.0500,0.0000,False,0.8020,-0.2600,0.0099,1.1938
1766,0.0,0.2116,-0.0149,False,False,False,2.0524,4.7081,1.9706,-1.9741,-1.5453,0.0187,0.0484,0.0686,-0.0678,-0.0644,-0.0527,-0.0444,0.4860,-0.3389,0.3443,0.1395,-0.1940,0.4126,0.0011,0.0000,0.0000,0.0000,False,0.0490,0.0712,-0.0688,-0.0640,-0.0547,-0.0451,-2.4127,grasp,-0.1940,0.4126,0.0011,0.0000,0.0000,0.0000,False,,0.0500,0.0000,False,0.8020,-0.2600,0.0099,1.1938
1767,0.0,0.2116,-0.0182,False,False,False,2.0524,4.7081,1.9706,-1.9741,-1.5453,0.0187,0.0484,0.0686,-0.0678,-0.0644,-0.0527,-0.0444,0.4860,-0.3389,0.3443,0.1395,-0.1940,0.4126,0.0011,0.0000,0.0000,0.0000,False,-0.0675,-0.0436,-0.0304,0.0526,-0.0681,-0.0199,-1.7490,grasp,-0.1940,0.4126,0.0011,0.0000,0.0000,0.0000,False,,0.0500,0.0000,False,0.8020,-0.2600,0.0099,1.1938
1768,0.0,0.2116,-0.0344,False,False,False,2.0533,4.7094,1.9693,-1.9754,-1.5463,0.0179,0.0919,0.1311,-0.1289,-0.1223,-0.1001,-0.0844,0.4660,-0.3389,0.3443,0.1395,-0.1940,0.4126,0.0011,0.0000,0.0000,0.0000,False,-0.0060,0.0767,-0.0381,-0.0253,-0.0470,-0.0441,-1.8183,grasp,-0.1940,0.4126,0.0011,0.0000,0.0000,0.0000,False,,0.0500,0.0000,False,0.8020,-0.2600,0.0099,1.1938
1769,0.0,0.2116,-0.0026,False,False,False,2.0533,4.7094,1.9693,-1.9754,-1.5463,0.0179,-0.0000,0.0000,0.0000,0.0000,-0.0000,0.0000,0.4260,-0.3389,0.3443,0.1395,-0.1940,0.4126,0.0011,0.0000,0.0000,0.0000,False,-0.0019,0.0779,-0.0741,-0.0398,-0.0756,0.0563,-1.7244,grasp,-0.1940,0.4126,0.0011,0.0000,0.0000,0.0000,False,,0.0500,0.0000,False,0.8020,-0.2600,0.0099,1.1938
1770,0.0,0.2128,-0.0024,False,False,False,2.0533,4.7094,1.9693,-1.9754,-1.5463,0.0179,-0.0000,0.0000,0.0000,0.0000,-0.0000,0.0000,0.4260,-0.3389,0.3443,0.1395,-0.1941,0.4145,0.0003,0.0000,0.0000,0.0000,False,0.0372,0.0512,-0.0541,0.0324,-0.0521,0.0709,-2.2759,grasp,-0.1941,0.4145,0.0003,0.0000,0.0000,0.0000,False,,0.0500,0.0000,False,0.8020,-0.2600,0.0099,1.1938
1771,0.0,0.2128,-0.0035,False,False,False,2.0533,4.7094,1.9693,-1.9754,-1.5463,0.0179,-0.0000,0.0000,0.0000,0.0000,-0.0000,0.0000,0.4260,-0.3389,0.3443,0.1395,-0.1941,0.4145,0.0003,0.0000,0.0000,0.0000,False,0.0514,0.0205,-0.0546,-0.0328,-0.0783,0.0395,-1.5564,grasp,-0.1941,0.4145,0.0003,0.0000,0.0000,0.0000,False,,0.0500,0.0000,False,0.8020,-0.2600,0.0099,1.1938
1772,0.0,0.2174,-0.0147,False,False,False,2.0559,4.7120,1.9648,-1.9779,-1.5513,0.0207,-0.0250,0.0661,-0.0730,-0.0321,0.0145,0.0045,0.2961,-0.3401,0.3471,0.1465,-0.1941,0.4145,0.0003,0.0000,0.0000,0.0000,False,-0.0236,0.0667,-0.0745,-0.0330,0.0124,0.0056,-2.8698,grasp,-0.1941,0.4145,0.0003,0.0000,0.0000,0.0000,False,,0.0500,0.0000,False,0.8020,-0.2600,0.0099,1.1938
1773,0.0,0.2174,-0.0212,False,False,False,2.0554,4.7132,1.9634,-1.9785,-1.5510,0.0207,-0.0476,0.1256,-0.1388,-0.0610,0.0275,0.0086,0.2761,-0.3401,0.3471,0.1465,-0.1941,0.4145,0.0003,0.0000,0.0000,0.0000,False,0.0464,0.0774,0.0107,-0.0685,-0.0168,-0.0376,-2.5801,grasp,-0.1941,0.4145,0.0003,0.0000,0.0000,0.0000,False,,0.0500,0.0000,False,0.8020,-0.2600,0.0099,1.1938
1774,0.0,0.2174,-0.0204,False,False,False,2.0554,4.7132,1.9634,-1.9785,-1.5510,0.0207,-0.0476,0.1256,-0.1388,-0.0610,0.0275,0.0086,0.2761,-0.3401,0.3471,0.1465,-0.1941,0.4145,0.0003,0.0000,0.0000,0.0000,False,-0.0226,0.0506,0.0058,0.0110,-0.0555,-0.0009,-2.0562,grasp,-0.1941,0.4145,0.0003,0.0000,0.0000,0.0000,False,,0.0500,0.0000,False,0.8020,-0.2600,0.0099,1.1938
1775,0.0,0.2167,-0.0029,False,False,False,2.0554,4.7132,1.9634,-1.9785,-1.5510,0.0207,0.0000,0.0000,0.0000,0.0000,-0.0000,0.0000,0.2443,-0.3401,0.3471,0.1465,-0.1951,0.4186,0.0023,0.0000,0.0000,0.0000,False,-0.0103,0.0502,-0.0612,0.0699,-0.0672,-0.0274,0.1430,grasp,-0.1951,0.4186,0.0023,0.0000,0.0000,0.0000,False,,0.0500,0.0000,True,0.8020,-0.2600,0.0099,1.1938
1776,0.0,0.2184,-0.0043,False,False,False,2.0555,4.7143,1.9630,-1.9789,-1.5518,0.0215,0.0288,0.0550,-0.0497,-0.0497,-0.0279,0.0791,0.2101,-0.3400,0.3480,0.1496,-0.1951,0.4186,0.0023,0.0000,0.0000,0.0000,False,0.0286,0.0555,-0.0496,-0.0496,-0.0285,0.0791,-2.2814,grasp,-0.1951,0.4186,0.0023,0.0000,0.0000,0.0000,False,,0.0500,0.0000,False,0.8020,-0.2600,0.0099,1.1938
1777,0.0,0.2184,-0.0272,False,False,False,2.0560,4.7153,1.9621,-1.9798,-1.5524,0.0230,0.0548,0.1045,-0.0944,-0.0945,-0.0530,0.1503,0.2000,-0.3400,0.3480,0.1496,-0.1951,0.4186,0.0023,0.0000,0.0000,0.0000,False,-0.0023,0.0174,-0.0301,0.0311,-0.0144,0.0008,-2.4075,grasp,-0.1951,0.4186,0.0023,0.0000,0.0000,0.0000,False,,0.0500,0.0000,False,0.8020,-0.2600,0.0099,1.1938
1778,0.0,0.2203,-0.0061,False,False,False,2.0568,4.7170,1.9604,-1.9809,-1.5533,0.0252,-0.0031,0.0157,-0.0287,0.0325,-0.0137,-0.0014,0.1725,-0.3410,0.3495,0.1521,-0.1951,0.4186,0.0023,0.0000,0.0000,0.0000,False,0.0170,0.0643,0.0237,-0.0391,-0.0334,-0.0729,-1.9191,grasp,-0.1951,0.4186,0.0023,0.0000,0.0000,0.0000,False,,0.0500,0.0000,False,0.8020,-0.2600,0.0099,1.1938
1779,0.0,0.2203,-0.0056,False,False,False,2.0568,4.7170,1.9604,-1.9809,-1.5533,0.0252,-0.0031,0.0157,-0.0287,0.0325,-0.0137,-0.0014,0.1725,-0.3410,0.3495,0.1521,-0.1951,0.4186,0.0023,0.0000,0.0000,0.0000,False,-0.0614,0.0642,-0.0741,0.0402,-0.0157,-0.0628,0.2549,grasp,-0.1951,0.4186,0.0023,0.0000,0.0000,0.0000,False,,0.0500,0.0000,True,0.8020,-0.2600,0.0099,1.1938
1780,0.0,0.2203,-0.0030,False,False,False,2.0567,4.7173,1.9599,-1.9802,-1.5535,0.0251,0.0000,0.0000,0.0000,0.0000,-0.0000,0.0000,0.2046,-0.3410,0.3495,0.1521,-0.1951,0.4186,0.0023,0.0000,0.0000,0.0000,False,0.0220,0.0212,-0.0512,-0.0626,-0.0235,0.0120,1.6727,grasp,-0.1951,0.4186,0.0023,0.0000,0.0000,0.0000,False,,0.0500,0.0000,True,0.8020,-0.2600,0.0099,1.1938
1781,0.0,0.2205,-0.0026,False,False,False,2.0567,4.7173,1.9599,-1.9802,-1.5535,0.0251,0.0000,0.0000,0.0000,0.0000,-0.0000,0.0000,0.2046,-0.3410,0.3495,0.1521,-0.1971,0.4197,0.0005,0.0000,0.0000,0.0000,False,-0.0262,0.0761,-0.0755,-0.0286,-0.0751,0.0484,-2.1947,grasp,-0.1971,0.4197,0.0005,0.0000,0.0000,0.0000,False,,0.0500,0.0000,False,0.8020,-0.2600,0.0099,1.1938
1782,0.0,0.2192,-0.0253,False,False,False,2.0568,4.7193,1.9581,-1.9822,-1.5552,0.0231,-0.0094,0.1174,-0.0822,-0.0877,-0.0924,-0.1431,0.2049,-0.3412,0.3499,0.1501,-0.1971,0.4197,0.0005,0.0000,0.0000,0.0000,False,-0.0047,0.0620,-0.0437,-0.0468,-0.0489,-0.0752,-2.0043,grasp,-0.1971,0.4197,0.0005,0.0000,0.0000,0.0000,False,,0.0500,0.0000,False,0.8020,-0.2600,0.0099,1.1938
1783,0.0,0.2192,-0.0267,False,False,False,2.0568,4.7193,1.9581,-1.9822,-1.5552,0.0231,-0.0094,0.1174,-0.0822,-0.0877,-0.0924,-0.1431,0.2049,-0.3412,0.3499,0.1501,-0.1971,0.4197,0.0005,0.0000,0.0000,0.0000,False,0.0289,-0.0724,0.0291,-0.0396,-0.0555,-0.0639,-1.4953,grasp,-0.1971,0.4197,0.0005,0.0000,0.0000,0.0000,False,,0.0500,0.0000,False,0.8020,-0.2600,0.0099,1.1938
1784,0.0,0.2198,-0.0107,False,False,False,2.0570,4.7217,1.9568,-1.9834,-1.5569,0.0206,0.0335,0.0659,-0.0117,0.0082,-0.0439,-0.0402,0.1705,-0.3412,0.3518,0.1519,-0.1971,0.4197,0.0005,0.0000,0.0000,0.0000,False,0.0334,0.0682,-0.0129,0.0069,-0.0452,-0.0423,-2.7526,grasp,-0.1971,0.4197,0.0005,0.0000,0.0000,0.0000,False,,0.0500,0.0000,False,0.8020,-0.2600,0.0099,1.1938
1785,0.0,0.2198,-0.0112,False,False,False,2.0570,4.7217,1.9568,-1.9834,-1.5569,0.0206,0.0335,0.0659,-0.0117,0.0082,-0.0439,-0.0402,0.1705,-0.3412,0.3518,0.1519,-0.1971,0.4197,0.0005,0.0000,0.0000,0.0000,False,-0.0384,0.0609,0.0728,-0.0145,0.0424,-0.0660,-1.3188,grasp,-0.1971,0.4197,0.0005,0.0000,0.0000,0.0000,False,,0.0500,0.0000,False,0.8020,-0.2600,0.0099,1.1938
1786,0.0,0.2198,-0.0203,False,False,False,2.0576,4.7230,1.9566,-1.9832,-1.5578,0.0199,0.0637,0.1259,-0.0222,0.0155,-0.0833,-0.0764,0.1584,-0.3412,0.3518,0.1519,-0.1971,0.4197,0.0005,0.0000,0.0000,0.0000,False,-0.0143,0.0237,0.0507,-0.0417,0.0381,-0.0035,2.0100,grasp,-0.1971,0.4197,0.0005,0.0000,0.0000,0.0000,False,,0.0500,0.0000,True,0.8020,-0.2600,0.0099,1.1938
1787,0.0,0.2198,-0.0197,False,False,False,2.0576,4.7230,1.9566,-1.9832,-1.5578,0.0199,0.0637,0.1259,-0.0222,0.0155,-0.0833,-0.0764,0.1584,-0.3412,0.3518,0.1519,-0.1971,0.4197,0.0005,0.0000,0.0000,0.0000,False,-0.0479,0.0784,-0.0508,-0.0489,-0.0669,0.0456,1.4300,grasp,-0.1971,0.4197,0.0005,0.0000,0.0000,0.0000,False,,0.0500,0.0000,True,0.8020,-0.2600,0.0099,1.1938
1788,0.0,0.2204,-0.0090,False,False,False,2.0574,4.7237,1.9557,-1.9841,-1.5592,0.0205,0.0198,-0.0122,-0.0375,-0.0354,-0.0756,0.0134,0.1881,-0.3411,0.3524,0.1500,-0.1957,0.4239,0.0005,0.0000,0.0000,0.0000,False,0.0194,-0.0114,-0.0380,-0.0359,-0.0763,0.0138,-2.3590,grasp,-0.1957,0.4239,0.0005,0.0000,0.0000,0.0000,False,,0.0500,0.0000,False,0.8020,-0.2600,0.0099,1.1938
1789,0.0,0.2204,-0.0126,False,False,False,2.0577,4.7234,1.9550,-1.9847,-1.5606,0.0207,0.0377,-0.0232,-0.0713,-0.0673,-0.1437,0.0254,0.1793,-0.3411,0.3524,0.1500,-0.1957,0.4239,0.0005,0.0000,0.0000,0.0000,False,0.0737,0.0544,0.0137,0.0603,-0.0294,0.0381,-2.3764,grasp,-0.1957,0.4239,0.0005,0.0000,0.0000,0.0000,False,,0.0500,0.0000,False,0.8020,-0.2600,0.0099,1.1938
1790,0.0,0.2219,-0.0277,False,False,False,2.0599,4.7250,1.9554,-1.9830,-1.5614,0.0218,0.1394,0.1039,0.0273,0.1159,-0.0532,0.0719,0.1571,-0.3413,0.3519,0.1517,-0.1957,0.4239,0.0005,0.0000,0.0000,0.0000,False,0.0421,0.0765,-0.0517,0.0411,-0.0083,-0.0431,-2.8859,grasp,-0.1957,0.4239,0.0005,0.0000,0.0000,0.0000,False,,0.0500,0.0000,False,0.8020,-0.2600,0.0099,1.1938
1791,0.0,0.2219,-0.0023,False,False,False,2.0599,4.7250,1.9554,-1.9830,-1.5614,0.0218,-0.0000,0.0000,0.0000,0.0000,-0.0000,0.0000,0.1446,-0.3413,0.3519,0.1517,-0.1957,0.4239,0.0005,0.0000,0.0000,0.0000,False,0.0188,0.0789,-0.0657,0.0319,-0.0786,-0.0232,-3.0332,grasp,-0.1957,0.4239,0.0005,0.0000,0.0000,0.0000,False,,0.0500,0.0000,False,0.8020,-0.2600,0.0099,1.1938
1792,0.0,0.2219,-0.0025,False,False,False,2.0599,4.7250,1.9554,-1.9830,-1.5614,0.0218,0.0000,0.0000,0.0000,0.0000,-0.0000,0.0000,0.1516,-0.3413,0.3519,0.1517,-0.1957,0.4239,0.0005,0.0000,0.0000,0.0000,False,-0.0130,0.0355,-0.0467,0.0039,-0.0332,0.0161,1.1355,grasp,-0.1957,0.4239,0.0005,0.0000,0.0000,0.0000,False,,0.0500,0.0000,True,0.8020,-0.2600,0.0099,1.1938
1793,0.0,0.2214,-0.0012,False,False,False,2.0599,4.7250,1.9554,-1.9830,-1.5614,0.0218,0.0000,0.0000,0.0000,0.0000,-0.0000,0.0000,0.1516,-0.3413,0.3519,0.1517,-0.1965,0.4235,0.0004,0.0000,0.0000,0.0000,False,0.0077,0.0222,-0.0655,-0.0496,0.0258,-0.0577,-0.1241,grasp,-0.1965,0.4235,0.0004,0.0000,0.0000,0.0000,False,,0.0500,0.0000,False,0.8020,-0.2600,0.0099,1.1938
1794,0.0,0.2214,-0.0035,False,False,False,2.0599,4.7250,1.9554,-1.9830,-1.5614,0.0218,0.0000,0.0000,0.0000,0.0000,-0.0000,0.0000,0.1516,-0.3413,0.3519,0.1517,-0.1965,0.4235,0.0004,0.0000,0.0000,0.0000,False,0.0387,0.0626,0.0212,-0.0689,-0.0246,-0.0503,-1.5128,grasp,-0.1965,0.4235,0.0004,0.0000,0.0000,0.0000,False,,0.0500,0.0000,False,0.8020,-0.2600,0.0099,1.1938
1795,0.0,0.2206,-0.0108,False,False,False,2.0601,4.7260,1.9552,-1.9836,-1.5620,0.0215,0.0389,0.0622,0.0217,-0.0689,-0.0242,-0.0504,0.1797,-0.3413,0.3521,0.1507,-0.1965,0.4235,0.0004,0.0000,0.0000,0.0000,False,0.0387,0.0754,-0.0536,-0.0536,-0.0744,0.0392,-2.0267,grasp,-0.1965,0.4235,0.0004,0.0000,0.0000,0.0000,False,,0.0500,0.0000,False,0.8020,-0.2600,0.0099,1.1938
1796,0.0,0.2202,-0.0456,False,False,False,2.0630,4.7314,1.9526,-1.9879,-1.5666,0.0228,0.1028,0.2007,-0.1464,-0.1417,-0.2003,0.1089,0.1685,-0.3420,0.3530,0.1499,-0.1965,0.4235,0.0004,0.0000,0.0000,0.0000,False,-0.0302,0.0430,-0.0795,-0.0246,-0.0652,-0.0751,1.1985,grasp,-0.1965,0.4235,0.0004,0.0000,0.0000,0.0000,False,,0.0500,0.0000,True,0.8020,-0.2600,0.0099,1.1938
1797,0.0,0.2202,-0.0441,False,False,False,2.0630,4.7314,1.9526,-1.9879,-1.5666,0.0228,0.1028,0.2007,-0.1464,-0.1417,-0.2003,0.1089,0.1685,-0.3420,0.3530,0.1499,-0.1965,0.4235,0.0004,0.0000,0.0000,0.0000,False,0.0345,0.0760,-0.0602,0.0263,-0.0457,-0.0479,1.0126,grasp,-0.1965,0.4235,0.0004,0.0000,0.0000,0.0000,False,,0.0500,0.0000,True,0.8020,-0.2600,0.0099,1.1938
1798,0.0,0.2202,-0.0017,False,False,False,2.0630,4.7314,1.9526,-1.9879,-1.5666,0.0228,0.0000,0.0000,0.0000,0.0000,-0.0000,0.0000,0.2085,-0.3420,0.3530,0.1499,-0.1965,0.4235,0.0004,0.0000,0.0000,0.0000,False,0.0667,0.0063,-0.0493,-0.0233,-0.0182,0.0670,-1.5833,grasp,-0.1965,0.4235,0.0004,0.0000,0.0000,0.0000,False,,0.0500,0.0000,False,0.8020,-0.2600,0.0099,1.1938
1799,0.0,0.2202,-0.0029,False,False,False,2.0630,4.7314,1.9526,-1.9879,-1.5666,0.0228,0.0000,0.0000,0.0000,0.0000,-0.0000,0.0000,0.2085,-0.3420,0.3530,0.1499,-0.1965,0.4235,0.0004,0.0000,0.0000,0.0000,False,-0.0031,0.0288,0.0188,0.0783,-0.0723,-0.0559,0.3806,grasp,-0.1965,0.4235,0.0004,0.0000,0.0000,0.0000,False,,0.0500,0.0000,True,0.8020,-0.2600,0.0099,1.1938
1800,0.0,0.2185,-5.0161,True,False,False,2.0637,4.7320,1.9521,-1.9872,-1.5670,0.0222,0.0735,0.0578,-0.0452,0.0669,-0.0402,-0.0584,0.2423,-0.3424,0.3538,0.1461,-0.1968,0.4252,-0.0004,0.0000,0.0000,0.0000,False,0.0735,0.0578,-0.0452,0.0669,-0.0402,-0.0584,-1.8993,grasp,-0.1968,0.4252,-0.0004,0.0000,0.0000,0.0000,False,,0.0500,0.0000,False,0.8020,-0.2600,0.0099,1.1938
1801,0.0,0.2246,-5.0080,True,False,False,2.0651,4.7260,1.9602,-1.9727,-1.5741,0.0059,-0.0396,-0.0502,0.0485,-0.0005,0.0048,-0.0092,0.0010,-0.3385,0.3475,0.1569,-0.1956,0.4210,-0.0000,0.0000,0.0000,0.0000,False,0.0088,-0.0658,-0.0638,0.0345,0.0243,-0.0007,-0.1600,grasp,-0.1956,0.4210,-0.0000,0.0000,0.0000,0.0000,False,,0.0500,0.0000,False,0.8020,-0.2600,0.0099,1.2079
1802,0.0,0.2274,-5.0058,True,False,False,2.0564,4.7122,1.9690,-1.9715,-1.5721,0.0037,-0.0254,-0.0279,0.0341,-0.0023,0.0017,-0.0058,0.0007,-0.3338,0.3466,0.1593,-0.1891,0.4195,-0.0003,0.0000,0.0000,0.0000,False,0.0255,-0.0016,-0.0717,0.0059,0.0017,0.0056,2.0577,grasp,-0.1891,0.4195,-0.0003,0.0000,0.0000,0.0000,False,,0.0500,0.0000,True,0.8020,-0.2600,0.0099,1.2017
1803,0.0,0.2282,-5.0046,True,False,False,2.0516,4.7058,1.9741,-1.9718,-1.5716,0.0026,-0.0177,-0.0178,0.0258,-0.0018,0.0010,-0.0040,0.0007,-0.3310,0.3463,0.1600,-0.1856,0.4187,-0.0003,0.0000,0.0000,0.0000,False,0.0572,0.0695,0.0396,0.0538,-0.0756,0.0164,-2.5765,grasp,-0.1856,0.4187,-0.0003,0.0000,0.0000,0.0000,False,,0.0500,0.0000,False,0.8020,-0.2600,0.0099,1.1984
1804,0.0,0.2261,-5.0030,True,False,False,2.0484,4.7028,1.9811,-1.9713,-1.5728,0.0020,-0.0130,-0.0134,0.0153,-0.0027,0.0028,-0.0030,0.0000,-0.3280,0.3446,0.1580,-0.1829,0.4158,-0.0001,0.0000,0.0000,0.0000,False,-0.0539,0.0246,-0.0447,-0.0494,-0.0656,0.0242,2.4268,grasp,-0.1829,0.4158,-0.0001,0.0000,0.0000,0.0000,False,,0.0500,0.0000,True,0.8020,-0.2600,0.0099,1.1945
1805,0.0,0.2271,-5.0031,True,False,False,2.0433,4.7004,1.9833,-1.9736,-1.5744,0.0021,-0.0053,-0.0099,0.0123,0.0010,0.0055,-0.0033,0.0005,-0.3255,0.3462,0.1583,-0.1795,0.4175,-0.0003,0.0000,0.0000,0.0000,False,0.0444,0.0654,-0.0425,0.0009,0.0278,0.0193,0.6134,grasp,-0.1795,0.4175,-0.0003,0.0000,0.0000,0.0000,False,,0.0500,0.0000,True,0.8020,-0.2600,0.0099,1.1926
1806,0.0,0.2292,-5.0017,True,False,False,2.0448,4.7022,1.9834,-1.9734,-1.5716,0.0025,0.0000,0.0000,0.0000,0.0000,0.0000,-0.0000,0.0210,-0.3267,0.3452,0.1561,-0.1759,0.4190,-0.0000,0.0000,0.0000,0.0000,False,0.0667,0.0573,-0.0614,-0.0573,-0.0610,-0.0471,-0.3028,grasp,-0.1759,0.4190,-0.0000,0.0000,0.0000,0.0000,False,,0.0500,0.0000,False,0.8020,-0.2600,0.0099,1.1906
1807,0.0,0.2266,-5.0029,True,False,False,2.0471,4.7028,1.9825,-1.9766,-1.5750,-0.0011,-0.0108,-0.0131,0.0130,0.0055,0.0060,0.0017,0.0009,-0.3274,0.3462,0.1579,-0.1822,0.4187,-0.0002,0.0000,0.0000,0.0000,False,0.0272,0.0772,-0.0223,0.0762,-0.0062,0.0021,-2.8843,grasp,-0.1822,0.4187,-0.0002,0.0000,0.0000,0.0000,False,,0.0500,0.0000,False,0.8020,-0.2600,0.0099,1.1956
