Global_Step,Curriculum_Lvl,Dist_to_Target,Reward,Terminated,Table_Collision,Self_Collision,J1_Pos,J2_Pos,J3_Pos,J4_Pos,J5_Pos,J6_Pos,J1_Vel,J2_Vel,J3_Vel,J4_Vel,J5_Vel,J6_Vel,Gripper_Pos,EE_X,EE_Y,EE_Z,Target_X,Target_Y,Target_Z,Handoff_X,Handoff_Y,Handoff_Z,Handoff_OK,Act_J1,Act_J2,Act_J3,Act_J4,Act_J5,Act_J6,Act_Gripper,Phase,Goal_X,Goal_Y,Goal_Z,Transport_X,Transport_Y,Transport_Z,Transport_OK,Placement_Error_M,Standoff_M,Spawn_Radius_M,Contact_Detected
1,0.0,0.0439,-0.0252,False,False,False,5.8062,5.7048,0.7618,-1.7683,-1.5932,1.0893,0.0413,-0.1081,0.1167,-0.0434,0.0336,-0.1323,0.0210,0.8081,-0.2798,0.0488,0.8020,-0.2600,0.0100,0.8020,-0.2600,0.2300,True,0.0228,-0.0567,0.0616,-0.0229,0.0175,-0.0697,-2.5328,grasp,0.8020,-0.2600,0.0100,0.0000,0.0000,0.0000,False,,0.0500,0.0000,False
2,0.0,0.0574,-0.0315,False,False,False,5.8281,5.6491,0.8221,-1.7901,-1.5754,1.0212,0.0605,-0.0554,0.0668,0.0449,0.0663,-0.0498,0.0940,0.7946,-0.2560,0.0668,0.8020,-0.2600,0.0100,0.8020,-0.2600,0.2300,True,0.0605,-0.0554,0.0668,0.0449,0.0663,-0.0498,-1.8498,grasp,0.8020,-0.2600,0.0100,0.0000,0.0000,0.0000,False,,0.0500,0.0000,False
3,0.0,0.0490,-0.0247,False,False,False,5.8292,5.6480,0.8234,-1.7892,-1.5741,1.0202,0.1152,-0.1052,0.1269,0.0853,0.1260,-0.0946,0.1011,0.7938,-0.2533,0.0579,0.8020,-0.2600,0.0100,0.8020,-0.2600,0.2300,True,0.0725,-0.0076,-0.0710,0.0211,-0.0499,0.0668,-0.1187,grasp,0.8020,-0.2600,0.0100,0.0000,0.0000,0.0000,False,,0.0500,0.0000,False
4,0.0,0.0449,0.0001,False,False,False,5.8294,5.6480,0.8234,-1.7892,-1.5741,1.0202,0.0000,0.0000,0.0000,0.0000,0.0000,0.0000,0.1411,0.7932,-0.2534,0.0535,0.8020,-0.2600,0.0100,0.8020,-0.2600,0.2300,True,-0.0500,0.0610,0.0553,-0.0055,-0.0500,-0.0075,-1.6634,grasp,0.8020,-0.2600,0.0100,0.0000,0.0000,0.0000,False,,0.0500,0.0000,False
5,0.0,0.0399,-0.0077,False,False,False,5.7796,5.6503,0.8782,-1.8209,-1.5227,1.0130,0.0428,0.0347,-0.0485,0.0709,-0.0410,0.0266,0.1824,0.7929,-0.2531,0.0482,0.8020,-0.2600,0.0100,0.8020,-0.2600,0.2300,True,0.0428,0.0704,-0.0485,0.0065,0.0494,0.0266,-1.9023,grasp,0.8020,-0.2600,0.0100,0.0000,0.0000,0.0000,False,,0.0500,0.0000,False
6,0.0,0.0391,14.9882,True,False,False,5.7796,5.6503,0.8782,-1.8209,-1.5227,1.0130,0.0428,0.0347,-0.0485,0.0709,-0.0410,0.0266,0.1824,0.7928,-0.2531,0.0474,0.8020,-0.2600,0.0100,0.8020,-0.2600,0.2300,True,-0.0025,-0.0502,-0.0719,-0.0226,0.0471,-0.0074,1.2729,grasp,0.8020,-0.2600,0.0100,0.0000,0.0000,0.0000,False,,0.0500,0.0000,True
7,0.0,0.0486,14.9876,True,False,False,-3.2935,3.7876,-0.7798,-1.4237,-4.7461,1.4586,-0.0747,-0.0146,0.0424,0.0373,-0.0486,0.0540,0.0400,0.8002,-0.2661,0.0910,0.8020,-0.2600,0.0427,0.8020,-0.2600,0.2627,True,-0.0753,-0.0148,0.0423,0.0373,-0.0494,0.0540,1.6915,grasp,0.8020,-0.2600,0.0427,0.0000,0.0000,0.0000,False,,0.0500,0.0000,True
8,0.0,0.0484,-0.0061,False,False,False,-3.2839,3.0089,0.7734,-2.2034,-4.6527,1.4576,-0.0621,-0.0383,0.0219,-0.0202,-0.0998,-0.0004,0.0000,0.8131,-0.2328,0.0661,0.8020,-0.2600,0.0277,0.8020,-0.2600,0.2477,True,0.0754,-0.0079,0.0318,0.0527,-0.0578,0.0229,-0.0793,grasp,0.8020,-0.2600,0.0277,0.0000,0.0000,0.0000,False,,0.0500,0.0000,False
9,0.0,0.0445,-0.0127,False,False,False,-3.2837,3.0083,0.7738,-2.2018,-4.6538,1.4558,0.0522,-0.0141,0.0091,0.1170,-0.0151,-0.1134,0.0598,0.8126,-0.2348,0.0628,0.8020,-0.2600,0.0277,0.8020,-0.2600,0.2477,True,0.0268,-0.0078,0.0050,0.0614,-0.0088,-0.0597,-0.0419,grasp,0.8020,-0.2600,0.0277,0.0000,0.0000,0.0000,False,,0.0500,0.0000,False
10,0.0,0.0445,-0.0139,False,False,False,-3.2830,3.0075,0.7746,-2.2003,-4.6532,1.4544,-0.0061,-0.0593,0.0683,-0.0174,0.0777,0.0147,0.1186,0.8126,-0.2348,0.0628,0.8020,-0.2600,0.0277,0.8020,-0.2600,0.2477,True,-0.0050,-0.0595,0.0684,-0.0157,0.0775,0.0131,-0.8739,grasp,0.8020,-0.2600,0.0277,0.0000,0.0000,0.0000,False,,0.0500,0.0000,False
11,0.0,0.0445,14.9873,True,False,False,-3.2830,3.0075,0.7746,-2.2003,-4.6532,1.4544,-0.0061,-0.0593,0.0683,-0.0174,0.0777,0.0147,0.1186,0.8126,-0.2348,0.0628,0.8020,-0.2600,0.0277,0.8020,-0.2600,0.2477,True,0.0737,0.0041,-0.0786,0.0037,-0.0132,0.0417,1.1866,grasp,0.8020,-0.2600,0.0277,0.0000,0.0000,0.0000,False,,0.0500,0.0000,True
12,0.0,1.4802,-0.1016,False,False,False,-1.6489,4.0178,0.2138,-1.6854,-2.6985,1.4681,-0.6221,-0.0841,0.3076,-0.2210,0.1710,0.0352,0.0314,-0.0752,0.4372,0.9772,0.8020,-0.2600,0.0100,0.8020,-0.2600,0.2300,False,-0.0459,0.0306,0.0651,-0.0448,0.0750,0.0088,-2.6168,grasp,0.8020,-0.2600,0.0100,0.0000,0.0000,0.0000,False,,0.0500,0.0000,False
13,0.0,1.4852,-0.0189,False,False,False,-1.6566,4.0176,0.2169,-1.6873,-2.6961,1.4691,0.0603,0.0401,-0.0398,0.0594,0.0411,0.0631,0.0739,-0.0883,0.4188,0.9858,0.8020,-0.2600,0.0100,0.8020,-0.2600,0.2300,False,0.0347,0.0400,-0.0363,0.0569,0.0431,0.0635,-0.3622,grasp,0.8020,-0.2600,0.0100,0.0000,0.0000,0.0000,False,,0.0500,0.0000,False
14,0.0,1.4835,-0.0464,False,False,False,-1.6610,4.0112,0.2187,-1.6851,-2.6824,1.4660,-0.1744,-0.2176,0.0954,-0.0146,0.3098,-0.1578,0.0807,-0.0853,0.4158,0.9882,0.8020,-0.2600,0.0100,0.8020,-0.2600,0.2300,False,-0.0359,-0.0453,0.0193,-0.0015,0.0672,-0.0320,-2.7410,grasp,0.8020,-0.2600,0.0100,0.0000,0.0000,0.0000,False,,0.0500,0.0000,False
15,0.0,1.4835,-0.0559,False,False,False,-1.6696,4.0135,0.2122,-1.6803,-2.6735,1.4571,-0.2042,0.1604,-0.2380,0.1538,0.1700,-0.2236,0.1928,-0.0853,0.4158,0.9882,0.8020,-0.2600,0.0100,0.8020,-0.2600,0.2300,False,-0.0520,0.0359,-0.0571,0.0374,0.0450,-0.0563,-0.3728,grasp,0.8020,-0.2600,0.0100,0.0000,0.0000,0.0000,False,,0.0500,0.0000,False
16,0.0,1.4830,-0.0114,False,False,False,-1.6713,4.0146,0.2088,-1.6782,-2.6719,1.4536,0.0556,-0.0500,-0.0434,0.0235,-0.0228,-0.0571,0.1986,-0.0826,0.4157,0.9898,0.8020,-0.2600,0.0100,0.8020,-0.2600,0.2300,False,0.0259,-0.0242,-0.0256,0.0141,-0.0100,-0.0326,-1.7951,grasp,0.8020,-0.2600,0.0100,0.0000,0.0000,0.0000,False,,0.0500,0.0000,False
17,0.0,1.4830,-0.0484,False,False,False,-1.6601,4.0084,0.2029,-1.6754,-2.6709,1.4469,0.3227,-0.1708,-0.1646,0.0776,0.0410,-0.1849,0.3134,-0.0821,0.4168,0.9896,0.8020,-0.2600,0.0100,0.8020,-0.2600,0.2300,False,0.0796,-0.0426,-0.0408,0.0193,0.0097,-0.0460,1.2980,grasp,0.8020,-0.2600,0.0100,0.0000,0.0000,0.0000,False,,0.0500,0.0000,True
18,0.0,1.4874,-0.0212,False,False,False,-1.6519,4.0018,0.2000,-1.6719,-2.6699,1.4405,-0.0176,-0.0289,0.0745,0.1034,0.0031,-0.1259,0.3025,-0.0885,0.4194,0.9887,0.8020,-0.2600,0.0100,0.8020,-0.2600,0.2300,False,-0.0014,-0.0275,0.0371,0.0554,0.0022,-0.0686,-1.8282,grasp,0.8020,-0.2600,0.0100,0.0000,0.0000,0.0000,False,,0.0500,0.0000,False
19,0.0,1.4903,-0.0419,False,False,False,-1.6470,4.0054,0.1976,-1.6643,-2.6772,1.4331,0.1672,0.1521,-0.1502,0.1349,-0.2305,-0.1048,0.3946,-0.0934,0.4254,0.9845,0.8020,-0.2600,0.0100,0.8020,-0.2600,0.2300,False,0.0406,0.0364,-0.0353,0.0348,-0.0562,-0.0279,1.5335,grasp,0.8020,-0.2600,0.0100,0.0000,0.0000,0.0000,False,,0.0500,0.0000,True
20,0.0,1.4903,-0.0268,False,False,False,-1.6462,4.0030,0.1994,-1.6627,-2.6775,1.4326,-0.0609,-0.2042,0.1680,-0.0010,0.1088,0.0336,0.4928,-0.0934,0.4254,0.9845,0.8020,-0.2600,0.0100,0.8020,-0.2600,0.2300,False,-0.0203,-0.0735,0.0603,0.0012,0.0375,0.0112,3.0000,grasp,0.8020,-0.2600,0.0100,0.0000,0.0000,0.0000,False,,0.0500,0.0000,True
21,0.0,1.4946,-0.0437,False,False,False,-1.6438,3.9971,0.1991,-1.6606,-2.6720,1.4346,0.1548,-0.1440,-0.1168,0.1050,0.2002,0.0785,0.5652,-0.1013,0.4244,0.9845,0.8020,-0.2600,0.0100,0.8020,-0.2600,0.2300,False,0.0564,-0.0568,-0.0410,0.0388,0.0752,0.0294,2.0879,grasp,0.8020,-0.2600,0.0100,0.0000,0.0000,0.0000,False,,0.0500,0.0000,False
22,0.0,1.4962,-0.0560,False,False,False,-1.6409,3.9983,0.1841,-1.6463,-2.6767,1.4327,0.0219,0.1013,-0.3538,0.3412,-0.1887,-0.0765,0.5942,-0.1032,0.4276,0.9829,0.8020,-0.2600,0.0100,0.8020,-0.2600,0.2300,False,0.0068,0.0183,-0.0770,0.0742,-0.0377,-0.0153,1.6620,grasp,0.8020,-0.2600,0.0100,0.0000,0.0000,0.0000,False,,0.0500,0.0000,False
23,0.0,1.4968,-0.0354,False,False,False,-1.6356,4.0056,0.1813,-1.6400,-2.6767,1.4305,0.1925,0.2473,0.0432,0.0918,0.0773,-0.0498,0.5356,-0.1039,0.4299,0.9815,0.8020,-0.2600,0.0100,0.8020,-0.2600,0.2300,False,0.0562,0.0725,0.0086,0.0305,0.0204,-0.0153,0.3814,grasp,0.8020,-0.2600,0.0100,0.0000,0.0000,0.0000,False,,0.0500,0.0000,False
24,0.0,1.4971,-0.0417,False,False,False,-1.6372,4.0044,0.1881,-1.6408,-2.6779,1.4336,-0.1533,-0.1898,0.2371,-0.0711,-0.0783,0.1394,0.6229,-0.1077,0.4213,0.9844,0.8020,-0.2600,0.0100,0.8020,-0.2600,0.2300,False,-0.0420,-0.0503,0.0695,-0.0196,-0.0219,0.0400,2.9719,grasp,0.8020,-0.2600,0.0100,0.0000,0.0000,0.0000,False,,0.0500,0.0000,True
25,0.0,1.4964,-0.0538,False,False,False,-1.6323,3.9970,0.1972,-1.6391,-2.6814,1.4417,0.2561,-0.1899,0.2406,0.0964,-0.0980,0.2435,0.6217,-0.1064,0.4243,0.9826,0.8020,-0.2600,0.0100,0.8020,-0.2600,0.2300,False,0.0725,-0.0577,0.0728,0.0272,-0.0294,0.0725,1.5523,grasp,0.8020,-0.2600,0.0100,0.0000,0.0000,0.0000,False,,0.0500,0.0000,False
26,0.0,1.4973,-0.0201,False,False,False,-1.6287,3.9939,0.2016,-1.6365,-2.6866,1.4450,0.0087,-0.0284,0.0695,0.0708,-0.1938,0.0192,0.5572,-0.1094,0.4248,0.9808,0.8020,-0.2600,0.0100,0.8020,-0.2600,0.2300,False,0.0076,-0.0135,0.0285,0.0273,-0.0727,0.0100,-0.9186,grasp,0.8020,-0.2600,0.0100,0.0000,0.0000,0.0000,False,,0.0500,0.0000,False
27,0.0,1.4968,-0.0573,False,False,False,-1.6299,3.9848,0.2067,-1.6429,-2.6815,1.4408,-0.0458,-0.2595,0.1013,-0.2608,0.3263,-0.1474,0.4531,-0.1099,0.4278,0.9774,0.8020,-0.2600,0.0100,0.8020,-0.2600,0.2300,False,-0.0110,-0.0638,0.0258,-0.0626,0.0768,-0.0357,-0.1529,grasp,0.8020,-0.2600,0.0100,0.0000,0.0000,0.0000,False,,0.0500,0.0000,False
28,0.0,1.4964,-0.0568,False,False,False,-1.6237,3.9883,0.2104,-1.6515,-2.6787,1.4333,0.2577,0.2929,0.0934,-0.2142,-0.0376,-0.2215,0.4821,-0.1067,0.4337,0.9756,0.8020,-0.2600,0.0100,0.8020,-0.2600,0.2300,False,0.0744,0.0791,0.0283,-0.0653,-0.0072,-0.0661,1.0546,grasp,0.8020,-0.2600,0.0100,0.0000,0.0000,0.0000,False,,0.0500,0.0000,False
29,0.0,1.4986,-0.0440,False,False,False,-1.6276,3.9904,0.2132,-1.6576,-2.6727,1.4312,-0.2750,-0.0907,0.0664,-0.1336,0.2479,0.0199,0.3880,-0.1123,0.4233,0.9812,0.8020,-0.2600,0.0100,0.8020,-0.2600,0.2300,False,-0.0762,-0.0201,0.0204,-0.0414,0.0716,0.0032,-1.4561,grasp,0.8020,-0.2600,0.0100,0.0000,0.0000,0.0000,False,,0.0500,0.0000,False
30,0.0,1.4945,-0.0710,False,False,False,-1.6224,3.9825,0.2047,-1.6603,-2.6806,1.4211,0.2738,-0.2189,-0.2887,-0.0347,-0.3391,-0.3191,0.2508,-0.1030,0.4307,0.9782,0.8020,-0.2600,0.0100,0.8020,-0.2600,0.2300,False,0.0629,-0.0543,-0.0697,-0.0101,-0.0799,-0.0777,-2.5770,grasp,0.8020,-0.2600,0.0100,0.0000,0.0000,0.0000,False,,0.0500,0.0000,False
31,0.0,1.4985,-0.0475,False,False,False,-1.6139,3.9731,0.2039,-1.6533,-2.6899,1.4218,0.1567,-0.1247,0.0756,0.2305,-0.1700,0.1330,0.3157,-0.1066,0.4448,0.9708,0.8020,-0.2600,0.0100,0.8020,-0.2600,0.2300,False,0.0421,-0.0387,0.0151,0.0559,-0.0454,0.0288,0.0752,grasp,0.8020,-0.2600,0.0100,0.0000,0.0000,0.0000,False,,0.0500,0.0000,False
32,0.0,1.5008,-0.0449,False,False,False,-1.6082,3.9687,0.2075,-1.6544,-2.6902,1.4202,0.1815,-0.1317,0.1348,-0.1819,0.0818,-0.1472,0.2951,-0.1123,0.4458,0.9683,0.8020,-0.2600,0.0100,0.8020,-0.2600,0.2300,False,0.0692,-0.0508,0.0506,-0.0645,0.0282,-0.0528,-1.2724,grasp,0.8020,-0.2600,0.0100,0.0000,0.0000,0.0000,False,,0.0500,0.0000,False
33,0.0,1.5016,-0.0400,False,False,False,-1.6106,3.9632,0.2141,-1.6460,-2.6885,1.4232,-0.1275,-0.0954,0.1284,0.2836,0.0179,0.1269,0.3738,-0.1134,0.4473,0.9673,0.8020,-0.2600,0.0100,0.8020,-0.2600,0.2300,False,-0.0246,-0.0223,0.0291,0.0582,0.0049,0.0252,0.4011,grasp,0.8020,-0.2600,0.0100,0.0000,0.0000,0.0000,False,,0.0500,0.0000,False
34,0.0,1.4994,-0.0489,False,False,False,-1.6171,3.9581,0.2174,-1.6493,-2.6824,1.4275,-0.1916,-0.1541,0.0708,-0.2459,0.2223,0.1107,0.2815,-0.1121,0.4461,0.9660,0.8020,-0.2600,0.0100,0.8020,-0.2600,0.2300,False,-0.0572,-0.0459,0.0220,-0.0683,0.0649,0.0336,-2.4274,grasp,0.8020,-0.2600,0.0100,0.0000,0.0000,0.0000,False,,0.0500,0.0000,False
35,0.0,1.4969,-0.0357,False,False,False,-1.6147,3.9531,0.2150,-1.6472,-2.6798,1.4325,0.1810,-0.1096,-0.1240,0.1885,0.0005,0.1396,0.3605,-0.1057,0.4507,0.9649,0.8020,-0.2600,0.0100,0.8020,-0.2600,0.2300,False,0.0499,-0.0344,-0.0352,0.0519,0.0028,0.0419,2.0504,grasp,0.8020,-0.2600,0.0100,0.0000,0.0000,0.0000,False,,0.0500,0.0000,True
36,0.0,1.5007,-0.0509,False,False,False,-1.6152,3.9647,0.2138,-1.6531,-2.6764,1.4249,-0.0719,0.3624,0.0081,-0.2131,0.0870,-0.2431,0.5155,-0.1119,0.4533,0.9629,0.8020,-0.2600,0.0100,0.8020,-0.2600,0.2300,False,-0.0130,0.0746,0.0003,-0.0432,0.0186,-0.0502,2.9502,grasp,0.8020,-0.2600,0.0100,0.0000,0.0000,0.0000,False,,0.0500,0.0000,True
37,0.0,1.5008,-0.0502,False,False,False,-1.6217,3.9627,0.2176,-1.6577,-2.6779,1.4272,-0.2190,-0.2863,0.1398,-0.0856,-0.0921,0.1879,0.4439,-0.1129,0.4389,0.9728,0.8020,-0.2600,0.0100,0.8020,-0.2600,0.2300,False,-0.0645,-0.0754,0.0407,-0.0273,-0.0258,0.0519,-0.7359,grasp,0.8020,-0.2600,0.0100,0.0000,0.0000,0.0000,False,,0.0500,0.0000,False
38,0.0,1.4987,-0.0345,False,False,False,-1.6274,3.9604,0.2261,-1.6571,-2.6816,1.4262,-0.1069,0.0841,0.2611,0.0625,-0.1000,-0.1216,0.3301,-0.1075,0.4483,0.9676,0.8020,-0.2600,0.0100,0.8020,-0.2600,0.2300,False,-0.0342,0.0183,0.0776,0.0172,-0.0302,-0.0331,-2.9721,grasp,0.8020,-0.2600,0.0100,0.0000,0.0000,0.0000,False,,0.0500,0.0000,False
39,0.0,1.4945,-0.0531,False,False,False,-1.6367,3.9515,0.2332,-1.6663,-2.6806,1.4213,-0.2508,-0.3215,0.1235,-0.3093,0.0694,-0.1073,0.4284,-0.1035,0.4428,0.9690,0.8020,-0.2600,0.0100,0.8020,-0.2600,0.2300,False,-0.0626,-0.0766,0.0333,-0.0748,0.0158,-0.0277,2.1250,grasp,0.8020,-0.2600,0.0100,0.0000,0.0000,0.0000,False,,0.0500,0.0000,True
40,0.0,1.4963,-0.0338,False,False,False,-1.6355,3.9501,0.2307,-1.6706,-2.6817,1.4252,0.1353,0.1148,-0.1212,-0.0246,-0.0600,0.1594,0.4518,-0.1020,0.4532,0.9656,0.8020,-0.2600,0.0100,0.8020,-0.2600,0.2300,False,0.0296,0.0216,-0.0282,-0.0095,-0.0139,0.0377,0.4400,grasp,0.8020,-0.2600,0.0100,0.0000,0.0000,0.0000,False,,0.0500,0.0000,False
41,0.0,1.4978,-0.0437,False,False,False,-1.6359,3.9582,0.2296,-1.6644,-2.6869,1.4263,-0.0728,0.2666,0.0089,0.2455,-0.1723,-0.0262,0.4056,-0.1044,0.4521,0.9665,0.8020,-0.2600,0.0100,0.8020,-0.2600,0.2300,False,-0.0195,0.0782,0.0012,0.0711,-0.0508,-0.0058,-0.4843,grasp,0.8020,-0.2600,0.0100,0.0000,0.0000,0.0000,False,,0.0500,0.0000,False
42,0.0,1.4954,-0.0255,False,False,False,-1.6310,3.9616,0.2280,-1.6686,-2.6868,1.4245,0.1775,-0.0194,-0.0504,-0.2214,0.0697,-0.0470,0.5172,-0.1034,0.4447,0.9691,0.8020,-0.2600,0.0100,0.8020,-0.2600,0.2300,False,0.0425,0.0003,-0.0122,-0.0511,0.0150,-0.0118,2.5015,grasp,0.8020,-0.2600,0.0100,0.0000,0.0000,0.0000,False,,0.0500,0.0000,True
43,0.0,1.4982,-0.0583,False,False,False,-1.6235,3.9638,0.2220,-1.6781,-2.6807,1.4140,0.1663,0.0754,-0.1691,-0.2160,0.1646,-0.3114,0.4206,-0.1072,0.4441,0.9703,0.8020,-0.2600,0.0100,0.8020,-0.2600,0.2300,False,0.0429,0.0181,-0.0419,-0.0553,0.0410,-0.0766,-1.6159,grasp,0.8020,-0.2600,0.0100,0.0000,0.0000,0.0000,False,,0.0500,0.0000,False
44,0.0,1.5011,-0.0473,False,False,False,-1.6195,3.9603,0.2217,-1.6772,-2.6735,1.4040,0.0752,-0.1662,0.0621,0.1288,0.2014,-0.2436,0.4752,-0.1092,0.4457,0.9718,0.8020,-0.2600,0.0100,0.8020,-0.2600,0.2300,False,0.0240,-0.0475,0.0161,0.0350,0.0605,-0.0744,1.4356,grasp,0.8020,-0.2600,0.0100,0.0000,0.0000,0.0000,False,,0.0500,0.0000,False
45,0.0,1.5018,-0.0529,False,False,False,-1.6155,3.9552,0.2304,-1.6713,-2.6792,1.3920,0.0963,-0.0840,0.2457,0.1356,-0.2538,-0.2830,0.4507,-0.1109,0.4463,0.9708,0.8020,-0.2600,0.0100,0.8020,-0.2600,0.2300,False,0.0244,-0.0232,0.0608,0.0346,-0.0596,-0.0720,0.0845,grasp,0.8020,-0.2600,0.0100,0.0000,0.0000,0.0000,False,,0.0500,0.0000,False
46,0.0,1.5015,-0.0395,False,False,False,-1.6065,3.9468,0.2333,-1.6741,-2.6846,1.3859,0.2465,-0.2361,0.0029,-0.1356,-0.0777,-0.0911,0.4887,-0.1120,0.4461,0.9694,0.8020,-0.2600,0.0100,0.8020,-0.2600,0.2300,False,0.0613,-0.0585,0.0035,-0.0316,-0.0219,-0.0255,1.0698,grasp,0.8020,-0.2600,0.0100,0.0000,0.0000,0.0000,False,,0.0500,0.0000,False
47,0.0,1.5060,-0.0583,False,False,False,-1.6096,3.9416,0.2404,-1.6713,-2.6815,1.3896,-0.2379,-0.0312,0.2684,0.1645,0.1527,0.1829,0.3934,-0.1191,0.4552,0.9630,0.8020,-0.2600,0.0100,0.8020,-0.2600,0.2300,False,-0.0655,-0.0157,0.0781,0.0463,0.0435,0.0521,-1.6115,grasp,0.8020,-0.2600,0.0100,0.0000,0.0000,0.0000,False,,0.0500,0.0000,False
48,0.0,1.5001,-0.0301,False,False,False,-1.6159,3.9344,0.2457,-1.6696,-2.6765,1.3949,-0.1200,-0.2635,0.0803,-0.0079,0.1228,0.1178,0.4723,-0.1119,0.4507,0.9639,0.8020,-0.2600,0.0100,0.8020,-0.2600,0.2300,False,-0.0386,-0.0767,0.0265,-0.0003,0.0375,0.0364,2.8684,grasp,0.8020,-0.2600,0.0100,0.0000,0.0000,0.0000,False,,0.0500,0.0000,True
49,0.0,1.5008,-0.0457,False,False,False,-1.6173,3.9204,0.2450,-1.6691,-2.6790,1.4040,0.0676,-0.2303,-0.1025,0.0254,-0.2176,0.2308,0.5944,-0.1122,0.4539,0.9624,0.8020,-0.2600,0.0100,0.8020,-0.2600,0.2300,False,0.0178,-0.0738,-0.0287,0.0073,-0.0616,0.0687,2.4955,grasp,0.8020,-0.2600,0.0100,0.0000,0.0000,0.0000,False,,0.0500,0.0000,False
50,0.0,1.5038,-0.0265,False,False,False,-1.6172,3.9172,0.2488,-1.6693,-2.6850,1.4012,-0.0215,0.0488,0.1553,-0.0165,-0.1041,-0.1713,0.5822,-0.1138,0.4702,0.9532,0.8020,-0.2600,0.0100,0.8020,-0.2600,0.2300,False,-0.0044,0.0052,0.0367,-0.0037,-0.0280,-0.0391,1.2134,grasp,0.8020,-0.2600,0.0100,0.0000,0.0000,0.0000,False,,0.0500,0.0000,False
51,0.0,1.5029,-0.0611,False,False,False,-1.6125,3.9095,0.2505,-1.6601,-2.6764,1.3919,0.1532,-0.2614,-0.0011,0.2930,0.3051,-0.2297,0.4595,-0.1139,0.4665,0.9545,0.8020,-0.2600,0.0100,0.8020,-0.2600,0.2300,False,0.0372,-0.0630,0.0015,0.0714,0.0733,-0.0581,-1.9836,grasp,0.8020,-0.2600,0.0100,0.0000,0.0000,0.0000,False,,0.0500,0.0000,False
52,0.0,1.5019,-0.0608,False,False,False,-1.6059,3.9121,0.2445,-1.6560,-2.6797,1.3833,0.1793,0.2737,-0.2301,0.0294,-0.2603,-0.2262,0.3395,-0.1129,0.4686,0.9522,0.8020,-0.2600,0.0100,0.8020,-0.2600,0.2300,False,0.0542,0.0728,-0.0669,0.0119,-0.0722,-0.0684,-2.7327,grasp,0.8020,-0.2600,0.0100,0.0000,0.0000,0.0000,False,,0.0500,0.0000,False
53,0.0,1.5022,-0.0533,False,False,False,-1.6068,3.9256,0.2415,-1.6561,-2.6760,1.3695,-0.1755,0.1985,0.0911,-0.0265,0.3239,-0.2522,0.2244,-0.1143,0.4695,0.9506,0.8020,-0.2600,0.0100,0.8020,-0.2600,0.2300,False,-0.0401,0.0525,0.0191,-0.0061,0.0756,-0.0647,-2.0475,grasp,0.8020,-0.2600,0.0100,0.0000,0.0000,0.0000,False,,0.0500,0.0000,False
54,0.0,1.4961,-0.0437,False,False,False,-1.6155,3.9406,0.2442,-1.6540,-2.6641,1.3534,-0.1323,0.3033,0.0167,0.0830,0.1268,-0.3091,0.3248,-0.1067,0.4534,0.9606,0.8020,-0.2600,0.0100,0.8020,-0.2600,0.2300,False,-0.0349,0.0778,0.0052,0.0199,0.0351,-0.0787,1.3202,grasp,0.8020,-0.2600,0.0100,0.0000,0.0000,0.0000,False,,0.0500,0.0000,True
55,0.0,1.4836,-0.0510,False,False,False,-1.6377,4.0112,0.2442,-1.6293,-2.6440,1.2837,0.2289,0.2148,-0.1352,0.2720,-0.2576,-0.1597,0.4681,-0.1010,0.3829,0.9960,0.8020,-0.2600,0.0100,0.8020,-0.2600,0.2300,False,0.0666,0.0624,-0.0393,0.0791,-0.0749,-0.0464,-1.5169,grasp,0.8020,-0.2600,0.0100,0.0000,0.0000,0.0000,False,,0.0500,0.0000,False
56,0.0,1.4836,-0.0227,False,False,False,-1.6368,4.0140,0.2437,-1.6266,-2.6460,1.2797,-0.1268,-0.0042,0.0712,-0.0341,0.0687,-0.1333,0.3881,-0.1028,0.3806,0.9959,0.8020,-0.2600,0.0100,0.8020,-0.2600,0.2300,False,-0.0630,0.0016,0.0359,-0.0147,0.0331,-0.0721,-2.3176,grasp,0.8020,-0.2600,0.0100,0.0000,0.0000,0.0000,False,,0.0500,0.0000,False
57,0.0,1.4814,-0.0335,False,False,False,-1.6408,4.0167,0.2428,-1.6177,-2.6454,1.2829,-0.0662,0.0865,-0.0606,0.2913,-0.0114,0.1581,0.4862,-0.1003,0.3790,0.9960,0.8020,-0.2600,0.0100,0.8020,-0.2600,0.2300,False,-0.0181,0.0211,-0.0138,0.0706,-0.0018,0.0367,2.6663,grasp,0.8020,-0.2600,0.0100,0.0000,0.0000,0.0000,False,,0.0500,0.0000,True
58,0.0,1.4820,-0.0151,False,False,False,-1.6445,4.0217,0.2400,-1.6044,-2.6441,1.2904,-0.0786,0.1113,-0.0311,0.1431,0.1115,0.0935,0.5419,-0.1023,0.3764,0.9967,0.8020,-0.2600,0.0100,0.8020,-0.2600,0.2300,False,-0.0423,0.0600,-0.0172,0.0794,0.0585,0.0514,0.6141,grasp,0.8020,-0.2600,0.0100,0.0000,0.0000,0.0000,False,,0.0500,0.0000,False
59,0.0,1.4775,-0.0174,False,False,False,-1.6481,4.0267,0.2367,-1.5956,-2.6376,1.2959,0.0487,-0.1062,-0.1082,0.0693,0.0285,0.0352,0.5097,-0.1001,0.3641,0.9998,0.8020,-0.2600,0.0100,0.8020,-0.2600,0.2300,False,0.0236,-0.0503,-0.0576,0.0396,0.0174,0.0206,0.5458,grasp,0.8020,-0.2600,0.0100,0.0000,0.0000,0.0000,False,,0.0500,0.0000,False
60,0.0,1.4782,-0.0396,False,False,False,-1.6425,4.0185,0.2301,-1.5932,-2.6338,1.2957,0.1927,-0.1860,-0.1468,0.0119,0.1413,-0.0662,0.5055,-0.1000,0.3694,0.9976,0.8020,-0.2600,0.0100,0.8020,-0.2600,0.2300,False,0.0720,-0.0741,-0.0561,0.0056,0.0527,-0.0238,0.8799,grasp,0.8020,-0.2600,0.0100,0.0000,0.0000,0.0000,False,,0.0500,0.0000,False
61,0.0,1.4801,-0.0365,False,False,False,-1.6407,4.0180,0.2256,-1.5966,-2.6306,1.2958,-0.0408,0.1962,-0.1279,-0.1743,0.0670,0.0463,0.4846,-0.1012,0.3760,0.9951,0.8020,-0.2600,0.0100,0.8020,-0.2600,0.2300,False,-0.0120,0.0629,-0.0491,-0.0642,0.0265,0.0162,0.3412,grasp,0.8020,-0.2600,0.0100,0.0000,0.0000,0.0000,False,,0.0500,0.0000,False
62,0.0,1.2849,-0.0029,False,False,False,-0.8340,4.5330,-0.0897,-1.3958,-0.9073,1.4209,0.0000,-0.0000,-0.0000,0.0000,0.0000,0.0000,0.0201,0.2347,0.1661,1.0812,0.8020,-0.2600,0.0099,0.8020,-0.2600,0.2299,False,-0.0554,-0.0589,-0.0363,0.0204,-0.0756,0.0669,-0.8560,grasp,0.8020,-0.2600,0.0099,0.0000,0.0000,0.0000,False,,0.0500,0.0000,False
63,0.0,1.2841,-0.0215,False,False,False,-0.8355,4.5337,-0.0915,-1.3953,-0.9071,1.4199,-0.0505,0.0952,-0.0986,0.0243,0.0843,-0.1096,0.1001,0.2452,0.1834,1.0787,0.8020,-0.2600,0.0099,0.8020,-0.2600,0.2299,False,-0.0273,0.0490,-0.0522,0.0129,0.0433,-0.0570,2.3926,grasp,0.8020,-0.2600,0.0099,0.0000,0.0000,0.0000,False,,0.0500,0.0000,True
64,0.0,1.2841,-0.0143,False,False,False,-0.8361,4.5356,-0.0926,-1.3938,-0.9069,1.4195,0.0047,0.0329,0.0204,0.0740,-0.0623,0.0732,0.1800,0.2452,0.1834,1.0787,0.8020,-0.2600,0.0099,0.8020,-0.2600,0.2299,False,0.0018,0.0190,0.0093,0.0393,-0.0316,0.0370,-0.3167,grasp,0.8020,-0.2600,0.0099,0.0000,0.0000,0.0000,False,,0.0500,0.0000,False
65,0.0,1.2810,0.0002,False,False,False,-0.8361,4.5361,-0.0923,-1.3927,-0.9077,1.4205,-0.0000,-0.0000,-0.0000,0.0000,-0.0000,0.0000,0.1890,0.2521,0.1818,1.0792,0.8020,-0.2600,0.0099,0.8020,-0.2600,0.2299,False,0.0536,-0.0095,0.0355,0.0475,0.0737,0.0037,-2.2921,grasp,0.8020,-0.2600,0.0099,0.0000,0.0000,0.0000,False,,0.0500,0.0000,False
66,0.0,1.2810,-0.0246,False,False,False,-0.8345,4.5353,-0.0932,-1.3934,-0.9054,1.4194,0.0663,-0.0441,-0.0805,-0.0728,0.1014,-0.0715,0.2409,0.2521,0.1818,1.0792,0.8020,-0.2600,0.0099,0.8020,-0.2600,0.2299,False,0.0354,-0.0233,-0.0420,-0.0378,0.0541,-0.0376,2.6777,grasp,0.8020,-0.2600,0.0099,0.0000,0.0000,0.0000,False,,0.0500,0.0000,True
67,0.0,1.2787,-0.0111,False,False,False,-0.8329,4.5351,-0.0939,-1.3949,-0.9038,1.4182,0.0666,0.0652,0.0463,-0.0492,0.0228,-0.0263,0.2433,0.2551,0.1801,1.0786,0.8020,-0.2600,0.0099,0.8020,-0.2600,0.2299,False,0.0676,0.0623,0.0451,-0.0503,0.0243,-0.0273,-1.8195,grasp,0.8020,-0.2600,0.0099,0.0000,0.0000,0.0000,False,,0.0500,0.0000,False
68,0.0,1.2800,-0.0146,False,False,False,-0.8313,4.5359,-0.0931,-1.3951,-0.9038,1.4170,0.0343,-0.0553,-0.0139,0.0711,-0.0462,-0.0707,0.2738,0.2562,0.1830,1.0796,0.8020,-0.2600,0.0099,0.8020,-0.2600,0.2299,False,0.0355,-0.0522,-0.0131,0.0702,-0.0458,-0.0712,0.2806,grasp,0.8020,-0.2600,0.0099,0.0000,0.0000,0.0000,False,,0.0500,0.0000,True
69,0.0,1.2800,-0.0279,False,False,False,-0.8307,4.5349,-0.0934,-1.3938,-0.9047,1.4156,0.0651,-0.1035,-0.0265,0.1352,-0.0878,-0.1343,0.2900,0.2562,0.1830,1.0796,0.8020,-0.2600,0.0099,0.8020,-0.2600,0.2299,False,0.0103,0.0484,-0.0198,0.0083,-0.0028,-0.0166,1.9880,grasp,0.8020,-0.2600,0.0099,0.0000,0.0000,0.0000,False,,0.0500,0.0000,True
70,0.0,1.2791,-0.0084,False,False,False,-0.8301,4.5357,-0.0934,-1.3936,-0.9043,1.4152,0.0457,0.0518,0.0207,0.0102,0.0410,-0.0307,0.2901,0.2579,0.1826,1.0795,0.8020,-0.2600,0.0099,0.8020,-0.2600,0.2299,False,0.0458,0.0524,0.0205,0.0103,0.0410,-0.0309,-3.0532,grasp,0.8020,-0.2600,0.0099,0.0000,0.0000,0.0000,False,,0.0500,0.0000,False
71,0.0,1.2785,-0.0027,False,False,False,-0.8264,4.5403,-0.0917,-1.3928,-0.9010,1.4127,0.0000,-0.0000,-0.0000,0.0000,0.0000,0.0000,0.2468,0.2581,0.1821,1.0792,0.8020,-0.2600,0.0099,0.8020,-0.2600,0.2299,False,-0.0211,0.0507,-0.0314,0.0287,-0.0376,-0.0749,1.5350,grasp,0.8020,-0.2600,0.0099,0.0000,0.0000,0.0000,False,,0.0500,0.0000,True
72,0.0,1.2785,-0.0255,False,False,False,-0.8271,4.5416,-0.0926,-1.3920,-0.9021,1.4105,-0.0431,0.0895,-0.0611,0.0539,-0.0741,-0.1402,0.2868,0.2581,0.1821,1.0792,0.8020,-0.2600,0.0099,0.8020,-0.2600,0.2299,False,0.0221,0.0140,-0.0731,0.0707,0.0092,-0.0617,0.8902,grasp,0.8020,-0.2600,0.0099,0.0000,0.0000,0.0000,False,,0.0500,0.0000,True
73,0.0,1.2756,-0.0134,False,False,False,-0.8267,4.5412,-0.0922,-1.3914,-0.9016,1.4113,0.0410,-0.0438,0.0467,0.0573,0.0530,0.0772,0.3329,0.2617,0.1794,1.0787,0.8020,-0.2600,0.0099,0.8020,-0.2600,0.2299,False,0.0410,-0.0437,0.0467,0.0573,0.0530,0.0772,0.3445,grasp,0.8020,-0.2600,0.0099,0.0000,0.0000,0.0000,False,,0.0500,0.0000,False
74,0.0,1.2747,-0.0020,False,False,False,-0.8248,4.5391,-0.0900,-1.3888,-0.8991,1.4149,-0.0000,-0.0000,-0.0000,0.0000,0.0000,0.0000,0.3636,0.2636,0.1808,1.0779,0.8020,-0.2600,0.0099,0.8020,-0.2600,0.2299,False,0.0210,0.0301,-0.0066,0.0385,0.0749,0.0287,0.3963,grasp,0.8020,-0.2600,0.0099,0.0000,0.0000,0.0000,False,,0.0500,0.0000,False
75,0.0,1.2747,-0.0267,False,False,False,-0.8237,4.5409,-0.0905,-1.3867,-0.8950,1.4164,0.0538,0.0854,-0.0214,0.1000,0.1990,0.0722,0.3871,0.2636,0.1808,1.0779,0.8020,-0.2600,0.0099,0.8020,-0.2600,0.2299,False,0.0614,0.0044,0.0140,0.0537,0.0561,0.0352,-1.4648,grasp,0.8020,-0.2600,0.0099,0.0000,0.0000,0.0000,False,,0.0500,0.0000,False
76,0.0,1.2737,-0.0301,False,False,False,-0.8221,4.5394,-0.0921,-1.3885,-0.8966,1.4170,0.1045,-0.1129,-0.1090,-0.1190,-0.1060,0.0393,0.3099,0.2652,0.1811,1.0774,0.8020,-0.2600,0.0099,0.8020,-0.2600,0.2299,False,0.0550,-0.0590,-0.0574,-0.0626,-0.0558,0.0207,-2.6954,grasp,0.8020,-0.2600,0.0099,0.0000,0.0000,0.0000,False,,0.0500,0.0000,False
77,0.0,1.2791,-0.0222,False,False,False,-0.8211,4.5373,-0.0936,-1.3896,-0.8974,1.4168,-0.0560,0.0506,0.0127,0.0560,0.0711,-0.0767,0.3300,0.2585,0.1855,1.0786,0.8020,-0.2600,0.0099,0.8020,-0.2600,0.2299,False,-0.0545,0.0396,0.0111,0.0543,0.0696,-0.0761,1.5025,grasp,0.8020,-0.2600,0.0099,0.0000,0.0000,0.0000,False,,0.0500,0.0000,True
78,0.0,1.2791,-0.0024,False,False,False,-0.8237,4.5396,-0.0930,-1.3871,-0.8942,1.4132,-0.0000,-0.0000,-0.0000,0.0000,0.0000,0.0000,0.3739,0.2585,0.1855,1.0786,0.8020,-0.2600,0.0099,0.8020,-0.2600,0.2299,False,-0.0042,-0.0248,-0.0018,-0.0120,0.0701,-0.0351,0.0668,grasp,0.8020,-0.2600,0.0099,0.0000,0.0000,0.0000,False,,0.0500,0.0000,False
79,0.0,1.2756,-0.0141,False,False,False,-0.8235,4.5387,-0.0953,-1.3871,-0.8923,1.4118,0.0151,-0.0480,-0.1483,0.0042,0.0764,-0.0691,0.3174,0.2636,0.1835,1.0778,0.8020,-0.2600,0.0099,0.8020,-0.2600,0.2299,False,0.0079,-0.0254,-0.0781,0.0021,0.0409,-0.0367,-2.5380,grasp,0.8020,-0.2600,0.0099,0.0000,0.0000,0.0000,False,,0.0500,0.0000,False
80,0.0,1.2795,-0.0168,False,False,False,-0.8234,4.5380,-0.0968,-1.3870,-0.8920,1.4103,-0.0071,0.0378,0.0617,0.0062,-0.0792,-0.0590,0.2898,0.2581,0.1874,1.0781,0.8020,-0.2600,0.0099,0.8020,-0.2600,0.2299,False,-0.0069,0.0336,0.0596,0.0062,-0.0782,-0.0600,-1.0757,grasp,0.8020,-0.2600,0.0099,0.0000,0.0000,0.0000,False,,0.0500,0.0000,False
81,0.0,1.2795,-0.0107,False,False,False,-0.8240,4.5381,-0.0950,-1.3870,-0.8930,1.4092,-0.0533,-0.0676,0.0624,-0.0090,0.0551,0.0031,0.2939,0.2581,0.1874,1.0781,0.8020,-0.2600,0.0099,0.8020,-0.2600,0.2299,False,-0.0535,-0.0654,0.0636,-0.0089,0.0536,0.0020,-0.6062,grasp,0.8020,-0.2600,0.0099,0.0000,0.0000,0.0000,False,,0.0500,0.0000,False
82,0.0,1.2782,-0.0145,False,False,False,-0.8259,4.5367,-0.0923,-1.3865,-0.8916,1.4104,-0.0552,-0.0048,0.0999,0.0439,0.0222,0.0793,0.2521,0.2593,0.1860,1.0778,0.8020,-0.2600,0.0099,0.8020,-0.2600,0.2299,False,-0.0300,-0.0039,0.0538,0.0229,0.0127,0.0418,-2.1049,grasp,0.8020,-0.2600,0.0099,0.0000,0.0000,0.0000,False,,0.0500,0.0000,False
83,0.0,1.2779,-0.0137,False,False,False,-0.8259,4.5366,-0.0916,-1.3853,-0.8915,1.4113,0.0789,-0.0071,-0.0774,0.0553,-0.0185,-0.0223,0.2192,0.2578,0.1851,1.0770,0.8020,-0.2600,0.0099,0.8020,-0.2600,0.2299,False,0.0781,-0.0068,-0.0760,0.0559,-0.0182,-0.0212,-2.1213,grasp,0.8020,-0.2600,0.0099,0.0000,0.0000,0.0000,False,,0.0500,0.0000,False
84,0.0,1.2779,-0.0133,False,False,False,-0.8249,4.5358,-0.0937,-1.3840,-0.8922,1.4115,-0.0455,-0.0652,-0.0637,0.0239,-0.0389,0.0540,0.2503,0.2578,0.1851,1.0770,0.8020,-0.2600,0.0099,0.8020,-0.2600,0.2299,False,-0.0440,-0.0662,-0.0652,0.0249,-0.0393,0.0536,1.5516,grasp,0.8020,-0.2600,0.0099,0.0000,0.0000,0.0000,False,,0.0500,0.0000,True
85,0.0,1.2792,-0.0147,False,False,False,-0.8252,4.5343,-0.0942,-1.3831,-0.8937,1.4114,0.0323,-0.0021,0.0498,0.0324,-0.0506,-0.0728,0.2123,0.2568,0.1873,1.0772,0.8020,-0.2600,0.0099,0.8020,-0.2600,0.2299,False,0.0161,-0.0039,0.0250,0.0175,-0.0274,-0.0373,-2.7430,grasp,0.8020,-0.2600,0.0099,0.0000,0.0000,0.0000,False,,0.0500,0.0000,False
86,0.0,1.2801,-0.0119,False,False,False,-0.8244,4.5338,-0.0930,-1.3819,-0.8944,1.4105,0.0378,-0.0372,0.0404,0.0737,0.0024,0.0116,0.1969,0.2536,0.1872,1.0766,0.8020,-0.2600,0.0099,0.8020,-0.2600,0.2299,False,0.0383,-0.0373,0.0411,0.0742,0.0017,0.0105,-1.5707,grasp,0.8020,-0.2600,0.0099,0.0000,0.0000,0.0000,False,,0.0500,0.0000,False
87,0.0,1.2801,-0.0176,False,False,False,-0.8238,4.5335,-0.0916,-1.3810,-0.8937,1.4113,-0.0148,0.0445,0.0663,-0.0489,0.0706,0.0605,0.2372,0.2536,0.1872,1.0766,0.8020,-0.2600,0.0099,0.8020,-0.2600,0.2299,False,-0.0141,0.0436,0.0671,-0.0475,0.0707,0.0607,2.2593,grasp,0.8020,-0.2600,0.0099,0.0000,0.0000,0.0000,False,,0.0500,0.0000,True
88,0.0,1.2778,-0.0078,False,False,False,-0.8239,4.5339,-0.0903,-1.3819,-0.8920,1.4117,0.0217,-0.0655,0.0016,-0.0044,0.0276,-0.0736,0.2972,0.2575,0.1863,1.0763,0.8020,-0.2600,0.0099,0.8020,-0.2600,0.2299,False,0.0214,-0.0628,0.0029,-0.0053,0.0290,-0.0725,1.3277,grasp,0.8020,-0.2600,0.0099,0.0000,0.0000,0.0000,False,,0.0500,0.0000,True
89,0.0,1.2775,-0.0212,False,False,False,-0.8240,4.5344,-0.0906,-1.3810,-0.8935,1.4103,-0.0361,0.1311,-0.0182,0.0686,-0.1303,-0.0007,0.3224,0.2592,0.1869,1.0764,0.8020,-0.2600,0.0099,0.8020,-0.2600,0.2299,False,-0.0186,0.0665,-0.0095,0.0360,-0.0680,-0.0018,-0.5003,grasp,0.8020,-0.2600,0.0099,0.0000,0.0000,0.0000,False,,0.0500,0.0000,False
90,0.0,1.2775,-0.0094,False,False,False,-0.8246,4.5367,-0.0913,-1.3799,-0.8958,1.4107,-0.0030,0.0010,-0.0499,0.0126,-0.0471,0.0441,0.3249,0.2592,0.1869,1.0764,0.8020,-0.2600,0.0099,0.8020,-0.2600,0.2299,False,-0.0035,0.0070,-0.0502,0.0136,-0.0489,0.0441,-0.5524,grasp,0.8020,-0.2600,0.0099,0.0000,0.0000,0.0000,False,,0.0500,0.0000,False
91,0.0,1.2752,-0.0099,False,False,False,-0.8249,4.5364,-0.0923,-1.3801,-0.8962,1.4122,-0.0303,-0.0295,-0.0028,-0.0510,0.0571,0.0638,0.3648,0.2611,0.1834,1.0761,0.8020,-0.2600,0.0099,0.8020,-0.2600,0.2299,False,-0.0303,-0.0294,-0.0038,-0.0508,0.0562,0.0647,1.0957,grasp,0.8020,-0.2600,0.0099,0.0000,0.0000,0.0000,False,,0.0500,0.0000,True
92,0.0,1.2749,-0.0261,False,False,False,-0.8238,4.5365,-0.0901,-1.3827,-0.8944,1.4145,0.1115,0.0478,0.1477,-0.1038,0.0429,0.0699,0.4016,0.2632,0.1839,1.0766,0.8020,-0.2600,0.0099,0.8020,-0.2600,0.2299,False,0.0581,0.0244,0.0777,-0.0556,0.0236,0.0380,0.4200,grasp,0.8020,-0.2600,0.0099,0.0000,0.0000,0.0000,False,,0.0500,0.0000,False
93,0.0,1.2749,-0.0130,False,False,False,-0.8230,4.5368,-0.0886,-1.3843,-0.8935,1.4152,-0.0778,-0.0567,-0.0635,-0.0177,0.0352,-0.0236,0.4467,0.2632,0.1839,1.0766,0.8020,-0.2600,0.0099,0.8020,-0.2600,0.2299,False,-0.0762,-0.0545,-0.0613,-0.0191,0.0358,-0.0226,2.0224,grasp,0.8020,-0.2600,0.0099,0.0000,0.0000,0.0000,False,,0.0500,0.0000,True
94,0.0,1.2749,-0.0114,False,False,False,-0.8252,4.5354,-0.0902,-1.3841,-0.8929,1.4141,-0.0745,-0.0121,-0.0307,0.0548,-0.0072,-0.0660,0.4591,0.2632,0.1839,1.0766,0.8020,-0.2600,0.0099,0.8020,-0.2600,0.2299,False,-0.0759,-0.0155,-0.0319,0.0545,-0.0065,-0.0664,0.2077,grasp,0.8020,-0.2600,0.0099,0.0000,0.0000,0.0000,False,,0.0500,0.0000,False
95,0.0,1.2746,-0.0231,False,False,False,-0.8250,4.5357,-0.0890,-1.3829,-0.8910,1.4146,0.1053,0.0313,0.1165,0.0139,0.1322,0.1126,0.4693,0.2653,0.1842,1.0772,0.8020,-0.2600,0.0099,0.8020,-0.2600,0.2299,False,0.0540,0.0162,0.0607,0.0084,0.0695,0.0580,0.8284,grasp,0.8020,-0.2600,0.0099,0.0000,0.0000,0.0000,False,,0.0500,0.0000,False
96,0.0,1.2743,-0.0117,False,False,False,-0.8233,4.5354,-0.0871,-1.3833,-0.8892,1.4168,0.0188,-0.0803,0.0237,-0.0609,-0.0097,0.0612,0.5129,0.2653,0.1841,1.0769,0.8020,-0.2600,0.0099,0.8020,-0.2600,0.2299,False,0.0203,-0.0791,0.0254,-0.0608,-0.0078,0.0628,2.7613,grasp,0.8020,-0.2600,0.0099,0.0000,0.0000,0.0000,False,,0.0500,0.0000,True
97,0.0,1.2743,-0.0091,False,False,False,-0.8222,4.5336,-0.0868,-1.3849,-0.8891,1.4182,0.0780,-0.0061,-0.0161,-0.0501,0.0291,0.0256,0.4952,0.2653,0.1841,1.0769,0.8020,-0.2600,0.0099,0.8020,-0.2600,0.2299,False,0.0784,-0.0103,-0.0156,-0.0512,0.0289,0.0267,-0.5136,grasp,0.8020,-0.2600,0.0099,0.0000,0.0000,0.0000,False,,0.0500,0.0000,False
98,0.0,1.2743,-0.0122,False,False,False,-0.8201,4.5337,-0.0878,-1.3865,-0.8887,1.4184,0.0577,0.0299,-0.0712,-0.0625,-0.0167,-0.0339,0.5192,0.2664,0.1854,1.0769,0.8020,-0.2600,0.0099,0.8020,-0.2600,0.2299,False,0.0592,0.0295,-0.0715,-0.0635,-0.0161,-0.0334,2.6066,grasp,0.8020,-0.2600,0.0099,0.0000,0.0000,0.0000,False,,0.0500,0.0000,True
99,0.0,1.2760,-0.0138,False,False,False,-0.8198,4.5347,-0.0889,-1.3878,-0.8874,1.4177,-0.0491,0.0267,0.0154,-0.0039,0.1057,0.0005,0.5299,0.2650,0.1872,1.0775,0.8020,-0.2600,0.0099,0.8020,-0.2600,0.2299,False,-0.0247,0.0146,0.0068,-0.0032,0.0553,-0.0004,0.8235,grasp,0.8020,-0.2600,0.0099,0.0000,0.0000,0.0000,False,,0.0500,0.0000,False
100,0.0,1.2760,-0.0032,False,False,False,-0.8205,4.5351,-0.0887,-1.3878,-0.8859,1.4177,0.0000,-0.0000,-0.0000,0.0000,0.0000,0.0000,0.5303,0.2650,0.1872,1.0775,0.8020,-0.2600,0.0099,0.8020,-0.2600,0.2299,False,0.0021,0.0393,-0.0058,-0.0005,0.0142,0.0184,1.2293,grasp,0.8020,-0.2600,0.0099,0.0000,0.0000,0.0000,False,,0.0500,0.0000,False
101,0.0,1.2760,-0.0033,False,False,False,-0.8204,4.5363,-0.0889,-1.3878,-0.8855,1.4183,-0.0000,-0.0000,-0.0000,0.0000,-0.0000,0.0000,0.5153,0.2658,0.1874,1.0778,0.8020,-0.2600,0.0099,0.8020,-0.2600,0.2299,False,0.0346,0.0428,-0.0293,-0.0659,0.0411,0.0758,-2.5948,grasp,0.8020,-0.2600,0.0099,0.0000,0.0000,0.0000,False,,0.0500,0.0000,False
102,0.0,1.2758,-0.0269,False,False,False,-0.8194,4.5375,-0.0897,-1.3897,-0.8843,1.4205,0.0657,0.0797,-0.0555,-0.1252,0.0776,0.1434,0.4754,0.2659,0.1870,1.0779,0.8020,-0.2600,0.0099,0.8020,-0.2600,0.2299,False,-0.0687,-0.0610,-0.0299,0.0756,-0.0555,-0.0359,-2.1978,grasp,0.8020,-0.2600,0.0099,0.0000,0.0000,0.0000,False,,0.0500,0.0000,False
103,0.0,1.2758,-0.0456,False,False,False,-0.8233,4.5341,-0.0914,-1.3854,-0.8875,1.4184,-0.1879,-0.1679,-0.0795,0.2082,-0.1525,-0.1010,0.3959,0.2659,0.1870,1.0779,0.8020,-0.2600,0.0099,0.8020,-0.2600,0.2299,False,-0.0686,-0.0165,-0.0070,0.0258,0.0299,0.0712,-0.1174,grasp,0.8020,-0.2600,0.0099,0.0000,0.0000,0.0000,False,,0.0500,0.0000,False
104,0.0,1.2776,-0.0217,False,False,False,-0.8252,4.5333,-0.0915,-1.3847,-0.8866,1.4205,-0.1268,-0.0252,-0.0118,0.0451,0.0598,0.1372,0.3884,0.2618,0.1881,1.0774,0.8020,-0.2600,0.0099,0.8020,-0.2600,0.2299,False,0.0210,0.0483,-0.0382,-0.0433,0.0349,-0.0035,1.0874,grasp,0.8020,-0.2600,0.0099,0.0000,0.0000,0.0000,False,,0.0500,0.0000,True
105,0.0,1.2814,-0.0060,False,False,False,-0.8023,4.5820,-0.1296,-1.4288,-0.8526,1.4149,0.0000,0.0000,-0.0000,-0.0000,0.0000,-0.0000,0.5384,0.2759,0.1893,1.0884,0.8020,-0.2600,0.0099,0.8020,-0.2600,0.2299,False,0.0556,0.0526,0.0427,-0.0054,0.0768,0.0581,0.8753,grasp,0.8020,-0.2600,0.0099,0.0000,0.0000,0.0000,False,,0.0500,0.0000,False
106,0.0,1.2814,-0.0121,False,False,False,-0.8018,4.5824,-0.1289,-1.4287,-0.8531,1.4150,0.0559,0.0373,0.0700,0.0008,-0.0563,0.0041,0.5180,0.2759,0.1893,1.0884,0.8020,-0.2600,0.0099,0.8020,-0.2600,0.2299,False,0.0559,0.0373,0.0700,0.0008,-0.0563,0.0041,0.3316,grasp,0.8020,-0.2600,0.0099,0.0000,0.0000,0.0000,False,,0.0500,0.0000,False
107,0.0,1.2793,-0.0188,False,False,False,-0.7999,4.5849,-0.1251,-1.4286,-0.8534,1.4171,-0.0453,0.0370,0.0344,0.0075,0.1486,0.1249,0.5636,0.2772,0.1865,1.0878,0.8020,-0.2600,0.0099,0.8020,-0.2600,0.2299,False,-0.0223,0.0218,0.0200,0.0040,0.0767,0.0658,2.7510,grasp,0.8020,-0.2600,0.0099,0.0000,0.0000,0.0000,False,,0.0500,0.0000,True
108,0.0,1.2793,-0.0037,False,False,False,-0.8013,4.5862,-0.1240,-1.4284,-0.8486,1.4211,-0.0000,-0.0000,-0.0000,0.0000,-0.0000,0.0000,0.5791,0.2772,0.1865,1.0878,0.8020,-0.2600,0.0099,0.8020,-0.2600,0.2299,False,0.0521,-0.0577,0.0257,-0.0217,0.0260,0.0430,-0.5892,grasp,0.8020,-0.2600,0.0099,0.0000,0.0000,0.0000,False,,0.0500,0.0000,False
109,0.0,1.2772,-0.0135,False,False,False,-0.7996,4.5839,-0.1230,-1.4282,-0.8487,1.4217,0.0223,-0.0534,0.0311,0.0761,-0.0755,-0.0539,0.5326,0.2812,0.1859,1.0874,0.8020,-0.2600,0.0099,0.8020,-0.2600,0.2299,False,0.0233,-0.0559,0.0315,0.0757,-0.0750,-0.0531,0.8219,grasp,0.8020,-0.2600,0.0099,0.0000,0.0000,0.0000,False,,0.0500,0.0000,False
110,0.0,1.2786,-0.0035,False,False,False,-0.7981,4.5817,-0.1211,-1.4249,-0.8514,1.4191,0.0484,0.0495,0.0477,-0.0179,0.0798,-0.0183,0.4956,0.2789,0.1875,1.0873,0.8020,-0.2600,0.0099,0.8020,-0.2600,0.2299,False,0.0490,0.0466,0.0486,-0.0159,0.0778,-0.0198,-0.3115,grasp,0.8020,-0.2600,0.0099,0.0000,0.0000,0.0000,False,,0.0500,0.0000,False
111,0.0,1.2786,-0.0022,False,False,False,-0.7971,4.5827,-0.1202,-1.4252,-0.8499,1.4187,0.0000,-0.0000,-0.0000,0.0000,0.0000,0.0000,0.5020,0.2789,0.1875,1.0873,0.8020,-0.2600,0.0099,0.8020,-0.2600,0.2299,False,0.0444,0.0403,0.0101,0.0078,-0.0594,0.0334,2.5491,grasp,0.8020,-0.2600,0.0099,0.0000,0.0000,0.0000,False,,0.0500,0.0000,True
112,0.0,1.3535,-0.0151,False,False,False,-0.5289,4.7175,-0.2004,-1.3166,-0.2779,1.4641,0.0195,-0.0065,0.0576,-0.0145,0.0174,0.0455,0.0073,0.2081,0.3409,1.0673,0.8020,-0.2600,0.0099,0.8020,-0.2600,0.2299,False,0.0229,-0.0047,0.0565,-0.0131,0.0250,0.0460,-2.8405,grasp,0.8020,-0.2600,0.0099,0.0000,0.0000,0.0000,False,,0.0500,0.0000,False
113,0.0,1.3535,-0.0289,False,False,False,-0.5273,4.7170,-0.1958,-1.3178,-0.2765,1.4678,0.0670,-0.0218,0.1980,-0.0500,0.0599,0.1564,0.0157,0.2081,0.3409,1.0673,0.8020,-0.2600,0.0099,0.8020,-0.2600,0.2299,False,0.0779,-0.0510,0.0319,0.0479,-0.0159,0.0695,-2.0020,grasp,0.8020,-0.2600,0.0099,0.0000,0.0000,0.0000,False,,0.0500,0.0000,False
114,0.0,1.3531,-0.0018,False,False,False,-0.5265,4.7165,-0.1955,-1.3173,-0.2767,1.4685,-0.0000,-0.0000,-0.0000,0.0000,-0.0000,0.0000,0.0477,0.2099,0.3418,1.0674,0.8020,-0.2600,0.0099,0.8020,-0.2600,0.2299,False,0.0435,-0.0497,0.0351,0.0117,-0.0174,-0.0684,-2.2414,grasp,0.8020,-0.2600,0.0099,0.0000,0.0000,0.0000,False,,0.0500,0.0000,False
115,0.0,1.3536,-0.0132,False,False,False,-0.5266,4.7158,-0.1952,-1.3165,-0.2765,1.4675,-0.0510,-0.0138,-0.0065,0.0724,0.0411,-0.0241,0.0611,0.2105,0.3436,1.0672,0.8020,-0.2600,0.0099,0.8020,-0.2600,0.2299,False,-0.0506,-0.0143,-0.0061,0.0725,0.0409,-0.0248,-2.4390,grasp,0.8020,-0.2600,0.0099,0.0000,0.0000,0.0000,False,,0.0500,0.0000,False
116,0.0,1.3536,-0.0230,False,False,False,-0.5260,4.7152,-0.1955,-1.3174,-0.2750,1.4658,0.1016,-0.0269,-0.0129,-0.1515,0.0471,-0.0813,0.1233,0.2105,0.3436,1.0672,0.8020,-0.2600,0.0099,0.8020,-0.2600,0.2299,False,0.0525,-0.0144,-0.0069,-0.0783,0.0256,-0.0432,1.2919,grasp,0.8020,-0.2600,0.0099,0.0000,0.0000,0.0000,False,,0.0500,0.0000,True
117,0.0,1.3555,-0.0175,False,False,False,-0.5253,4.7144,-0.1952,-1.3199,-0.2749,1.4654,-0.0693,-0.0303,0.0460,-0.0380,-0.0596,0.0752,0.1830,0.2114,0.3485,1.0675,0.8020,-0.2600,0.0099,0.8020,-0.2600,0.2299,False,-0.0679,-0.0314,0.0458,-0.0401,-0.0590,0.0741,-1.6812,grasp,0.8020,-0.2600,0.0099,0.0000,0.0000,0.0000,False,,0.0500,0.0000,False
118,0.0,1.3546,-0.0105,False,False,False,-0.5272,4.7141,-0.1948,-1.3199,-0.2763,1.4670,-0.0572,0.0304,-0.0491,0.0709,-0.0245,0.0111,0.2424,0.2160,0.3510,1.0674,0.8020,-0.2600,0.0099,0.8020,-0.2600,0.2299,False,-0.0585,0.0298,-0.0482,0.0701,-0.0256,0.0125,1.0078,grasp,0.8020,-0.2600,0.0099,0.0000,0.0000,0.0000,False,,0.0500,0.0000,True
119,0.0,1.3546,-0.0202,False,False,False,-0.5276,4.7145,-0.1952,-1.3166,-0.2746,1.4659,0.0438,-0.0141,0.0376,0.1318,0.1430,-0.0856,0.2933,0.2160,0.3510,1.0674,0.8020,-0.2600,0.0099,0.8020,-0.2600,0.2299,False,0.0220,-0.0068,0.0189,0.0707,0.0748,-0.0449,-0.1948,grasp,0.8020,-0.2600,0.0099,0.0000,0.0000,0.0000,False,,0.0500,0.0000,False
120,0.0,1.3546,-0.0101,False,False,False,-0.5266,4.7140,-0.1944,-1.3152,-0.2727,1.4644,0.0382,-0.0333,0.0228,-0.0523,-0.0137,-0.0280,0.3412,0.2176,0.3532,1.0670,0.8020,-0.2600,0.0099,0.8020,-0.2600,0.2299,False,0.0389,-0.0335,0.0234,-0.0504,-0.0117,-0.0292,1.9941,grasp,0.8020,-0.2600,0.0099,0.0000,0.0000,0.0000,False,,0.0500,0.0000,True
121,0.0,1.3552,-0.0212,False,False,False,-0.5264,4.7130,-0.1933,-1.3156,-0.2722,1.4631,-0.0566,-0.0320,0.0719,0.0626,0.0738,-0.0736,0.4010,0.2193,0.3561,1.0670,0.8020,-0.2600,0.0099,0.8020,-0.2600,0.2299,False,-0.0559,-0.0329,0.0723,0.0617,0.0735,-0.0741,-0.2338,grasp,0.8020,-0.2600,0.0099,0.0000,0.0000,0.0000,False,,0.0500,0.0000,False
122,0.0,1.3552,-0.0113,False,False,False,-0.5274,4.7127,-0.1913,-1.3148,-0.2714,1.4614,0.0100,0.0378,0.0591,-0.0379,-0.0582,-0.0355,0.3963,0.2193,0.3561,1.0670,0.8020,-0.2600,0.0099,0.8020,-0.2600,0.2299,False,0.0090,0.0371,0.0605,-0.0367,-0.0568,-0.0369,-0.9778,grasp,0.8020,-0.2600,0.0099,0.0000,0.0000,0.0000,False,,0.0500,0.0000,False
123,0.0,1.3552,-0.0223,False,False,False,-0.5272,4.7134,-0.1902,-1.3155,-0.2725,1.4607,0.0191,0.0720,0.1123,-0.0720,-0.1107,-0.0675,0.3842,0.2193,0.3561,1.0670,0.8020,-0.2600,0.0099,0.8020,-0.2600,0.2299,False,-0.0564,-0.0275,0.0407,0.0630,0.0282,0.0715,-2.3413,grasp,0.8020,-0.2600,0.0099,0.0000,0.0000,0.0000,False,,0.0500,0.0000,False
124,0.0,1.3537,-0.0500,False,False,False,-0.5330,4.7110,-0.1956,-1.3169,-0.2659,1.4669,-0.2194,-0.0981,-0.2056,-0.0516,0.2511,0.2359,0.3278,0.2205,0.3540,1.0669,0.8020,-0.2600,0.0099,0.8020,-0.2600,0.2299,False,-0.0638,-0.0284,-0.0598,-0.0150,0.0730,0.0686,-0.9801,grasp,0.8020,-0.2600,0.0099,0.0000,0.0000,0.0000,False,,0.0500,0.0000,False
125,0.0,1.3567,-0.0159,False,False,False,-0.5355,4.7099,-0.1987,-1.3182,-0.2635,1.4698,0.0052,0.0497,-0.0612,-0.0706,-0.0659,0.0111,0.3306,0.2159,0.3558,1.0673,0.8020,-0.2600,0.0099,0.8020,-0.2600,0.2299,False,0.0026,0.0441,-0.0637,-0.0712,-0.0629,0.0139,-0.2738,grasp,0.8020,-0.2600,0.0099,0.0000,0.0000,0.0000,False,,0.0500,0.0000,False
126,0.0,1.3567,-0.0244,False,False,False,-0.5354,4.7108,-0.1998,-1.3195,-0.2648,1.4700,0.0099,0.0900,-0.1164,-0.1341,-0.1253,0.0211,0.3341,0.2159,0.3558,1.0673,0.8020,-0.2600,0.0099,0.8020,-0.2600,0.2299,False,0.0588,0.0611,0.0087,-0.0456,0.0761,0.0740,1.1093,grasp,0.8020,-0.2600,0.0099,0.0000,0.0000,0.0000,False,,0.0500,0.0000,True
127,0.0,1.3567,-0.0287,False,False,False,-0.5395,4.7072,-0.2028,-1.3214,-0.2614,1.4713,-0.1950,-0.1823,-0.1415,-0.0919,0.1631,0.0637,0.3178,0.2159,0.3558,1.0673,0.8020,-0.2600,0.0099,0.8020,-0.2600,0.2299,False,-0.0719,-0.0669,-0.0522,-0.0339,0.0602,0.0235,-2.6642,grasp,0.8020,-0.2600,0.0099,0.0000,0.0000,0.0000,False,,0.0500,0.0000,False
128,0.0,1.3624,-0.0155,False,False,False,-0.5443,4.7004,-0.2069,-1.3240,-0.2576,1.4730,0.0612,-0.0282,-0.0171,-0.0015,-0.0692,-0.0117,0.2979,0.2081,0.3598,1.0678,0.8020,-0.2600,0.0099,0.8020,-0.2600,0.2299,False,0.0583,-0.0458,-0.0192,-0.0029,-0.0667,-0.0107,-0.1292,grasp,0.8020,-0.2600,0.0099,0.0000,0.0000,0.0000,False,,0.0500,0.0000,False
129,0.0,1.3624,-0.0192,False,False,False,-0.5431,4.6997,-0.2072,-1.3240,-0.2589,1.4728,0.1163,-0.0685,-0.0325,-0.0028,-0.1315,-0.0222,0.3064,0.2081,0.3598,1.0678,0.8020,-0.2600,0.0099,0.8020,-0.2600,0.2299,False,0.0627,0.0636,-0.0136,-0.0539,0.0302,-0.0780,-1.3346,grasp,0.8020,-0.2600,0.0099,0.0000,0.0000,0.0000,False,,0.0500,0.0000,False
130,0.0,1.3624,-0.0284,False,False,False,-0.5385,4.6959,-0.2049,-1.3233,-0.2587,1.4798,0.1736,-0.1406,0.0867,0.0292,0.0063,0.2655,0.2331,0.2081,0.3598,1.0678,0.8020,-0.2600,0.0099,0.8020,-0.2600,0.2299,False,0.0505,-0.0410,0.0252,0.0085,0.0018,0.0772,-2.0547,grasp,0.8020,-0.2600,0.0099,0.0000,0.0000,0.0000,False,,0.0500,0.0000,False
131,0.0,1.3684,-0.0151,False,False,False,-0.5365,4.6933,-0.2037,-1.3233,-0.2586,1.4832,0.0015,-0.0671,0.0188,-0.0354,0.0011,0.0303,0.2122,0.1976,0.3630,1.0678,0.8020,-0.2600,0.0099,0.8020,-0.2600,0.2299,False,0.0036,-0.0718,0.0198,-0.0351,0.0012,0.0335,-1.8593,grasp,0.8020,-0.2600,0.0099,0.0000,0.0000,0.0000,False,,0.0500,0.0000,False
132,0.0,1.3684,-0.0140,False,False,False,-0.5364,4.6920,-0.2033,-1.3239,-0.2586,1.4838,0.0029,-0.1308,0.0356,-0.0673,0.0021,0.0576,0.2073,0.1976,0.3630,1.0678,0.8020,-0.2600,0.0099,0.8020,-0.2600,0.2299,False,0.0071,0.0496,0.0316,-0.0515,0.0448,0.0708,-1.2265,grasp,0.8020,-0.2600,0.0099,0.0000,0.0000,0.0000,False,,0.0500,0.0000,False
133,0.0,1.3684,-0.0235,False,False,False,-0.5339,4.6892,-0.2074,-1.3215,-0.2615,1.4845,0.1202,-0.1339,-0.1977,0.1196,-0.1396,0.0331,0.2902,0.1976,0.3630,1.0678,0.8020,-0.2600,0.0099,0.8020,-0.2600,0.2299,False,0.0444,-0.0492,-0.0730,0.0441,-0.0515,0.0122,2.3967,grasp,0.8020,-0.2600,0.0099,0.0000,0.0000,0.0000,False,,0.0500,0.0000,True
134,0.0,1.3747,-0.0173,False,False,False,-0.5309,4.6844,-0.2127,-1.3182,-0.2657,1.4858,-0.0274,0.0627,0.0264,-0.0060,-0.0330,0.0398,0.3697,0.1903,0.3704,1.0673,0.8020,-0.2600,0.0099,0.8020,-0.2600,0.2299,False,-0.0256,0.0440,0.0234,-0.0042,-0.0351,0.0403,2.1214,grasp,0.8020,-0.2600,0.0099,0.0000,0.0000,0.0000,False,,0.0500,0.0000,True
135,0.0,1.3747,-0.0173,False,False,False,-0.5314,4.6854,-0.2122,-1.3183,-0.2663,1.4866,-0.0521,0.1036,0.0502,-0.0114,-0.0627,0.0756,0.3897,0.1903,0.3704,1.0673,0.8020,-0.2600,0.0099,0.8020,-0.2600,0.2299,False,0.0159,-0.0019,-0.0727,-0.0757,-0.0145,-0.0528,-0.1572,grasp,0.8020,-0.2600,0.0099,0.0000,0.0000,0.0000,False,,0.0500,0.0000,False
136,0.0,1.3747,-0.0184,False,False,False,-0.5302,4.6849,-0.2141,-1.3182,-0.2668,1.4856,0.0795,-0.0511,-0.1273,0.0039,-0.0317,-0.0627,0.4346,0.1903,0.3704,1.0673,0.8020,-0.2600,0.0099,0.8020,-0.2600,0.2299,False,0.0418,-0.0266,-0.0670,0.0020,-0.0167,-0.0330,1.2086,grasp,0.8020,-0.2600,0.0099,0.0000,0.0000,0.0000,False,,0.0500,0.0000,False
137,0.0,1.3795,-0.0216,False,False,False,-0.5262,4.6826,-0.2194,-1.3186,-0.2665,1.4835,0.0948,-0.0035,-0.0739,-0.0283,0.0855,-0.0036,0.5066,0.1861,0.3775,1.0669,0.8020,-0.2600,0.0099,0.8020,-0.2600,0.2299,False,0.0513,-0.0056,-0.0412,-0.0148,0.0444,-0.0030,2.9629,grasp,0.8020,-0.2600,0.0099,0.0000,0.0000,0.0000,False,,0.0500,0.0000,True
138,0.0,1.3795,-0.0210,False,False,False,-0.5248,4.6825,-0.2204,-1.3190,-0.2653,1.4835,0.1352,-0.0078,-0.1054,-0.0404,0.1219,-0.0051,0.5262,0.1861,0.3775,1.0669,0.8020,-0.2600,0.0099,0.8020,-0.2600,0.2299,False,0.0614,-0.0521,0.0161,-0.0732,0.0166,-0.0050,-2.8829,grasp,0.8020,-0.2600,0.0099,0.0000,0.0000,0.0000,False,,0.0500,0.0000,False
139,0.0,1.3795,-0.0265,False,False,False,-0.5259,4.6811,-0.2206,-1.3167,-0.2632,1.4823,-0.0702,-0.0931,-0.0093,0.1451,0.1366,-0.0781,0.5507,0.1861,0.3775,1.0669,0.8020,-0.2600,0.0099,0.8020,-0.2600,0.2299,False,-0.0369,-0.0490,-0.0049,0.0764,0.0719,-0.0411,0.5716,grasp,0.8020,-0.2600,0.0099,0.0000,0.0000,0.0000,False,,0.0500,0.0000,False
140,0.0,1.3839,-0.0184,False,False,False,-0.5287,4.6782,-0.2212,-1.3114,-0.2587,1.4802,-0.0597,0.0404,-0.0372,0.0656,0.0137,0.0469,0.4959,0.1809,0.3831,1.0662,0.8020,-0.2600,0.0099,0.8020,-0.2600,0.2299,False,-0.0609,0.0360,-0.0373,0.0682,0.0161,0.0455,-0.9258,grasp,0.8020,-0.2600,0.0099,0.0000,0.0000,0.0000,False,,0.0500,0.0000,False
141,0.0,1.3839,-0.0367,False,False,False,-0.5315,4.6800,-0.2229,-1.3084,-0.2580,1.4824,-0.1617,0.1044,-0.1007,0.1777,0.0370,0.1272,0.4565,0.1809,0.3831,1.0662,0.8020,-0.2600,0.0099,0.8020,-0.2600,0.2299,False,0.0326,0.0384,-0.0726,0.0334,0.0134,0.0498,-1.1801,grasp,0.8020,-0.2600,0.0099,0.0000,0.0000,0.0000,False,,0.0500,0.0000,False
142,0.0,1.3839,-0.0228,False,False,False,-0.5324,4.6795,-0.2220,-1.3064,-0.2561,1.4829,-0.0583,-0.0385,0.0636,0.1313,0.1262,0.0330,0.4965,0.1809,0.3831,1.0662,0.8020,-0.2600,0.0099,0.8020,-0.2600,0.2299,False,-0.0307,-0.0202,0.0335,0.0691,0.0664,0.0174,2.5078,grasp,0.8020,-0.2600,0.0099,0.0000,0.0000,0.0000,False,,0.0500,0.0000,True
143,0.0,1.3822,-0.0260,False,False,False,-0.5325,4.6767,-0.2203,-1.2999,-0.2533,1.4827,0.1169,-0.1055,-0.0256,0.1421,-0.0806,-0.0802,0.5669,0.1815,0.3806,1.0659,0.8020,-0.2600,0.0099,0.8020,-0.2600,0.2299,False,0.0605,-0.0561,-0.0123,0.0772,-0.0401,-0.0416,1.6135,grasp,0.8020,-0.2600,0.0099,0.0000,0.0000,0.0000,False,,0.0500,0.0000,False
144,0.0,1.3821,-0.0393,False,False,False,-0.5308,4.6752,-0.2207,-1.2979,-0.2544,1.4816,0.1667,-0.1506,-0.0365,0.2027,-0.1150,-0.1144,0.5708,0.1832,0.3826,1.0655,0.8020,-0.2600,0.0099,0.8020,-0.2600,0.2299,False,0.0583,-0.0718,-0.0004,-0.0775,-0.0315,0.0160,-2.0775,grasp,0.8020,-0.2600,0.0099,0.0000,0.0000,0.0000,False,,0.0500,0.0000,False
145,0.0,1.3821,-0.0432,False,False,False,-0.5347,4.6708,-0.2226,-1.3004,-0.2508,1.4799,-0.1856,-0.1981,-0.0913,-0.1210,0.1764,-0.0822,0.6236,0.1832,0.3826,1.0655,0.8020,-0.2600,0.0099,0.8020,-0.2600,0.2299,False,-0.0685,-0.0732,-0.0337,-0.0446,0.0651,-0.0303,2.8780,grasp,0.8020,-0.2600,0.0099,0.0000,0.0000,0.0000,False,,0.0500,0.0000,True
146,0.0,1.3840,-0.0236,False,False,False,-0.5358,4.6669,-0.2252,-1.3027,-0.2472,1.4804,0.0794,-0.0234,-0.0950,-0.0472,0.0859,0.0998,0.5915,0.1799,0.3845,1.0650,0.8020,-0.2600,0.0099,0.8020,-0.2600,0.2299,False,0.0395,-0.0197,-0.0511,-0.0264,0.0474,0.0515,0.5245,grasp,0.8020,-0.2600,0.0099,0.0000,0.0000,0.0000,False,,0.0500,0.0000,False
147,0.0,1.3884,-0.0333,False,False,False,-0.5347,4.6666,-0.2265,-1.3034,-0.2460,1.4818,0.1133,-0.0384,-0.1355,-0.0673,0.1224,0.1424,0.5790,0.1751,0.3892,1.0649,0.8020,-0.2600,0.0099,0.8020,-0.2600,0.2299,False,0.0640,0.0358,-0.0528,0.0168,-0.0164,-0.0380,0.9837,grasp,0.8020,-0.2600,0.0099,0.0000,0.0000,0.0000,False,,0.0500,0.0000,False
148,0.0,1.3884,-0.0291,False,False,False,-0.5367,4.6672,-0.2250,-1.3024,-0.2441,1.4837,-0.1325,0.0571,0.0981,0.0600,0.1239,0.1244,0.5136,0.1751,0.3892,1.0649,0.8020,-0.2600,0.0099,0.8020,-0.2600,0.2299,False,-0.0697,0.0297,0.0516,0.0316,0.0652,0.0655,-0.9129,grasp,0.8020,-0.2600,0.0099,0.0000,0.0000,0.0000,False,,0.0500,0.0000,False
149,0.0,1.3914,-0.0157,False,False,False,-0.5406,4.6698,-0.2221,-1.3000,-0.2400,1.4869,0.0421,0.0172,-0.0304,0.0503,0.0092,-0.0757,0.4336,0.1705,0.3913,1.0648,0.8020,-0.2600,0.0099,0.8020,-0.2600,0.2299,False,0.0397,0.0239,-0.0286,0.0514,0.0115,-0.0734,-2.3561,grasp,0.8020,-0.2600,0.0099,0.0000,0.0000,0.0000,False,,0.0500,0.0000,False
150,0.0,1.3879,-0.0274,False,False,False,-0.5386,4.6707,-0.2235,-1.2977,-0.2396,1.4835,0.1142,0.0574,-0.0823,0.1363,0.0250,-0.2050,0.3936,0.1746,0.3877,1.0649,0.8020,-0.2600,0.0099,0.8020,-0.2600,0.2299,False,-0.0154,0.0117,-0.0263,0.0506,-0.0469,0.0360,-1.7511,grasp,0.8020,-0.2600,0.0099,0.0000,0.0000,0.0000,False,,0.0500,0.0000,False
151,0.0,1.3879,-0.0106,False,False,False,-0.5381,4.6712,-0.2236,-1.2973,-0.2399,1.4830,0.0540,0.0435,-0.0078,0.0409,-0.0356,-0.0424,0.3336,0.1746,0.3877,1.0649,0.8020,-0.2600,0.0099,0.8020,-0.2600,0.2299,False,0.0540,0.0435,-0.0078,0.0409,-0.0356,-0.0424,-2.5719,grasp,0.8020,-0.2600,0.0099,0.0000,0.0000,0.0000,False,,0.0500,0.0000,False
152,0.0,1.3878,-0.0020,False,False,False,-0.5356,4.6733,-0.2240,-1.2954,-0.2416,1.4811,-0.0000,-0.0000,-0.0000,0.0000,-0.0000,0.0000,0.2736,0.1725,0.3858,1.0648,0.8020,-0.2600,0.0099,0.8020,-0.2600,0.2299,False,0.0784,-0.0419,0.0067,-0.0075,-0.0446,-0.0464,-3.0105,grasp,0.8020,-0.2600,0.0099,0.0000,0.0000,0.0000,False,,0.0500,0.0000,False
153,0.0,1.3867,-0.0156,False,False,False,-0.5340,4.6712,-0.2231,-1.2949,-0.2432,1.4799,-0.0640,-0.0719,0.0711,0.0726,-0.0405,0.0088,0.2736,0.1712,0.3821,1.0647,0.8020,-0.2600,0.0099,0.8020,-0.2600,0.2299,False,-0.0625,-0.0738,0.0713,0.0725,-0.0413,0.0080,0.5304,grasp,0.8020,-0.2600,0.0099,0.0000,0.0000,0.0000,False,,0.0500,0.0000,True
154,0.0,1.3867,-0.0326,False,False,False,-0.5352,4.6698,-0.2217,-1.2935,-0.2440,1.4800,-0.1216,-0.1377,0.1352,0.1380,-0.0769,0.0168,0.2936,0.1712,0.3821,1.0647,0.8020,-0.2600,0.0099,0.8020,-0.2600,0.2299,False,0.0197,0.0715,-0.0231,0.0051,-0.0695,-0.0134,0.2506,grasp,0.8020,-0.2600,0.0099,0.0000,0.0000,0.0000,False,,0.0500,0.0000,True
155,0.0,1.3460,0.0246,False,False,False,-0.5146,4.7434,-0.2466,-1.2905,-0.3134,1.4672,-0.0316,0.0736,-0.0441,-0.0666,-0.0651,0.0661,0.3955,0.2273,0.3487,1.0640,0.8020,-0.2600,0.0099,0.8020,-0.2600,0.2299,False,-0.0316,0.0736,-0.0441,-0.0666,-0.0651,0.0661,-1.2543,grasp,0.8020,-0.2600,0.0099,0.0000,0.0000,0.0000,False,,0.0500,0.0000,False
156,0.0,1.3460,-0.0159,False,False,False,-0.5148,4.7451,-0.2481,-1.2910,-0.3153,1.4690,0.0404,0.0122,-0.0626,0.0681,-0.0624,0.0629,0.3603,0.2273,0.3487,1.0640,0.8020,-0.2600,0.0099,0.8020,-0.2600,0.2299,False,0.0398,0.0149,-0.0634,0.0668,-0.0637,0.0642,-0.9707,grasp,0.8020,-0.2600,0.0099,0.0000,0.0000,0.0000,False,,0.0500,0.0000,False
157,0.0,1.3449,-0.0135,False,False,False,-0.5141,4.7457,-0.2497,-1.2892,-0.3157,1.4696,-0.0052,0.0391,-0.0353,0.0567,0.0780,-0.0629,0.3119,0.2274,0.3460,1.0640,0.8020,-0.2600,0.0099,0.8020,-0.2600,0.2299,False,-0.0044,0.0394,-0.0365,0.0580,0.0768,-0.0617,-2.7028,grasp,0.8020,-0.2600,0.0099,0.0000,0.0000,0.0000,False,,0.0500,0.0000,False
158,0.0,1.3449,-0.0260,False,False,False,-0.5142,4.7464,-0.2503,-1.2881,-0.3142,1.4684,-0.0099,0.0743,-0.0671,0.1077,0.1481,-0.1194,0.2919,0.2274,0.3460,1.0640,0.8020,-0.2600,0.0099,0.8020,-0.2600,0.2299,False,-0.0226,-0.0547,-0.0630,0.0500,0.0053,0.0310,0.2481,grasp,0.8020,-0.2600,0.0099,0.0000,0.0000,0.0000,False,,0.0500,0.0000,True
159,0.0,1.3448,-0.0639,False,False,False,-0.5086,4.7416,-0.2433,-1.2840,-0.3190,1.4616,0.2145,-0.1843,0.2662,0.1563,-0.1813,-0.2600,0.3361,0.2259,0.3448,1.0638,0.8020,-0.2600,0.0099,0.8020,-0.2600,0.2299,False,0.0624,-0.0536,0.0774,0.0455,-0.0527,-0.0756,-0.1591,grasp,0.8020,-0.2600,0.0099,0.0000,0.0000,0.0000,False,,0.0500,0.0000,False
160,0.0,1.3453,-0.0176,False,False,False,-0.5067,4.7399,-0.2407,-1.2818,-0.3219,1.4579,-0.0686,0.0719,-0.0566,0.0343,-0.0751,-0.0573,0.3805,0.2252,0.3461,1.0633,0.8020,-0.2600,0.0099,0.8020,-0.2600,0.2299,False,-0.0660,0.0682,-0.0534,0.0361,-0.0772,-0.0604,2.2552,grasp,0.8020,-0.2600,0.0099,0.0000,0.0000,0.0000,False,,0.0500,0.0000,True
161,0.0,1.3453,-0.0373,False,False,False,-0.5080,4.7413,-0.2418,-1.2811,-0.3233,1.4568,-0.1303,0.1354,-0.1075,0.0651,-0.1426,-0.1089,0.4005,0.2252,0.3461,1.0633,0.8020,-0.2600,0.0099,0.8020,-0.2600,0.2299,False,-0.0682,0.0287,0.0010,0.0492,0.0155,-0.0509,2.1531,grasp,0.8020,-0.2600,0.0099,0.0000,0.0000,0.0000,False,,0.0500,0.0000,True
162,0.0,0.0546,-0.0079,False,False,False,-3.2898,3.7384,-0.7481,4.8105,1.6075,1.4359,-0.0312,-0.0112,-0.0057,0.0675,0.0199,-0.0003,0.0001,0.7965,-0.2425,0.0613,0.8020,-0.2600,0.0099,0.8020,-0.2600,0.2299,True,-0.0347,-0.0203,0.0451,-0.0473,0.0051,-0.0232,0.6999,grasp,0.8020,-0.2600,0.0099,0.0000,0.0000,0.0000,False,,0.0500,0.0000,True
163,0.0,0.0539,-0.0159,False,False,False,-3.2906,3.7368,-0.7461,4.8099,1.6055,1.4379,-0.0318,-0.0947,0.1360,-0.0825,-0.1404,0.1342,0.0255,0.7970,-0.2437,0.0610,0.8020,-0.2600,0.0099,0.8020,-0.2600,0.2299,True,-0.0170,-0.0500,0.0715,-0.0428,-0.0737,0.0706,-2.4025,grasp,0.8020,-0.2600,0.0099,0.0000,0.0000,0.0000,False,,0.0500,0.0000,False
164,0.0,0.0539,-0.0465,False,False,False,-3.2911,3.7355,-0.7441,4.8087,1.6035,1.4398,-0.0454,-0.1351,0.1940,-0.1176,-0.2003,0.1914,0.0324,0.7970,-0.2437,0.0610,0.8020,-0.2600,0.0099,0.8020,-0.2600,0.2299,True,0.0743,-0.0352,-0.0386,-0.0500,0.0458,-0.0750,-2.8019,grasp,0.8020,-0.2600,0.0099,0.0000,0.0000,0.0000,False,,0.0500,0.0000,False
165,0.0,0.0497,14.9916,True,False,False,-3.2913,3.7343,-0.7420,4.8064,1.6006,1.4422,0.0367,0.0629,-0.0278,-0.0780,-0.0335,-0.0077,0.0786,0.7968,-0.2468,0.0575,0.8020,-0.2600,0.0099,0.8020,-0.2600,0.2299,True,0.0360,0.0604,-0.0253,-0.0795,-0.0360,-0.0052,2.4832,grasp,0.8020,-0.2600,0.0099,0.0000,0.0000,0.0000,False,,0.0500,0.0000,True
166,0.0,1.3884,-0.0271,False,False,False,-0.4498,4.7578,-0.2268,-1.2837,-0.1025,1.4764,0.1011,0.1425,-0.0758,0.0471,0.1064,0.0748,0.0401,0.1657,0.3734,1.0690,0.8020,-0.2600,0.0100,0.8020,-0.2600,0.2300,False,0.0532,0.0749,-0.0399,0.0248,0.0560,0.0394,-1.9783,grasp,0.8020,-0.2600,0.0100,0.0000,0.0000,0.0000,False,,0.0500,0.0000,False
167,0.0,1.3884,-0.0255,False,False,False,-0.4473,4.7604,-0.2273,-1.2848,-0.1025,1.4757,0.0633,0.0210,0.0361,-0.1200,-0.1031,-0.1164,0.1105,0.1688,0.3767,1.0690,0.8020,-0.2600,0.0100,0.8020,-0.2600,0.2300,False,0.0348,0.0140,0.0179,-0.0625,-0.0528,-0.0602,-1.0412,grasp,0.8020,-0.2600,0.0100,0.0000,0.0000,0.0000,False,,0.0500,0.0000,False
168,0.0,1.3884,-0.0012,False,False,False,-0.4464,4.7607,-0.2268,-1.2866,-0.1040,1.4741,-0.0000,-0.0000,-0.0000,0.0000,-0.0000,0.0000,0.1435,0.1688,0.3767,1.0690,0.8020,-0.2600,0.0100,0.8020,-0.2600,0.2300,False,0.0735,-0.0272,0.0360,0.0465,-0.0509,0.0023,-1.1277,grasp,0.8020,-0.2600,0.0100,0.0000,0.0000,0.0000,False,,0.0500,0.0000,False
169,0.0,1.3888,-0.0206,False,False,False,-0.4466,4.7617,-0.2257,-1.2872,-0.1046,1.4760,-0.0545,0.0878,0.0499,-0.0748,-0.0035,0.1240,0.2148,0.1717,0.3803,1.0690,0.8020,-0.2600,0.0100,0.8020,-0.2600,0.2300,False,-0.0280,0.0458,0.0266,-0.0389,-0.0023,0.0653,0.6113,grasp,0.8020,-0.2600,0.0100,0.0000,0.0000,0.0000,False,,0.0500,0.0000,True
170,0.0,1.3873,-0.0208,False,False,False,-0.4462,4.7619,-0.2240,-1.2876,-0.1068,1.4786,0.0744,-0.0909,0.0628,0.0443,-0.1444,0.0550,0.2935,0.1776,0.3828,1.0691,0.8020,-0.2600,0.0100,0.8020,-0.2600,0.2300,False,0.0384,-0.0451,0.0337,0.0222,-0.0760,0.0307,2.2876,grasp,0.8020,-0.2600,0.0100,0.0000,0.0000,0.0000,False,,0.0500,0.0000,True
171,0.0,1.3873,-0.0015,False,False,False,-0.4451,4.7605,-0.2231,-1.2870,-0.1089,1.4794,-0.0000,-0.0000,-0.0000,0.0000,-0.0000,0.0000,0.3155,0.1776,0.3828,1.0691,0.8020,-0.2600,0.0100,0.8020,-0.2600,0.2300,False,-0.0227,0.0108,0.0023,-0.0565,-0.0206,-0.0302,-0.6603,grasp,0.8020,-0.2600,0.0100,0.0000,0.0000,0.0000,False,,0.0500,0.0000,False
172,0.0,1.3873,-0.0027,False,False,False,-0.4454,4.7606,-0.2231,-1.2875,-0.1091,1.4791,-0.0000,-0.0000,-0.0000,0.0000,-0.0000,0.0000,0.3005,0.1776,0.3828,1.0691,0.8020,-0.2600,0.0100,0.8020,-0.2600,0.2300,False,0.0318,0.0245,-0.0040,-0.0695,0.0770,0.0157,-1.8418,grasp,0.8020,-0.2600,0.0100,0.0000,0.0000,0.0000,False,,0.0500,0.0000,False
173,0.0,1.3881,-0.0195,False,False,False,-0.4458,4.7628,-0.2229,-1.2872,-0.1065,1.4791,-0.0880,0.1020,0.0184,0.1529,0.0204,-0.0279,0.2391,0.1780,0.3852,1.0689,0.8020,-0.2600,0.0100,0.8020,-0.2600,0.2300,False,-0.0457,0.0540,0.0096,0.0792,0.0122,-0.0144,-2.0187,grasp,0.8020,-0.2600,0.0100,0.0000,0.0000,0.0000,False,,0.0500,0.0000,False
174,0.0,1.3878,-0.0370,False,False,False,-0.4486,4.7661,-0.2223,-1.2823,-0.1058,1.4782,-0.1592,0.1847,0.0332,0.2767,0.0369,-0.0504,0.2208,0.1767,0.3829,1.0691,0.8020,-0.2600,0.0100,0.8020,-0.2600,0.2300,False,0.0266,0.0264,0.0691,0.0664,0.0535,-0.0112,0.5178,grasp,0.8020,-0.2600,0.0100,0.0000,0.0000,0.0000,False,,0.0500,0.0000,True
175,0.0,1.3878,-0.0125,False,False,False,-0.4483,4.7670,-0.2216,-1.2816,-0.1053,1.4781,0.0282,0.0173,0.0688,0.0636,0.0531,-0.0107,0.2602,0.1767,0.3829,1.0691,0.8020,-0.2600,0.0100,0.8020,-0.2600,0.2300,False,-0.0710,-0.0181,0.0407,-0.0681,-0.0228,0.0671,-0.7732,grasp,0.8020,-0.2600,0.0100,0.0000,0.0000,0.0000,False,,0.0500,0.0000,False
176,0.0,1.3834,-0.0192,False,False,False,-0.4468,4.7673,-0.2236,-1.2795,-0.1056,1.4797,0.0988,0.0224,-0.1261,0.1370,-0.0185,0.1022,0.2102,0.1834,0.3803,1.0688,0.8020,-0.2600,0.0100,0.8020,-0.2600,0.2300,False,0.0520,0.0118,-0.0664,0.0721,-0.0098,0.0538,-2.6809,grasp,0.8020,-0.2600,0.0100,0.0000,0.0000,0.0000,False,,0.0500,0.0000,False
177,0.0,1.3839,-0.0174,False,False,False,-0.4441,4.7684,-0.2273,-1.2744,-0.1055,1.4826,-0.0444,0.0394,0.0314,0.0705,0.0678,-0.0410,0.2140,0.1801,0.3785,1.0686,0.8020,-0.2600,0.0100,0.8020,-0.2600,0.2300,False,-0.0426,0.0393,0.0291,0.0730,0.0674,-0.0391,-0.3719,grasp,0.8020,-0.2600,0.0100,0.0000,0.0000,0.0000,False,,0.0500,0.0000,False
178,0.0,1.3839,-0.0022,False,False,False,-0.4461,4.7705,-0.2259,-1.2711,-0.1024,1.4807,0.0000,-0.0000,-0.0000,0.0000,-0.0000,0.0000,0.2598,0.1801,0.3785,1.0686,0.8020,-0.2600,0.0100,0.8020,-0.2600,0.2300,False,0.0014,-0.0158,0.0598,0.0567,-0.0548,-0.0072,0.3872,grasp,0.8020,-0.2600,0.0100,0.0000,0.0000,0.0000,False,,0.0500,0.0000,True
179,0.0,1.3829,-0.0016,False,False,False,-0.4460,4.7694,-0.2226,-1.2681,-0.1056,1.4803,-0.0000,0.0000,-0.0000,0.0000,-0.0000,0.0000,0.2942,0.1830,0.3796,1.0684,0.8020,-0.2600,0.0100,0.8020,-0.2600,0.2300,False,0.0165,-0.0790,0.0673,0.0132,-0.0314,-0.0622,-2.3650,grasp,0.8020,-0.2600,0.0100,0.0000,0.0000,0.0000,False,,0.0500,0.0000,False
180,0.0,1.3818,-0.0136,False,False,False,-0.4455,4.7667,-0.2212,-1.2674,-0.1057,1.4780,0.0006,-0.0401,-0.0529,0.0321,0.0714,-0.0556,0.2966,0.1860,0.3805,1.0682,0.8020,-0.2600,0.0100,0.8020,-0.2600,0.2300,False,0.0009,-0.0425,-0.0517,0.0324,0.0708,-0.0568,2.8654,grasp,0.8020,-0.2600,0.0100,0.0000,0.0000,0.0000,False,,0.0500,0.0000,True
181,0.0,1.3818,-0.0023,False,False,False,-0.4455,4.7658,-0.2222,-1.2668,-0.1044,1.4769,0.0000,-0.0000,-0.0000,0.0000,-0.0000,0.0000,0.3362,0.1860,0.3805,1.0682,0.8020,-0.2600,0.0100,0.8020,-0.2600,0.2300,False,0.0229,0.0516,-0.0410,-0.0747,-0.0108,0.0622,1.3471,grasp,0.8020,-0.2600,0.0100,0.0000,0.0000,0.0000,False,,0.0500,0.0000,True
182,0.0,1.3840,-0.0031,False,False,False,-0.4442,4.7688,-0.2244,-1.2710,-0.1051,1.4805,-0.0000,-0.0000,-0.0000,0.0000,-0.0000,0.0000,0.3828,0.1834,0.3828,1.0682,0.8020,-0.2600,0.0100,0.8020,-0.2600,0.2300,False,0.0580,-0.0092,-0.0187,0.0347,0.0058,0.0104,-1.0634,grasp,0.8020,-0.2600,0.0100,0.0000,0.0000,0.0000,False,,0.0500,0.0000,False
183,0.0,1.3840,-0.0207,False,False,False,-0.4418,4.7692,-0.2257,-1.2692,-0.1053,1.4810,0.0765,0.0716,-0.0715,0.0752,-0.0453,0.0228,0.3325,0.1853,0.3844,1.0683,0.8020,-0.2600,0.0100,0.8020,-0.2600,0.2300,False,0.0776,0.0712,-0.0718,0.0759,-0.0451,0.0230,-1.4625,grasp,0.8020,-0.2600,0.0100,0.0000,0.0000,0.0000,False,,0.0500,0.0000,False
184,0.0,1.3840,-0.0189,False,False,False,-0.4418,4.7692,-0.2257,-1.2692,-0.1053,1.4810,0.0765,0.0716,-0.0715,0.0752,-0.0453,0.0228,0.3325,0.1853,0.3844,1.0683,0.8020,-0.2600,0.0100,0.8020,-0.2600,0.2300,False,-0.0427,0.0614,-0.0293,-0.0668,0.0252,0.0557,2.5029,grasp,0.8020,-0.2600,0.0100,0.0000,0.0000,0.0000,False,,0.0500,0.0000,True
185,0.0,1.3839,-0.0180,False,False,False,-0.4397,4.7700,-0.2275,-1.2672,-0.1065,1.4821,0.0638,-0.0643,-0.0497,0.0605,-0.0291,0.0735,0.3440,0.1836,0.3828,1.0681,0.8020,-0.2600,0.0100,0.8020,-0.2600,0.2300,False,0.0638,-0.0642,-0.0497,0.0605,-0.0291,0.0735,-2.2028,grasp,0.8020,-0.2600,0.0100,0.0000,0.0000,0.0000,False,,0.0500,0.0000,False
186,0.0,1.3867,-0.0047,False,False,False,-0.4345,4.7636,-0.2315,-1.2623,-0.1088,1.4880,0.0000,-0.0000,-0.0000,-0.0000,0.0000,-0.0000,0.3056,0.1786,0.3844,1.0678,0.8020,-0.2600,0.0100,0.8020,-0.2600,0.2300,False,-0.0553,0.0252,-0.0420,0.0645,0.0271,0.0683,1.7290,grasp,0.8020,-0.2600,0.0100,0.0000,0.0000,0.0000,False,,0.0500,0.0000,True
187,0.0,1.3867,-0.0019,False,False,False,-0.4362,4.7647,-0.2327,-1.2605,-0.1080,1.4900,-0.0000,-0.0000,-0.0000,0.0000,-0.0000,0.0000,0.3292,0.1786,0.3844,1.0678,0.8020,-0.2600,0.0100,0.8020,-0.2600,0.2300,False,0.0054,0.0631,0.0231,0.0020,0.0689,-0.0279,-2.3903,grasp,0.8020,-0.2600,0.0100,0.0000,0.0000,0.0000,False,,0.0500,0.0000,False
188,0.0,1.3887,-0.0055,False,False,False,-0.4360,4.7666,-0.2320,-1.2605,-0.1060,1.4891,0.0000,-0.0000,-0.0000,0.0000,-0.0000,0.0000,0.2749,0.1760,0.3867,1.0675,0.8020,-0.2600,0.0100,0.8020,-0.2600,0.2300,False,-0.0409,-0.0698,-0.0131,-0.0684,0.0709,0.0057,-1.9901,grasp,0.8020,-0.2600,0.0100,0.0000,0.0000,0.0000,False,,0.0500,0.0000,False
189,0.0,1.3889,-0.0021,False,False,False,-0.4383,4.7622,-0.2328,-1.2643,-0.1021,1.4895,0.0000,-0.0000,-0.0000,0.0000,-0.0000,0.0000,0.2564,0.1736,0.3844,1.0678,0.8020,-0.2600,0.0100,0.8020,-0.2600,0.2300,False,0.0230,-0.0781,-0.0101,0.0032,0.0027,-0.0441,0.0163,grasp,0.8020,-0.2600,0.0100,0.0000,0.0000,0.0000,False,,0.0500,0.0000,True
190,0.0,1.3889,-0.0232,False,False,False,-0.4370,4.7582,-0.2333,-1.2640,-0.1021,1.4870,0.0655,-0.2032,-0.0265,0.0138,0.0022,-0.1200,0.2958,0.1736,0.3844,1.0678,0.8020,-0.2600,0.0100,0.8020,-0.2600,0.2300,False,-0.0454,-0.0733,-0.0458,0.0646,-0.0489,-0.0282,-0.7621,grasp,0.8020,-0.2600,0.0100,0.0000,0.0000,0.0000,False,,0.0500,0.0000,False
191,0.0,1.3936,-0.0155,False,False,False,-0.4379,4.7549,-0.2341,-1.2618,-0.1035,1.4861,0.0384,-0.0506,0.0573,0.0315,0.0009,-0.0089,0.2990,0.1682,0.3891,1.0678,0.8020,-0.2600,0.0100,0.8020,-0.2600,0.2300,False,0.0376,-0.0543,0.0564,0.0327,0.0000,-0.0094,-0.7518,grasp,0.8020,-0.2600,0.0100,0.0000,0.0000,0.0000,False,,0.0500,0.0000,False
192,0.0,1.3948,-0.0186,False,False,False,-0.4366,4.7519,-0.2308,-1.2611,-0.1041,1.4850,-0.0442,-0.0482,0.0646,-0.0666,-0.0615,-0.0731,0.3400,0.1662,0.3902,1.0676,0.8020,-0.2600,0.0100,0.8020,-0.2600,0.2300,False,-0.0431,-0.0504,0.0661,-0.0658,-0.0615,-0.0733,1.7844,grasp,0.8020,-0.2600,0.0100,0.0000,0.0000,0.0000,False,,0.0500,0.0000,True
193,0.0,1.3959,-0.0198,False,False,False,-0.4367,4.7497,-0.2283,-1.2621,-0.1056,1.4819,0.0466,-0.0893,0.0849,0.0133,-0.0262,-0.1101,0.3954,0.1663,0.3925,1.0676,0.8020,-0.2600,0.0100,0.8020,-0.2600,0.2300,False,0.0237,-0.0479,0.0459,0.0057,-0.0150,-0.0593,0.7026,grasp,0.8020,-0.2600,0.0100,0.0000,0.0000,0.0000,False,,0.0500,0.0000,False
194,0.0,1.3971,-0.0152,False,False,False,-0.4359,4.7487,-0.2264,-1.2617,-0.1054,1.4797,0.0136,0.0425,0.0621,0.0197,0.0592,-0.0630,0.4448,0.1659,0.3948,1.0676,0.8020,-0.2600,0.0100,0.8020,-0.2600,0.2300,False,0.0143,0.0405,0.0633,0.0199,0.0588,-0.0645,2.2813,grasp,0.8020,-0.2600,0.0100,0.0000,0.0000,0.0000,False,,0.0500,0.0000,True
195,0.0,1.3971,-0.0123,False,False,False,-0.4356,4.7499,-0.2258,-1.2611,-0.1037,1.4788,0.0041,0.0261,-0.0541,0.0304,0.0577,0.0325,0.4287,0.1659,0.3948,1.0676,0.8020,-0.2600,0.0100,0.8020,-0.2600,0.2300,False,0.0044,0.0286,-0.0529,0.0308,0.0589,0.0313,-2.5139,grasp,0.8020,-0.2600,0.0100,0.0000,0.0000,0.0000,False,,0.0500,0.0000,False
196,0.0,1.3966,-0.0085,False,False,False,-0.4351,4.7505,-0.2269,-1.2609,-0.1022,1.4790,0.0489,0.0122,-0.0106,-0.0419,0.0372,-0.0446,0.3953,0.1665,0.3941,1.0677,0.8020,-0.2600,0.0100,0.8020,-0.2600,0.2300,False,0.0490,0.0127,-0.0116,-0.0413,0.0383,-0.0440,-0.4846,grasp,0.8020,-0.2600,0.0100,0.0000,0.0000,0.0000,False,,0.0500,0.0000,False
197,0.0,1.3966,-0.0318,False,False,False,-0.4321,4.7528,-0.2276,-1.2595,-0.1033,1.4793,0.1295,0.1340,-0.0317,0.1403,-0.1151,0.0735,0.3296,0.1665,0.3941,1.0677,0.8020,-0.2600,0.0100,0.8020,-0.2600,0.2300,False,0.0691,0.0707,-0.0169,0.0731,-0.0599,0.0378,-3.0221,grasp,0.8020,-0.2600,0.0100,0.0000,0.0000,0.0000,False,,0.0500,0.0000,False
198,0.0,1.3965,-0.0146,False,False,False,-0.4300,4.7542,-0.2273,-1.2572,-0.1055,1.4805,0.0255,-0.0732,0.0749,0.0332,-0.0552,0.0141,0.2848,0.1652,0.3926,1.0678,0.8020,-0.2600,0.0100,0.8020,-0.2600,0.2300,False,0.0273,-0.0685,0.0745,0.0352,-0.0568,0.0152,-1.7382,grasp,0.8020,-0.2600,0.0100,0.0000,0.0000,0.0000,False,,0.0500,0.0000,False
199,0.0,1.3965,-0.0143,False,False,False,-0.4303,4.7534,-0.2256,-1.2563,-0.1064,1.4800,-0.0738,0.0713,0.0265,0.0330,0.0175,-0.0711,0.2718,0.1652,0.3926,1.0678,0.8020,-0.2600,0.0100,0.8020,-0.2600,0.2300,False,-0.0734,0.0693,0.0280,0.0337,0.0164,-0.0708,-1.0835,grasp,0.8020,-0.2600,0.0100,0.0000,0.0000,0.0000,False,,0.0500,0.0000,False
200,0.0,1.3946,-0.0183,False,False,False,-0.4319,4.7529,-0.2237,-1.2576,-0.1059,1.4783,-0.0158,-0.1491,0.0931,-0.1321,0.0065,-0.0238,0.2319,0.1655,0.3892,1.0675,0.8020,-0.2600,0.0100,0.8020,-0.2600,0.2300,False,-0.0097,-0.0751,0.0495,-0.0689,0.0038,-0.0139,-2.1438,grasp,0.8020,-0.2600,0.0100,0.0000,0.0000,0.0000,False,,0.0500,0.0000,False
201,0.0,1.3928,-0.0072,False,False,False,-0.4320,4.7503,-0.2226,-1.2599,-0.1060,1.4784,0.0159,-0.0207,-0.0228,-0.0391,-0.0181,0.0418,0.2611,0.1674,0.3869,1.0676,0.8020,-0.2600,0.0100,0.8020,-0.2600,0.2300,False,0.0157,-0.0258,-0.0215,-0.0409,-0.0180,0.0414,2.3875,grasp,0.8020,-0.2600,0.0100,0.0000,0.0000,0.0000,False,,0.0500,0.0000,True
202,0.0,1.3928,-0.0132,False,False,False,-0.4314,4.7502,-0.2236,-1.2601,-0.1067,1.4797,0.0267,0.0384,-0.0556,0.0540,-0.0352,0.0562,0.3192,0.1674,0.3869,1.0676,0.8020,-0.2600,0.0100,0.8020,-0.2600,0.2300,False,0.0270,0.0376,-0.0560,0.0532,-0.0356,0.0570,-0.4695,grasp,0.8020,-0.2600,0.0100,0.0000,0.0000,0.0000,False,,0.0500,0.0000,False
203,0.0,1.3954,-0.0243,False,False,False,-0.4311,4.7517,-0.2256,-1.2570,-0.1067,1.4793,-0.0112,0.0517,-0.0622,0.1366,0.0469,-0.0988,0.3553,0.1649,0.3898,1.0678,0.8020,-0.2600,0.0100,0.8020,-0.2600,0.2300,False,-0.0054,0.0279,-0.0338,0.0729,0.0240,-0.0509,0.3681,grasp,0.8020,-0.2600,0.0100,0.0000,0.0000,0.0000,False,,0.0500,0.0000,False
204,0.0,1.3954,-0.0130,False,False,False,-0.4317,4.7528,-0.2257,-1.2545,-0.1061,1.4780,-0.0463,0.0440,0.0771,0.0583,-0.0060,0.0109,0.3567,0.1665,0.3917,1.0676,0.8020,-0.2600,0.0100,0.8020,-0.2600,0.2300,False,-0.0464,0.0449,0.0762,0.0603,-0.0053,0.0095,-0.6010,grasp,0.8020,-0.2600,0.0100,0.0000,0.0000,0.0000,False,,0.0500,0.0000,False
205,0.0,1.3954,-0.0235,False,False,False,-0.4326,4.7536,-0.2242,-1.2534,-0.1062,1.4782,-0.0879,0.0845,0.1465,0.1109,-0.0114,0.0207,0.3534,0.1665,0.3917,1.0676,0.8020,-0.2600,0.0100,0.8020,-0.2600,0.2300,False,-0.0346,0.0569,0.0003,-0.0673,-0.0543,-0.0514,-0.2223,grasp,0.8020,-0.2600,0.0100,0.0000,0.0000,0.0000,False,,0.0500,0.0000,False
206,0.0,1.3932,-0.0070,False,False,False,-0.4335,4.7523,-0.2248,-1.2542,-0.1077,1.4796,-0.0336,-0.1458,-0.0342,-0.0070,-0.0658,0.1253,0.4113,0.1697,0.3905,1.0674,0.8020,-0.2600,0.0100,0.8020,-0.2600,0.2300,False,-0.0180,-0.0758,-0.0180,-0.0043,-0.0352,0.0654,1.2455,grasp,0.8020,-0.2600,0.0100,0.0000,0.0000,0.0000,False,,0.0500,0.0000,True
207,0.0,1.3939,-0.0191,False,False,False,-0.4333,4.7497,-0.2233,-1.2557,-0.1088,1.4800,0.0433,-0.0020,0.1259,-0.0942,-0.0081,-0.0903,0.4105,0.1701,0.3923,1.0673,0.8020,-0.2600,0.0100,0.8020,-0.2600,0.2300,False,0.0223,-0.0060,0.0658,-0.0497,-0.0052,-0.0457,-0.2458,grasp,0.8020,-0.2600,0.0100,0.0000,0.0000,0.0000,False,,0.0500,0.0000,False
208,0.0,1.3939,-0.0019,False,False,False,-0.4327,4.7496,-0.2215,-1.2570,-0.1089,1.4787,0.0000,-0.0000,-0.0000,0.0000,-0.0000,0.0000,0.4262,0.1701,0.3923,1.0673,0.8020,-0.2600,0.0100,0.8020,-0.2600,0.2300,False,-0.0424,-0.0727,-0.0330,0.0563,-0.0366,0.0155,2.1769,grasp,0.8020,-0.2600,0.0100,0.0000,0.0000,0.0000,False,,0.0500,0.0000,True
209,0.0,1.3947,-0.0111,False,False,False,-0.4331,4.7479,-0.2224,-1.2552,-0.1099,1.4785,0.0764,0.0579,0.0137,0.0205,0.0093,-0.0662,0.4298,0.1689,0.3927,1.0675,0.8020,-0.2600,0.0100,0.8020,-0.2600,0.2300,False,0.0756,0.0540,0.0130,0.0216,0.0086,-0.0659,-2.8453,grasp,0.8020,-0.2600,0.0100,0.0000,0.0000,0.0000,False,,0.0500,0.0000,False
210,0.0,1.3954,-0.0038,False,False,False,-0.4320,4.7492,-0.2217,-1.2545,-0.1093,1.4780,-0.0312,0.0180,0.0422,0.0308,0.0354,0.0692,0.4329,0.1680,0.3938,1.0673,0.8020,-0.2600,0.0100,0.8020,-0.2600,0.2300,False,-0.0298,0.0200,0.0424,0.0312,0.0356,0.0680,1.0332,grasp,0.8020,-0.2600,0.0100,0.0000,0.0000,0.0000,False,,0.0500,0.0000,False
211,0.0,1.3954,-0.0091,False,False,False,-0.4335,4.7505,-0.2200,-1.2537,-0.1071,1.4811,-0.0038,0.0234,-0.0216,-0.0621,0.0629,-0.0112,0.4912,0.1680,0.3938,1.0673,0.8020,-0.2600,0.0100,0.8020,-0.2600,0.2300,False,-0.0046,0.0253,-0.0204,-0.0612,0.0639,-0.0094,2.7435,grasp,0.8020,-0.2600,0.0100,0.0000,0.0000,0.0000,False,,0.0500,0.0000,True
212,0.0,1.3938,-0.0178,False,False,False,-0.4336,4.7509,-0.2204,-1.2548,-0.1059,1.4808,-0.0072,0.0459,-0.0410,-0.1179,0.1195,-0.0214,0.5111,0.1710,0.3931,1.0674,0.8020,-0.2600,0.0100,0.8020,-0.2600,0.2300,False,-0.0638,0.0362,0.0597,0.0432,0.0279,0.0371,-2.4039,grasp,0.8020,-0.2600,0.0100,0.0000,0.0000,0.0000,False,,0.0500,0.0000,False
213,0.0,1.3936,-0.0138,False,False,False,-0.4356,4.7523,-0.2184,-1.2528,-0.1057,1.4813,-0.0164,0.0176,0.0284,0.0740,-0.0652,-0.0671,0.4111,0.1718,0.3933,1.0675,0.8020,-0.2600,0.0100,0.8020,-0.2600,0.2300,False,-0.0176,0.0204,0.0296,0.0749,-0.0647,-0.0664,-2.4337,grasp,0.8020,-0.2600,0.0100,0.0000,0.0000,0.0000,False,,0.0500,0.0000,False
214,0.0,1.3936,-0.0019,False,False,False,-0.4363,4.7533,-0.2171,-1.2494,-0.1087,1.4782,-0.0000,-0.0000,-0.0000,0.0000,-0.0000,0.0000,0.3511,0.1718,0.3933,1.0675,0.8020,-0.2600,0.0100,0.8020,-0.2600,0.2300,False,-0.0785,-0.0582,0.0619,0.0679,0.0774,-0.0586,-2.9766,grasp,0.8020,-0.2600,0.0100,0.0000,0.0000,0.0000,False,,0.0500,0.0000,False
215,0.0,1.3897,0.0012,False,False,False,-0.4386,4.7515,-0.2153,-1.2475,-0.1065,1.4765,0.0000,-0.0000,-0.0000,0.0000,-0.0000,0.0000,0.2911,0.1752,0.3886,1.0673,0.8020,-0.2600,0.0100,0.8020,-0.2600,0.2300,False,0.0340,0.0109,0.0665,0.0702,0.0590,0.0519,-2.5168,grasp,0.8020,-0.2600,0.0100,0.0000,0.0000,0.0000,False,,0.0500,0.0000,False
216,0.0,0.0510,-0.0098,False,False,False,2.9790,2.9912,0.7648,4.0778,-4.7410,-4.8649,-0.0355,0.0218,0.0612,0.0030,0.0340,-0.0267,0.0400,0.7937,-0.2760,0.0577,0.8020,-0.2600,0.0100,0.8020,-0.2600,0.2300,True,-0.0354,0.0218,0.0610,0.0039,0.0341,-0.0268,2.2199,grasp,0.8020,-0.2600,0.0100,0.0000,0.0000,0.0000,False,,0.0500,0.0000,True
217,0.0,0.0469,-0.0056,False,False,False,2.9790,2.9912,0.7648,4.0778,-4.7410,-4.8649,-0.0355,0.0218,0.0612,0.0030,0.0340,-0.0267,0.0400,0.7925,-0.2768,0.0527,0.8020,-0.2600,0.0100,0.8020,-0.2600,0.2300,True,0.0652,0.0483,-0.0784,-0.0736,-0.0723,-0.0704,-1.6387,grasp,0.8020,-0.2600,0.0100,0.0000,0.0000,0.0000,False,,0.0500,0.0000,False
218,0.0,0.0469,-0.0128,False,False,False,2.9787,2.9920,0.7654,4.0774,-4.7404,-4.8660,0.0320,0.0337,-0.0514,-0.0412,-0.0069,-0.0664,0.0697,0.7925,-0.2768,0.0527,0.8020,-0.2600,0.0100,0.8020,-0.2600,0.2300,True,0.0310,0.0344,-0.0502,-0.0411,-0.0062,-0.0669,-2.3134,grasp,0.8020,-0.2600,0.0100,0.0000,0.0000,0.0000,False,,0.0500,0.0000,False
219,0.0,0.0454,-0.0188,False,False,False,2.9795,2.9912,0.7647,4.0771,-4.7387,-4.8652,0.0141,-0.0928,0.0176,0.0298,0.1210,0.1376,0.1326,0.7916,-0.2776,0.0505,0.8020,-0.2600,0.0100,0.8020,-0.2600,0.2300,True,0.0081,-0.0482,0.0083,0.0149,0.0635,0.0712,-0.2341,grasp,0.8020,-0.2600,0.0100,0.0000,0.0000,0.0000,False,,0.0500,0.0000,False
220,0.0,1.3884,-1.3562,False,False,False,2.9871,2.9868,0.7729,4.0916,-4.7120,-4.7944,0.0336,-0.0372,-0.0776,0.0060,0.0426,0.0518,0.3314,0.1657,0.3734,1.0690,0.8020,-0.2600,0.0100,0.8020,-0.2600,0.2300,True,0.0336,-0.0372,-0.0776,0.0060,0.0426,0.0518,-1.8654,grasp,0.8020,-0.2600,0.0100,0.0000,0.0000,0.0000,False,,0.0500,0.0000,False
221,0.0,1.3895,-0.0027,False,False,False,2.9878,2.9868,0.7715,4.0918,-4.7153,-4.7934,0.0000,-0.0000,-0.0000,-0.0000,0.0000,-0.0000,0.3345,0.1678,0.3778,1.0691,0.8020,-0.2600,0.0100,0.8020,-0.2600,0.2300,True,-0.0560,-0.0569,-0.0409,0.0167,0.0617,-0.0519,2.0532,grasp,0.8020,-0.2600,0.0100,0.0000,0.0000,0.0000,False,,0.0500,0.0000,True
222,0.0,1.3918,-0.0305,False,False,False,2.9872,2.9878,0.7711,4.0917,-4.7139,-4.7939,0.0000,0.0784,0.0000,-0.0693,0.3727,-0.0000,0.3628,0.1684,0.3824,1.0696,0.8020,-0.2600,0.0100,0.8020,-0.2600,0.2300,True,-0.0477,0.0166,-0.0438,0.0605,-0.0571,0.0685,0.7515,grasp,0.8020,-0.2600,0.0100,0.0000,0.0000,0.0000,False,,0.0500,0.0000,True
223,0.0,1.3911,-0.0132,False,False,False,2.9870,2.9881,0.7710,4.0923,-4.7132,-4.7936,0.0258,-0.0536,0.0422,0.0618,-0.0451,-0.0348,0.3361,0.1709,0.3834,1.0697,0.8020,-0.2600,0.0100,0.8020,-0.2600,0.2300,True,0.0253,-0.0517,0.0418,0.0606,-0.0346,-0.0341,-2.3252,grasp,0.8020,-0.2600,0.0100,0.0000,0.0000,0.0000,False,,0.0500,0.0000,False
224,0.0,1.3922,-0.0493,False,False,False,2.9873,2.9870,0.7713,4.0934,-4.7140,-4.7936,-0.0187,0.0503,-0.0571,0.0690,-0.6788,0.0645,0.3546,0.1708,0.3861,1.0695,0.8020,-0.2600,0.0100,0.8020,-0.2600,0.2300,True,-0.0182,-0.0134,-0.0563,-0.0123,0.0644,0.0638,1.9975,grasp,0.8020,-0.2600,0.0100,0.0000,0.0000,0.0000,False,,0.0500,0.0000,True
225,0.0,1.3931,-0.0067,False,False,False,2.9870,2.9881,0.7702,4.0934,-4.7131,-4.7923,0.0000,0.0102,0.0000,-0.0100,0.0627,-0.0000,0.3546,0.1685,0.3858,1.0693,0.8020,-0.2600,0.0100,0.8020,-0.2600,0.2300,True,-0.0039,0.0324,-0.0020,0.0378,0.0398,-0.0529,-0.3746,grasp,0.8020,-0.2600,0.0100,0.0000,0.0000,0.0000,False,,0.0500,0.0000,False
226,0.0,1.3937,-0.0063,False,False,False,2.9870,2.9881,0.7702,4.0934,-4.7131,-4.7923,0.0000,0.0102,0.0000,-0.0100,0.0627,-0.0000,0.3546,0.1669,0.3857,1.0693,0.8020,-0.2600,0.0100,0.8020,-0.2600,0.2300,True,-0.0383,-0.0102,-0.0722,-0.0254,0.0636,0.0327,-0.6779,grasp,0.8020,-0.2600,0.0100,0.0000,0.0000,0.0000,False,,0.0500,0.0000,False
227,0.0,1.3976,-0.0364,False,False,False,2.9890,2.9915,0.7668,4.0924,-4.7133,-4.7955,0.1000,0.1271,-0.1610,-0.0572,0.0707,-0.1260,0.4049,0.1632,0.3914,1.0687,0.8020,-0.2600,0.0100,0.8020,-0.2600,0.2300,True,0.0369,-0.0329,-0.0594,-0.0792,-0.0604,-0.0470,2.9395,grasp,0.8020,-0.2600,0.0100,0.0000,0.0000,0.0000,False,,0.0500,0.0000,True
228,0.0,1.4000,-0.0368,False,False,False,2.9890,2.9915,0.7668,4.0924,-4.7133,-4.7955,0.1000,0.1271,-0.1610,-0.0572,0.0707,-0.1260,0.4049,0.1589,0.3927,1.0684,0.8020,-0.2600,0.0100,0.8020,-0.2600,0.2300,True,0.0118,0.0385,0.0532,0.0111,-0.0246,-0.0388,-1.8443,grasp,0.8020,-0.2600,0.0100,0.0000,0.0000,0.0000,False,,0.0500,0.0000,False
229,0.0,1.3996,-0.0383,False,False,False,2.9911,2.9931,0.7642,4.0917,-4.7174,-4.7971,0.0561,-0.0066,-0.0561,0.0419,-0.6007,-0.0021,0.3787,0.1591,0.3921,1.0685,0.8020,-0.2600,0.0100,0.8020,-0.2600,0.2300,True,0.0597,-0.0528,-0.0581,-0.0353,0.0147,-0.0037,-1.5749,grasp,0.8020,-0.2600,0.0100,0.0000,0.0000,0.0000,False,,0.0500,0.0000,False
230,0.0,1.4018,-0.0044,False,False,False,2.9921,2.9933,0.7632,4.0921,-4.7249,-4.7972,0.0000,-0.0000,-0.0000,-0.0000,0.0000,-0.0000,0.3490,0.1584,0.3967,1.0680,0.8020,-0.2600,0.0100,0.8020,-0.2600,0.2300,True,0.0110,0.0554,0.0408,0.0585,-0.0299,0.0577,-1.2366,grasp,0.8020,-0.2600,0.0100,0.0000,0.0000,0.0000,False,,0.0500,0.0000,False
231,0.0,1.4035,-0.0055,False,False,False,2.9921,2.9933,0.7632,4.0921,-4.7249,-4.7972,0.0000,-0.0000,-0.0000,-0.0000,0.0000,-0.0000,0.3490,0.1561,0.3986,1.0678,0.8020,-0.2600,0.0100,0.8020,-0.2600,0.2300,True,-0.0279,-0.0504,0.0389,0.0739,-0.0080,-0.0053,1.0412,grasp,0.8020,-0.2600,0.0100,0.0000,0.0000,0.0000,False,,0.0500,0.0000,True
232,0.0,1.4050,-0.0473,False,False,False,2.9880,2.9948,0.7606,4.0924,-4.7131,-4.8003,-0.2097,0.1100,-0.1461,0.1370,-0.1101,-0.1793,0.4140,0.1535,0.3993,1.0678,0.8020,-0.2600,0.0100,0.8020,-0.2600,0.2300,True,-0.0770,-0.0282,-0.0535,-0.0381,-0.0790,-0.0656,1.5353,grasp,0.8020,-0.2600,0.0100,0.0000,0.0000,0.0000,False,,0.0500,0.0000,True
233,0.0,1.4088,-0.0486,False,False,False,2.9880,2.9948,0.7606,4.0924,-4.7131,-4.8003,-0.2097,0.1100,-0.1461,0.1370,-0.1101,-0.1793,0.4140,0.1499,0.4039,1.0677,0.8020,-0.2600,0.0100,0.8020,-0.2600,0.2300,True,0.0452,-0.0108,-0.0198,-0.0074,-0.0564,0.0070,2.3169,grasp,0.8020,-0.2600,0.0100,0.0000,0.0000,0.0000,False,,0.0500,0.0000,True
234,0.0,1.4105,-0.0304,False,False,False,2.9845,2.9973,0.7582,4.0943,-4.7129,-4.8019,0.0022,0.0593,-0.0544,-0.0504,0.3553,0.0619,0.4586,0.1481,0.4058,1.0676,0.8020,-0.2600,0.0100,0.8020,-0.2600,0.2300,True,-0.0102,0.0417,-0.0562,-0.0445,0.0664,0.0596,2.0579,grasp,0.8020,-0.2600,0.0100,0.0000,0.0000,0.0000,False,,0.0500,0.0000,True
235,0.0,1.4106,-0.0032,False,False,False,2.9844,2.9984,0.7571,4.0939,-4.7102,-4.8008,-0.0000,-0.0000,-0.0000,-0.0000,-0.0000,-0.0000,0.4482,0.1481,0.4060,1.0676,0.8020,-0.2600,0.0100,0.8020,-0.2600,0.2300,True,0.0421,-0.0002,0.0411,0.0152,-0.0788,0.0770,-2.9147,grasp,0.8020,-0.2600,0.0100,0.0000,0.0000,0.0000,False,,0.0500,0.0000,False
236,0.0,1.4101,-0.0014,False,False,False,2.9844,2.9984,0.7571,4.0939,-4.7102,-4.8008,-0.0000,-0.0000,-0.0000,-0.0000,-0.0000,-0.0000,0.4482,0.1478,0.4046,1.0677,0.8020,-0.2600,0.0100,0.8020,-0.2600,0.2300,True,0.0752,0.0463,0.0501,0.0431,-0.0166,0.0461,-0.5702,grasp,0.8020,-0.2600,0.0100,0.0000,0.0000,0.0000,False,,0.0500,0.0000,False
237,0.0,1.4093,-0.0308,False,False,False,2.9882,2.9984,0.7611,4.0922,-4.7075,-4.7998,0.1664,0.0040,0.1701,-0.0937,0.1785,0.0103,0.4461,0.1483,0.4032,1.0678,0.8020,-0.2600,0.0100,0.8020,-0.2600,0.2300,True,0.0617,0.0014,0.0632,-0.0344,0.0648,0.0046,0.6297,grasp,0.8020,-0.2600,0.0100,0.0000,0.0000,0.0000,False,,0.0500,0.0000,False
238,0.0,1.4096,-0.0309,False,False,False,2.9882,2.9984,0.7611,4.0922,-4.7075,-4.7998,0.1664,0.0040,0.1701,-0.0937,0.1785,0.0103,0.4461,0.1478,0.4036,1.0677,0.8020,-0.2600,0.0100,0.8020,-0.2600,0.2300,True,0.0483,-0.0519,0.0595,0.0539,0.0082,0.0751,-1.6742,grasp,0.8020,-0.2600,0.0100,0.0000,0.0000,0.0000,False,,0.0500,0.0000,False
239,0.0,1.4114,-0.0106,False,False,False,2.9909,2.9992,0.7632,4.0907,-4.7056,-4.7999,0.0019,0.0759,-0.0049,-0.0261,-0.0334,-0.0208,0.4095,0.1462,0.4059,1.0676,0.8020,-0.2600,0.0100,0.8020,-0.2600,0.2300,True,0.0091,0.0763,-0.0027,-0.0273,-0.0311,-0.0207,-2.7130,grasp,0.8020,-0.2600,0.0100,0.0000,0.0000,0.0000,False,,0.0500,0.0000,False
240,0.0,1.4154,-0.0061,False,False,False,2.9909,3.0007,0.7631,4.0902,-4.7062,-4.8003,-0.0000,-0.0000,-0.0000,-0.0000,0.0000,0.0000,0.3695,0.1408,0.4096,1.0673,0.8020,-0.2600,0.0100,0.8020,-0.2600,0.2300,True,0.0552,0.0552,-0.0738,0.0468,0.0514,-0.0537,-2.1719,grasp,0.8020,-0.2600,0.0100,0.0000,0.0000,0.0000,False,,0.0500,0.0000,False
241,0.0,1.4115,0.0017,False,False,False,2.9909,3.0007,0.7631,4.0902,-4.7062,-4.8003,-0.0000,-0.0000,-0.0000,-0.0000,0.0000,0.0000,0.3695,0.1473,0.4074,1.0674,0.8020,-0.2600,0.0100,0.8020,-0.2600,0.2300,True,0.0717,0.0658,-0.0181,-0.0411,-0.0084,0.0002,1.0454,grasp,0.8020,-0.2600,0.0100,0.0000,0.0000,0.0000,False,,0.0500,0.0000,True
242,0.0,1.4097,-0.0207,False,False,False,2.9937,3.0003,0.7605,4.0916,-4.7069,-4.8013,0.1464,-0.0600,-0.1198,0.0559,-0.0769,-0.0316,0.3156,0.1504,0.4064,1.0676,0.8020,-0.2600,0.0100,0.8020,-0.2600,0.2300,True,0.0768,-0.0316,-0.0631,0.0294,-0.0405,-0.0166,-1.7680,grasp,0.8020,-0.2600,0.0100,0.0000,0.0000,0.0000,False,,0.0500,0.0000,False
243,0.0,1.4077,-0.0075,False,False,False,2.9960,2.9984,0.7590,4.0926,-4.7086,-4.8019,-0.0174,-0.0586,0.0142,0.0298,-0.0588,-0.0208,0.2852,0.1534,0.4048,1.0678,0.8020,-0.2600,0.0100,0.8020,-0.2600,0.2300,True,-0.0103,-0.0639,0.0125,0.0306,-0.0599,-0.0212,-1.4471,grasp,0.8020,-0.2600,0.0100,0.0000,0.0000,0.0000,False,,0.0500,0.0000,False
244,0.0,1.4081,-0.0110,False,False,False,2.9960,2.9984,0.7590,4.0926,-4.7086,-4.8019,-0.0174,-0.0586,0.0142,0.0298,-0.0588,-0.0208,0.2852,0.1526,0.4050,1.0677,0.8020,-0.2600,0.0100,0.8020,-0.2600,0.2300,True,0.0506,0.0252,0.0221,-0.0041,-0.0744,-0.0126,2.4221,grasp,0.8020,-0.2600,0.0100,0.0000,0.0000,0.0000,False,,0.0500,0.0000,True
245,0.0,1.4097,-0.0036,False,False,False,2.9958,2.9971,0.7592,4.0932,-4.7097,-4.8023,0.0000,-0.0000,-0.0000,-0.0000,0.0000,-0.0000,0.2983,0.1499,0.4058,1.0677,0.8020,-0.2600,0.0100,0.8020,-0.2600,0.2300,True,-0.0423,0.0156,-0.0690,-0.0756,0.0778,0.0731,-2.4192,grasp,0.8020,-0.2600,0.0100,0.0000,0.0000,0.0000,False,,0.0500,0.0000,False
246,0.0,1.4122,-0.0049,False,False,False,2.9958,2.9971,0.7592,4.0932,-4.7097,-4.8023,0.0000,-0.0000,-0.0000,-0.0000,0.0000,-0.0000,0.3183,0.1462,0.4073,1.0678,0.8020,-0.2600,0.0100,0.8020,-0.2600,0.2300,True,-0.0400,-0.0583,0.0781,0.0237,-0.0445,0.0442,2.4295,grasp,0.8020,-0.2600,0.0100,0.0000,0.0000,0.0000,False,,0.0500,0.0000,True
247,0.0,1.4126,-0.0024,False,False,False,2.9954,2.9965,0.7600,4.0935,-4.7101,-4.8019,0.0000,-0.0000,-0.0000,-0.0000,0.0000,-0.0000,0.3780,0.1457,0.4074,1.0679,0.8020,-0.2600,0.0100,0.8020,-0.2600,0.2300,True,0.0190,-0.0722,0.0147,-0.0707,0.0318,0.0719,2.8453,grasp,0.8020,-0.2600,0.0100,0.0000,0.0000,0.0000,False,,0.0500,0.0000,True
248,0.0,1.4107,-0.0358,False,False,False,2.9938,2.9968,0.7588,4.0929,-4.7024,-4.8013,-0.1239,0.0691,-0.0885,0.0434,0.4425,-0.0065,0.4290,0.1488,0.4062,1.0681,0.8020,-0.2600,0.0100,0.8020,-0.2600,0.2300,True,-0.0649,-0.0432,-0.0464,-0.0131,0.0679,-0.0027,0.2184,grasp,0.8020,-0.2600,0.0100,0.0000,0.0000,0.0000,False,,0.0500,0.0000,False
249,0.0,1.4090,-0.0479,False,False,False,2.9921,2.9976,0.7575,4.0936,-4.6973,-4.8014,-0.1773,0.0742,-0.1262,0.0846,0.5062,-0.0093,0.4289,0.1517,0.4051,1.0683,0.8020,-0.2600,0.0100,0.8020,-0.2600,0.2300,True,-0.0682,0.0745,0.0325,0.0041,-0.0703,-0.0505,-2.8615,grasp,0.8020,-0.2600,0.0100,0.0000,0.0000,0.0000,False,,0.0500,0.0000,False
250,0.0,1.4081,-0.0014,False,False,False,2.9919,2.9976,0.7575,4.0936,-4.6963,-4.8014,-0.0000,-0.0000,-0.0000,-0.0000,-0.0000,-0.0000,0.4089,0.1531,0.4044,1.0683,0.8020,-0.2600,0.0100,0.8020,-0.2600,0.2300,True,-0.0521,0.0431,0.0498,0.0317,0.0792,-0.0635,-0.1430,grasp,0.8020,-0.2600,0.0100,0.0000,0.0000,0.0000,False,,0.0500,0.0000,False
251,0.0,1.4082,-0.0016,False,False,False,2.9912,2.9983,0.7579,4.0937,-4.6972,-4.8019,0.0000,-0.0000,-0.0000,-0.0000,0.0000,-0.0000,0.4086,0.1519,0.4039,1.0682,0.8020,-0.2600,0.0100,0.8020,-0.2600,0.2300,True,-0.0325,0.0239,-0.0108,0.0361,0.0024,0.0268,1.5179,grasp,0.8020,-0.2600,0.0100,0.0000,0.0000,0.0000,False,,0.0500,0.0000,True
252,0.0,1.4085,-0.0122,False,False,False,2.9903,2.9990,0.7576,4.0947,-4.6971,-4.8011,-0.0602,0.0439,-0.0211,0.0686,0.0061,0.0518,0.4486,0.1507,0.4033,1.0681,0.8020,-0.2600,0.0100,0.8020,-0.2600,0.2300,True,-0.0392,-0.0611,0.0440,0.0513,0.0216,0.0504,2.2969,grasp,0.8020,-0.2600,0.0100,0.0000,0.0000,0.0000,False,,0.0500,0.0000,True
253,0.0,1.4083,-0.0568,False,False,False,2.9902,3.0004,0.7558,4.0930,-4.6848,-4.8015,-0.0019,0.0695,-0.1137,-0.0729,0.8228,-0.0252,0.4713,0.1509,0.4031,1.0682,0.8020,-0.2600,0.0100,0.8020,-0.2600,0.2300,True,-0.0010,-0.0171,-0.0599,-0.0647,-0.0426,-0.0133,-1.8018,grasp,0.8020,-0.2600,0.0100,0.0000,0.0000,0.0000,False,,0.0500,0.0000,False
254,0.0,1.4051,-0.0524,False,False,False,2.9902,3.0004,0.7558,4.0930,-4.6848,-4.8015,-0.0019,0.0695,-0.1137,-0.0729,0.8228,-0.0252,0.4713,0.1542,0.3994,1.0683,0.8020,-0.2600,0.0100,0.8020,-0.2600,0.2300,True,-0.0217,-0.0626,-0.0396,0.0221,-0.0424,0.0132,2.3709,grasp,0.8020,-0.2600,0.0100,0.0000,0.0000,0.0000,False,,0.0500,0.0000,True
255,0.0,1.4026,0.0000,False,False,False,2.9902,3.0012,0.7542,4.0925,-4.6775,-4.8018,0.0000,-0.0000,-0.0000,-0.0000,0.0000,-0.0000,0.4698,0.1574,0.3969,1.0684,0.8020,-0.2600,0.0100,0.8020,-0.2600,0.2300,True,0.0228,-0.0541,0.0011,-0.0217,0.0290,-0.0524,1.7101,grasp,0.8020,-0.2600,0.0100,0.0000,0.0000,0.0000,False,,0.0500,0.0000,True
256,0.0,1.4032,-0.0171,False,False,False,2.9900,3.0015,0.7538,4.0926,-4.6790,-4.8017,0.0000,0.0186,0.0000,-0.0171,0.0910,0.0000,0.4856,0.1566,0.3973,1.0684,0.8020,-0.2600,0.0100,0.8020,-0.2600,0.2300,True,0.0439,0.0230,0.0135,-0.0326,0.0539,-0.0469,0.6918,grasp,0.8020,-0.2600,0.0100,0.0000,0.0000,0.0000,False,,0.0500,0.0000,False
257,0.0,1.4020,-0.0170,False,False,False,2.9913,3.0021,0.7542,4.0917,-4.6776,-4.8031,0.0840,0.0409,0.0264,-0.0602,0.0938,-0.0894,0.4861,0.1602,0.3977,1.0688,0.8020,-0.2600,0.0100,0.8020,-0.2600,0.2300,True,-0.0365,-0.0172,-0.0235,-0.0756,-0.0673,0.0742,0.6649,grasp,0.8020,-0.2600,0.0100,0.0000,0.0000,0.0000,False,,0.0500,0.0000,False
258,0.0,1.4006,-0.0294,False,False,False,2.9895,3.0029,0.7529,4.0900,-4.6782,-4.8047,-0.1265,0.0532,-0.0840,0.0922,-0.1507,-0.1067,0.5390,0.1620,0.3960,1.0691,0.8020,-0.2600,0.0100,0.8020,-0.2600,0.2300,True,-0.0664,0.0266,-0.0442,-0.0750,-0.0111,-0.0561,2.2115,grasp,0.8020,-0.2600,0.0100,0.0000,0.0000,0.0000,False,,0.0500,0.0000,True
259,0.0,1.3998,-0.0266,False,False,False,2.9874,3.0041,0.7517,4.0901,-4.6717,-4.8062,0.0000,0.0286,0.0000,-0.0529,0.4173,0.0000,0.5458,0.1623,0.3945,1.0691,0.8020,-0.2600,0.0100,0.8020,-0.2600,0.2300,True,-0.0399,0.0169,0.0581,-0.0718,-0.0107,0.0506,0.6185,grasp,0.8020,-0.2600,0.0100,0.0000,0.0000,0.0000,False,,0.0500,0.0000,False
260,0.0,1.3999,-0.0255,False,False,False,2.9874,3.0041,0.7517,4.0901,-4.6717,-4.8062,0.0000,0.0286,0.0000,-0.0529,0.4173,0.0000,0.5458,0.1621,0.3946,1.0691,0.8020,-0.2600,0.0100,0.8020,-0.2600,0.2300,True,-0.0679,-0.0473,-0.0788,0.0352,-0.0569,0.0202,-2.6222,grasp,0.8020,-0.2600,0.0100,0.0000,0.0000,0.0000,False,,0.0500,0.0000,False
261,0.0,1.4001,-0.0163,False,False,False,2.9871,3.0042,0.7523,4.0894,-4.6724,-4.8057,-0.0356,0.0110,0.0593,-0.0659,-0.0725,0.0521,0.5391,0.1618,0.3948,1.0691,0.8020,-0.2600,0.0100,0.8020,-0.2600,0.2300,True,-0.0737,-0.0791,0.0570,-0.0235,0.0087,0.0027,-0.6874,grasp,0.8020,-0.2600,0.0100,0.0000,0.0000,0.0000,False,,0.0500,0.0000,False
262,0.0,1.4015,-0.0038,False,False,False,2.9864,3.0035,0.7529,4.0892,-4.6706,-4.8057,-0.0000,-0.0000,-0.0000,-0.0000,-0.0000,-0.0000,0.4791,0.1588,0.3950,1.0690,0.8020,-0.2600,0.0100,0.8020,-0.2600,0.2300,True,0.0345,-0.0609,-0.0405,-0.0785,0.0286,0.0087,-2.8271,grasp,0.8020,-0.2600,0.0100,0.0000,0.0000,0.0000,False,,0.0500,0.0000,False
263,0.0,1.4023,-0.0110,False,False,False,2.9869,3.0037,0.7522,4.0892,-4.6698,-4.8059,0.0196,0.0747,-0.0275,0.0706,-0.0409,-0.0275,0.4946,0.1585,0.3966,1.0689,0.8020,-0.2600,0.0100,0.8020,-0.2600,0.2300,True,0.0201,0.0742,-0.0280,0.0699,-0.0397,-0.0274,1.9338,grasp,0.8020,-0.2600,0.0100,0.0000,0.0000,0.0000,False,,0.0500,0.0000,True
264,0.0,1.4006,-0.0004,False,False,False,2.9873,3.0052,0.7517,4.0905,-4.6706,-4.8064,-0.0000,-0.0000,-0.0000,-0.0000,-0.0000,-0.0000,0.4898,0.1631,0.3971,1.0691,0.8020,-0.2600,0.0100,0.8020,-0.2600,0.2300,True,0.0080,-0.0577,0.0713,-0.0055,-0.0197,0.0252,-2.5393,grasp,0.8020,-0.2600,0.0100,0.0000,0.0000,0.0000,False,,0.0500,0.0000,False
265,0.0,1.3995,-0.0089,False,False,False,2.9874,3.0046,0.7524,4.0905,-4.6708,-4.8061,0.0076,-0.0600,0.0719,-0.0068,-0.0190,0.0257,0.4698,0.1660,0.3973,1.0693,0.8020,-0.2600,0.0100,0.8020,-0.2600,0.2300,True,-0.0593,0.0495,0.0503,0.0766,-0.0729,-0.0515,0.7441,grasp,0.8020,-0.2600,0.0100,0.0000,0.0000,0.0000,False,,0.0500,0.0000,False
266,0.0,1.4676,-0.0199,False,False,False,-0.4514,4.7557,-0.2256,-1.2827,-0.1042,1.4424,0.0016,-0.0000,-0.0000,-0.0188,0.0014,0.3651,0.0000,0.0457,0.4367,1.0618,0.8027,-0.2522,0.0100,0.8027,-0.2522,0.2300,False,-0.0356,0.0141,0.0129,-0.0414,0.0433,-0.0121,-1.0735,grasp,0.8027,-0.2522,0.0100,0.0000,0.0000,0.0000,False,,0.0500,0.0000,False
267,0.0,1.4683,-0.0336,False,False,False,-0.4525,4.7571,-0.2215,-1.2852,-0.1043,1.4461,-0.0525,0.0728,0.1965,-0.1208,-0.0061,0.1778,0.1000,0.0466,0.4392,1.0618,0.8027,-0.2522,0.0100,0.8027,-0.2522,0.2300,False,-0.0194,0.0267,0.0725,-0.0446,-0.0022,0.0656,1.8236,grasp,0.8027,-0.2522,0.0100,0.0000,0.0000,0.0000,False,,0.0500,0.0000,True
268,0.0,1.4692,-0.0104,False,False,False,-0.4531,4.7583,-0.2190,-1.2863,-0.1040,1.4479,0.0130,-0.0307,0.0067,0.0419,0.0384,-0.0507,0.1587,0.0457,0.4405,1.0615,0.8027,-0.2522,0.0100,0.8027,-0.2522,0.2300,False,0.0123,-0.0248,0.0092,0.0404,0.0384,-0.0485,3.0595,grasp,0.8027,-0.2522,0.0100,0.0000,0.0000,0.0000,False,,0.0500,0.0000,True
269,0.0,1.4683,-0.0016,False,False,False,-0.4528,4.7577,-0.2188,-1.2855,-0.1033,1.4469,0.0000,-0.0000,-0.0000,0.0000,-0.0000,0.0000,0.1985,0.0461,0.4387,1.0618,0.8027,-0.2522,0.0100,0.8027,-0.2522,0.2300,False,0.0439,0.0146,0.0763,0.0655,0.0711,-0.0558,0.9113,grasp,0.8027,-0.2522,0.0100,0.0000,0.0000,0.0000,False,,0.0500,0.0000,True
270,0.0,1.3769,0.0615,False,False,False,-0.4074,4.7712,-0.1415,-1.2204,-0.0307,1.3941,0.1132,-0.1098,0.0740,0.0261,0.1439,0.1360,0.5749,0.1986,0.3842,1.0711,0.8027,-0.2522,0.0100,0.8027,-0.2522,0.2300,False,0.0596,-0.0577,0.0390,0.0137,0.0757,0.0716,2.7930,grasp,0.8027,-0.2522,0.0100,0.0000,0.0000,0.0000,False,,0.0500,0.0000,True
271,0.0,1.3769,-0.0139,False,False,False,-0.4053,4.7701,-0.1402,-1.2198,-0.0290,1.3955,0.0498,0.0743,0.0218,0.0170,-0.0399,-0.0538,0.5526,0.1986,0.3842,1.0711,0.8027,-0.2522,0.0100,0.8027,-0.2522,0.2300,False,0.0514,0.0703,0.0228,0.0174,-0.0378,-0.0518,-2.8562,grasp,0.8027,-0.2522,0.0100,0.0000,0.0000,0.0000,False,,0.0500,0.0000,False
272,0.0,1.3802,-0.0168,False,False,False,-0.4042,4.7721,-0.1404,-1.2200,-0.0302,1.3952,0.0137,0.0376,-0.0523,-0.0436,-0.0450,0.0744,0.5618,0.1947,0.3870,1.0715,0.8027,-0.2522,0.0100,0.8027,-0.2522,0.2300,False,0.0147,0.0415,-0.0519,-0.0433,-0.0458,0.0734,2.2475,grasp,0.8027,-0.2522,0.0100,0.0000,0.0000,0.0000,False,,0.0500,0.0000,False
273,0.0,1.3786,-0.0224,False,False,False,-0.4026,4.7734,-0.1430,-1.2218,-0.0298,1.3978,0.0898,0.0339,-0.1110,-0.0643,0.0847,0.0790,0.5199,0.1971,0.3861,1.0713,0.8027,-0.2522,0.0100,0.8027,-0.2522,0.2300,False,0.0475,0.0186,-0.0594,-0.0347,0.0437,0.0430,-0.2099,grasp,0.8027,-0.2522,0.0100,0.0000,0.0000,0.0000,False,,0.0500,0.0000,False
274,0.0,1.3802,-0.0140,False,False,False,-0.4006,4.7742,-0.1443,-1.2223,-0.0292,1.3995,0.0716,0.0386,0.0330,0.0353,-0.0561,0.0527,0.5452,0.1943,0.3865,1.0715,0.8027,-0.2522,0.0100,0.8027,-0.2522,0.2300,False,0.0729,0.0390,0.0314,0.0344,-0.0549,0.0538,2.6901,grasp,0.8027,-0.2522,0.0100,0.0000,0.0000,0.0000,False,,0.0500,0.0000,True
275,0.0,1.3802,-0.0126,False,False,False,-0.3990,4.7746,-0.1437,-1.2221,-0.0309,1.4007,0.0251,-0.0362,-0.0007,-0.0437,-0.0698,0.0254,0.5931,0.1943,0.3865,1.0715,0.8027,-0.2522,0.0100,0.8027,-0.2522,0.2300,False,0.0264,-0.0348,-0.0001,-0.0430,-0.0709,0.0264,2.4536,grasp,0.8027,-0.2522,0.0100,0.0000,0.0000,0.0000,False,,0.0500,0.0000,False
276,0.0,1.3800,-0.0266,False,False,False,-0.3996,4.7751,-0.1424,-1.2212,-0.0306,1.4032,-0.0703,0.0828,0.0826,0.1106,0.1064,0.1263,0.6214,0.1951,0.3874,1.0712,0.8027,-0.2522,0.0100,0.8027,-0.2522,0.2300,False,-0.0365,0.0424,0.0435,0.0574,0.0547,0.0670,2.0841,grasp,0.8027,-0.2522,0.0100,0.0000,0.0000,0.0000,False,,0.0500,0.0000,False
277,0.0,1.3777,-0.0074,False,False,False,-0.4001,4.7764,-0.1416,-1.2193,-0.0299,1.4047,0.0412,-0.0283,-0.0308,0.0315,-0.0800,-0.0262,0.5858,0.1988,0.3859,1.0713,0.8027,-0.2522,0.0100,0.8027,-0.2522,0.2300,False,0.0402,-0.0227,-0.0296,0.0331,-0.0785,-0.0244,-0.0215,grasp,0.8027,-0.2522,0.0100,0.0000,0.0000,0.0000,False,,0.0500,0.0000,False
278,0.0,1.3777,-0.0093,False,False,False,-0.3997,4.7758,-0.1416,-1.2181,-0.0318,1.4041,-0.0322,-0.0040,0.0539,0.0655,-0.0321,-0.0086,0.5599,0.1988,0.3859,1.0713,0.8027,-0.2522,0.0100,0.8027,-0.2522,0.2300,False,-0.0314,-0.0051,0.0533,0.0661,-0.0336,-0.0091,1.0231,grasp,0.8027,-0.2522,0.0100,0.0000,0.0000,0.0000,False,,0.0500,0.0000,False
279,0.0,1.3770,-0.0171,False,False,False,-0.3990,4.7755,-0.1401,-1.2155,-0.0317,1.4020,0.0831,-0.0203,0.0317,0.0856,0.0412,-0.1284,0.5860,0.1990,0.3851,1.0709,0.8027,-0.2522,0.0100,0.8027,-0.2522,0.2300,False,0.0431,-0.0107,0.0177,0.0463,0.0211,-0.0678,2.0738,grasp,0.8027,-0.2522,0.0100,0.0000,0.0000,0.0000,False,,0.0500,0.0000,False
280,0.0,1.3778,-0.0093,False,False,False,-0.3982,4.7753,-0.1392,-1.2144,-0.0317,1.4007,-0.0383,0.0108,0.0427,-0.0053,-0.0543,0.0571,0.5538,0.1980,0.3859,1.0710,0.8027,-0.2522,0.0100,0.8027,-0.2522,0.2300,False,-0.0371,0.0105,0.0431,-0.0041,-0.0537,0.0553,-2.7315,grasp,0.8027,-0.2522,0.0100,0.0000,0.0000,0.0000,False,,0.0500,0.0000,False
281,0.0,1.3778,-0.0075,False,False,False,-0.3988,4.7759,-0.1384,-1.2148,-0.0321,1.4020,0.0139,0.0332,0.0037,-0.0360,0.0640,0.0181,0.4938,0.1980,0.3859,1.0710,0.8027,-0.2522,0.0100,0.8027,-0.2522,0.2300,False,0.0131,0.0338,0.0045,-0.0361,0.0630,0.0192,-1.4435,grasp,0.8027,-0.2522,0.0100,0.0000,0.0000,0.0000,False,,0.0500,0.0000,False
282,0.0,1.3763,-0.0075,False,False,False,-0.3980,4.7765,-0.1379,-1.2149,-0.0307,1.4024,0.0588,0.0018,0.0369,0.0604,0.0137,0.0062,0.4940,0.1991,0.3835,1.0710,0.8027,-0.2522,0.0100,0.8027,-0.2522,0.2300,False,0.0591,0.0027,0.0370,0.0597,0.0149,0.0066,1.4166,grasp,0.8027,-0.2522,0.0100,0.0000,0.0000,0.0000,False,,0.0500,0.0000,False
283,0.0,1.3765,-0.0264,False,False,False,-0.3946,4.7757,-0.1375,-1.2147,-0.0325,1.4044,0.1444,-0.0574,-0.0196,-0.0631,-0.1308,0.1213,0.4589,0.1986,0.3837,1.0709,0.8027,-0.2522,0.0100,0.8027,-0.2522,0.2300,False,0.0771,-0.0301,-0.0096,-0.0321,-0.0686,0.0640,-0.4631,grasp,0.8027,-0.2522,0.0100,0.0000,0.0000,0.0000,False,,0.0500,0.0000,False
284,0.0,1.3765,-0.0101,False,False,False,-0.3928,4.7743,-0.1372,-1.2157,-0.0349,1.4065,-0.0166,-0.0463,0.0618,-0.0054,-0.0581,0.0435,0.4328,0.1986,0.3837,1.0709,0.8027,-0.2522,0.0100,0.8027,-0.2522,0.2300,False,-0.0146,-0.0489,0.0615,-0.0063,-0.0599,0.0452,-0.2197,grasp,0.8027,-0.2522,0.0100,0.0000,0.0000,0.0000,False,,0.0500,0.0000,False
285,0.0,1.3773,-0.0185,False,False,False,-0.3937,4.7729,-0.1366,-1.2157,-0.0353,1.4080,-0.0635,-0.0509,-0.0588,0.0062,0.0721,0.0669,0.4306,0.1962,0.3836,1.0707,0.8027,-0.2522,0.0100,0.8027,-0.2522,0.2300,False,-0.0638,-0.0518,-0.0577,0.0061,0.0710,0.0678,0.3683,grasp,0.8027,-0.2522,0.0100,0.0000,0.0000,0.0000,False,,0.0500,0.0000,False
286,0.0,1.3783,-0.0270,False,False,False,-0.3961,4.7731,-0.1391,-1.2137,-0.0325,1.4089,-0.0772,0.0869,-0.0913,0.1283,0.0911,-0.0257,0.3722,0.1941,0.3833,1.0709,0.8027,-0.2522,0.0100,0.8027,-0.2522,0.2300,False,-0.0419,0.0440,-0.0492,0.0676,0.0493,-0.0123,-2.0775,grasp,0.8027,-0.2522,0.0100,0.0000,0.0000,0.0000,False,,0.0500,0.0000,False
287,0.0,1.3783,-0.0140,False,False,False,-0.3970,4.7752,-0.1410,-1.2125,-0.0314,1.4082,0.0151,0.0745,-0.0625,-0.0708,-0.0157,-0.0346,0.3122,0.1941,0.3833,1.0709,0.8027,-0.2522,0.0100,0.8027,-0.2522,0.2300,False,0.0140,0.0766,-0.0638,-0.0689,-0.0144,-0.0349,-2.6419,grasp,0.8027,-0.2522,0.0100,0.0000,0.0000,0.0000,False,,0.0500,0.0000,False
288,0.0,1.3762,-0.0102,False,False,False,-0.3962,4.7765,-0.1425,-1.2131,-0.0320,1.4069,0.0577,-0.0156,-0.0237,0.0749,-0.0304,-0.0658,0.2671,0.1947,0.3792,1.0709,0.8027,-0.2522,0.0100,0.8027,-0.2522,0.2300,False,0.0580,-0.0135,-0.0248,0.0736,-0.0307,-0.0665,-1.8849,grasp,0.8027,-0.2522,0.0100,0.0000,0.0000,0.0000,False,,0.0500,0.0000,False
289,0.0,1.3761,-0.0211,False,False,False,-0.3968,4.7743,-0.1432,-1.2098,-0.0323,1.4059,-0.1153,-0.1227,-0.0153,0.1222,0.0164,0.0172,0.1966,0.1922,0.3767,1.0708,0.8027,-0.2522,0.0100,0.8027,-0.2522,0.2300,False,-0.0596,-0.0649,-0.0085,0.0658,0.0081,0.0078,-2.9938,grasp,0.8027,-0.2522,0.0100,0.0000,0.0000,0.0000,False,,0.0500,0.0000,False
290,0.0,1.3761,-0.0125,False,False,False,-0.3990,4.7725,-0.1440,-1.2079,-0.0327,1.4055,-0.0505,0.0168,-0.0642,0.0226,-0.0619,-0.0660,0.1541,0.1922,0.3767,1.0708,0.8027,-0.2522,0.0100,0.8027,-0.2522,0.2300,False,-0.0522,0.0125,-0.0644,0.0243,-0.0617,-0.0657,-2.7618,grasp,0.8027,-0.2522,0.0100,0.0000,0.0000,0.0000,False,,0.0500,0.0000,False
291,0.0,1.3757,-0.0098,False,False,False,-0.3998,4.7722,-0.1450,-1.2080,-0.0343,1.4041,0.0143,-0.0643,0.0276,-0.0571,-0.0385,-0.0160,0.1833,0.1896,0.3737,1.0707,0.8027,-0.2522,0.0100,0.8027,-0.2522,0.2300,False,0.0133,-0.0640,0.0264,-0.0567,-0.0397,-0.0172,1.2971,grasp,0.8027,-0.2522,0.0100,0.0000,0.0000,0.0000,False,,0.0500,0.0000,True
292,0.0,1.3780,-0.0153,False,False,False,-0.3991,4.7702,-0.1440,-1.2096,-0.0353,1.4037,0.0385,-0.0744,0.0420,-0.0521,-0.0324,-0.0037,0.2426,0.1898,0.3788,1.0707,0.8027,-0.2522,0.0100,0.8027,-0.2522,0.2300,False,0.0388,-0.0769,0.0425,-0.0532,-0.0331,-0.0040,1.8562,grasp,0.8027,-0.2522,0.0100,0.0000,0.0000,0.0000,False,,0.0500,0.0000,True
293,0.0,1.3780,-0.0307,False,False,False,-0.3987,4.7705,-0.1410,-1.2089,-0.0375,1.4022,-0.0162,0.1422,0.1447,0.1087,-0.1023,-0.0950,0.3219,0.1898,0.3788,1.0707,0.8027,-0.2522,0.0100,0.8027,-0.2522,0.2300,False,-0.0078,0.0719,0.0770,0.0562,-0.0545,-0.0500,1.0604,grasp,0.8027,-0.2522,0.0100,0.0000,0.0000,0.0000,False,,0.0500,0.0000,True
294,0.0,1.3752,-0.0090,False,False,False,-0.3988,4.7735,-0.1397,-1.2080,-0.0390,1.4016,0.0063,-0.0193,-0.0727,-0.0608,-0.0012,0.0706,0.3262,0.1967,0.3802,1.0702,0.8027,-0.2522,0.0100,0.8027,-0.2522,0.2300,False,0.0061,-0.0050,-0.0707,-0.0592,-0.0027,0.0692,-1.1742,grasp,0.8027,-0.2522,0.0100,0.0000,0.0000,0.0000,False,,0.0500,0.0000,False
295,0.0,1.3750,-0.0110,False,False,False,-0.3989,4.7737,-0.1407,-1.2090,-0.0385,1.4033,-0.0225,0.0506,0.0320,0.0185,0.0484,0.0451,0.3104,0.1962,0.3792,1.0703,0.8027,-0.2522,0.0100,0.8027,-0.2522,0.2300,False,-0.0223,0.0495,0.0306,0.0174,0.0484,0.0465,-0.9792,grasp,0.8027,-0.2522,0.0100,0.0000,0.0000,0.0000,False,,0.0500,0.0000,False
296,0.0,1.3750,-0.0386,False,False,False,-0.3972,4.7733,-0.1421,-1.2105,-0.0357,1.4063,0.1403,-0.1116,-0.1272,-0.1251,0.1242,0.1398,0.3627,0.1962,0.3792,1.0703,0.8027,-0.2522,0.0100,0.8027,-0.2522,0.2300,False,0.0734,-0.0563,-0.0664,-0.0655,0.0663,0.0745,0.9397,grasp,0.8027,-0.2522,0.0100,0.0000,0.0000,0.0000,False,,0.0500,0.0000,True
297,0.0,1.3798,-0.0219,False,False,False,-0.3956,4.7702,-0.1446,-1.2117,-0.0345,1.4079,-0.0402,-0.0608,-0.0685,0.0629,-0.0537,-0.0395,0.3384,0.1913,0.3840,1.0708,0.8027,-0.2522,0.0100,0.8027,-0.2522,0.2300,False,-0.0382,-0.0728,-0.0703,0.0611,-0.0520,-0.0375,-2.0714,grasp,0.8027,-0.2522,0.0100,0.0000,0.0000,0.0000,False,,0.0500,0.0000,False
298,0.0,1.3797,-0.0173,False,False,False,-0.3971,4.7691,-0.1451,-1.2099,-0.0358,1.4069,-0.0702,0.0475,0.0790,0.0639,-0.0284,-0.0325,0.2784,0.1884,0.3812,1.0707,0.8027,-0.2522,0.0100,0.8027,-0.2522,0.2300,False,-0.0709,0.0432,0.0777,0.0651,-0.0294,-0.0333,-2.9464,grasp,0.8027,-0.2522,0.0100,0.0000,0.0000,0.0000,False,,0.0500,0.0000,False
299,0.0,1.3797,-0.0303,False,False,False,-0.3965,4.7684,-0.1441,-1.2096,-0.0385,1.4045,0.1289,-0.1274,-0.0338,-0.0639,-0.1470,-0.1147,0.3063,0.1884,0.3812,1.0707,0.8027,-0.2522,0.0100,0.8027,-0.2522,0.2300,False,0.0665,-0.0639,-0.0163,-0.0324,-0.0779,-0.0610,0.2783,grasp,0.8027,-0.2522,0.0100,0.0000,0.0000,0.0000,False,,0.0500,0.0000,False
300,0.0,1.3808,-0.0092,False,False,False,-0.3952,4.7662,-0.1443,-1.2105,-0.0411,1.4031,-0.0601,0.0170,0.0258,-0.0009,-0.0412,0.0203,0.3591,0.1875,0.3833,1.0704,0.8027,-0.2522,0.0100,0.8027,-0.2522,0.2300,False,-0.0583,0.0085,0.0253,-0.0019,-0.0433,0.0186,1.2857,grasp,0.8027,-0.2522,0.0100,0.0000,0.0000,0.0000,False,,0.0500,0.0000,True
301,0.0,1.3802,-0.0134,False,False,False,-0.3968,4.7660,-0.1433,-1.2110,-0.0419,1.4039,-0.0476,-0.0501,0.0492,-0.0417,-0.0060,0.0451,0.3423,0.1890,0.3835,1.0703,0.8027,-0.2522,0.0100,0.8027,-0.2522,0.2300,False,-0.0488,-0.0495,0.0497,-0.0417,-0.0068,0.0455,-2.9650,grasp,0.8027,-0.2522,0.0100,0.0000,0.0000,0.0000,False,,0.0500,0.0000,False
302,0.0,1.3802,-0.0145,False,False,False,-0.3982,4.7644,-0.1420,-1.2125,-0.0416,1.4049,-0.0493,-0.0660,0.0419,-0.0776,0.0369,0.0139,0.2823,0.1890,0.3835,1.0703,0.8027,-0.2522,0.0100,0.8027,-0.2522,0.2300,False,-0.0502,-0.0671,0.0429,-0.0783,0.0368,0.0147,-2.3892,grasp,0.8027,-0.2522,0.0100,0.0000,0.0000,0.0000,False,,0.0500,0.0000,False
303,0.0,1.3802,-0.0266,False,False,False,-0.3992,4.7631,-0.1412,-1.2140,-0.0409,1.4052,-0.0936,-0.1257,0.0797,-0.1473,0.0700,0.0263,0.2636,0.1890,0.3835,1.0703,0.8027,-0.2522,0.0100,0.8027,-0.2522,0.2300,False,-0.0155,0.0391,-0.0460,0.0215,0.0251,0.0646,0.2123,grasp,0.8027,-0.2522,0.0100,0.0000,0.0000,0.0000,False,,0.0500,0.0000,True
304,0.0,1.3811,-0.0517,False,False,False,-0.4032,4.7576,-0.1417,-1.2181,-0.0471,1.3991,-0.1524,-0.2099,-0.0212,-0.1546,-0.2329,-0.2296,0.2134,0.1835,0.3798,1.0704,0.8027,-0.2522,0.0100,0.8027,-0.2522,0.2300,False,-0.0443,-0.0610,-0.0062,-0.0449,-0.0677,-0.0668,-2.2200,grasp,0.8027,-0.2522,0.0100,0.0000,0.0000,0.0000,False,,0.0500,0.0000,False
305,0.0,1.3811,-0.0170,False,False,False,-0.4052,4.7550,-0.1416,-1.2206,-0.0492,1.3958,-0.0233,0.0722,0.0405,-0.0697,0.0595,-0.0575,0.2084,0.1835,0.3798,1.0704,0.8027,-0.2522,0.0100,0.8027,-0.2522,0.2300,False,-0.0251,0.0629,0.0403,-0.0715,0.0568,-0.0602,-1.3510,grasp,0.8027,-0.2522,0.0100,0.0000,0.0000,0.0000,False,,0.0500,0.0000,False
306,0.0,1.3811,-0.0305,False,False,False,-0.4057,4.7563,-0.1408,-1.2219,-0.0481,1.3947,-0.0443,0.1311,0.0770,-0.1324,0.1131,-0.1092,0.2103,0.1835,0.3798,1.0704,0.8027,-0.2522,0.0100,0.8027,-0.2522,0.2300,False,-0.0643,-0.0680,-0.0669,-0.0068,0.0036,0.0349,0.6510,grasp,0.8027,-0.2522,0.0100,0.0000,0.0000,0.0000,False,,0.0500,0.0000,True
307,0.0,1.3809,-0.0523,False,False,False,-0.4126,4.7635,-0.1441,-1.2163,-0.0457,1.3932,-0.2628,0.2687,-0.1251,0.2158,0.0904,-0.0575,0.3295,0.1843,0.3802,1.0705,0.8027,-0.2522,0.0100,0.8027,-0.2522,0.2300,False,-0.0764,0.0781,-0.0364,0.0627,0.0263,-0.0167,1.9175,grasp,0.8027,-0.2522,0.0100,0.0000,0.0000,0.0000,False,,0.0500,0.0000,True
308,0.0,1.3772,-0.0119,False,False,False,-0.4151,4.7677,-0.1458,-1.2131,-0.0454,1.3931,0.0640,-0.0434,-0.0168,0.0601,-0.0717,0.0546,0.3349,0.1930,0.3808,1.0703,0.8027,-0.2522,0.0100,0.8027,-0.2522,0.2300,False,0.0608,-0.0264,-0.0183,0.0626,-0.0707,0.0539,-1.0684,grasp,0.8027,-0.2522,0.0100,0.0000,0.0000,0.0000,False,,0.0500,0.0000,False
309,0.0,1.3772,-0.0286,False,False,False,-0.4139,4.7670,-0.1461,-1.2120,-0.0467,1.3941,0.1215,-0.0689,-0.0320,0.1141,-0.1363,0.1037,0.3278,0.1930,0.3808,1.0703,0.8027,-0.2522,0.0100,0.8027,-0.2522,0.2300,False,0.0570,-0.0770,0.0454,-0.0453,-0.0492,0.0132,2.1067,grasp,0.8027,-0.2522,0.0100,0.0000,0.0000,0.0000,False,,0.0500,0.0000,True
310,0.0,1.3751,-0.0415,False,False,False,-0.4198,4.7672,-0.1414,-1.2161,-0.0488,1.3996,-0.2275,0.0102,0.1791,-0.1584,-0.0793,0.2073,0.3418,0.1963,0.3800,1.0700,0.8027,-0.2522,0.0100,0.8027,-0.2522,0.2300,False,-0.0661,0.0029,0.0521,-0.0461,-0.0230,0.0603,-1.2881,grasp,0.8027,-0.2522,0.0100,0.0000,0.0000,0.0000,False,,0.0500,0.0000,False
311,0.0,1.3719,-0.0103,False,False,False,-0.4218,4.7682,-0.1400,-1.2183,-0.0493,1.4021,0.0798,0.0678,-0.0750,-0.0291,0.0508,0.0074,0.2912,0.2009,0.3775,1.0699,0.8027,-0.2522,0.0100,0.8027,-0.2522,0.2300,False,0.0771,0.0702,-0.0729,-0.0310,0.0499,0.0099,-2.5006,grasp,0.8027,-0.2522,0.0100,0.0000,0.0000,0.0000,False,,0.0500,0.0000,False
312,0.0,1.3719,-0.0308,False,False,False,-0.4202,4.7695,-0.1414,-1.2189,-0.0483,1.4022,0.1517,0.1311,-0.1425,-0.0553,0.0966,0.0141,0.2712,0.2009,0.3775,1.0699,0.8027,-0.2522,0.0100,0.8027,-0.2522,0.2300,False,-0.0560,0.0696,-0.0674,-0.0640,0.0342,0.0605,-2.6001,grasp,0.8027,-0.2522,0.0100,0.0000,0.0000,0.0000,False,,0.0500,0.0000,False
313,0.0,1.3701,-0.0600,False,False,False,-0.4140,4.7636,-0.1459,-1.2164,-0.0412,1.3965,0.2377,-0.2380,-0.1717,0.0927,0.2716,-0.2184,0.3481,0.2010,0.3735,1.0701,0.8027,-0.2522,0.0100,0.8027,-0.2522,0.2300,False,0.0691,-0.0685,-0.0499,0.0269,0.0790,-0.0635,2.5757,grasp,0.8027,-0.2522,0.0100,0.0000,0.0000,0.0000,False,,0.0500,0.0000,True
314,0.0,1.3785,-0.0210,False,False,False,-0.4119,4.7587,-0.1481,-1.2157,-0.0377,1.3934,-0.0758,0.0479,-0.0114,-0.0363,0.0243,-0.0525,0.4074,0.1918,0.3821,1.0706,0.8027,-0.2522,0.0100,0.8027,-0.2522,0.2300,False,-0.0730,0.0215,-0.0135,-0.0352,0.0275,-0.0551,-0.2560,grasp,0.8027,-0.2522,0.0100,0.0000,0.0000,0.0000,False,,0.0500,0.0000,False
315,0.0,1.3785,-0.0294,False,False,False,-0.4154,4.7603,-0.1486,-1.2173,-0.0366,1.3909,-0.2055,0.0869,-0.0310,-0.0985,0.0658,-0.1423,0.3998,0.1918,0.3821,1.0706,0.8027,-0.2522,0.0100,0.8027,-0.2522,0.2300,False,-0.0171,0.0524,-0.0625,-0.0409,0.0221,-0.0659,-1.4908,grasp,0.8027,-0.2522,0.0100,0.0000,0.0000,0.0000,False,,0.0500,0.0000,False
316,0.0,0.0379,14.9916,True,False,False,-3.3027,2.9779,0.7797,-2.1653,1.5713,-4.8303,-0.0376,-0.0235,0.0133,-0.0116,0.0221,-0.0832,0.0000,0.8127,-0.2670,0.0456,0.8020,-0.2600,0.0100,0.8020,-0.2600,0.2300,True,0.0655,-0.0084,-0.0419,0.0559,0.0227,0.0564,2.2649,grasp,0.8020,-0.2600,0.0100,0.0000,0.0000,0.0000,False,,0.0500,0.0000,True
317,0.0,0.0389,-0.0227,False,False,False,2.9772,3.7706,-0.7844,4.8949,-4.6866,1.3675,0.1183,-0.1011,-0.0175,-0.0661,-0.1153,-0.0917,0.0447,0.8065,-0.2627,0.0788,0.8020,-0.2600,0.0403,0.8020,-0.2600,0.2603,True,0.0630,-0.0534,-0.0093,-0.0337,-0.0617,-0.0481,-1.8462,grasp,0.8020,-0.2600,0.0403,0.0000,0.0000,0.0000,False,,0.0500,0.0000,False
318,0.0,0.0176,0.0082,False,False,False,3.0382,3.7356,-0.7939,4.8655,-4.7520,1.3202,0.0637,0.0560,-0.0547,0.0074,-0.0615,-0.0398,0.1739,0.8003,-0.2540,0.0568,0.8020,-0.2600,0.0403,0.8020,-0.2600,0.2603,True,0.0637,0.0168,-0.0547,0.0725,-0.0131,-0.0398,-1.4761,grasp,0.8020,-0.2600,0.0403,0.0000,0.0000,0.0000,False,,0.0500,0.0000,False
319,0.0,0.0152,14.9637,True,False,False,3.0393,3.7378,-0.7949,4.8638,-4.7469,1.3190,-0.0006,0.0873,0.0042,-0.1507,0.4829,-0.0530,0.2177,0.8002,-0.2529,0.0536,0.8020,-0.2600,0.0403,0.8020,-0.2600,0.2603,True,0.0009,-0.0321,0.0031,0.0136,-0.0102,-0.0538,2.2330,grasp,0.8020,-0.2600,0.0403,0.0000,0.0000,0.0000,False,,0.0500,0.0000,True
320,0.0,0.0883,-0.0014,False,False,False,-3.2784,3.7494,-0.7325,-1.4883,1.5473,1.3766,0.0000,-0.0000,-0.0000,-0.0000,0.0000,-0.0000,0.0134,0.8028,-0.3145,0.1022,0.8020,-0.2600,0.0327,0.8020,-0.2600,0.2527,False,-0.0411,-0.0730,-0.0633,-0.0241,-0.0540,-0.0248,-2.0888,grasp,0.8020,-0.2600,0.0327,0.0000,0.0000,0.0000,False,,0.0500,0.0000,False
321,0.0,0.0876,-0.0008,False,False,False,-3.2788,3.7485,-0.7331,-1.4885,1.5467,1.3763,0.0000,-0.0000,-0.0000,-0.0000,0.0000,-0.0000,0.0455,0.8029,-0.3145,0.1012,0.8020,-0.2600,0.0327,0.8020,-0.2600,0.2527,False,0.0758,0.0630,-0.0062,-0.0142,-0.0022,0.0066,-0.6112,grasp,0.8020,-0.2600,0.0327,0.0000,0.0000,0.0000,False,,0.0500,0.0000,False
322,0.0,0.0868,-0.0205,False,False,False,-3.2746,3.7521,-0.7334,-1.4893,1.5466,1.3767,0.2071,0.1747,-0.0150,-0.0378,-0.0046,0.0186,0.1055,0.8031,-0.3149,0.1000,0.8020,-0.2600,0.0327,0.8020,-0.2600,0.2527,False,0.0083,0.0631,0.0712,0.0625,0.0305,0.0512,2.2908,grasp,0.8020,-0.2600,0.0327,0.0000,0.0000,0.0000,False,,0.0500,0.0000,True
323,0.0,0.0866,-0.0093,False,False,False,-3.2741,3.7516,-0.7338,-1.4900,1.5466,1.3770,0.0156,-0.0628,-0.0393,-0.0743,0.0004,0.0300,0.1655,0.8034,-0.3145,0.0999,0.8020,-0.2600,0.0327,0.8020,-0.2600,0.2527,False,0.0160,-0.0626,-0.0393,-0.0743,0.0004,0.0300,2.3129,grasp,0.8020,-0.2600,0.0327,0.0000,0.0000,0.0000,False,,0.0500,0.0000,True
324,0.0,0.0837,0.0002,False,False,False,-3.2738,3.7500,-0.7345,-1.4915,1.5467,1.3776,-0.0000,-0.0000,-0.0000,-0.0000,-0.0000,-0.0000,0.1789,0.8041,-0.3140,0.0966,0.8020,-0.2600,0.0327,0.8020,-0.2600,0.2527,False,-0.0639,0.0266,0.0589,0.0410,-0.0722,-0.0541,-2.2061,grasp,0.8020,-0.2600,0.0327,0.0000,0.0000,0.0000,False,,0.0500,0.0000,False
325,0.0,0.0819,-0.0142,False,False,False,-3.2744,3.7503,-0.7339,-1.4910,1.5459,1.3770,-0.0642,0.0325,0.0596,0.0424,-0.0723,-0.0547,0.1729,0.8042,-0.3141,0.0942,0.8020,-0.2600,0.0327,0.8020,-0.2600,0.2527,False,-0.0696,-0.0307,-0.0098,-0.0079,-0.0196,-0.0389,0.0574,grasp,0.8020,-0.2600,0.0327,0.0000,0.0000,0.0000,False,,0.0500,0.0000,True
326,0.0,0.0819,-0.0132,False,False,False,-3.2745,3.7508,-0.7344,-1.4918,1.5460,1.3773,-0.0059,0.0530,-0.0501,-0.0742,0.0082,0.0331,0.2329,0.8042,-0.3141,0.0942,0.8020,-0.2600,0.0327,0.8020,-0.2600,0.2527,False,-0.0059,0.0530,-0.0501,-0.0742,0.0082,0.0331,2.8052,grasp,0.8020,-0.2600,0.0327,0.0000,0.0000,0.0000,False,,0.0500,0.0000,True
327,0.0,0.0798,-0.0185,False,False,False,-3.2732,3.7503,-0.7362,-1.4928,1.5472,1.3771,0.0945,-0.1021,-0.0525,0.0243,0.0655,-0.0551,0.2026,0.8045,-0.3131,0.0921,0.8020,-0.2600,0.0327,0.8020,-0.2600,0.2527,False,0.0496,-0.0527,-0.0286,0.0114,0.0346,-0.0284,-2.6118,grasp,0.8020,-0.2600,0.0327,0.0000,0.0000,0.0000,False,,0.0500,0.0000,False
328,0.0,0.0807,-0.0205,False,False,False,-3.2732,3.7503,-0.7362,-1.4928,1.5472,1.3771,0.0945,-0.1021,-0.0525,0.0243,0.0655,-0.0551,0.2026,0.8048,-0.3122,0.0941,0.8020,-0.2600,0.0327,0.8020,-0.2600,0.2527,False,0.0102,0.0436,0.0560,-0.0491,0.0715,0.0454,-0.3156,grasp,0.8020,-0.2600,0.0327,0.0000,0.0000,0.0000,False,,0.0500,0.0000,False
329,0.0,0.0811,-0.0036,False,False,False,-3.2716,3.7482,-0.7369,-1.4925,1.5481,1.3763,0.0000,-0.0000,-0.0000,-0.0000,0.0000,-0.0000,0.2062,0.8053,-0.3118,0.0950,0.8020,-0.2600,0.0327,0.8020,-0.2600,0.2527,False,-0.0142,-0.0475,0.0012,-0.0101,-0.0316,0.0494,3.0310,grasp,0.8020,-0.2600,0.0327,0.0000,0.0000,0.0000,False,,0.0500,0.0000,True
330,0.0,0.0811,-0.0065,False,False,False,-3.2718,3.7478,-0.7369,-1.4926,1.5478,1.3768,-0.0173,-0.0400,0.0019,-0.0104,-0.0325,0.0501,0.2262,0.8065,-0.3111,0.0955,0.8020,-0.2600,0.0327,0.8020,-0.2600,0.2527,False,-0.0559,-0.0288,0.0264,0.0218,0.0307,0.0187,-1.6340,grasp,0.8020,-0.2600,0.0327,0.0000,0.0000,0.0000,False,,0.0500,0.0000,False
331,0.0,0.0819,-0.0023,False,False,False,-3.2724,3.7475,-0.7367,-1.4924,1.5481,1.3770,0.0000,-0.0000,-0.0000,-0.0000,0.0000,-0.0000,0.2198,0.8065,-0.3114,0.0963,0.8020,-0.2600,0.0327,0.8020,-0.2600,0.2527,False,0.0760,0.0742,-0.0416,-0.0213,-0.0283,0.0730,-1.4046,grasp,0.8020,-0.2600,0.0327,0.0000,0.0000,0.0000,False,,0.0500,0.0000,False
332,0.0,0.0837,-0.0164,False,False,False,-3.2734,3.7487,-0.7367,-1.4927,1.5470,1.3793,-0.1232,0.0286,0.0233,-0.0055,-0.0500,0.1021,0.1930,0.8059,-0.3124,0.0978,0.8020,-0.2600,0.0327,0.8020,-0.2600,0.2527,False,-0.0638,0.0158,0.0119,-0.0031,-0.0266,0.0545,-2.1944,grasp,0.8020,-0.2600,0.0327,0.0000,0.0000,0.0000,False,,0.0500,0.0000,False
333,0.0,0.0857,-0.0052,False,False,False,-3.2755,3.7491,-0.7364,-1.4927,1.5463,1.3808,0.0000,-0.0000,-0.0000,-0.0000,0.0000,-0.0000,0.1969,0.8058,-0.3131,0.0998,0.8020,-0.2600,0.0327,0.8020,-0.2600,0.2527,False,-0.0509,0.0046,0.0754,0.0170,0.0052,0.0021,-0.8071,grasp,0.8020,-0.2600,0.0327,0.0000,0.0000,0.0000,False,,0.0500,0.0000,False
334,0.0,0.0882,-0.0049,False,False,False,-3.2755,3.7491,-0.7364,-1.4927,1.5463,1.3808,0.0000,-0.0000,-0.0000,-0.0000,0.0000,-0.0000,0.1969,0.8068,-0.3122,0.1036,0.8020,-0.2600,0.0327,0.8020,-0.2600,0.2527,False,-0.0349,-0.0412,0.0529,-0.0257,0.0778,0.0286,0.7141,grasp,0.8020,-0.2600,0.0327,0.0000,0.0000,0.0000,False,,0.0500,0.0000,True
335,0.0,0.0882,-0.0191,False,False,False,-3.2766,3.7485,-0.7363,-1.4919,1.5468,1.3815,-0.0643,-0.0612,-0.0685,0.0697,0.0428,0.0730,0.1992,0.8068,-0.3122,0.1036,0.8020,-0.2600,0.0327,0.8020,-0.2600,0.2527,False,-0.0647,-0.0612,-0.0677,0.0699,0.0429,0.0730,-2.5084,grasp,0.8020,-0.2600,0.0327,0.0000,0.0000,0.0000,False,,0.0500,0.0000,False
336,0.0,0.0883,-0.0169,False,False,False,-3.2766,3.7485,-0.7363,-1.4919,1.5468,1.3815,-0.0643,-0.0612,-0.0685,0.0697,0.0428,0.0730,0.1992,0.8075,-0.3117,0.1040,0.8020,-0.2600,0.0327,0.8020,-0.2600,0.2527,False,0.0157,0.0145,0.0549,0.0262,-0.0078,-0.0714,2.3548,grasp,0.8020,-0.2600,0.0327,0.0000,0.0000,0.0000,False,,0.0500,0.0000,True
337,0.0,0.0877,-0.0062,False,False,False,-3.2778,3.7470,-0.7370,-1.4906,1.5475,1.3827,0.0093,0.0144,0.0609,-0.0103,-0.0167,-0.0184,0.1721,0.8083,-0.3108,0.1039,0.8020,-0.2600,0.0327,0.8020,-0.2600,0.2527,False,0.0092,0.0140,0.0609,-0.0103,-0.0167,-0.0184,-2.9673,grasp,0.8020,-0.2600,0.0327,0.0000,0.0000,0.0000,False,,0.0500,0.0000,False
338,0.0,0.0876,-0.0015,False,False,False,-3.2777,3.7473,-0.7359,-1.4908,1.5471,1.3824,0.0000,-0.0000,-0.0000,-0.0000,0.0000,-0.0000,0.1557,0.8077,-0.3109,0.1038,0.8020,-0.2600,0.0327,0.8020,-0.2600,0.2527,False,-0.0764,0.0733,0.0345,0.0779,-0.0602,0.0511,-2.0206,grasp,0.8020,-0.2600,0.0327,0.0000,0.0000,0.0000,False,,0.0500,0.0000,False
339,0.0,0.0856,-0.0144,False,False,False,-3.2784,3.7479,-0.7355,-1.4901,1.5465,1.3829,-0.0766,0.0728,0.0333,0.0781,-0.0599,0.0514,0.1544,0.8067,-0.3112,0.1012,0.8020,-0.2600,0.0327,0.8020,-0.2600,0.2527,False,0.0554,-0.0226,-0.0770,0.0775,0.0058,-0.0072,-2.6992,grasp,0.8020,-0.2600,0.0327,0.0000,0.0000,0.0000,False,,0.0500,0.0000,False
340,0.0,0.0856,-0.0142,False,False,False,-3.2778,3.7474,-0.7360,-1.4906,1.5464,1.3835,0.0665,-0.0593,-0.0450,-0.0567,-0.0116,0.0603,0.1806,0.8067,-0.3112,0.1012,0.8020,-0.2600,0.0327,0.8020,-0.2600,0.2527,False,0.0664,-0.0592,-0.0450,-0.0567,-0.0116,0.0603,-0.5160,grasp,0.8020,-0.2600,0.0327,0.0000,0.0000,0.0000,False,,0.0500,0.0000,False
341,0.0,0.0861,-0.0148,False,False,False,-3.2766,3.7459,-0.7362,-1.4923,1.5465,1.3840,-0.0157,0.0088,0.0669,-0.0641,0.0333,-0.0662,0.2360,0.8072,-0.3110,0.1019,0.8020,-0.2600,0.0327,0.8020,-0.2600,0.2527,False,-0.0131,0.0031,0.0660,-0.0652,0.0331,-0.0651,1.9727,grasp,0.8020,-0.2600,0.0327,0.0000,0.0000,0.0000,False,,0.0500,0.0000,True
342,0.0,0.0858,-0.0007,False,False,False,-3.2769,3.7460,-0.7349,-1.4936,1.5472,1.3827,-0.0000,-0.0000,-0.0000,-0.0000,0.0000,-0.0000,0.2542,0.8077,-0.3109,0.1015,0.8020,-0.2600,0.0327,0.8020,-0.2600,0.2527,False,0.0081,-0.0504,0.0559,0.0135,0.0624,0.0475,-1.2733,grasp,0.8020,-0.2600,0.0327,0.0000,0.0000,0.0000,False,,0.0500,0.0000,False
343,0.0,0.0830,-0.0095,False,False,False,-3.2768,3.7455,-0.7343,-1.4934,1.5478,1.3832,0.0084,-0.0506,0.0546,0.0148,0.0618,0.0487,0.2526,0.8083,-0.3105,0.0982,0.8020,-0.2600,0.0327,0.8020,-0.2600,0.2527,False,0.0577,0.0493,0.0748,0.0295,0.0433,0.0424,-2.6914,grasp,0.8020,-0.2600,0.0327,0.0000,0.0000,0.0000,False,,0.0500,0.0000,False
344,0.0,0.0830,-0.0036,False,False,False,-3.2766,3.7445,-0.7333,-1.4931,1.5490,1.3841,-0.0000,-0.0000,-0.0000,-0.0000,0.0000,-0.0000,0.2454,0.8083,-0.3105,0.0982,0.8020,-0.2600,0.0327,0.8020,-0.2600,0.2527,False,-0.0527,0.0436,-0.0610,-0.0568,-0.0566,-0.0012,-1.6149,grasp,0.8020,-0.2600,0.0327,0.0000,0.0000,0.0000,False,,0.0500,0.0000,False
345,0.0,0.0825,-0.0270,False,False,False,-3.2781,3.7458,-0.7351,-1.4948,1.5473,1.3841,-0.1006,0.0850,-0.1178,-0.1084,-0.1097,-0.0040,0.2357,0.8075,-0.3111,0.0972,0.8020,-0.2600,0.0327,0.8020,-0.2600,0.2527,False,0.0125,-0.0259,-0.0488,-0.0537,0.0555,-0.0040,2.4671,grasp,0.8020,-0.2600,0.0327,0.0000,0.0000,0.0000,False,,0.0500,0.0000,True
346,0.0,0.0825,-0.0118,False,False,False,-3.2789,3.7457,-0.7354,-1.4952,1.5469,1.3845,-0.0739,-0.0129,-0.0308,-0.0363,-0.0353,0.0395,0.2957,0.8075,-0.3111,0.0972,0.8020,-0.2600,0.0327,0.8020,-0.2600,0.2527,False,-0.0740,-0.0129,-0.0308,-0.0363,-0.0353,0.0395,2.8720,grasp,0.8020,-0.2600,0.0327,0.0000,0.0000,0.0000,False,,0.0500,0.0000,True
347,0.0,0.0810,-0.0042,False,False,False,-3.2803,3.7452,-0.7362,-1.4963,1.5467,1.3854,0.0154,-0.0190,-0.0166,-0.0502,0.0437,0.0210,0.2981,0.8065,-0.3115,0.0950,0.8020,-0.2600,0.0327,0.8020,-0.2600,0.2527,False,0.0122,-0.0195,-0.0172,-0.0509,0.0431,0.0218,-1.3896,grasp,0.8020,-0.2600,0.0327,0.0000,0.0000,0.0000,False,,0.0500,0.0000,False
348,0.0,0.0782,-0.0053,False,False,False,-3.2803,3.7452,-0.7362,-1.4963,1.5467,1.3854,0.0154,-0.0190,-0.0166,-0.0502,0.0437,0.0210,0.2981,0.8062,-0.3114,0.0915,0.8020,-0.2600,0.0327,0.8020,-0.2600,0.2527,False,-0.0739,-0.0507,0.0212,-0.0597,-0.0138,-0.0533,-0.1554,grasp,0.8020,-0.2600,0.0327,0.0000,0.0000,0.0000,False,,0.0500,0.0000,False
349,0.0,0.0782,-0.0090,False,False,False,-3.2804,3.7451,-0.7370,-1.4976,1.5472,1.3860,-0.0299,0.0320,-0.0480,-0.0270,-0.0366,0.0158,0.3010,0.8062,-0.3114,0.0915,0.8020,-0.2600,0.0327,0.8020,-0.2600,0.2527,False,-0.0299,0.0320,-0.0480,-0.0270,-0.0366,0.0158,-0.7287,grasp,0.8020,-0.2600,0.0327,0.0000,0.0000,0.0000,False,,0.0500,0.0000,False
350,0.0,0.0769,-0.0074,False,False,False,-3.2804,3.7451,-0.7370,-1.4976,1.5472,1.3860,-0.0299,0.0320,-0.0480,-0.0270,-0.0366,0.0158,0.3010,0.8071,-0.3098,0.0911,0.8020,-0.2600,0.0327,0.8020,-0.2600,0.2527,False,-0.0520,-0.0584,-0.0778,0.0246,-0.0330,0.0324,-3.0263,grasp,0.8020,-0.2600,0.0327,0.0000,0.0000,0.0000,False,,0.0500,0.0000,False
351,0.0,0.0754,-0.0008,False,False,False,-3.2810,3.7457,-0.7379,-1.4981,1.5465,1.3863,0.0000,-0.0000,-0.0000,-0.0000,0.0000,-0.0000,0.2978,0.8074,-0.3100,0.0889,0.8020,-0.2600,0.0327,0.8020,-0.2600,0.2527,False,0.0325,-0.0529,0.0572,0.0569,0.0099,-0.0150,1.9844,grasp,0.8020,-0.2600,0.0327,0.0000,0.0000,0.0000,False,,0.0500,0.0000,True
352,0.0,0.0713,-0.0068,False,False,False,-3.2811,3.7458,-0.7379,-1.4973,1.5462,1.3862,-0.0526,0.0598,-0.0588,0.0189,-0.0333,0.0129,0.3578,0.8074,-0.3089,0.0843,0.8020,-0.2600,0.0327,0.8020,-0.2600,0.2527,False,-0.0523,0.0592,-0.0582,0.0195,-0.0332,0.0128,1.5171,grasp,0.8020,-0.2600,0.0327,0.0000,0.0000,0.0000,False,,0.0500,0.0000,True
353,0.0,0.0713,-0.0125,False,False,False,-3.2811,3.7458,-0.7379,-1.4973,1.5462,1.3862,-0.0526,0.0598,-0.0588,0.0189,-0.0333,0.0129,0.3578,0.8074,-0.3089,0.0843,0.8020,-0.2600,0.0327,0.8020,-0.2600,0.2527,False,-0.0089,0.0537,0.0614,0.0375,0.0005,-0.0093,1.8715,grasp,0.8020,-0.2600,0.0327,0.0000,0.0000,0.0000,False,,0.0500,0.0000,True
354,0.0,0.0695,-0.0264,False,False,False,-3.2805,3.7448,-0.7399,-1.4952,1.5463,1.3855,0.1166,-0.1460,-0.0596,0.1181,0.0466,-0.0678,0.3323,0.8074,-0.3082,0.0824,0.8020,-0.2600,0.0327,0.8020,-0.2600,0.2527,False,0.0598,-0.0754,-0.0325,0.0625,0.0239,-0.0354,-1.4909,grasp,0.8020,-0.2600,0.0327,0.0000,0.0000,0.0000,False,,0.0500,0.0000,False
355,0.0,0.0670,-0.0030,False,False,False,-3.2787,3.7416,-0.7405,-1.4938,1.5468,1.3845,-0.0118,0.0091,0.0269,-0.0356,-0.0128,0.0040,0.2828,0.8066,-0.3072,0.0800,0.8020,-0.2600,0.0327,0.8020,-0.2600,0.2527,False,-0.0073,-0.0045,0.0260,-0.0339,-0.0122,0.0031,-2.2202,grasp,0.8020,-0.2600,0.0327,0.0000,0.0000,0.0000,False,,0.0500,0.0000,False
356,0.0,0.0647,-0.0059,False,False,False,-3.2789,3.7423,-0.7403,-1.4942,1.5467,1.3845,-0.0020,0.0678,-0.0313,0.0298,0.0084,-0.0123,0.3062,0.8061,-0.3061,0.0779,0.8020,-0.2600,0.0327,0.8020,-0.2600,0.2527,False,-0.0022,0.0678,-0.0308,0.0291,0.0081,-0.0123,2.3564,grasp,0.8020,-0.2600,0.0327,0.0000,0.0000,0.0000,False,,0.0500,0.0000,True
357,0.0,0.0647,-0.0070,False,False,False,-3.2789,3.7423,-0.7403,-1.4942,1.5467,1.3845,-0.0020,0.0678,-0.0313,0.0298,0.0084,-0.0123,0.3062,0.8068,-0.3063,0.0775,0.8020,-0.2600,0.0327,0.8020,-0.2600,0.2527,False,-0.0588,0.0413,-0.0374,0.0763,-0.0608,0.0771,3.0642,grasp,0.8020,-0.2600,0.0327,0.0000,0.0000,0.0000,False,,0.0500,0.0000,True
358,0.0,0.0647,-0.0347,False,False,False,-3.2808,3.7423,-0.7423,-1.4952,1.5489,1.3822,-0.1276,-0.0905,-0.0915,-0.1031,0.1353,-0.1350,0.3862,0.8068,-0.3063,0.0775,0.8020,-0.2600,0.0327,0.8020,-0.2600,0.2527,False,-0.0670,-0.0460,-0.0488,-0.0537,0.0714,-0.0713,2.4290,grasp,0.8020,-0.2600,0.0327,0.0000,0.0000,0.0000,False,,0.0500,0.0000,True
359,0.0,0.0657,-0.0033,False,False,False,-3.2830,3.7404,-0.7436,-1.4967,1.5508,1.3803,-0.0000,-0.0000,-0.0000,-0.0000,0.0000,-0.0000,0.4122,0.8063,-0.3076,0.0778,0.8020,-0.2600,0.0327,0.8020,-0.2600,0.2527,False,-0.0347,0.0674,-0.0350,0.0416,-0.0221,0.0098,0.5182,grasp,0.8020,-0.2600,0.0327,0.0000,0.0000,0.0000,False,,0.0500,0.0000,False
360,0.0,0.0660,-0.0101,False,False,False,-3.2832,3.7411,-0.7439,-1.4963,1.5506,1.3804,-0.0297,0.0750,-0.0337,0.0431,-0.0240,0.0117,0.4176,0.8063,-0.3081,0.0777,0.8020,-0.2600,0.0327,0.8020,-0.2600,0.2527,False,-0.0075,0.0267,-0.0397,-0.0532,-0.0535,0.0366,1.0324,grasp,0.8020,-0.2600,0.0327,0.0000,0.0000,0.0000,False,,0.0500,0.0000,False
361,0.0,0.0670,-0.0152,False,False,False,-3.2831,3.7428,-0.7443,-1.4949,1.5494,1.3803,0.0779,0.0356,0.0257,0.0568,-0.0698,-0.0310,0.4624,0.8067,-0.3090,0.0781,0.8020,-0.2600,0.0327,0.8020,-0.2600,0.2527,False,0.0770,0.0377,0.0250,0.0576,-0.0703,-0.0308,2.8096,grasp,0.8020,-0.2600,0.0327,0.0000,0.0000,0.0000,False,,0.0500,0.0000,True
362,0.0,0.0663,-0.0163,False,False,False,-3.2831,3.7428,-0.7443,-1.4949,1.5494,1.3803,0.0779,0.0356,0.0257,0.0568,-0.0698,-0.0310,0.4624,0.8067,-0.3087,0.0775,0.8020,-0.2600,0.0327,0.8020,-0.2600,0.2527,False,-0.0640,0.0422,0.0153,0.0417,-0.0022,-0.0719,-1.9783,grasp,0.8020,-0.2600,0.0327,0.0000,0.0000,0.0000,False,,0.0500,0.0000,False
363,0.0,0.0650,-0.0102,False,False,False,-3.2809,3.7434,-0.7440,-1.4942,1.5485,1.3793,0.0648,-0.0093,-0.0215,-0.0430,0.0377,-0.0361,0.4618,0.8067,-0.3074,0.0769,0.8020,-0.2600,0.0327,0.8020,-0.2600,0.2527,False,0.0650,-0.0092,-0.0215,-0.0430,0.0377,-0.0361,1.0630,grasp,0.8020,-0.2600,0.0327,0.0000,0.0000,0.0000,False,,0.0500,0.0000,False
364,0.0,0.0650,-0.0114,False,False,False,-3.2803,3.7437,-0.7450,-1.4949,1.5492,1.3787,-0.0800,0.0521,-0.0592,0.0099,-0.0042,0.0050,0.4605,0.8067,-0.3074,0.0769,0.8020,-0.2600,0.0327,0.8020,-0.2600,0.2527,False,-0.0774,0.0517,-0.0596,0.0091,-0.0035,0.0043,0.1851,grasp,0.8020,-0.2600,0.0327,0.0000,0.0000,0.0000,False,,0.0500,0.0000,False
365,0.0,0.0635,-0.0122,False,False,False,-3.2821,3.7444,-0.7466,-1.4951,1.5499,1.3796,-0.0151,-0.0328,-0.0452,-0.0323,0.0786,0.0767,0.4736,0.8074,-0.3061,0.0760,0.8020,-0.2600,0.0327,0.8020,-0.2600,0.2527,False,-0.0190,-0.0318,-0.0463,-0.0321,0.0785,0.0768,1.1411,grasp,0.8020,-0.2600,0.0327,0.0000,0.0000,0.0000,False,,0.0500,0.0000,False
366,0.0,0.0635,-0.0149,False,False,False,-3.2821,3.7444,-0.7466,-1.4951,1.5499,1.3796,-0.0151,-0.0328,-0.0452,-0.0323,0.0786,0.0767,0.4736,0.8079,-0.3063,0.0758,0.8020,-0.2600,0.0327,0.8020,-0.2600,0.2527,False,-0.0385,0.0241,0.0445,0.0185,0.0381,0.0064,2.2148,grasp,0.8020,-0.2600,0.0327,0.0000,0.0000,0.0000,False,,0.0500,0.0000,True
367,0.0,0.0635,-0.0218,False,False,False,-3.2812,3.7441,-0.7487,-1.4968,1.5507,1.3830,0.0834,0.0338,-0.0770,-0.0756,-0.0466,0.1284,0.5227,0.8079,-0.3063,0.0758,0.8020,-0.2600,0.0327,0.8020,-0.2600,0.2527,False,0.0436,0.0164,-0.0414,-0.0404,-0.0230,0.0690,1.8487,grasp,0.8020,-0.2600,0.0327,0.0000,0.0000,0.0000,False,,0.0500,0.0000,False
368,0.0,0.0368,-4.9749,True,False,False,-3.2386,3.7608,-0.7880,-1.5355,1.5268,1.4486,0.0000,0.0000,-0.0000,-0.0000,-0.0000,0.0000,0.6354,0.7999,-0.2583,0.0694,0.8020,-0.2600,0.0327,0.8020,-0.2600,0.2527,False,-0.0688,-0.0643,-0.0132,0.0641,-0.0716,0.0064,1.0543,grasp,0.8020,-0.2600,0.0327,0.0000,0.0000,0.0000,False,,0.0500,0.0000,False
369,0.0,0.0407,-0.0119,False,False,False,2.9834,3.7729,-0.8084,4.8551,1.5705,1.4061,-0.0234,-0.0752,0.0623,-0.0253,0.0224,-0.0065,0.0099,0.7866,-0.2625,0.0652,0.8020,-0.2600,0.0277,0.8020,-0.2600,0.2477,True,-0.0230,-0.0753,0.0623,-0.0247,0.0225,-0.0065,-2.7346,grasp,0.8020,-0.2600,0.0277,0.0000,0.0000,0.0000,False,,0.0500,0.0000,False
370,0.0,0.0223,14.9723,True,False,False,2.9601,3.7070,-0.7474,4.8304,1.5797,1.3994,-0.0221,0.1105,-0.0689,0.1486,-0.5256,-0.0310,0.0918,0.7950,-0.2500,0.0463,0.8020,-0.2600,0.0277,0.8020,-0.2600,0.2477,True,-0.0221,-0.0128,-0.0689,-0.0201,0.0648,-0.0310,2.7494,grasp,0.8020,-0.2600,0.0277,0.0000,0.0000,0.0000,False,,0.0500,0.0000,True
371,0.0,0.0488,-0.0116,False,False,False,-0.4869,5.6681,0.8075,-1.7366,-1.5568,1.0506,0.0781,0.0626,0.0363,-0.0356,0.0052,-0.0325,0.0299,0.7941,-0.2645,0.0579,0.8020,-0.2600,0.0100,0.8020,-0.2600,0.2300,True,0.0781,0.0635,0.0368,-0.0358,0.0046,-0.0327,-1.9054,grasp,0.8020,-0.2600,0.0100,0.0000,0.0000,0.0000,False,,0.0500,0.0000,False
372,0.0,0.0457,-0.0081,False,False,False,-0.4869,5.6681,0.8075,-1.7366,-1.5568,1.0506,0.0781,0.0626,0.0363,-0.0356,0.0052,-0.0325,0.0299,0.7927,-0.2651,0.0545,0.8020,-0.2600,0.0100,0.8020,-0.2600,0.2300,True,-0.0505,-0.0638,0.0514,-0.0701,0.0129,0.0252,-1.7920,grasp,0.8020,-0.2600,0.0100,0.0000,0.0000,0.0000,False,,0.0500,0.0000,False
373,0.0,0.0546,-0.0104,False,False,False,-0.5374,5.6043,0.8589,-1.8067,-1.5438,1.0757,-0.0000,-0.0000,0.0000,-0.0000,0.0000,0.0000,0.1718,0.8031,-0.2619,0.0646,0.8020,-0.2600,0.0100,0.8020,-0.2600,0.2300,True,0.0360,-0.0493,0.0236,0.0758,0.0633,-0.0713,-2.4511,grasp,0.8020,-0.2600,0.0100,0.0000,0.0000,0.0000,False,,0.0500,0.0000,False
374,0.0,1.3883,-1.3365,False,False,False,-0.5013,5.5550,0.8824,-1.7309,-1.4806,1.0044,0.0000,-0.0000,0.0000,0.0000,0.0000,-0.0000,0.0879,0.1657,0.3734,1.0690,0.8020,-0.2600,0.0100,0.8020,-0.2600,0.2300,True,0.0780,0.0430,0.0756,0.0339,0.0597,0.0534,0.6674,grasp,0.8020,-0.2600,0.0100,0.0000,0.0000,0.0000,False,,0.0500,0.0000,True
375,0.0,1.3883,-0.0024,False,False,False,-0.5013,5.5550,0.8824,-1.7309,-1.4806,1.0044,0.0000,0.0000,0.0000,0.0000,-0.0000,0.0000,0.1279,0.1657,0.3734,1.0690,0.8020,-0.2600,0.0100,0.8020,-0.2600,0.2300,True,-0.0572,0.0268,-0.0386,-0.0607,0.0413,0.0748,-2.2803,grasp,0.8020,-0.2600,0.0100,0.0000,0.0000,0.0000,False,,0.0500,0.0000,False
376,0.0,1.3869,-0.0012,False,False,False,-0.5019,5.5553,0.8820,-1.7315,-1.4801,1.0052,-0.0572,0.0268,-0.0386,-0.0607,0.0413,0.0748,0.1479,0.1725,0.3767,1.0691,0.8020,-0.2600,0.0100,0.8020,-0.2600,0.2300,True,0.0198,0.0662,-0.0629,-0.0677,0.0454,0.0711,-0.9776,grasp,0.8020,-0.2600,0.0100,0.0000,0.0000,0.0000,False,,0.0500,0.0000,False
377,0.0,1.3854,-0.0133,False,False,False,-0.5017,5.5559,0.8814,-1.7322,-1.4797,1.0059,0.0205,0.0659,-0.0625,-0.0671,0.0450,0.0703,0.1725,0.1764,0.3772,1.0692,0.8020,-0.2600,0.0100,0.8020,-0.2600,0.2300,True,0.0489,-0.0293,0.0566,0.0332,0.0114,-0.0107,-0.1794,grasp,0.8020,-0.2600,0.0100,0.0000,0.0000,0.0000,False,,0.0500,0.0000,False
378,0.0,1.3853,-0.0264,False,False,False,-0.5038,5.5571,0.8830,-1.7305,-1.4799,1.0069,-0.1429,0.0784,0.1040,0.1067,-0.0166,0.0696,0.1807,0.1767,0.3774,1.0692,0.8020,-0.2600,0.0100,0.8020,-0.2600,0.2300,True,-0.0750,0.0412,0.0547,0.0562,-0.0087,0.0366,-2.9300,grasp,0.8020,-0.2600,0.0100,0.0000,0.0000,0.0000,False,,0.0500,0.0000,False
379,0.0,1.3853,-0.0142,False,False,False,-0.5069,5.5588,0.8846,-1.7283,-1.4795,1.0082,-0.0667,-0.0031,0.0091,0.0730,0.0638,0.0277,0.2051,0.1776,0.3782,1.0692,0.8020,-0.2600,0.0100,0.8020,-0.2600,0.2300,True,-0.0725,0.0041,0.0106,0.0745,0.0635,0.0286,1.3678,grasp,0.8020,-0.2600,0.0100,0.0000,0.0000,0.0000,False,,0.0500,0.0000,True
380,0.0,1.3878,-0.0142,False,False,False,-0.5069,5.5588,0.8846,-1.7283,-1.4795,1.0082,-0.0667,-0.0031,0.0091,0.0730,0.0638,0.0277,0.2051,0.1763,0.3824,1.0692,0.8020,-0.2600,0.0100,0.8020,-0.2600,0.2300,True,0.0318,0.0624,-0.0535,-0.0441,0.0333,0.0744,0.6923,grasp,0.8020,-0.2600,0.0100,0.0000,0.0000,0.0000,False,,0.0500,0.0000,True
381,0.0,1.3900,-0.0116,False,False,False,-0.5079,5.5583,0.8847,-1.7270,-1.4781,1.0082,0.0417,-0.0566,-0.0066,-0.0076,0.0259,-0.0519,0.2647,0.1736,0.3847,1.0691,0.8020,-0.2600,0.0100,0.8020,-0.2600,0.2300,True,0.0391,-0.0566,-0.0065,-0.0062,0.0271,-0.0514,0.9460,grasp,0.8020,-0.2600,0.0100,0.0000,0.0000,0.0000,False,,0.0500,0.0000,True
382,0.0,1.3940,-0.0143,False,False,False,-0.5079,5.5583,0.8847,-1.7270,-1.4781,1.0082,0.0417,-0.0566,-0.0066,-0.0076,0.0259,-0.0519,0.2647,0.1680,0.3876,1.0692,0.8020,-0.2600,0.0100,0.8020,-0.2600,0.2300,True,0.0132,0.0053,0.0313,0.0473,-0.0565,-0.0352,2.2694,grasp,0.8020,-0.2600,0.0100,0.0000,0.0000,0.0000,False,,0.0500,0.0000,True
383,0.0,1.3959,-0.0044,False,False,False,-0.5070,5.5572,0.8846,-1.7271,-1.4776,1.0072,0.0000,0.0000,0.0000,0.0000,-0.0000,0.0000,0.3245,0.1668,0.3904,1.0693,0.8020,-0.2600,0.0100,0.8020,-0.2600,0.2300,True,0.0597,0.0303,0.0108,0.0570,-0.0276,-0.0090,-0.1109,grasp,0.8020,-0.2600,0.0100,0.0000,0.0000,0.0000,False,,0.0500,0.0000,False
384,0.0,1.3953,-0.0328,False,False,False,-0.5049,5.5557,0.8866,-1.7284,-1.4798,1.0058,0.1034,-0.1194,0.1286,-0.1216,-0.1237,-0.0892,0.3024,0.1682,0.3905,1.0693,0.8020,-0.2600,0.0100,0.8020,-0.2600,0.2300,True,0.0550,-0.0624,0.0678,-0.0634,-0.0654,-0.0471,-1.3842,grasp,0.8020,-0.2600,0.0100,0.0000,0.0000,0.0000,False,,0.0500,0.0000,False
385,0.0,1.3961,-0.0337,False,False,False,-0.5049,5.5557,0.8866,-1.7284,-1.4798,1.0058,0.1034,-0.1194,0.1286,-0.1216,-0.1237,-0.0892,0.3024,0.1689,0.3933,1.0690,0.8020,-0.2600,0.0100,0.8020,-0.2600,0.2300,True,-0.0157,0.0538,0.0614,-0.0639,0.0478,-0.0654,2.3128,grasp,0.8020,-0.2600,0.0100,0.0000,0.0000,0.0000,False,,0.0500,0.0000,True
386,0.0,1.3960,-0.0086,False,False,False,-0.5035,5.5536,0.8890,-1.7304,-1.4813,1.0043,-0.0322,-0.0312,0.0519,-0.0324,0.0229,-0.0181,0.3345,0.1693,0.3938,1.0689,0.8020,-0.2600,0.0100,0.8020,-0.2600,0.2300,True,-0.0288,-0.0334,0.0537,-0.0341,0.0211,-0.0194,2.0206,grasp,0.8020,-0.2600,0.0100,0.0000,0.0000,0.0000,False,,0.0500,0.0000,True
387,0.0,1.3951,-0.0124,False,False,False,-0.5042,5.5532,0.8894,-1.7316,-1.4804,1.0032,-0.0050,0.0111,-0.0572,-0.0545,0.0442,-0.0770,0.3586,0.1709,0.3932,1.0689,0.8020,-0.2600,0.0100,0.8020,-0.2600,0.2300,True,-0.0057,0.0105,-0.0562,-0.0551,0.0447,-0.0774,-0.2492,grasp,0.8020,-0.2600,0.0100,0.0000,0.0000,0.0000,False,,0.0500,0.0000,False
388,0.0,1.3947,-0.0151,False,False,False,-0.5042,5.5532,0.8894,-1.7316,-1.4804,1.0032,-0.0050,0.0111,-0.0572,-0.0545,0.0442,-0.0770,0.3586,0.1707,0.3922,1.0689,0.8020,-0.2600,0.0100,0.8020,-0.2600,0.2300,True,-0.0015,-0.0622,-0.0471,0.0643,0.0127,-0.0447,-1.9876,grasp,0.8020,-0.2600,0.0100,0.0000,0.0000,0.0000,False,,0.0500,0.0000,False
389,0.0,1.3951,-0.0178,False,False,False,-0.5038,5.5529,0.8878,-1.7320,-1.4800,1.0024,0.0533,-0.0544,-0.0527,0.0650,-0.0395,0.0638,0.2996,0.1686,0.3911,1.0688,0.8020,-0.2600,0.0100,0.8020,-0.2600,0.2300,True,0.0533,-0.0544,-0.0527,0.0650,-0.0395,0.0638,-2.4680,grasp,0.8020,-0.2600,0.0100,0.0000,0.0000,0.0000,False,,0.0500,0.0000,False
390,0.0,1.3974,-0.0154,False,False,False,-0.5033,5.5520,0.8875,-1.7314,-1.4808,1.0031,-0.0619,0.0192,0.0679,-0.0619,-0.0128,-0.0543,0.3196,0.1670,0.3947,1.0688,0.8020,-0.2600,0.0100,0.8020,-0.2600,0.2300,True,-0.0602,0.0169,0.0669,-0.0606,-0.0135,-0.0531,1.8333,grasp,0.8020,-0.2600,0.0100,0.0000,0.0000,0.0000,False,,0.0500,0.0000,True
391,0.0,1.3971,-0.0131,False,False,False,-0.5033,5.5520,0.8875,-1.7314,-1.4808,1.0031,-0.0619,0.0192,0.0679,-0.0619,-0.0128,-0.0543,0.3196,0.1671,0.3941,1.0687,0.8020,-0.2600,0.0100,0.8020,-0.2600,0.2300,True,0.0765,0.0664,0.0420,-0.0658,-0.0792,0.0318,-1.4547,grasp,0.8020,-0.2600,0.0100,0.0000,0.0000,0.0000,False,,0.0500,0.0000,False
392,0.0,1.3973,-0.0169,False,False,False,-0.5041,5.5528,0.8894,-1.7332,-1.4814,1.0028,0.0473,0.0362,0.0615,-0.0646,-0.0294,0.0759,0.3039,0.1660,0.3939,1.0685,0.8020,-0.2600,0.0100,0.8020,-0.2600,0.2300,True,0.0451,0.0377,0.0628,-0.0658,-0.0297,0.0749,-2.1298,grasp,0.8020,-0.2600,0.0100,0.0000,0.0000,0.0000,False,,0.0500,0.0000,False
393,0.0,1.3980,-0.0254,False,False,False,-0.5044,5.5554,0.8908,-1.7355,-1.4832,1.0056,-0.0866,0.1141,0.0158,-0.0709,-0.0805,0.0934,0.2273,0.1659,0.3952,1.0685,0.8020,-0.2600,0.0100,0.8020,-0.2600,0.2300,True,-0.0444,0.0615,0.0095,-0.0385,-0.0429,0.0506,-2.7037,grasp,0.8020,-0.2600,0.0100,0.0000,0.0000,0.0000,False,,0.0500,0.0000,False
394,0.0,1.3980,-0.0241,False,False,False,-0.5044,5.5554,0.8908,-1.7355,-1.4832,1.0056,-0.0866,0.1141,0.0158,-0.0709,-0.0805,0.0934,0.2273,0.1663,0.3956,1.0685,0.8020,-0.2600,0.0100,0.8020,-0.2600,0.2300,True,0.0345,0.0708,0.0598,-0.0744,0.0634,0.0730,0.7240,grasp,0.8020,-0.2600,0.0100,0.0000,0.0000,0.0000,False,,0.0500,0.0000,True
395,0.0,1.3967,-0.0004,False,False,False,-0.5058,5.5575,0.8910,-1.7365,-1.4843,1.0070,0.0000,0.0000,0.0000,0.0000,-0.0000,0.0000,0.2501,0.1680,0.3945,1.0685,0.8020,-0.2600,0.0100,0.8020,-0.2600,0.2300,True,0.0379,-0.0209,-0.0051,-0.0448,0.0210,-0.0428,1.9737,grasp,0.8020,-0.2600,0.0100,0.0000,0.0000,0.0000,False,,0.0500,0.0000,True
396,0.0,1.3962,-0.0026,False,False,False,-0.5058,5.5575,0.8910,-1.7365,-1.4843,1.0070,0.0000,0.0000,0.0000,0.0000,-0.0000,0.0000,0.2501,0.1687,0.3940,1.0685,0.8020,-0.2600,0.0100,0.8020,-0.2600,0.2300,True,0.0573,0.0712,-0.0360,0.0436,0.0589,0.0191,2.6546,grasp,0.8020,-0.2600,0.0100,0.0000,0.0000,0.0000,False,,0.0500,0.0000,True
397,0.0,1.3971,-0.0146,False,False,False,-0.5049,5.5580,0.8906,-1.7365,-1.4835,1.0067,0.0570,0.0714,-0.0360,0.0440,0.0587,0.0196,0.3094,0.1673,0.3947,1.0685,0.8020,-0.2600,0.0100,0.8020,-0.2600,0.2300,True,0.0099,-0.0131,-0.0565,0.0298,-0.0221,-0.0071,2.1568,grasp,0.8020,-0.2600,0.0100,0.0000,0.0000,0.0000,False,,0.0500,0.0000,True
398,0.0,1.4010,-0.0186,False,False,False,-0.5049,5.5574,0.8906,-1.7359,-1.4832,1.0073,-0.0075,-0.0750,0.0037,0.0644,0.0350,0.0581,0.3668,0.1629,0.3985,1.0686,0.8020,-0.2600,0.0100,0.8020,-0.2600,0.2300,True,-0.0075,-0.0750,0.0037,0.0644,0.0350,0.0581,0.9486,grasp,0.8020,-0.2600,0.0100,0.0000,0.0000,0.0000,False,,0.0500,0.0000,True
399,0.0,1.4030,-0.0264,False,False,False,-0.5051,5.5560,0.8907,-1.7347,-1.4825,1.0084,-0.0142,-0.1432,0.0070,0.1224,0.0665,0.1103,0.3822,0.1596,0.3995,1.0687,0.8020,-0.2600,0.0100,0.8020,-0.2600,0.2300,True,0.0721,0.0743,-0.0239,-0.0509,-0.0596,0.0014,2.2181,grasp,0.8020,-0.2600,0.0100,0.0000,0.0000,0.0000,False,,0.0500,0.0000,True
400,0.0,1.4029,-0.0021,False,False,False,-0.5051,5.5559,0.8907,-1.7347,-1.4825,1.0084,0.0000,0.0000,0.0000,0.0000,-0.0000,0.0000,0.4021,0.1599,0.3994,1.0687,0.8020,-0.2600,0.0100,0.8020,-0.2600,0.2300,True,-0.0360,0.0077,0.0603,0.0554,-0.0397,0.0026,2.9477,grasp,0.8020,-0.2600,0.0100,0.0000,0.0000,0.0000,False,,0.0500,0.0000,True
401,0.0,1.4060,-0.0137,False,False,False,-0.5062,5.5561,0.8930,-1.7336,-1.4830,1.0087,-0.0064,-0.0086,0.0554,-0.0509,0.0613,0.0172,0.4632,0.1564,0.4030,1.0686,0.8020,-0.2600,0.0100,0.8020,-0.2600,0.2300,True,-0.0073,-0.0078,0.0565,-0.0498,0.0606,0.0173,0.4581,grasp,0.8020,-0.2600,0.0100,0.0000,0.0000,0.0000,False,,0.0500,0.0000,False
402,0.0,1.4087,-0.0063,False,False,False,-0.5063,5.5560,0.8941,-1.7345,-1.4819,1.0090,0.0000,0.0000,0.0000,0.0000,-0.0000,0.0000,0.4827,0.1519,0.4046,1.0684,0.8020,-0.2600,0.0100,0.8020,-0.2600,0.2300,True,0.0356,0.0189,0.0670,0.0561,-0.0734,-0.0547,3.0040,grasp,0.8020,-0.2600,0.0100,0.0000,0.0000,0.0000,False,,0.0500,0.0000,True
403,0.0,1.4088,-0.0183,False,False,False,-0.5060,5.5561,0.8947,-1.7340,-1.4826,1.0085,0.0357,0.0190,0.0659,0.0571,-0.0746,-0.0551,0.5023,0.1518,0.4046,1.0683,0.8020,-0.2600,0.0100,0.8020,-0.2600,0.2300,True,0.0552,-0.0235,0.0332,-0.0180,-0.0412,0.0060,2.5712,grasp,0.8020,-0.2600,0.0100,0.0000,0.0000,0.0000,False,,0.0500,0.0000,True
404,0.0,1.4102,-0.0312,False,False,False,-0.5053,5.5565,0.8960,-1.7329,-1.4840,1.0074,0.0678,0.0361,0.1252,0.1084,-0.1417,-0.1046,0.5220,0.1488,0.4047,1.0683,0.8020,-0.2600,0.0100,0.8020,-0.2600,0.2300,True,0.0554,-0.0485,0.0476,0.0532,0.0326,0.0160,1.0301,grasp,0.8020,-0.2600,0.0100,0.0000,0.0000,0.0000,False,,0.0500,0.0000,False
405,0.0,1.4102,-0.0090,False,False,False,-0.5057,5.5562,0.8966,-1.7324,-1.4844,1.0074,-0.0467,-0.0421,0.0652,0.0476,-0.0368,0.0022,0.5820,0.1488,0.4048,1.0683,0.8020,-0.2600,0.0100,0.8020,-0.2600,0.2300,True,-0.0467,-0.0420,0.0652,0.0476,-0.0368,0.0022,1.2888,grasp,0.8020,-0.2600,0.0100,0.0000,0.0000,0.0000,False,,0.0500,0.0000,False
406,0.0,1.4092,-0.0086,False,False,False,-0.5068,5.5551,0.8973,-1.7320,-1.4849,1.0073,-0.0137,-0.0331,-0.0576,-0.0484,0.0219,-0.0193,0.5658,0.1502,0.4040,1.0683,0.8020,-0.2600,0.0100,0.8020,-0.2600,0.2300,True,-0.0150,-0.0340,-0.0563,-0.0475,0.0212,-0.0192,-1.8826,grasp,0.8020,-0.2600,0.0100,0.0000,0.0000,0.0000,False,,0.0500,0.0000,False
407,0.0,1.4112,-0.0130,False,False,False,-0.5073,5.5548,0.8958,-1.7326,-1.4844,1.0077,-0.0237,0.0391,-0.0393,0.0248,0.0102,0.0773,0.5364,0.1477,0.4060,1.0682,0.8020,-0.2600,0.0100,0.8020,-0.2600,0.2300,True,-0.0239,0.0379,-0.0404,0.0239,0.0106,0.0769,0.7536,grasp,0.8020,-0.2600,0.0100,0.0000,0.0000,0.0000,False,,0.0500,0.0000,False
408,0.0,1.4129,-0.0226,False,False,False,-0.5078,5.5556,0.8950,-1.7322,-1.4842,1.0092,-0.0450,0.0737,-0.0747,0.0471,0.0193,0.1468,0.5323,0.1461,0.4081,1.0681,0.8020,-0.2600,0.0100,0.8020,-0.2600,0.2300,True,0.0327,0.0400,0.0655,-0.0591,0.0731,0.0612,-0.0655,grasp,0.8020,-0.2600,0.0100,0.0000,0.0000,0.0000,False,,0.0500,0.0000,False
409,0.0,1.4125,-0.0181,False,False,False,-0.5078,5.5556,0.8950,-1.7322,-1.4842,1.0092,-0.0450,0.0737,-0.0747,0.0471,0.0193,0.1468,0.5323,0.1467,0.4079,1.0682,0.8020,-0.2600,0.0100,0.8020,-0.2600,0.2300,True,0.0669,-0.0034,0.0760,-0.0380,0.0299,0.0558,-1.5149,grasp,0.8020,-0.2600,0.0100,0.0000,0.0000,0.0000,False,,0.0500,0.0000,False
410,0.0,1.4131,-0.0451,False,False,False,-0.5100,5.5581,0.9008,-1.7293,-1.4795,1.0134,-0.0838,0.0949,0.2180,0.1102,0.1790,0.1610,0.4911,0.1459,0.4087,1.0679,0.8020,-0.2600,0.0100,0.8020,-0.2600,0.2300,True,-0.0244,0.0276,0.0634,0.0320,0.0521,0.0468,0.4082,grasp,0.8020,-0.2600,0.0100,0.0000,0.0000,0.0000,False,,0.0500,0.0000,False
411,0.0,1.4134,-0.0520,False,False,False,-0.5110,5.5592,0.9034,-1.7280,-1.4773,1.0153,-0.0998,0.1130,0.2596,0.1312,0.2132,0.1917,0.4872,0.1449,0.4086,1.0678,0.8020,-0.2600,0.0100,0.8020,-0.2600,0.2300,True,-0.0538,0.0279,0.0032,0.0698,0.0626,0.0073,2.7722,grasp,0.8020,-0.2600,0.0100,0.0000,0.0000,0.0000,False,,0.0500,0.0000,True
412,0.0,1.4137,-0.0107,False,False,False,-0.5115,5.5603,0.9034,-1.7273,-1.4767,1.0154,-0.0524,0.0174,0.0006,0.0685,0.0605,0.0054,0.5270,0.1445,0.4087,1.0678,0.8020,-0.2600,0.0100,0.8020,-0.2600,0.2300,True,0.0566,0.0134,-0.0078,-0.0064,-0.0695,0.0054,-1.0924,grasp,0.8020,-0.2600,0.0100,0.0000,0.0000,0.0000,False,,0.0500,0.0000,False
413,0.0,1.4129,-0.0201,False,False,False,-0.5125,5.5608,0.9034,-1.7260,-1.4756,1.0155,-0.1000,0.0424,0.0012,0.1301,0.1149,0.0103,0.5470,0.1456,0.4080,1.0680,0.8020,-0.2600,0.0100,0.8020,-0.2600,0.2300,True,0.0229,-0.0573,0.0645,0.0731,-0.0529,0.0342,2.8260,grasp,0.8020,-0.2600,0.0100,0.0000,0.0000,0.0000,False,,0.0500,0.0000,True
414,0.0,1.4132,-0.0021,False,False,False,-0.5126,5.5608,0.9034,-1.7260,-1.4756,1.0155,-0.0000,0.0000,0.0000,0.0000,-0.0000,0.0000,0.5867,0.1443,0.4072,1.0680,0.8020,-0.2600,0.0100,0.8020,-0.2600,0.2300,True,-0.0531,0.0461,0.0034,-0.0315,0.0451,0.0362,-0.9501,grasp,0.8020,-0.2600,0.0100,0.0000,0.0000,0.0000,False,,0.0500,0.0000,False
415,0.0,1.4150,-0.0321,False,False,False,-0.5151,5.5594,0.9037,-1.7282,-1.4731,1.0148,-0.1354,-0.1300,0.0160,-0.1237,0.1348,-0.0681,0.6312,0.1407,0.4077,1.0679,0.8020,-0.2600,0.0100,0.8020,-0.2600,0.2300,True,-0.0717,-0.0676,0.0085,-0.0654,0.0714,-0.0355,2.3120,grasp,0.8020,-0.2600,0.0100,0.0000,0.0000,0.0000,False,,0.0500,0.0000,False
416,0.0,1.4141,-0.0136,False,False,False,-0.5174,5.5579,0.9042,-1.7295,-1.4704,1.0142,-0.0053,0.0578,0.0256,0.0474,0.0770,0.0335,0.6193,0.1429,0.4077,1.0680,0.8020,-0.2600,0.0100,0.8020,-0.2600,0.2300,True,-0.0100,0.0539,0.0258,0.0456,0.0789,0.0325,1.1139,grasp,0.8020,-0.2600,0.0100,0.0000,0.0000,0.0000,False,,0.0500,0.0000,False
417,0.0,1.4131,-0.0229,False,False,False,-0.5175,5.5590,0.9046,-1.7286,-1.4689,1.0148,-0.0129,0.1079,0.0487,0.0901,0.1462,0.0636,0.6116,0.1451,0.4075,1.0682,0.8020,-0.2600,0.0100,0.8020,-0.2600,0.2300,True,0.0506,-0.0409,0.0053,0.0268,-0.0320,0.0022,1.2996,grasp,0.8020,-0.2600,0.0100,0.0000,0.0000,0.0000,False,,0.0500,0.0000,False
418,0.0,1.4136,-0.0259,False,False,False,-0.5175,5.5590,0.9046,-1.7286,-1.4689,1.0148,-0.0129,0.1079,0.0487,0.0901,0.1462,0.0636,0.6116,0.1445,0.4077,1.0683,0.8020,-0.2600,0.0100,0.8020,-0.2600,0.2300,True,-0.0667,0.0174,0.0612,-0.0376,0.0633,-0.0343,2.6179,grasp,0.8020,-0.2600,0.0100,0.0000,0.0000,0.0000,False,,0.0500,0.0000,False
419,0.0,1.4138,-0.0464,False,False,False,-0.5112,5.5611,0.8983,-1.7282,-1.4714,1.0080,0.2427,0.0695,-0.2403,0.0134,-0.0934,-0.2569,0.5070,0.1446,0.4080,1.0685,0.8020,-0.2600,0.0100,0.8020,-0.2600,0.2300,True,0.0704,0.0205,-0.0699,0.0039,-0.0272,-0.0747,-2.7459,grasp,0.8020,-0.2600,0.0100,0.0000,0.0000,0.0000,False,,0.0500,0.0000,False
420,0.0,1.4157,-0.0478,False,False,False,-0.5112,5.5611,0.8983,-1.7282,-1.4714,1.0080,0.2427,0.0695,-0.2403,0.0134,-0.0934,-0.2569,0.5070,0.1408,0.4085,1.0683,0.8020,-0.2600,0.0100,0.8020,-0.2600,0.2300,True,-0.0582,-0.0085,-0.0749,0.0000,-0.0600,0.0746,-2.1401,grasp,0.8020,-0.2600,0.0100,0.0000,0.0000,0.0000,False,,0.0500,0.0000,False
421,0.0,1.3912,-0.0031,False,False,False,5.8065,5.6606,0.8074,-1.7684,4.6814,-5.1601,0.0407,-0.0520,0.0422,0.0468,0.0539,0.0386,0.0123,0.1836,0.3897,1.0734,0.8020,-0.2600,0.0100,0.8020,-0.2600,0.2300,False,0.0423,-0.0518,0.0424,0.0468,0.0542,0.0386,-2.6342,grasp,0.8020,-0.2600,0.0100,0.0000,0.0000,0.0000,False,,0.0500,0.0000,False
422,0.0,1.3915,-0.0134,False,False,False,5.8065,5.6606,0.8074,-1.7684,4.6814,-5.1601,0.0407,-0.0520,0.0422,0.0468,0.0539,0.0386,0.0123,0.1835,0.3904,1.0734,0.8020,-0.2600,0.0100,0.8020,-0.2600,0.2300,False,-0.0202,-0.0362,0.0707,0.0082,0.0148,-0.0708,2.2665,grasp,0.8020,-0.2600,0.0100,0.0000,0.0000,0.0000,False,,0.0500,0.0000,True
423,0.0,1.3909,-0.0011,False,False,False,5.8074,5.6596,0.8082,-1.7675,4.6825,-5.1594,-0.0000,0.0000,0.0000,0.0000,0.0000,-0.0000,0.0182,0.1838,0.3893,1.0734,0.8020,-0.2600,0.0100,0.8020,-0.2600,0.2300,False,-0.0748,0.0575,0.0029,0.0747,-0.0619,-0.0246,-2.9520,grasp,0.8020,-0.2600,0.0100,0.0000,0.0000,0.0000,False,,0.0500,0.0000,False
424,0.0,0.0498,1.3394,False,False,False,5.7317,5.6933,0.8103,-1.7471,4.6933,-5.1847,0.0000,-0.0000,-0.0000,-0.0000,0.0000,-0.0000,0.0320,0.8167,-0.2710,0.0563,0.8020,-0.2600,0.0100,0.8020,-0.2600,0.2300,False,0.0278,-0.0279,0.0449,-0.0647,0.0499,-0.0758,-0.3910,grasp,0.8020,-0.2600,0.0100,0.0000,0.0000,0.0000,False,,0.0500,0.0000,False
425,0.0,1.3892,-1.3655,False,False,False,5.7579,5.6544,0.8536,-1.8018,4.7149,-5.2591,-0.1063,-0.0572,-0.1047,-0.0931,0.0991,0.0936,0.3625,0.1662,0.3759,1.0689,0.8020,-0.2600,0.0100,0.8020,-0.2600,0.2300,False,-0.0558,-0.0304,-0.0551,-0.0495,0.0511,0.0492,-0.0356,grasp,0.8020,-0.2600,0.0100,0.0000,0.0000,0.0000,False,,0.0500,0.0000,False
426,0.0,1.3912,-0.0319,False,False,False,5.7579,5.6544,0.8536,-1.8018,4.7149,-5.2591,-0.1063,-0.0572,-0.1047,-0.0931,0.0991,0.0936,0.3625,0.1658,0.3798,1.0689,0.8020,-0.2600,0.0100,0.8020,-0.2600,0.2300,False,0.0154,-0.0714,-0.0120,0.0770,0.0085,-0.0756,-2.5337,grasp,0.8020,-0.2600,0.0100,0.0000,0.0000,0.0000,False,,0.0500,0.0000,False
427,0.0,1.3905,-0.0126,False,False,False,5.7564,5.6528,0.8520,-1.8023,4.7164,-5.2586,0.0189,-0.0693,-0.0105,0.0784,0.0071,-0.0769,0.3258,0.1663,0.3789,1.0688,0.8020,-0.2600,0.0100,0.8020,-0.2600,0.2300,False,-0.0051,-0.0093,-0.0720,-0.0604,-0.0175,0.0744,-0.8564,grasp,0.8020,-0.2600,0.0100,0.0000,0.0000,0.0000,False,,0.0500,0.0000,False
428,0.0,1.3897,-0.0006,False,False,False,5.7564,5.6528,0.8520,-1.8023,4.7164,-5.2586,-0.0000,0.0000,0.0000,0.0000,0.0000,0.0000,0.3023,0.1671,0.3779,1.0688,0.8020,-0.2600,0.0100,0.8020,-0.2600,0.2300,False,0.0676,-0.0154,-0.0061,0.0646,-0.0457,0.0053,-3.0951,grasp,0.8020,-0.2600,0.0100,0.0000,0.0000,0.0000,False,,0.0500,0.0000,False
429,0.0,1.3904,-0.0130,False,False,False,5.7570,5.6527,0.8519,-1.8017,4.7160,-5.2585,0.0676,-0.0154,-0.0061,0.0646,-0.0457,0.0053,0.2823,0.1678,0.3800,1.0689,0.8020,-0.2600,0.0100,0.8020,-0.2600,0.2300,False,-0.0427,0.0233,0.0786,0.0279,0.0613,0.0020,2.6668,grasp,0.8020,-0.2600,0.0100,0.0000,0.0000,0.0000,False,,0.0500,0.0000,True
430,0.0,1.3906,-0.0133,False,False,False,5.7591,5.6521,0.8513,-1.8008,4.7150,-5.2590,0.0669,-0.0353,-0.0532,-0.0362,-0.0106,-0.0553,0.3023,0.1683,0.3810,1.0689,0.8020,-0.2600,0.0100,0.8020,-0.2600,0.2300,False,0.0695,-0.0356,-0.0533,-0.0350,-0.0114,-0.0552,1.0483,grasp,0.8020,-0.2600,0.0100,0.0000,0.0000,0.0000,False,,0.0500,0.0000,True
431,0.0,1.3897,-0.0256,False,False,False,5.7603,5.6514,0.8503,-1.8015,4.7148,-5.2600,0.1286,-0.0676,-0.1011,-0.0688,-0.0201,-0.1050,0.3223,0.1718,0.3826,1.0689,0.8020,-0.2600,0.0100,0.8020,-0.2600,0.2300,False,0.0401,0.0050,0.0280,-0.0728,0.0104,-0.0595,-1.2634,grasp,0.8020,-0.2600,0.0100,0.0000,0.0000,0.0000,False,,0.0500,0.0000,False
432,0.0,1.3882,-0.0236,False,False,False,5.7603,5.6514,0.8503,-1.8015,4.7148,-5.2600,0.1286,-0.0676,-0.1011,-0.0688,-0.0201,-0.1050,0.3223,0.1760,0.3835,1.0688,0.8020,-0.2600,0.0100,0.8020,-0.2600,0.2300,False,0.0717,-0.0102,-0.0735,0.0080,-0.0016,-0.0396,0.8948,grasp,0.8020,-0.2600,0.0100,0.0000,0.0000,0.0000,False,,0.0500,0.0000,True
433,0.0,1.3878,-0.0547,False,False,False,5.7646,5.6465,0.8496,-1.8073,4.7091,-5.2668,0.1557,-0.1915,-0.0260,-0.2217,-0.2146,-0.2599,0.4166,0.1777,0.3845,1.0687,0.8020,-0.2600,0.0100,0.8020,-0.2600,0.2300,False,0.0454,-0.0554,-0.0076,-0.0645,-0.0624,-0.0756,2.9603,grasp,0.8020,-0.2600,0.0100,0.0000,0.0000,0.0000,False,,0.0500,0.0000,True
434,0.0,1.3882,-0.0555,False,False,False,5.7646,5.6465,0.8496,-1.8073,4.7091,-5.2668,0.1557,-0.1915,-0.0260,-0.2217,-0.2146,-0.2599,0.4166,0.1767,0.3848,1.0685,0.8020,-0.2600,0.0100,0.8020,-0.2600,0.2300,False,-0.0710,0.0106,0.0714,-0.0121,0.0580,0.0718,2.7173,grasp,0.8020,-0.2600,0.0100,0.0000,0.0000,0.0000,False,,0.0500,0.0000,True
435,0.0,1.3879,-0.0143,False,False,False,5.7668,5.6445,0.8488,-1.8104,4.7062,-5.2692,0.0077,0.0782,-0.0498,-0.0376,-0.0384,0.0724,0.3998,0.1764,0.3840,1.0684,0.8020,-0.2600,0.0100,0.8020,-0.2600,0.2300,False,0.0128,0.0709,-0.0501,-0.0403,-0.0410,0.0693,-2.4910,grasp,0.8020,-0.2600,0.0100,0.0000,0.0000,0.0000,False,,0.0500,0.0000,False
436,0.0,1.3873,-0.0268,False,False,False,5.7670,5.6459,0.8478,-1.8111,4.7055,-5.2678,0.0179,0.1435,-0.0946,-0.0715,-0.0730,0.1376,0.3798,0.1783,0.3845,1.0684,0.8020,-0.2600,0.0100,0.8020,-0.2600,0.2300,False,-0.0713,0.0495,-0.0632,-0.0158,-0.0643,0.0127,-1.1866,grasp,0.8020,-0.2600,0.0100,0.0000,0.0000,0.0000,False,,0.0500,0.0000,False
437,0.0,1.3883,-0.0302,False,False,False,5.7670,5.6459,0.8478,-1.8111,4.7055,-5.2678,0.0179,0.1435,-0.0946,-0.0715,-0.0730,0.1376,0.3798,0.1788,0.3872,1.0684,0.8020,-0.2600,0.0100,0.8020,-0.2600,0.2300,False,-0.0385,-0.0114,0.0500,-0.0459,-0.0736,0.0126,-0.0552,grasp,0.8020,-0.2600,0.0100,0.0000,0.0000,0.0000,False,,0.0500,0.0000,False
438,0.0,1.3901,-0.0274,False,False,False,5.7649,5.6442,0.8476,-1.8111,4.7035,-5.2656,-0.1130,-0.1284,-0.0481,0.0268,-0.0790,0.1387,0.4124,0.1766,0.3890,1.0684,0.8020,-0.2600,0.0100,0.8020,-0.2600,0.2300,False,-0.0597,-0.0673,-0.0248,0.0136,-0.0423,0.0731,0.9577,grasp,0.8020,-0.2600,0.0100,0.0000,0.0000,0.0000,False,,0.0500,0.0000,False
439,0.0,1.3907,-0.0038,False,False,False,5.7631,5.6421,0.8469,-1.8107,4.7024,-5.2636,0.0000,0.0000,0.0000,0.0000,0.0000,0.0000,0.4426,0.1762,0.3898,1.0684,0.8020,-0.2600,0.0100,0.8020,-0.2600,0.2300,False,-0.0743,0.0740,0.0478,-0.0688,-0.0031,0.0407,2.1620,grasp,0.8020,-0.2600,0.0100,0.0000,0.0000,0.0000,False,,0.0500,0.0000,True
440,0.0,1.3912,-0.0142,False,False,False,5.7624,5.6428,0.8474,-1.8114,4.7024,-5.2632,-0.0703,0.0788,0.0485,-0.0692,-0.0019,0.0388,0.4626,0.1743,0.3893,1.0683,0.8020,-0.2600,0.0100,0.8020,-0.2600,0.2300,False,0.0720,0.0413,0.0131,-0.0684,0.0154,-0.0518,2.4482,grasp,0.8020,-0.2600,0.0100,0.0000,0.0000,0.0000,False,,0.0500,0.0000,True
441,0.0,1.3916,-0.0322,False,False,False,5.7611,5.6443,0.8483,-1.8127,4.7023,-5.2625,-0.1362,0.1472,0.0921,-0.1315,-0.0037,0.0737,0.4826,0.1730,0.3889,1.0682,0.8020,-0.2600,0.0100,0.8020,-0.2600,0.2300,False,0.0149,-0.0664,0.0703,-0.0321,0.0298,0.0566,0.2679,grasp,0.8020,-0.2600,0.0100,0.0000,0.0000,0.0000,False,,0.0500,0.0000,False
442,0.0,1.3915,-0.0027,False,False,False,5.7609,5.6449,0.8483,-1.8127,4.7023,-5.2625,-0.0000,0.0000,0.0000,0.0000,0.0000,0.0000,0.4842,0.1719,0.3878,1.0682,0.8020,-0.2600,0.0100,0.8020,-0.2600,0.2300,False,-0.0022,0.0356,-0.0131,0.0354,-0.0076,-0.0610,0.9608,grasp,0.8020,-0.2600,0.0100,0.0000,0.0000,0.0000,False,,0.0500,0.0000,False
443,0.0,1.3926,-0.0195,False,False,False,5.7616,5.6465,0.8477,-1.8125,4.7013,-5.2644,0.0723,0.0609,-0.0243,-0.0796,-0.0783,-0.0154,0.5140,0.1716,0.3896,1.0682,0.8020,-0.2600,0.0100,0.8020,-0.2600,0.2300,False,0.0723,0.0620,-0.0245,-0.0789,-0.0784,-0.0165,1.6496,grasp,0.8020,-0.2600,0.0100,0.0000,0.0000,0.0000,False,,0.0500,0.0000,False
444,0.0,1.3929,-0.0154,False,False,False,5.7631,5.6479,0.8479,-1.8148,4.7005,-5.2653,0.0006,0.0087,0.0605,-0.0764,0.0674,-0.0595,0.4836,0.1718,0.3904,1.0683,0.8020,-0.2600,0.0100,0.8020,-0.2600,0.2300,False,0.0034,0.0110,0.0600,-0.0780,0.0659,-0.0598,-1.3855,grasp,0.8020,-0.2600,0.0100,0.0000,0.0000,0.0000,False,,0.0500,0.0000,False
445,0.0,1.3920,-0.0257,False,False,False,5.7631,5.6481,0.8490,-1.8162,4.7018,-5.2664,0.0026,0.0177,0.1150,-0.1452,0.1280,-0.1130,0.4636,0.1731,0.3899,1.0682,0.8020,-0.2600,0.0100,0.8020,-0.2600,0.2300,False,-0.0594,0.0216,-0.0400,-0.0242,-0.0570,0.0578,-2.2318,grasp,0.8020,-0.2600,0.0100,0.0000,0.0000,0.0000,False,,0.0500,0.0000,False
446,0.0,1.3922,-0.0261,False,False,False,5.7631,5.6481,0.8490,-1.8162,4.7018,-5.2664,0.0026,0.0177,0.1150,-0.1452,0.1280,-0.1130,0.4636,0.1738,0.3909,1.0681,0.8020,-0.2600,0.0100,0.8020,-0.2600,0.2300,False,0.0085,-0.0436,-0.0444,0.0687,-0.0630,0.0692,1.9167,grasp,0.8020,-0.2600,0.0100,0.0000,0.0000,0.0000,False,,0.0500,0.0000,True
447,0.0,1.3928,-0.0866,False,False,False,5.7582,5.6519,0.8548,-1.8194,4.7032,-5.2660,-0.1892,-0.1787,0.2278,0.1685,0.9202,0.0181,0.5411,0.1719,0.3907,1.0680,0.8020,-0.2600,0.0100,0.8020,-0.2600,0.2300,False,-0.0549,0.0584,0.0663,-0.0534,-0.0305,0.0053,2.3961,grasp,0.8020,-0.2600,0.0100,0.0000,0.0000,0.0000,False,,0.0500,0.0000,True
448,0.0,1.3937,-0.0864,False,False,False,5.7582,5.6519,0.8548,-1.8194,4.7032,-5.2660,-0.1892,-0.1787,0.2278,0.1685,0.9202,0.0181,0.5411,0.1710,0.3918,1.0680,0.8020,-0.2600,0.0100,0.8020,-0.2600,0.2300,False,0.0206,0.0630,0.0464,-0.0643,-0.0075,0.0338,0.0047,grasp,0.8020,-0.2600,0.0100,0.0000,0.0000,0.0000,False,,0.0500,0.0000,False
449,0.0,1.3935,-0.0192,False,False,False,5.7557,5.6496,0.8575,-1.8167,4.7154,-5.2657,0.0000,-0.0285,-0.0000,0.1428,0.2060,-0.0000,0.5578,0.1725,0.3928,1.0680,0.8020,-0.2600,0.0100,0.8020,-0.2600,0.2300,False,-0.0182,0.0238,-0.0445,-0.0533,0.0370,0.0046,2.3674,grasp,0.8020,-0.2600,0.0100,0.0000,0.0000,0.0000,False,,0.0500,0.0000,True
450,0.0,1.3921,-0.0348,False,False,False,5.7555,5.6495,0.8571,-1.8143,4.7186,-5.2657,-0.0180,-0.0211,-0.0445,0.2697,0.3560,0.0046,0.5722,0.1756,0.3930,1.0679,0.8020,-0.2600,0.0100,0.8020,-0.2600,0.2300,False,-0.0255,-0.0231,-0.0560,-0.0146,-0.0284,0.0420,-3.0375,grasp,0.8020,-0.2600,0.0100,0.0000,0.0000,0.0000,False,,0.0500,0.0000,False
451,0.0,1.3916,-0.0008,False,False,False,5.7555,5.6492,0.8571,-1.8132,4.7202,-5.2657,0.0000,0.0000,0.0000,0.0000,0.0000,0.0000,0.5545,0.1763,0.3924,1.0680,0.8020,-0.2600,0.0100,0.8020,-0.2600,0.2300,False,-0.0730,0.0041,0.0328,0.0257,-0.0060,0.0057,1.3821,grasp,0.8020,-0.2600,0.0100,0.0000,0.0000,0.0000,False,,0.0500,0.0000,False
452,0.0,1.3916,-0.0213,False,False,False,5.7556,5.6475,0.8588,-1.8131,4.7229,-5.2668,0.0471,-0.1066,0.0919,-0.0094,0.0977,-0.0730,0.5550,0.1754,0.3916,1.0679,0.8020,-0.2600,0.0100,0.8020,-0.2600,0.2300,False,0.0241,-0.0562,0.0487,-0.0045,0.0529,-0.0384,1.1833,grasp,0.8020,-0.2600,0.0100,0.0000,0.0000,0.0000,False,,0.0500,0.0000,False
453,0.0,1.3931,-0.0202,False,False,False,5.7555,5.6466,0.8593,-1.8140,4.7247,-5.2675,-0.0787,0.0659,-0.0792,-0.0725,0.0435,0.0340,0.5364,0.1732,0.3928,1.0679,0.8020,-0.2600,0.0100,0.8020,-0.2600,0.2300,False,-0.0776,0.0639,-0.0779,-0.0726,0.0449,0.0330,0.4607,grasp,0.8020,-0.2600,0.0100,0.0000,0.0000,0.0000,False,,0.0500,0.0000,False
454,0.0,1.3941,-0.0184,False,False,False,5.7555,5.6466,0.8593,-1.8140,4.7247,-5.2675,-0.0787,0.0659,-0.0792,-0.0725,0.0435,0.0340,0.5364,0.1726,0.3942,1.0680,0.8020,-0.2600,0.0100,0.8020,-0.2600,0.2300,False,0.0399,-0.0585,0.0659,-0.0737,-0.0621,-0.0078,0.6795,grasp,0.8020,-0.2600,0.0100,0.0000,0.0000,0.0000,False,,0.0500,0.0000,False
455,0.0,1.3938,-0.0329,False,False,False,5.7541,5.6479,0.8578,-1.8154,4.7255,-5.2668,-0.1496,0.1248,-0.1505,-0.1377,0.0826,0.0647,0.5286,0.1727,0.3936,1.0681,0.8020,-0.2600,0.0100,0.8020,-0.2600,0.2300,False,0.0291,0.0188,0.0719,-0.0658,0.0452,-0.0516,2.8733,grasp,0.8020,-0.2600,0.0100,0.0000,0.0000,0.0000,False,,0.0500,0.0000,True
456,0.0,1.3909,0.0003,False,False,False,5.7538,5.6479,0.8578,-1.8154,4.7255,-5.2668,0.0000,0.0000,0.0000,0.0000,0.0000,0.0000,0.5682,0.1770,0.3904,1.0687,0.8020,-0.2600,0.0100,0.8020,-0.2600,0.2300,False,-0.0297,0.0050,-0.0073,-0.0558,-0.0261,-0.0239,2.6839,grasp,0.8020,-0.2600,0.0100,0.0000,0.0000,0.0000,False,,0.0500,0.0000,True
457,0.0,1.3898,-0.0071,False,False,False,5.7526,5.6475,0.8574,-1.8169,4.7247,-5.2675,-0.0327,-0.0646,-0.0211,0.0066,-0.0040,0.0023,0.6315,0.1798,0.3902,1.0691,0.8020,-0.2600,0.0100,0.8020,-0.2600,0.2300,False,-0.0334,-0.0645,-0.0213,0.0056,-0.0045,0.0019,2.5892,grasp,0.8020,-0.2600,0.0100,0.0000,0.0000,0.0000,False,,0.0500,0.0000,False
458,0.0,1.3904,-0.0131,False,False,False,5.7513,5.6463,0.8575,-1.8168,4.7241,-5.2678,-0.0718,0.0089,0.0501,-0.0024,-0.0593,-0.0415,0.6014,0.1799,0.3915,1.0691,0.8020,-0.2600,0.0100,0.8020,-0.2600,0.2300,False,-0.0726,0.0066,0.0497,-0.0023,-0.0594,-0.0414,-3.0688,grasp,0.8020,-0.2600,0.0100,0.0000,0.0000,0.0000,False,,0.0500,0.0000,False
459,0.0,1.3899,-0.0224,False,False,False,5.7500,5.6465,0.8584,-1.8169,4.7229,-5.2686,-0.1370,0.0157,0.0951,-0.0045,-0.1127,-0.0788,0.5814,0.1811,0.3916,1.0691,0.8020,-0.2600,0.0100,0.8020,-0.2600,0.2300,False,-0.0475,-0.0301,-0.0545,-0.0762,-0.0322,-0.0132,-0.1003,grasp,0.8020,-0.2600,0.0100,0.0000,0.0000,0.0000,False,,0.0500,0.0000,False
460,0.0,1.3897,-0.0214,False,False,False,5.7500,5.6465,0.8584,-1.8169,4.7229,-5.2686,-0.1370,0.0157,0.0951,-0.0045,-0.1127,-0.0788,0.5814,0.1808,0.3914,1.0688,0.8020,-0.2600,0.0100,0.8020,-0.2600,0.2300,False,-0.0742,-0.0294,-0.0263,0.0212,-0.0760,-0.0118,0.0851,grasp,0.8020,-0.2600,0.0100,0.0000,0.0000,0.0000,False,,0.0500,0.0000,False
461,0.0,1.3889,-0.0308,False,False,False,5.7470,5.6429,0.8588,-1.8131,4.7211,-5.2683,-0.1337,-0.1807,0.0196,0.1814,-0.0913,0.0152,0.4819,0.1818,0.3909,1.0686,0.8020,-0.2600,0.0100,0.8020,-0.2600,0.2300,False,-0.0495,-0.0664,0.0072,0.0669,-0.0337,0.0056,-1.7305,grasp,0.8020,-0.2600,0.0100,0.0000,0.0000,0.0000,False,,0.0500,0.0000,False
462,0.0,1.3889,-0.0395,False,False,False,5.7453,5.6406,0.8591,-1.8108,4.7199,-5.2681,-0.1697,-0.2293,0.0249,0.2301,-0.1159,0.0192,0.4619,0.1815,0.3905,1.0687,0.8020,-0.2600,0.0100,0.8020,-0.2600,0.2300,False,-0.0089,-0.0220,-0.0720,0.0591,0.0147,0.0152,-2.4472,grasp,0.8020,-0.2600,0.0100,0.0000,0.0000,0.0000,False,,0.0500,0.0000,False
463,0.0,1.3916,-0.0182,False,False,False,5.7449,5.6398,0.8570,-1.8092,4.7204,-5.2677,-0.0115,-0.0351,-0.1372,0.1080,0.0301,0.0286,0.4019,0.1763,0.3914,1.0686,0.8020,-0.2600,0.0100,0.8020,-0.2600,0.2300,False,0.0018,-0.0688,-0.0223,0.0729,-0.0267,0.0019,-2.2047,grasp,0.8020,-0.2600,0.0100,0.0000,0.0000,0.0000,False,,0.0500,0.0000,False
464,0.0,1.3932,-0.0036,False,False,False,5.7449,5.6398,0.8570,-1.8092,4.7204,-5.2677,-0.0000,0.0000,0.0000,0.0000,-0.0000,0.0000,0.3819,0.1727,0.3914,1.0686,0.8020,-0.2600,0.0100,0.8020,-0.2600,0.2300,False,-0.0438,-0.0403,-0.0497,-0.0454,-0.0570,-0.0471,2.4212,grasp,0.8020,-0.2600,0.0100,0.0000,0.0000,0.0000,False,,0.0500,0.0000,True
465,0.0,1.3942,-0.0037,False,False,False,5.7449,5.6398,0.8570,-1.8092,4.7204,-5.2677,0.0000,0.0000,0.0000,0.0000,0.0000,0.0000,0.4211,0.1696,0.3907,1.0685,0.8020,-0.2600,0.0100,0.8020,-0.2600,0.2300,False,0.0537,-0.0622,0.0399,0.0628,0.0509,-0.0680,2.6971,grasp,0.8020,-0.2600,0.0100,0.0000,0.0000,0.0000,False,,0.0500,0.0000,True
466,0.0,1.3951,-0.0119,False,False,False,5.7448,5.6393,0.8576,-1.8084,4.7206,-5.2677,-0.0741,0.0093,0.0220,0.0106,-0.0236,0.0697,0.4807,0.1673,0.3903,1.0685,0.8020,-0.2600,0.0100,0.8020,-0.2600,0.2300,False,-0.0734,0.0087,0.0224,0.0112,-0.0231,0.0690,-0.7791,grasp,0.8020,-0.2600,0.0100,0.0000,0.0000,0.0000,False,,0.0500,0.0000,False
467,0.0,1.3960,-0.0169,False,False,False,5.7448,5.6384,0.8589,-1.8085,4.7201,-5.2660,0.1085,-0.0675,0.0543,-0.0174,-0.0084,0.0200,0.5392,0.1656,0.3908,1.0685,0.8020,-0.2600,0.0100,0.8020,-0.2600,0.2300,False,0.0548,-0.0353,0.0290,-0.0090,-0.0049,0.0118,1.8966,grasp,0.8020,-0.2600,0.0100,0.0000,0.0000,0.0000,False,,0.0500,0.0000,False
468,0.0,1.3960,-0.0129,False,False,False,5.7448,5.6384,0.8589,-1.8085,4.7201,-5.2660,0.1085,-0.0675,0.0543,-0.0174,-0.0084,0.0200,0.5392,0.1630,0.3880,1.0686,0.8020,-0.2600,0.0100,0.8020,-0.2600,0.2300,False,-0.0626,-0.0589,0.0201,-0.0643,-0.0050,0.0425,0.8718,grasp,0.8020,-0.2600,0.0100,0.0000,0.0000,0.0000,False,,0.0500,0.0000,False
469,0.0,1.3963,-0.0213,False,False,False,5.7464,5.6375,0.8596,-1.8087,4.7199,-5.2658,0.1539,-0.0963,0.0775,-0.0248,-0.0120,0.0285,0.5494,0.1636,0.3891,1.0686,0.8020,-0.2600,0.0100,0.8020,-0.2600,0.2300,False,-0.0626,0.0073,-0.0715,-0.0029,0.0784,0.0737,0.1900,grasp,0.8020,-0.2600,0.0100,0.0000,0.0000,0.0000,False,,0.0500,0.0000,False
470,0.0,1.3971,-0.0289,False,False,False,5.7430,5.6416,0.8564,-1.8092,4.7159,-5.2654,-0.1752,0.2000,-0.1573,-0.0249,-0.1957,0.0174,0.4656,0.1631,0.3903,1.0686,0.8020,-0.2600,0.0100,0.8020,-0.2600,0.2300,False,-0.0642,0.0738,-0.0581,-0.0092,-0.0722,0.0064,-2.2660,grasp,0.8020,-0.2600,0.0100,0.0000,0.0000,0.0000,False,,0.0500,0.0000,False
471,0.0,1.4005,-0.0151,False,False,False,-0.4376,4.7557,-0.2251,-1.2838,-0.1042,1.3983,-0.0490,0.0018,0.0462,0.0578,0.0746,0.0672,0.0400,0.1664,0.4011,1.0684,0.8020,-0.2600,0.0100,0.8020,-0.2600,0.2300,False,-0.0505,0.0018,0.0462,0.0578,0.0747,0.0759,1.4459,grasp,0.8020,-0.2600,0.0100,0.0000,0.0000,0.0000,False,,0.0500,0.0000,True
472,0.0,1.4001,-0.0103,False,False,False,-0.4382,4.7560,-0.2237,-1.2828,-0.1035,1.3998,0.0362,0.0182,0.0525,-0.0078,-0.0723,0.0286,0.0531,0.1668,0.4007,1.0684,0.8020,-0.2600,0.0100,0.8020,-0.2600,0.2300,False,0.0353,0.0184,0.0534,-0.0067,-0.0709,0.0299,-3.0408,grasp,0.8020,-0.2600,0.0100,0.0000,0.0000,0.0000,False,,0.0500,0.0000,False
473,0.0,1.3997,-0.0273,False,False,False,-0.4370,4.7584,-0.2229,-1.2840,-0.1026,1.3982,0.0359,0.1356,-0.0107,-0.0699,0.1487,-0.1439,0.1089,0.1671,0.4002,1.0684,0.8020,-0.2600,0.0100,0.8020,-0.2600,0.2300,False,0.0196,0.0717,-0.0046,-0.0369,0.0769,-0.0752,2.9669,grasp,0.8020,-0.2600,0.0100,0.0000,0.0000,0.0000,False,,0.0500,0.0000,True
474,0.0,1.4007,-0.0142,False,False,False,-0.4366,4.7612,-0.2238,-1.2852,-0.1007,1.3966,-0.0111,0.0622,-0.0776,-0.0198,-0.0168,0.0506,0.1313,0.1657,0.4011,1.0684,0.8020,-0.2600,0.0100,0.8020,-0.2600,0.2300,False,-0.0106,0.0674,-0.0777,-0.0208,-0.0146,0.0485,-2.1729,grasp,0.8020,-0.2600,0.0100,0.0000,0.0000,0.0000,False,,0.0500,0.0000,False
475,0.0,0.0515,1.3347,False,False,False,-0.4474,4.8261,-0.3007,-1.3055,-0.1165,1.4473,0.0155,0.0295,-0.0012,-0.0759,0.0739,0.0581,0.1131,0.8151,-0.2507,0.0589,0.8020,-0.2600,0.0100,0.8020,-0.2600,0.2300,False,0.0155,0.0295,-0.0012,-0.0759,0.0739,0.0581,-2.5979,grasp,0.8020,-0.2600,0.0100,0.0000,0.0000,0.0000,False,,0.0500,0.0000,False
476,0.0,0.0481,14.9816,True,False,False,-0.4472,4.8279,-0.2998,-1.3053,-0.1135,1.4497,-0.0054,0.0847,0.0568,0.1126,0.1077,0.0855,0.1687,0.8147,-0.2517,0.0556,0.8020,-0.2600,0.0100,0.8020,-0.2600,0.2300,False,-0.0025,0.0451,0.0299,0.0578,0.0581,0.0461,3.0769,grasp,0.8020,-0.2600,0.0100,0.0000,0.0000,0.0000,False,,0.0500,0.0000,True
477,0.0,1.3895,-0.0030,False,False,False,-0.4513,4.7557,-0.2256,-1.2844,-0.1041,1.4753,0.0000,-0.0000,-0.0000,0.0000,-0.0000,0.0000,0.0061,0.1668,0.3769,1.0690,0.8020,-0.2600,0.0099,0.8020,-0.2600,0.2299,False,0.0224,0.0317,0.0384,-0.0345,0.0454,-0.0410,-2.6629,grasp,0.8020,-0.2600,0.0099,0.0000,0.0000,0.0000,False,,0.0500,0.0000,False
478,0.0,1.3904,-0.0043,False,False,False,-0.4506,4.7567,-0.2245,-1.2854,-0.1028,1.4741,0.0000,-0.0000,-0.0000,0.0000,-0.0000,0.0000,0.0337,0.1673,0.3793,1.0690,0.8020,-0.2600,0.0099,0.8020,-0.2600,0.2299,False,0.0326,0.0401,0.0550,0.0505,-0.0799,-0.0546,-1.6640,grasp,0.8020,-0.2600,0.0099,0.0000,0.0000,0.0000,False,,0.0500,0.0000,False
479,0.0,1.3915,-0.0322,False,False,False,-0.4484,4.7590,-0.2243,-1.2859,-0.1057,1.4753,0.1289,0.1275,-0.0205,-0.0672,-0.1358,0.1130,0.1089,0.1690,0.3832,1.0690,0.8020,-0.2600,0.0099,0.8020,-0.2600,0.2299,False,0.0682,0.0675,-0.0102,-0.0349,-0.0723,0.0589,2.6127,grasp,0.8020,-0.2600,0.0099,0.0000,0.0000,0.0000,False,,0.0500,0.0000,True
480,0.0,1.3922,-0.0194,False,False,False,-0.4459,4.7604,-0.2239,-1.2863,-0.1077,1.4761,0.0669,-0.0587,0.0633,0.0593,-0.0079,-0.0790,0.1681,0.1700,0.3859,1.0691,0.8020,-0.2600,0.0099,0.8020,-0.2600,0.2299,False,0.0687,-0.0547,0.0630,0.0583,-0.0099,-0.0774,2.2818,grasp,0.8020,-0.2600,0.0099,0.0000,0.0000,0.0000,False,,0.0500,0.0000,True
481,0.0,1.3900,-0.0137,False,False,False,-0.4439,4.7598,-0.2220,-1.2858,-0.1084,1.4746,0.0671,0.0583,0.0685,-0.0628,-0.0604,-0.0043,0.2277,0.1750,0.3856,1.0691,0.8020,-0.2600,0.0099,0.8020,-0.2600,0.2299,False,0.0684,0.0567,0.0697,-0.0617,-0.0606,-0.0058,-2.0100,grasp,0.8020,-0.2600,0.0099,0.0000,0.0000,0.0000,False,,0.0500,0.0000,False
482,0.0,1.3908,-0.0236,False,False,False,-0.4405,4.7631,-0.2213,-1.2892,-0.1098,1.4746,0.1374,0.1361,-0.0400,-0.1435,-0.0111,0.0099,0.3070,0.1751,0.3875,1.0692,0.8020,-0.2600,0.0099,0.8020,-0.2600,0.2299,False,0.0736,0.0737,-0.0198,-0.0767,-0.0070,0.0051,1.2153,grasp,0.8020,-0.2600,0.0099,0.0000,0.0000,0.0000,False,,0.0500,0.0000,True
483,0.0,1.3924,-0.0152,False,False,False,-0.4391,4.7649,-0.2215,-1.2919,-0.1104,1.4749,-0.0532,-0.0414,0.0430,-0.0674,-0.0475,0.0139,0.3376,0.1740,0.3895,1.0694,0.8020,-0.2600,0.0099,0.8020,-0.2600,0.2299,False,-0.0512,-0.0376,0.0424,-0.0694,-0.0477,0.0141,-0.2429,grasp,0.8020,-0.2600,0.0099,0.0000,0.0000,0.0000,False,,0.0500,0.0000,False
484,0.0,1.3950,-0.0174,False,False,False,-0.4394,4.7644,-0.2200,-1.2931,-0.1117,1.4759,0.0722,0.0342,0.0634,0.0026,-0.0453,0.0664,0.3102,0.1704,0.3917,1.0693,0.8020,-0.2600,0.0099,0.8020,-0.2600,0.2299,False,0.0712,0.0334,0.0642,0.0013,-0.0462,0.0667,-1.7273,grasp,0.8020,-0.2600,0.0099,0.0000,0.0000,0.0000,False,,0.0500,0.0000,False
485,0.0,1.3951,-0.0088,False,False,False,-0.4384,4.7647,-0.2188,-1.2934,-0.1124,1.4775,-0.0327,-0.0435,0.0018,-0.0334,0.0175,0.0395,0.3094,0.1706,0.3923,1.0693,0.8020,-0.2600,0.0099,0.8020,-0.2600,0.2299,False,-0.0313,-0.0420,0.0030,-0.0333,0.0166,0.0407,-0.3040,grasp,0.8020,-0.2600,0.0099,0.0000,0.0000,0.0000,False,,0.0500,0.0000,False
486,0.0,1.3982,-0.0183,False,False,False,-0.4400,4.7628,-0.2179,-1.2955,-0.1123,1.4788,-0.0137,0.0185,0.0775,-0.0520,-0.0684,-0.0547,0.2863,0.1673,0.3962,1.0689,0.8020,-0.2600,0.0099,0.8020,-0.2600,0.2299,False,-0.0146,0.0162,0.0776,-0.0529,-0.0679,-0.0536,-1.9966,grasp,0.8020,-0.2600,0.0099,0.0000,0.0000,0.0000,False,,0.0500,0.0000,False
487,0.0,1.3982,-0.0108,False,False,False,-0.4397,4.7639,-0.2164,-1.2962,-0.1137,1.4783,0.0605,0.0701,0.0056,0.0243,-0.0136,0.0572,0.2966,0.1673,0.3965,1.0688,0.8020,-0.2600,0.0099,0.8020,-0.2600,0.2299,False,0.0603,0.0714,0.0071,0.0233,-0.0149,0.0561,0.0025,grasp,0.8020,-0.2600,0.0099,0.0000,0.0000,0.0000,False,,0.0500,0.0000,False
488,0.0,1.3978,-0.0096,False,False,False,-0.4383,4.7651,-0.2162,-1.2966,-0.1146,1.4795,0.0230,-0.0306,0.0127,-0.0787,-0.0589,0.0067,0.3464,0.1674,0.3954,1.0689,0.8020,-0.2600,0.0099,0.8020,-0.2600,0.2299,False,0.0241,-0.0277,0.0128,-0.0783,-0.0592,0.0078,2.5794,grasp,0.8020,-0.2600,0.0099,0.0000,0.0000,0.0000,False,,0.0500,0.0000,True
489,0.0,1.4010,-0.0199,False,False,False,-0.4379,4.7643,-0.2154,-1.2996,-0.1175,1.4790,-0.0722,0.0706,0.0241,0.0603,-0.0221,-0.0753,0.4260,0.1631,0.3982,1.0688,0.8020,-0.2600,0.0099,0.8020,-0.2600,0.2299,False,-0.0716,0.0692,0.0244,0.0581,-0.0236,-0.0751,-1.1598,grasp,0.8020,-0.2600,0.0099,0.0000,0.0000,0.0000,False,,0.0500,0.0000,False
490,0.0,1.4011,-0.0172,False,False,False,-0.4400,4.7655,-0.2157,-1.2989,-0.1186,1.4773,-0.0715,-0.0482,-0.0760,-0.0427,-0.0614,-0.0277,0.4843,0.1634,0.3989,1.0688,0.8020,-0.2600,0.0099,0.8020,-0.2600,0.2299,False,-0.0729,-0.0428,-0.0756,-0.0415,-0.0618,-0.0292,2.9625,grasp,0.8020,-0.2600,0.0099,0.0000,0.0000,0.0000,False,,0.0500,0.0000,True
491,0.0,1.4000,0.0000,False,False,False,-0.4414,4.7645,-0.2171,-1.2997,-0.1197,1.4768,0.0000,-0.0000,-0.0000,0.0000,-0.0000,0.0000,0.5240,0.1650,0.3978,1.0689,0.8020,-0.2600,0.0099,0.8020,-0.2600,0.2299,False,0.0014,-0.0744,0.0116,0.0511,-0.0314,-0.0220,3.0900,grasp,0.8020,-0.2600,0.0099,0.0000,0.0000,0.0000,False,,0.0500,0.0000,True
492,0.0,1.4000,-0.0187,False,False,False,-0.4413,4.7624,-0.2167,-1.2982,-0.1206,1.4762,0.0053,-0.1384,0.0248,0.0986,-0.0574,-0.0407,0.5635,0.1653,0.3983,1.0688,0.8020,-0.2600,0.0099,0.8020,-0.2600,0.2299,False,-0.0681,0.0562,-0.0367,-0.0344,-0.0171,-0.0212,1.1833,grasp,0.8020,-0.2600,0.0099,0.0000,0.0000,0.0000,False,,0.0500,0.0000,False
493,0.0,1.4009,-0.0030,False,False,False,-0.4420,4.7628,-0.2171,-1.2985,-0.1208,1.4760,-0.0000,-0.0000,-0.0000,0.0000,-0.0000,0.0000,0.6150,0.1644,0.3994,1.0688,0.8020,-0.2600,0.0099,0.8020,-0.2600,0.2299,False,0.0613,-0.0580,0.0587,0.0441,-0.0127,0.0671,2.4734,grasp,0.8020,-0.2600,0.0099,0.0000,0.0000,0.0000,False,,0.0500,0.0000,False
494,0.0,1.4003,-0.0404,False,False,False,-0.4385,4.7596,-0.2138,-1.2960,-0.1215,1.4797,0.1680,-0.1590,0.1601,0.1204,-0.0339,0.1825,0.6421,0.1652,0.3986,1.0688,0.8020,-0.2600,0.0099,0.8020,-0.2600,0.2299,False,0.0045,0.0641,0.0051,0.0380,-0.0283,0.0319,-1.0999,grasp,0.8020,-0.2600,0.0099,0.0000,0.0000,0.0000,False,,0.0500,0.0000,False
495,0.0,1.3982,-0.0120,False,False,False,-0.4378,4.7601,-0.2139,-1.2954,-0.1219,1.4800,0.0683,0.0756,-0.0075,0.0589,-0.0382,0.0212,0.5821,0.1672,0.3960,1.0690,0.8020,-0.2600,0.0099,0.8020,-0.2600,0.2299,False,0.0683,0.0754,-0.0075,0.0589,-0.0382,0.0212,-1.4359,grasp,0.8020,-0.2600,0.0099,0.0000,0.0000,0.0000,False,,0.0500,0.0000,False
496,0.0,1.3971,-0.0246,False,False,False,-0.4386,4.7631,-0.2147,-1.2923,-0.1216,1.4795,-0.1325,0.0911,-0.0467,0.1293,0.0664,-0.0581,0.5021,0.1679,0.3940,1.0692,0.8020,-0.2600,0.0099,0.8020,-0.2600,0.2299,False,-0.0684,0.0500,-0.0247,0.0692,0.0342,-0.0302,-2.1631,grasp,0.8020,-0.2600,0.0099,0.0000,0.0000,0.0000,False,,0.0500,0.0000,False
497,0.0,1.3957,0.0000,False,False,False,-0.4428,4.7664,-0.2162,-1.2882,-0.1194,1.4776,0.0000,-0.0000,-0.0000,0.0000,-0.0000,0.0000,0.4625,0.1689,0.3916,1.0694,0.8020,-0.2600,0.0099,0.8020,-0.2600,0.2299,False,-0.0120,-0.0764,-0.0499,0.0717,0.0582,-0.0477,0.5211,grasp,0.8020,-0.2600,0.0099,0.0000,0.0000,0.0000,False,,0.0500,0.0000,False
498,0.0,1.3961,-0.0178,False,False,False,-0.4434,4.7650,-0.2162,-1.2868,-0.1196,1.4768,-0.0514,-0.0569,0.0516,0.0710,-0.0716,-0.0310,0.4688,0.1696,0.3929,1.0695,0.8020,-0.2600,0.0099,0.8020,-0.2600,0.2299,False,-0.0515,-0.0587,0.0511,0.0717,-0.0710,-0.0314,0.7378,grasp,0.8020,-0.2600,0.0099,0.0000,0.0000,0.0000,False,,0.0500,0.0000,False
499,0.0,1.3971,-0.0181,False,False,False,-0.4471,4.7609,-0.2116,-1.2808,-0.1259,1.4738,0.0489,0.0595,0.0482,0.0271,-0.0615,-0.0526,0.4356,0.1696,0.3948,1.0697,0.8020,-0.2600,0.0099,0.8020,-0.2600,0.2299,False,0.0458,0.0554,0.0514,0.0315,-0.0659,-0.0545,-2.3666,grasp,0.8020,-0.2600,0.0099,0.0000,0.0000,0.0000,False,,0.0500,0.0000,False
500,0.0,1.3965,-0.0388,False,False,False,-0.4448,4.7636,-0.2093,-1.2795,-0.1288,1.4714,0.1326,0.1611,0.1306,0.0734,-0.1666,-0.1425,0.3956,0.1701,0.3941,1.0696,0.8020,-0.2600,0.0099,0.8020,-0.2600,0.2299,False,-0.0024,-0.0505,-0.0379,0.0700,0.0507,0.0592,-0.3030,grasp,0.8020,-0.2600,0.0099,0.0000,0.0000,0.0000,False,,0.0500,0.0000,False
501,0.0,1.3956,-0.0137,False,False,False,-0.4425,4.7667,-0.2075,-1.2782,-0.1316,1.4701,0.0668,0.0271,0.0176,0.0369,-0.0670,0.0496,0.3356,0.1697,0.3917,1.0696,0.8020,-0.2600,0.0099,0.8020,-0.2600,0.2299,False,0.0685,0.0376,0.0193,0.0379,-0.0691,0.0477,-2.6180,grasp,0.8020,-0.2600,0.0099,0.0000,0.0000,0.0000,False,,0.0500,0.0000,False
502,0.0,1.3941,-0.0079,False,False,False,-0.4414,4.7674,-0.2074,-1.2768,-0.1324,1.4717,-0.0162,0.0044,-0.0212,0.0713,0.0425,0.0654,0.3144,0.1707,0.3894,1.0697,0.8020,-0.2600,0.0099,0.8020,-0.2600,0.2299,False,-0.0149,0.0053,-0.0209,0.0720,0.0412,0.0663,-0.7122,grasp,0.8020,-0.2600,0.0099,0.0000,0.0000,0.0000,False,,0.0500,0.0000,False
503,0.0,1.3958,-0.0290,False,False,False,-0.4396,4.7688,-0.2072,-1.2776,-0.1304,1.4718,0.1362,0.0908,0.0414,-0.1370,0.0816,-0.0731,0.3372,0.1669,0.3901,1.0693,0.8020,-0.2600,0.0099,0.8020,-0.2600,0.2299,False,0.0714,0.0478,0.0214,-0.0708,0.0438,-0.0372,-0.0011,grasp,0.8020,-0.2600,0.0099,0.0000,0.0000,0.0000,False,,0.0500,0.0000,False
504,0.0,1.3959,-0.0162,False,False,False,-0.4384,4.7699,-0.2069,-1.2792,-0.1297,1.4711,-0.0713,-0.0381,-0.0367,0.0343,-0.0467,0.0401,0.3831,0.1663,0.3899,1.0692,0.8020,-0.2600,0.0099,0.8020,-0.2600,0.2299,False,-0.0693,-0.0355,-0.0361,0.0323,-0.0455,0.0390,2.8619,grasp,0.8020,-0.2600,0.0099,0.0000,0.0000,0.0000,False,,0.0500,0.0000,True
505,0.0,1.3989,-0.0174,False,False,False,-0.4401,4.7698,-0.2081,-1.2789,-0.1301,1.4712,-0.0384,0.0660,-0.0451,-0.0382,0.0409,-0.0739,0.4427,0.1618,0.3924,1.0689,0.8020,-0.2600,0.0099,0.8020,-0.2600,0.2299,False,-0.0398,0.0649,-0.0458,-0.0376,0.0400,-0.0732,1.8256,grasp,0.8020,-0.2600,0.0099,0.0000,0.0000,0.0000,False,,0.0500,0.0000,True
506,0.0,1.3987,-0.0225,False,False,False,-0.4414,4.7726,-0.2098,-1.2784,-0.1301,1.4679,-0.0383,0.1025,-0.0562,0.0791,-0.0510,-0.1191,0.5198,0.1624,0.3925,1.0690,0.8020,-0.2600,0.0099,0.8020,-0.2600,0.2299,False,-0.0209,0.0555,-0.0304,0.0409,-0.0261,-0.0641,2.2074,grasp,0.8020,-0.2600,0.0099,0.0000,0.0000,0.0000,False,,0.0500,0.0000,True
507,0.0,1.3989,-0.0140,False,False,False,-0.4418,4.7747,-0.2109,-1.2779,-0.1305,1.4669,0.0158,0.0448,-0.0283,-0.0610,0.0325,0.0669,0.4959,0.1635,0.3940,1.0690,0.8020,-0.2600,0.0099,0.8020,-0.2600,0.2299,False,0.0152,0.0481,-0.0291,-0.0599,0.0318,0.0652,-2.0296,grasp,0.8020,-0.2600,0.0099,0.0000,0.0000,0.0000,False,,0.0500,0.0000,False
508,0.0,1.4006,-0.0141,False,False,False,-0.4413,4.7754,-0.2116,-1.2797,-0.1293,1.4685,0.0210,-0.0178,-0.0199,-0.0605,0.0643,0.0282,0.5019,0.1598,0.3941,1.0688,0.8020,-0.2600,0.0099,0.8020,-0.2600,0.2299,False,0.0213,-0.0168,-0.0204,-0.0617,0.0650,0.0295,1.6678,grasp,0.8020,-0.2600,0.0099,0.0000,0.0000,0.0000,False,,0.0500,0.0000,False
509,0.0,1.4027,-0.0180,False,False,False,-0.4423,4.7752,-0.2128,-1.2800,-0.1292,1.4697,-0.0886,0.0126,-0.0517,0.0513,-0.0738,0.0445,0.4950,0.1552,0.3944,1.0687,0.8020,-0.2600,0.0099,0.8020,-0.2600,0.2299,False,-0.0462,0.0061,-0.0276,0.0258,-0.0376,0.0239,0.3666,grasp,0.8020,-0.2600,0.0099,0.0000,0.0000,0.0000,False,,0.0500,0.0000,False
510,0.0,1.4038,-0.0152,False,False,False,-0.4430,4.7757,-0.2129,-1.2795,-0.1297,1.4699,0.0535,0.0259,0.0665,-0.0223,0.0519,-0.0409,0.4501,0.1544,0.3960,1.0686,0.8020,-0.2600,0.0099,0.8020,-0.2600,0.2299,False,0.0523,0.0261,0.0657,-0.0216,0.0509,-0.0403,-1.4541,grasp,0.8020,-0.2600,0.0099,0.0000,0.0000,0.0000,False,,0.0500,0.0000,False
511,0.0,1.4046,-0.0262,False,False,False,-0.4420,4.7762,-0.2116,-1.2800,-0.1287,1.4691,0.1017,0.0493,0.1263,-0.0424,0.0987,-0.0778,0.4301,0.1538,0.3972,1.0686,0.8020,-0.2600,0.0099,0.8020,-0.2600,0.2299,False,-0.0527,0.0582,0.0311,-0.0229,0.0353,0.0172,-0.7687,grasp,0.8020,-0.2600,0.0099,0.0000,0.0000,0.0000,False,,0.0500,0.0000,False
512,0.0,1.4058,-0.0035,False,False,False,-0.4425,4.7768,-0.2113,-1.2802,-0.1284,1.4693,0.0000,0.0000,-0.0000,0.0000,-0.0000,0.0000,0.4207,0.1509,0.3970,1.0685,0.8020,-0.2600,0.0099,0.8020,-0.2600,0.2299,False,-0.0407,0.0348,0.0008,-0.0642,0.0062,-0.0287,1.2176,grasp,0.8020,-0.2600,0.0099,0.0000,0.0000,0.0000,False,,0.0500,0.0000,True
513,0.0,1.4060,-0.0251,False,False,False,-0.4448,4.7787,-0.2113,-1.2838,-0.1281,1.4677,-0.1088,0.0925,0.0013,-0.1732,0.0159,-0.0782,0.4571,0.1517,0.3983,1.0685,0.8020,-0.2600,0.0099,0.8020,-0.2600,0.2299,False,0.0067,-0.0759,-0.0074,0.0487,-0.0727,0.0661,0.0479,grasp,0.8020,-0.2600,0.0099,0.0000,0.0000,0.0000,False,,0.0500,0.0000,False
514,0.0,1.4062,-0.0043,False,False,False,-0.4448,4.7788,-0.2113,-1.2838,-0.1281,1.4677,0.0000,0.0000,-0.0000,0.0000,-0.0000,0.0000,0.4623,0.1525,0.3995,1.0684,0.8020,-0.2600,0.0099,0.8020,-0.2600,0.2299,False,0.0182,-0.0318,0.0115,-0.0697,0.0659,-0.0427,1.2184,grasp,0.8020,-0.2600,0.0099,0.0000,0.0000,0.0000,False,,0.0500,0.0000,False
515,0.0,1.4070,-0.0168,False,False,False,-0.4450,4.7780,-0.2116,-1.2864,-0.1258,1.4670,-0.0764,0.0182,-0.0633,-0.0598,0.0377,0.0588,0.5200,0.1522,0.4013,1.0682,0.8020,-0.2600,0.0099,0.8020,-0.2600,0.2299,False,-0.0761,0.0172,-0.0631,-0.0611,0.0390,0.0580,2.6021,grasp,0.8020,-0.2600,0.0099,0.0000,0.0000,0.0000,False,,0.0500,0.0000,True
516,0.0,1.4070,-0.0030,False,False,False,-0.4485,4.7789,-0.2145,-1.2891,-0.1240,1.4698,-0.0000,0.0000,-0.0000,0.0000,-0.0000,0.0000,0.5645,0.1522,0.4015,1.0682,0.8020,-0.2600,0.0099,0.8020,-0.2600,0.2299,False,-0.0717,-0.0140,-0.0721,0.0541,-0.0723,0.0139,1.6542,grasp,0.8020,-0.2600,0.0099,0.0000,0.0000,0.0000,False,,0.0500,0.0000,False
517,0.0,1.4074,-0.0162,False,False,False,-0.4492,4.7787,-0.2152,-1.2886,-0.1248,1.4699,-0.0697,-0.0145,-0.0704,0.0557,-0.0734,0.0123,0.5691,0.1523,0.4022,1.0682,0.8020,-0.2600,0.0099,0.8020,-0.2600,0.2299,False,0.0083,0.0745,0.0010,0.0640,-0.0780,-0.0543,1.9325,grasp,0.8020,-0.2600,0.0099,0.0000,0.0000,0.0000,False,,0.0500,0.0000,False
518,0.0,1.4080,-0.0455,False,False,False,-0.4499,4.7745,-0.2134,-1.2908,-0.1220,1.4670,0.0322,-0.1923,0.1507,-0.1589,0.2000,-0.1513,0.6469,0.1509,0.4020,1.0683,0.8020,-0.2600,0.0099,0.8020,-0.2600,0.2299,False,0.0119,-0.0708,0.0556,-0.0586,0.0738,-0.0558,2.9335,grasp,0.8020,-0.2600,0.0099,0.0000,0.0000,0.0000,False,,0.0500,0.0000,False
519,0.0,1.4073,-0.0170,False,False,False,-0.4491,4.7721,-0.2108,-1.2926,-0.1203,1.4643,0.0347,0.0507,0.0680,0.0273,-0.0796,-0.0743,0.6196,0.1513,0.4009,1.0683,0.8020,-0.2600,0.0099,0.8020,-0.2600,0.2299,False,0.0351,0.0439,0.0699,0.0253,-0.0771,-0.0763,-2.7004,grasp,0.8020,-0.2600,0.0099,0.0000,0.0000,0.0000,False,,0.0500,0.0000,False
520,0.0,1.4049,-0.0315,False,False,False,-0.4485,4.7730,-0.2095,-1.2920,-0.1218,1.4629,0.0659,0.0925,0.1291,0.0519,-0.1513,-0.1413,0.5996,0.1547,0.3990,1.0684,0.8020,-0.2600,0.0099,0.8020,-0.2600,0.2299,False,-0.0087,-0.0493,0.0460,-0.0441,-0.0181,-0.0222,0.6521,grasp,0.8020,-0.2600,0.0099,0.0000,0.0000,0.0000,False,,0.0500,0.0000,False
521,0.0,1.4046,-0.0306,False,False,False,-0.4468,4.7707,-0.2080,-1.2903,-0.1183,1.4687,0.0616,-0.0947,0.0577,0.0668,0.1334,0.2192,0.6467,0.1535,0.3973,1.0683,0.8020,-0.2600,0.0099,0.8020,-0.2600,0.2299,False,0.0179,-0.0273,0.0168,0.0194,0.0388,0.0637,2.6044,grasp,0.8020,-0.2600,0.0099,0.0000,0.0000,0.0000,False,,0.0500,0.0000,False
522,0.0,1.4032,-0.0067,False,False,False,-0.4457,4.7697,-0.2066,-1.2893,-0.1162,1.4709,0.0390,0.0228,0.0704,0.0142,0.0468,-0.0346,0.6798,0.1550,0.3957,1.0684,0.8020,-0.2600,0.0099,0.8020,-0.2600,0.2299,False,0.0397,0.0207,0.0711,0.0150,0.0484,-0.0320,3.0188,grasp,0.8020,-0.2600,0.0099,0.0000,0.0000,0.0000,False,,0.0500,0.0000,False
523,0.0,1.4041,-0.0205,False,False,False,-0.4450,4.7701,-0.2053,-1.2891,-0.1153,1.4703,0.0741,0.0425,0.1338,0.0270,0.0890,-0.0658,0.6902,0.1552,0.3980,1.0683,0.8020,-0.2600,0.0099,0.8020,-0.2600,0.2299,False,0.0278,-0.0339,-0.0060,0.0393,0.0449,-0.0775,2.7644,grasp,0.8020,-0.2600,0.0099,0.0000,0.0000,0.0000,False,,0.0500,0.0000,False
524,0.0,1.4045,-0.0311,False,False,False,-0.4476,4.7683,-0.2034,-1.2823,-0.1128,1.4708,-0.0990,-0.0733,0.0705,0.2561,0.0948,0.0216,0.6100,0.1549,0.3986,1.0682,0.8020,-0.2600,0.0099,0.8020,-0.2600,0.2299,False,-0.0288,-0.0212,0.0205,0.0745,0.0276,0.0063,0.6551,grasp,0.8020,-0.2600,0.0099,0.0000,0.0000,0.0000,False,,0.0500,0.0000,False
525,0.0,1.4051,-0.0120,False,False,False,-0.4494,4.7681,-0.2025,-1.2793,-0.1116,1.4717,-0.0599,0.0779,0.0080,-0.0051,0.0102,0.0617,0.5574,0.1525,0.3977,1.0681,0.8020,-0.2600,0.0099,0.8020,-0.2600,0.2299,False,-0.0611,0.0771,0.0088,-0.0021,0.0114,0.0620,-1.8992,grasp,0.8020,-0.2600,0.0099,0.0000,0.0000,0.0000,False,,0.0500,0.0000,False
526,0.0,1.4062,-0.0225,False,False,False,-0.4505,4.7695,-0.2024,-1.2794,-0.1114,1.4729,-0.1139,0.1489,0.0152,-0.0097,0.0195,0.1173,0.5374,0.1511,0.3990,1.0680,0.8020,-0.2600,0.0099,0.8020,-0.2600,0.2299,False,0.0183,-0.0460,-0.0595,-0.0411,-0.0270,-0.0694,-1.2080,grasp,0.8020,-0.2600,0.0099,0.0000,0.0000,0.0000,False,,0.0500,0.0000,False
527,0.0,0.0517,-0.0257,False,False,False,5.8118,5.6991,0.7441,-1.7139,-1.5379,1.0513,-0.0654,-0.1140,0.1301,-0.0448,-0.0394,-0.1204,0.0268,0.7983,-0.2574,0.0613,0.8020,-0.2600,0.0099,0.8020,-0.2600,0.2299,True,-0.0341,-0.0597,0.0687,-0.0236,-0.0211,-0.0626,-2.3645,grasp,0.8020,-0.2600,0.0099,0.0000,0.0000,0.0000,False,,0.0500,0.0000,False
528,0.0,0.0491,14.9989,True,False,False,5.8108,5.6975,0.7459,-1.7145,-1.5385,1.0496,0.0000,0.0000,0.0000,0.0000,0.0000,0.0000,0.0537,0.7983,-0.2574,0.0588,0.8020,-0.2600,0.0099,0.8020,-0.2600,0.2299,True,0.0169,-0.0721,0.0333,-0.0708,-0.0185,-0.0470,2.2255,grasp,0.8020,-0.2600,0.0099,0.0000,0.0000,0.0000,False,,0.0500,0.0000,True
529,0.0,1.3839,-0.0094,False,False,False,-3.2821,3.7773,-0.8561,-1.3517,-4.7365,1.4436,-0.0874,0.0112,-0.0232,0.0118,-0.0882,-0.0003,0.0001,0.1657,0.3734,1.0690,0.8020,-0.2600,0.0158,0.8020,-0.2600,0.2358,False,-0.0175,0.0700,-0.0027,-0.0733,0.0705,0.0732,0.5107,grasp,0.8020,-0.2600,0.0158,0.0000,0.0000,0.0000,False,,0.0500,0.0000,True
530,0.0,1.3842,-0.0128,False,False,False,-3.2821,3.7773,-0.8561,-1.3517,-4.7365,1.4436,-0.0874,0.0112,-0.0232,0.0118,-0.0882,-0.0003,0.0001,0.1695,0.3782,1.0687,0.8020,-0.2600,0.0158,0.8020,-0.2600,0.2358,False,0.0066,0.0280,0.0622,-0.0444,-0.0004,-0.0332,3.1184,grasp,0.8020,-0.2600,0.0158,0.0000,0.0000,0.0000,False,,0.0500,0.0000,True
531,0.0,1.3838,-0.0364,False,False,False,-3.2815,3.7738,-0.8583,-1.3586,-4.7405,1.4457,0.0256,-0.1302,-0.0818,-0.2591,-0.1519,0.0790,0.1201,0.1721,0.3805,1.0684,0.8020,-0.2600,0.0158,0.8020,-0.2600,0.2358,False,0.0074,-0.0379,-0.0238,-0.0754,-0.0442,0.0230,-0.7704,grasp,0.8020,-0.2600,0.0158,0.0000,0.0000,0.0000,False,,0.0500,0.0000,False
532,0.0,1.3844,-0.0347,False,False,False,-3.2815,3.7738,-0.8583,-1.3586,-4.7405,1.4457,0.0256,-0.1302,-0.0818,-0.2591,-0.1519,0.0790,0.1201,0.1726,0.3825,1.0683,0.8020,-0.2600,0.0158,0.8020,-0.2600,0.2358,False,0.0522,-0.0387,-0.0592,-0.0364,-0.0051,0.0337,1.1675,grasp,0.8020,-0.2600,0.0158,0.0000,0.0000,0.0000,False,,0.0500,0.0000,True
533,0.0,1.3849,-0.0101,False,False,False,-3.2811,3.7717,-0.8590,-1.3623,-4.7421,1.4469,0.0081,0.0259,0.0225,-0.0674,0.0128,0.0312,0.1213,0.1739,0.3848,1.0683,0.8020,-0.2600,0.0158,0.8020,-0.2600,0.2358,False,0.0084,0.0160,0.0216,-0.0705,0.0110,0.0322,-2.7550,grasp,0.8020,-0.2600,0.0158,0.0000,0.0000,0.0000,False,,0.0500,0.0000,False
534,0.0,1.3864,-0.0181,False,False,False,-3.2809,3.7721,-0.8586,-1.3636,-4.7419,1.4475,0.0155,0.0410,0.0428,-0.1281,0.0244,0.0593,0.1141,0.1741,0.3879,1.0685,0.8020,-0.2600,0.0158,0.8020,-0.2600,0.2358,False,0.0740,0.0711,-0.0727,-0.0574,0.0091,-0.0349,1.7387,grasp,0.8020,-0.2600,0.0158,0.0000,0.0000,0.0000,False,,0.0500,0.0000,True
535,0.0,1.3864,-0.0027,False,False,False,-3.2809,3.7721,-0.8586,-1.3636,-4.7419,1.4475,-0.0000,-0.0000,-0.0000,-0.0000,0.0000,-0.0000,0.1394,0.1758,0.3892,1.0687,0.8020,-0.2600,0.0158,0.8020,-0.2600,0.2358,False,0.0301,0.0491,0.0046,-0.0214,0.0678,-0.0419,-1.6780,grasp,0.8020,-0.2600,0.0158,0.0000,0.0000,0.0000,False,,0.0500,0.0000,False
536,0.0,1.3865,-0.0138,False,False,False,-3.2813,3.7720,-0.8580,-1.3641,-4.7408,1.4473,-0.0734,-0.0588,0.0527,-0.0235,0.0465,0.0207,0.1635,0.1764,0.3901,1.0686,0.8020,-0.2600,0.0158,0.8020,-0.2600,0.2358,False,-0.0731,-0.0584,0.0528,-0.0237,0.0472,0.0203,-1.2064,grasp,0.8020,-0.2600,0.0158,0.0000,0.0000,0.0000,False,,0.0500,0.0000,False
537,0.0,1.3827,-0.0232,False,False,False,-3.2836,3.7721,-0.8593,-1.3650,-4.7387,1.4455,-0.0501,0.0869,-0.1462,-0.0342,0.0767,-0.1451,0.1284,0.1830,0.3888,1.0684,0.8020,-0.2600,0.0158,0.8020,-0.2600,0.2358,False,-0.0284,0.0443,-0.0759,-0.0184,0.0412,-0.0760,-3.0495,grasp,0.8020,-0.2600,0.0158,0.0000,0.0000,0.0000,False,,0.0500,0.0000,False
538,0.0,1.3804,-0.0351,False,False,False,-3.2843,3.7734,-0.8614,-1.3655,-4.7376,1.4434,-0.0722,0.1237,-0.2085,-0.0488,0.1094,-0.2069,0.1167,0.1861,0.3868,1.0683,0.8020,-0.2600,0.0158,0.8020,-0.2600,0.2358,False,0.0770,-0.0508,-0.0510,0.0447,-0.0154,0.0228,-0.8828,grasp,0.8020,-0.2600,0.0158,0.0000,0.0000,0.0000,False,,0.0500,0.0000,False
539,0.0,1.3801,-0.0369,False,False,False,-3.2843,3.7734,-0.8614,-1.3655,-4.7376,1.4434,-0.0722,0.1237,-0.2085,-0.0488,0.1094,-0.2069,0.1167,0.1862,0.3862,1.0684,0.8020,-0.2600,0.0158,0.8020,-0.2600,0.2358,False,0.0482,0.0494,-0.0199,0.0128,0.0450,0.0628,-2.9318,grasp,0.8020,-0.2600,0.0158,0.0000,0.0000,0.0000,False,,0.0500,0.0000,False
540,0.0,1.3760,0.0002,False,False,False,-3.2844,3.7734,-0.8614,-1.3655,-4.7376,1.4434,0.0000,-0.0000,-0.0000,-0.0000,0.0000,-0.0000,0.1538,0.1932,0.3845,1.0682,0.8020,-0.2600,0.0158,0.8020,-0.2600,0.2358,False,0.0283,0.0701,-0.0692,-0.0418,0.0110,0.0603,0.3251,grasp,0.8020,-0.2600,0.0158,0.0000,0.0000,0.0000,False,,0.0500,0.0000,True
541,0.0,1.3731,-0.0110,False,False,False,-3.2842,3.7748,-0.8624,-1.3663,-4.7369,1.4437,-0.0117,0.0782,-0.0375,-0.0364,0.0635,-0.0365,0.2138,0.1966,0.3816,1.0681,0.8020,-0.2600,0.0158,0.8020,-0.2600,0.2358,False,-0.0115,0.0789,-0.0382,-0.0368,0.0636,-0.0359,2.7314,grasp,0.8020,-0.2600,0.0158,0.0000,0.0000,0.0000,False,,0.0500,0.0000,True
542,0.0,1.3731,-0.0255,False,False,False,-3.2830,3.7744,-0.8634,-1.3651,-4.7337,1.4423,0.0977,-0.1300,-0.0162,0.1212,0.1294,-0.0452,0.2542,0.1965,0.3814,1.0681,0.8020,-0.2600,0.0158,0.8020,-0.2600,0.2358,False,0.0511,-0.0665,-0.0092,0.0631,0.0693,-0.0245,-0.7156,grasp,0.8020,-0.2600,0.0158,0.0000,0.0000,0.0000,False,,0.0500,0.0000,False
543,0.0,1.3747,-0.0329,False,False,False,-3.2816,3.7736,-0.8636,-1.3636,-4.7335,1.4416,0.1393,0.0330,-0.0231,0.1729,-0.1585,-0.0644,0.2596,0.1919,0.3803,1.0683,0.8020,-0.2600,0.0158,0.8020,-0.2600,0.2358,False,0.0654,0.0575,-0.0475,0.0676,-0.0008,0.0093,0.0790,grasp,0.8020,-0.2600,0.0158,0.0000,0.0000,0.0000,False,,0.0500,0.0000,True
544,0.0,1.3757,-0.0310,False,False,False,-3.2816,3.7736,-0.8636,-1.3636,-4.7335,1.4416,0.1393,0.0330,-0.0231,0.1729,-0.1585,-0.0644,0.2596,0.1891,0.3794,1.0685,0.8020,-0.2600,0.0158,0.8020,-0.2600,0.2358,False,-0.0280,0.0642,0.0578,-0.0790,-0.0777,0.0560,2.6991,grasp,0.8020,-0.2600,0.0158,0.0000,0.0000,0.0000,False,,0.0500,0.0000,True
545,0.0,1.3758,-0.0462,False,False,False,-3.2836,3.7776,-0.8609,-1.3676,-4.7266,1.4458,-0.1008,0.1520,0.1334,-0.0678,-0.3033,0.2023,0.3454,0.1895,0.3801,1.0685,0.8020,-0.2600,0.0158,0.8020,-0.2600,0.2358,False,-0.0370,0.0581,0.0492,-0.0322,-0.0736,0.0747,0.6420,grasp,0.8020,-0.2600,0.0158,0.0000,0.0000,0.0000,False,,0.0500,0.0000,True
546,0.0,1.3757,-0.0469,False,False,False,-3.2836,3.7776,-0.8609,-1.3676,-4.7266,1.4458,-0.1008,0.1520,0.1334,-0.0678,-0.3033,0.2023,0.3454,0.1920,0.3816,1.0688,0.8020,-0.2600,0.0158,0.8020,-0.2600,0.2358,False,-0.0206,0.0638,-0.0085,0.0379,-0.0773,-0.0121,2.6186,grasp,0.8020,-0.2600,0.0158,0.0000,0.0000,0.0000,False,,0.0500,0.0000,True
547,0.0,1.3767,-0.0330,False,False,False,-3.2832,3.7817,-0.8594,-1.3705,-4.7319,1.4506,0.1217,0.1116,-0.0145,-0.1335,-0.1166,0.1420,0.3159,0.1882,0.3805,1.0687,0.8020,-0.2600,0.0158,0.8020,-0.2600,0.2358,False,0.0619,0.0630,-0.0059,-0.0712,-0.0649,0.0773,-1.5710,grasp,0.8020,-0.2600,0.0158,0.0000,0.0000,0.0000,False,,0.0500,0.0000,False
548,0.0,1.3770,-0.0481,False,False,False,-3.2815,3.7833,-0.8596,-1.3724,-4.7336,1.4526,0.1728,0.1617,-0.0207,-0.1905,-0.1663,0.2026,0.3043,0.1884,0.3812,1.0687,0.8020,-0.2600,0.0158,0.8020,-0.2600,0.2358,False,-0.0594,0.0068,-0.0493,0.0657,-0.0055,-0.0449,-0.6195,grasp,0.8020,-0.2600,0.0158,0.0000,0.0000,0.0000,False,,0.0500,0.0000,False
549,0.0,1.3790,-0.0473,False,False,False,-3.2815,3.7833,-0.8596,-1.3724,-4.7336,1.4526,0.1728,0.1617,-0.0207,-0.1905,-0.1663,0.2026,0.3043,0.1868,0.3841,1.0685,0.8020,-0.2600,0.0158,0.8020,-0.2600,0.2358,False,0.0694,0.0612,-0.0529,-0.0023,-0.0679,0.0587,3.0657,grasp,0.8020,-0.2600,0.0158,0.0000,0.0000,0.0000,False,,0.0500,0.0000,True
550,0.0,1.3799,-0.0120,False,False,False,-3.2801,3.7837,-0.8597,-1.3727,-4.7349,1.4534,0.0438,-0.0312,0.0386,-0.0246,-0.0642,0.0215,0.3063,0.1840,0.3831,1.0687,0.8020,-0.2600,0.0158,0.8020,-0.2600,0.2358,False,0.0447,-0.0306,0.0381,-0.0246,-0.0648,0.0221,-2.2652,grasp,0.8020,-0.2600,0.0158,0.0000,0.0000,0.0000,False,,0.0500,0.0000,False
551,0.0,1.3801,-0.0189,False,False,False,-3.2793,3.7831,-0.8590,-1.3732,-4.7361,1.4538,0.0835,-0.0592,0.0733,-0.0467,-0.1219,0.0408,0.2867,0.1831,0.3828,1.0687,0.8020,-0.2600,0.0158,0.8020,-0.2600,0.2358,False,0.0625,-0.0288,-0.0104,-0.0220,-0.0607,-0.0026,0.7437,grasp,0.8020,-0.2600,0.0158,0.0000,0.0000,0.0000,False,,0.0500,0.0000,True
552,0.0,1.3799,-0.0088,False,False,False,-3.2786,3.7828,-0.8591,-1.3734,-4.7367,1.4538,0.0613,-0.0281,-0.0111,-0.0216,-0.0595,-0.0030,0.3255,0.1815,0.3810,1.0686,0.8020,-0.2600,0.0158,0.8020,-0.2600,0.2358,False,-0.0343,-0.0758,0.0344,0.0749,-0.0033,0.0611,-3.1077,grasp,0.8020,-0.2600,0.0158,0.0000,0.0000,0.0000,False,,0.0500,0.0000,False
553,0.0,1.3814,-0.0025,False,False,False,-3.2786,3.7828,-0.8591,-1.3734,-4.7367,1.4538,-0.0000,-0.0000,-0.0000,-0.0000,0.0000,-0.0000,0.2920,0.1785,0.3813,1.0686,0.8020,-0.2600,0.0158,0.8020,-0.2600,0.2358,False,-0.0312,0.0712,0.0437,-0.0696,0.0213,0.0392,-1.7003,grasp,0.8020,-0.2600,0.0158,0.0000,0.0000,0.0000,False,,0.0500,0.0000,False
554,0.0,1.3814,-0.0029,False,False,False,-3.2789,3.7834,-0.8587,-1.3741,-4.7365,1.4542,0.0000,-0.0000,-0.0000,-0.0000,0.0000,-0.0000,0.2965,0.1789,0.3817,1.0686,0.8020,-0.2600,0.0158,0.8020,-0.2600,0.2358,False,0.0577,-0.0482,0.0244,0.0076,-0.0175,0.0512,0.2711,grasp,0.8020,-0.2600,0.0158,0.0000,0.0000,0.0000,False,,0.0500,0.0000,True
555,0.0,1.3811,-0.0175,False,False,False,-3.2779,3.7834,-0.8577,-1.3732,-4.7360,1.4552,0.0501,0.0701,0.0775,0.0787,0.0701,0.0573,0.2993,0.1799,0.3821,1.0685,0.8020,-0.2600,0.0158,0.8020,-0.2600,0.2358,False,0.0509,0.0695,0.0777,0.0788,0.0699,0.0578,-1.1581,grasp,0.8020,-0.2600,0.0158,0.0000,0.0000,0.0000,False,,0.0500,0.0000,False
556,0.0,1.3825,-0.0161,False,False,False,-3.2774,3.7853,-0.8554,-1.3714,-4.7350,1.4561,-0.0647,0.0494,0.0742,0.0299,-0.0379,-0.0244,0.2556,0.1794,0.3848,1.0684,0.8020,-0.2600,0.0158,0.8020,-0.2600,0.2358,False,-0.0629,0.0533,0.0756,0.0314,-0.0366,-0.0233,-2.9564,grasp,0.8020,-0.2600,0.0158,0.0000,0.0000,0.0000,False,,0.0500,0.0000,False
557,0.0,1.3862,-0.0063,False,False,False,-3.2788,3.7863,-0.8540,-1.3708,-4.7357,1.4556,0.0000,-0.0000,-0.0000,-0.0000,0.0000,-0.0000,0.2352,0.1749,0.3884,1.0683,0.8020,-0.2600,0.0158,0.8020,-0.2600,0.2358,False,0.0135,-0.0635,-0.0527,-0.0657,-0.0443,0.0698,0.0805,grasp,0.8020,-0.2600,0.0158,0.0000,0.0000,0.0000,False,,0.0500,0.0000,True
558,0.0,1.3828,-0.0010,False,False,False,-3.2788,3.7863,-0.8540,-1.3708,-4.7357,1.4556,0.0000,-0.0000,-0.0000,-0.0000,0.0000,-0.0000,0.2352,0.1786,0.3844,1.0686,0.8020,-0.2600,0.0158,0.8020,-0.2600,0.2358,False,0.0443,-0.0627,-0.0615,0.0293,-0.0605,0.0772,2.2002,grasp,0.8020,-0.2600,0.0158,0.0000,0.0000,0.0000,False,,0.0500,0.0000,True
559,0.0,1.3834,-0.0225,False,False,False,-3.2784,3.7834,-0.8534,-1.3697,-4.7363,1.4580,0.0129,-0.1458,0.0746,0.1190,-0.0106,0.1124,0.2982,0.1794,0.3862,1.0687,0.8020,-0.2600,0.0158,0.8020,-0.2600,0.2358,False,0.0069,-0.0780,0.0387,0.0620,-0.0060,0.0599,0.1609,grasp,0.8020,-0.2600,0.0158,0.0000,0.0000,0.0000,False,,0.0500,0.0000,False
560,0.0,1.3836,-0.0345,False,False,False,-3.2782,3.7813,-0.8524,-1.3680,-4.7365,1.4596,0.0184,-0.2086,0.1064,0.1698,-0.0152,0.1603,0.3104,0.1797,0.3870,1.0687,0.8020,-0.2600,0.0158,0.8020,-0.2600,0.2358,False,0.0413,-0.0041,-0.0664,-0.0088,0.0742,-0.0291,-0.6037,grasp,0.8020,-0.2600,0.0158,0.0000,0.0000,0.0000,False,,0.0500,0.0000,False
561,0.0,1.3842,-0.0100,False,False,False,-3.2774,3.7782,-0.8514,-1.3661,-4.7368,1.4622,0.0578,0.0346,-0.0400,-0.0312,-0.0164,0.0480,0.2818,0.1775,0.3856,1.0690,0.8020,-0.2600,0.0158,0.8020,-0.2600,0.2358,False,0.0581,0.0246,-0.0387,-0.0290,-0.0166,0.0500,-3.0900,grasp,0.8020,-0.2600,0.0158,0.0000,0.0000,0.0000,False,,0.0500,0.0000,False
562,0.0,1.3844,-0.0019,False,False,False,-3.2763,3.7788,-0.8522,-1.3667,-4.7372,1.4631,0.0000,-0.0000,-0.0000,-0.0000,0.0000,-0.0000,0.2783,0.1780,0.3862,1.0692,0.8020,-0.2600,0.0158,0.8020,-0.2600,0.2358,False,-0.0717,-0.0294,-0.0592,0.0662,0.0708,0.0420,2.2647,grasp,0.8020,-0.2600,0.0158,0.0000,0.0000,0.0000,False,,0.0500,0.0000,True
563,0.0,1.3844,-0.0031,False,False,False,-3.2763,3.7788,-0.8522,-1.3667,-4.7372,1.4631,0.0000,-0.0000,-0.0000,-0.0000,0.0000,-0.0000,0.2783,0.1780,0.3863,1.0692,0.8020,-0.2600,0.0158,0.8020,-0.2600,0.2358,False,0.0481,-0.0392,-0.0747,0.0268,-0.0578,0.0025,3.0925,grasp,0.8020,-0.2600,0.0158,0.0000,0.0000,0.0000,False,,0.0500,0.0000,True
564,0.0,1.3834,-0.0389,False,False,False,-3.2751,3.7813,-0.8507,-1.3705,-4.7321,1.4625,0.0911,0.1400,0.0984,-0.2151,0.2090,-0.0458,0.3783,0.1815,0.3879,1.0690,0.8020,-0.2600,0.0158,0.8020,-0.2600,0.2358,False,0.0328,0.0510,0.0357,-0.0787,0.0778,-0.0165,1.6147,grasp,0.8020,-0.2600,0.0158,0.0000,0.0000,0.0000,False,,0.0500,0.0000,True
565,0.0,1.3825,-0.0388,False,False,False,-3.2751,3.7813,-0.8507,-1.3705,-4.7321,1.4625,0.0911,0.1400,0.0984,-0.2151,0.2090,-0.0458,0.3783,0.1824,0.3870,1.0689,0.8020,-0.2600,0.0158,0.8020,-0.2600,0.2358,False,-0.0225,0.0661,0.0651,0.0038,0.0739,0.0411,2.1841,grasp,0.8020,-0.2600,0.0158,0.0000,0.0000,0.0000,False,,0.0500,0.0000,True
566,0.0,1.3826,-0.0136,False,False,False,-3.2739,3.7835,-0.8487,-1.3734,-4.7302,1.4612,-0.0048,0.0227,0.0742,-0.0150,-0.0751,-0.0735,0.3588,0.1815,0.3864,1.0689,0.8020,-0.2600,0.0158,0.8020,-0.2600,0.2358,False,-0.0024,0.0276,0.0755,-0.0177,-0.0724,-0.0741,-2.2103,grasp,0.8020,-0.2600,0.0158,0.0000,0.0000,0.0000,False,,0.0500,0.0000,False
567,0.0,1.3820,-0.0035,False,False,False,-3.2740,3.7840,-0.8473,-1.3737,-4.7316,1.4598,0.0000,-0.0000,-0.0000,-0.0000,0.0000,-0.0000,0.3214,0.1812,0.3848,1.0689,0.8020,-0.2600,0.0158,0.8020,-0.2600,0.2358,False,-0.0000,0.0128,-0.0083,0.0509,-0.0343,-0.0033,-1.8621,grasp,0.8020,-0.2600,0.0158,0.0000,0.0000,0.0000,False,,0.0500,0.0000,False
568,0.0,1.3814,-0.0014,False,False,False,-3.2740,3.7840,-0.8473,-1.3737,-4.7316,1.4598,0.0000,-0.0000,-0.0000,-0.0000,0.0000,-0.0000,0.3214,0.1816,0.3837,1.0689,0.8020,-0.2600,0.0158,0.8020,-0.2600,0.2358,False,-0.0595,-0.0763,0.0727,-0.0744,-0.0111,-0.0553,-0.2994,grasp,0.8020,-0.2600,0.0158,0.0000,0.0000,0.0000,False,,0.0500,0.0000,False
569,0.0,1.3809,-0.0339,False,False,False,-3.2745,3.7865,-0.8464,-1.3775,-4.7295,1.4560,-0.0256,0.1158,0.0475,-0.2104,0.1182,-0.1860,0.3856,0.1825,0.3834,1.0689,0.8020,-0.2600,0.0158,0.8020,-0.2600,0.2358,False,-0.0094,0.0427,0.0174,-0.0771,0.0433,-0.0687,2.4712,grasp,0.8020,-0.2600,0.0158,0.0000,0.0000,0.0000,False,,0.0500,0.0000,True
570,0.0,1.3775,-0.0313,False,False,False,-3.2745,3.7865,-0.8464,-1.3775,-4.7295,1.4560,-0.0256,0.1158,0.0475,-0.2104,0.1182,-0.1860,0.3856,0.1897,0.3831,1.0689,0.8020,-0.2600,0.0158,0.8020,-0.2600,0.2358,False,-0.0350,-0.0327,0.0464,-0.0600,-0.0381,-0.0329,1.4228,grasp,0.8020,-0.2600,0.0158,0.0000,0.0000,0.0000,False,,0.0500,0.0000,True
571,0.0,1.3746,-0.0067,False,False,False,-3.2746,3.7880,-0.8453,-1.3797,-4.7281,1.4535,0.0222,-0.0143,0.0519,0.0543,-0.0067,-0.0094,0.4405,0.1944,0.3814,1.0689,0.8020,-0.2600,0.0158,0.8020,-0.2600,0.2358,False,0.0219,-0.0112,0.0525,0.0516,-0.0052,-0.0117,1.4860,grasp,0.8020,-0.2600,0.0158,0.0000,0.0000,0.0000,False,,0.0500,0.0000,True
572,0.0,1.3739,-0.0019,False,False,False,-3.2742,3.7877,-0.8443,-1.3786,-4.7282,1.4533,-0.0000,-0.0000,-0.0000,-0.0000,0.0000,-0.0000,0.4617,0.1954,0.3808,1.0689,0.8020,-0.2600,0.0158,0.8020,-0.2600,0.2358,False,-0.0251,-0.0160,-0.0302,0.0277,-0.0747,0.0570,0.9307,grasp,0.8020,-0.2600,0.0158,0.0000,0.0000,0.0000,False,,0.0500,0.0000,False
573,0.0,1.3744,-0.0114,False,False,False,-3.2744,3.7876,-0.8446,-1.3784,-4.7290,1.4539,-0.0255,-0.0158,-0.0312,0.0267,-0.0746,0.0572,0.4674,0.1953,0.3817,1.0690,0.8020,-0.2600,0.0158,0.8020,-0.2600,0.2358,False,0.0099,0.0757,-0.0637,-0.0545,-0.0592,-0.0456,2.8980,grasp,0.8020,-0.2600,0.0158,0.0000,0.0000,0.0000,False,,0.0500,0.0000,True
574,0.0,1.3764,-0.0294,False,False,False,-3.2744,3.7889,-0.8430,-1.3777,-4.7311,1.4519,-0.0002,0.0998,0.1077,0.0463,-0.1378,-0.1321,0.5432,0.1930,0.3830,1.0695,0.8020,-0.2600,0.0158,0.8020,-0.2600,0.2358,False,-0.0001,0.0521,0.0567,0.0243,-0.0725,-0.0695,2.3265,grasp,0.8020,-0.2600,0.0158,0.0000,0.0000,0.0000,False,,0.0500,0.0000,True
575,0.0,1.3755,-0.0095,False,False,False,-3.2747,3.7898,-0.8417,-1.3769,-4.7335,1.4497,-0.0310,-0.0830,-0.0198,0.0133,-0.0481,-0.0317,0.5748,0.1936,0.3816,1.0695,0.8020,-0.2600,0.0158,0.8020,-0.2600,0.2358,False,-0.0310,-0.0786,-0.0183,0.0140,-0.0501,-0.0336,1.9170,grasp,0.8020,-0.2600,0.0158,0.0000,0.0000,0.0000,False,,0.0500,0.0000,False
576,0.0,1.3755,-0.0113,False,False,False,-3.2747,3.7898,-0.8417,-1.3769,-4.7335,1.4497,-0.0310,-0.0830,-0.0198,0.0133,-0.0481,-0.0317,0.5748,0.1932,0.3811,1.0696,0.8020,-0.2600,0.0158,0.8020,-0.2600,0.2358,False,0.0424,0.0181,-0.0191,-0.0200,0.0463,0.0751,-0.3979,grasp,0.8020,-0.2600,0.0158,0.0000,0.0000,0.0000,False,,0.0500,0.0000,False
577,0.0,1.3755,-0.0055,False,False,False,-3.2753,3.7878,-0.8420,-1.3766,-4.7344,1.4491,-0.0000,-0.0000,-0.0000,-0.0000,0.0000,-0.0000,0.5863,0.1917,0.3796,1.0697,0.8020,-0.2600,0.0158,0.8020,-0.2600,0.2358,False,0.0260,-0.0330,0.0679,0.0638,0.0777,-0.0444,1.7907,grasp,0.8020,-0.2600,0.0158,0.0000,0.0000,0.0000,False,,0.0500,0.0000,False
578,0.0,1.3759,-0.0144,False,False,False,-3.2751,3.7875,-0.8414,-1.3760,-4.7336,1.4486,0.0267,-0.0265,0.0682,0.0636,0.0786,-0.0438,0.5905,0.1887,0.3775,1.0697,0.8020,-0.2600,0.0158,0.8020,-0.2600,0.2358,False,0.0469,-0.0414,0.0704,0.0194,-0.0748,-0.0541,-2.5988,grasp,0.8020,-0.2600,0.0158,0.0000,0.0000,0.0000,False,,0.0500,0.0000,False
579,0.0,0.1954,1.4267,False,False,False,-0.4513,4.7557,-0.2256,-1.2844,-0.1041,1.4753,0.0000,0.0000,0.0000,0.0000,0.0000,0.0000,0.0000,0.8401,-0.0772,0.0854,0.8020,-0.2600,0.0277,0.8020,-0.2600,0.2477,False,-0.0315,0.0354,-0.0392,0.0695,-0.0688,-0.0255,0.2740,grasp,0.8020,-0.2600,0.0277,0.0000,0.0000,0.0000,False,,0.0500,0.0000,True
580,0.0,0.1931,-0.0200,False,False,False,-0.4493,4.7552,-0.2270,-1.2850,-0.1024,1.4749,0.1333,-0.0336,-0.0922,-0.0375,0.1137,-0.0247,0.0790,0.8393,-0.0779,0.0799,0.8020,-0.2600,0.0277,0.8020,-0.2600,0.2477,False,0.0702,-0.0176,-0.0485,-0.0197,0.0598,-0.0130,0.6468,grasp,0.8020,-0.2600,0.0277,0.0000,0.0000,0.0000,False,,0.0500,0.0000,True
581,0.0,0.1917,-0.0089,False,False,False,-0.4449,4.7539,-0.2303,-1.2859,-0.0990,1.4744,0.0088,0.0200,-0.0280,0.0313,-0.0267,0.0251,0.1580,0.8386,-0.0787,0.0783,0.8020,-0.2600,0.0277,0.8020,-0.2600,0.2477,False,0.0112,0.0154,-0.0296,0.0306,-0.0246,0.0247,-1.4343,grasp,0.8020,-0.2600,0.0277,0.0000,0.0000,0.0000,False,,0.0500,0.0000,False
582,0.0,0.1909,-0.0121,False,False,False,-0.4447,4.7543,-0.2308,-1.2853,-0.0995,1.4749,0.0166,0.0340,-0.0532,0.0595,-0.0507,0.0477,0.1780,0.8385,-0.0793,0.0775,0.8020,-0.2600,0.0277,0.8020,-0.2600,0.2477,False,0.0107,0.0712,-0.0707,-0.0375,-0.0226,-0.0428,1.0598,grasp,0.8020,-0.2600,0.0277,0.0000,0.0000,0.0000,False,,0.0500,0.0000,True
583,0.0,0.1898,-0.0226,False,False,False,-0.4424,4.7563,-0.2292,-1.2805,-0.0985,1.4748,0.0798,0.0610,0.0890,0.1492,0.0647,-0.0287,0.3177,0.8386,-0.0803,0.0767,0.8020,-0.2600,0.0277,0.8020,-0.2600,0.2477,False,0.0232,0.0177,0.0259,0.0434,0.0188,-0.0083,-2.3992,grasp,0.8020,-0.2600,0.0277,0.0000,0.0000,0.0000,False,,0.0500,0.0000,False
584,0.0,0.1890,-0.0089,False,False,False,-0.4417,4.7570,-0.2286,-1.2795,-0.0979,1.4748,-0.0301,-0.0176,-0.0390,-0.0811,-0.0163,0.0376,0.3097,0.8381,-0.0802,0.0735,0.8020,-0.2600,0.0277,0.8020,-0.2600,0.2477,False,-0.0291,-0.0157,-0.0379,-0.0793,-0.0155,0.0373,-1.7776,grasp,0.8020,-0.2600,0.0277,0.0000,0.0000,0.0000,False,,0.0500,0.0000,False
585,0.0,0.1895,-0.0217,False,False,False,-0.4423,4.7567,-0.2293,-1.2811,-0.0982,1.4755,-0.0571,-0.0323,-0.0741,-0.1540,-0.0309,0.0715,0.2961,0.8380,-0.0795,0.0726,0.8020,-0.2600,0.0277,0.8020,-0.2600,0.2477,False,0.0454,0.0618,0.0194,0.0599,0.0524,0.0185,-2.6620,grasp,0.8020,-0.2600,0.0277,0.0000,0.0000,0.0000,False,,0.0500,0.0000,False
586,0.0,0.1895,-0.0402,False,False,False,-0.4467,4.7531,-0.2304,-1.2849,-0.0993,1.4731,-0.2121,-0.1771,-0.0545,-0.1858,-0.0540,-0.1197,0.2435,0.8377,-0.0800,0.0748,0.8020,-0.2600,0.0277,0.8020,-0.2600,0.2477,False,-0.0783,-0.0652,-0.0201,-0.0686,-0.0199,-0.0442,-1.7181,grasp,0.8020,-0.2600,0.0277,0.0000,0.0000,0.0000,False,,0.0500,0.0000,False
587,0.0,0.1890,-0.0027,False,False,False,-0.4494,4.7502,-0.2311,-1.2873,-0.1000,1.4715,-0.0000,-0.0000,-0.0000,0.0000,-0.0000,0.0000,0.2200,0.8377,-0.0800,0.0729,0.8020,-0.2600,0.0277,0.8020,-0.2600,0.2477,False,-0.0725,0.0183,-0.0417,-0.0691,0.0108,-0.0095,-2.6302,grasp,0.8020,-0.2600,0.0277,0.0000,0.0000,0.0000,False,,0.0500,0.0000,False
588,0.0,0.1890,-0.0023,False,False,False,-0.4514,4.7509,-0.2323,-1.2892,-0.0997,1.4713,0.0000,-0.0000,-0.0000,0.0000,0.0000,0.0000,0.2106,0.8377,-0.0800,0.0729,0.8020,-0.2600,0.0277,0.8020,-0.2600,0.2477,False,0.0249,0.0167,-0.0743,0.0727,0.0631,-0.0289,2.4996,grasp,0.8020,-0.2600,0.0277,0.0000,0.0000,0.0000,False,,0.0500,0.0000,True
589,0.0,0.1888,-0.0077,False,False,False,-0.4514,4.7508,-0.2335,-1.2887,-0.0992,1.4715,-0.0296,-0.0353,-0.0490,-0.0263,-0.0209,0.0453,0.2609,0.8375,-0.0804,0.0738,0.8020,-0.2600,0.0277,0.8020,-0.2600,0.2477,False,-0.0294,-0.0352,-0.0498,-0.0255,-0.0202,0.0450,-0.4043,grasp,0.8020,-0.2600,0.0277,0.0000,0.0000,0.0000,False,,0.0500,0.0000,False
590,0.0,0.1888,-0.0080,False,False,False,-0.4526,4.7493,-0.2350,-1.2901,-0.1006,1.4738,0.0174,0.0429,0.0794,-0.0119,-0.0455,0.0284,0.3176,0.8375,-0.0804,0.0738,0.8020,-0.2600,0.0277,0.8020,-0.2600,0.2477,False,0.0166,0.0397,0.0781,-0.0127,-0.0461,0.0297,1.1997,grasp,0.8020,-0.2600,0.0277,0.0000,0.0000,0.0000,False,,0.0500,0.0000,True
591,0.0,0.1877,-0.0025,False,False,False,-0.4518,4.7516,-0.2313,-1.2906,-0.1027,1.4751,0.0000,-0.0000,-0.0000,0.0000,-0.0000,0.0000,0.3764,0.8372,-0.0805,0.0699,0.8020,-0.2600,0.0277,0.8020,-0.2600,0.2477,False,-0.0114,0.0077,0.0721,0.0184,0.0737,0.0645,2.6234,grasp,0.8020,-0.2600,0.0277,0.0000,0.0000,0.0000,False,,0.0500,0.0000,True
592,0.0,0.1881,-0.0106,False,False,False,-0.4517,4.7514,-0.2311,-1.2906,-0.1016,1.4762,0.0270,-0.0265,-0.0481,-0.0176,0.0362,0.0400,0.3659,0.8373,-0.0798,0.0685,0.8020,-0.2600,0.0277,0.8020,-0.2600,0.2477,False,0.0268,-0.0265,-0.0474,-0.0175,0.0370,0.0406,-1.4209,grasp,0.8020,-0.2600,0.0277,0.0000,0.0000,0.0000,False,,0.0500,0.0000,False
593,0.0,0.1887,-0.0280,False,False,False,-0.4504,4.7502,-0.2333,-1.2914,-0.1000,1.4780,0.0731,-0.0722,-0.1304,-0.0478,0.0982,0.1083,0.3380,0.8370,-0.0794,0.0693,0.8020,-0.2600,0.0277,0.8020,-0.2600,0.2477,False,-0.0623,0.0244,-0.0064,-0.0769,0.0605,0.0696,2.3569,grasp,0.8020,-0.2600,0.0277,0.0000,0.0000,0.0000,False,,0.0500,0.0000,True
594,0.0,0.1890,-0.0363,False,False,False,-0.4519,4.7488,-0.2357,-1.2903,-0.0978,1.4806,-0.0541,-0.1012,-0.1489,0.1246,0.1034,0.1228,0.4367,0.8368,-0.0786,0.0675,0.8020,-0.2600,0.0277,0.8020,-0.2600,0.2477,False,-0.0291,-0.0527,-0.0784,0.0648,0.0550,0.0653,2.9633,grasp,0.8020,-0.2600,0.0277,0.0000,0.0000,0.0000,False,,0.0500,0.0000,True
595,0.0,0.1907,-0.0354,False,False,False,-0.4519,4.7488,-0.2357,-1.2903,-0.0978,1.4806,-0.0541,-0.1012,-0.1489,0.1246,0.1034,0.1228,0.4367,0.8370,-0.0765,0.0658,0.8020,-0.2600,0.0277,0.8020,-0.2600,0.2477,False,0.0737,-0.0169,0.0710,-0.0688,0.0488,-0.0259,1.5870,grasp,0.8020,-0.2600,0.0277,0.0000,0.0000,0.0000,False,,0.0500,0.0000,True
596,0.0,0.1920,-0.0174,False,False,False,-0.4525,4.7473,-0.2373,-1.2900,-0.0961,1.4827,-0.0613,0.0659,-0.0258,-0.0764,-0.0215,0.0664,0.4761,0.8373,-0.0750,0.0651,0.8020,-0.2600,0.0277,0.8020,-0.2600,0.2477,False,-0.0605,0.0658,-0.0250,-0.0771,-0.0210,0.0661,0.1486,grasp,0.8020,-0.2600,0.0277,0.0000,0.0000,0.0000,False,,0.0500,0.0000,False
597,0.0,0.1920,-0.0027,False,False,False,-0.4553,4.7507,-0.2385,-1.2935,-0.0970,1.4858,-0.0000,-0.0000,-0.0000,0.0000,-0.0000,0.0000,0.4452,0.8373,-0.0750,0.0651,0.8020,-0.2600,0.0277,0.8020,-0.2600,0.2477,False,-0.0368,-0.0218,0.0052,-0.0257,-0.0109,0.0228,-1.2107,grasp,0.8020,-0.2600,0.0277,0.0000,0.0000,0.0000,False,,0.0500,0.0000,False
598,0.0,0.1927,-0.0176,False,False,False,-0.4572,4.7492,-0.2381,-1.2948,-0.0976,1.4869,-0.0921,-0.0700,0.0173,-0.0602,-0.0269,0.0535,0.3912,0.8373,-0.0743,0.0651,0.8020,-0.2600,0.0277,0.8020,-0.2600,0.2477,False,0.0514,-0.0284,-0.0079,-0.0104,-0.0693,0.0503,-2.8446,grasp,0.8020,-0.2600,0.0277,0.0000,0.0000,0.0000,False,,0.0500,0.0000,False
599,0.0,0.1925,-0.0059,False,False,False,-0.4562,4.7488,-0.2378,-1.2948,-0.0982,1.4876,0.0526,-0.0051,0.0430,0.0080,0.0083,0.0174,0.3911,0.8373,-0.0747,0.0660,0.8020,-0.2600,0.0277,0.8020,-0.2600,0.2477,False,0.0531,-0.0054,0.0429,0.0079,0.0076,0.0179,2.9280,grasp,0.8020,-0.2600,0.0277,0.0000,0.0000,0.0000,False,,0.0500,0.0000,True
600,0.0,0.1920,-0.0136,False,False,False,-0.4539,4.7479,-0.2355,-1.2951,-0.0973,1.4876,-0.0142,-0.0771,0.0349,-0.0727,0.0489,-0.0738,0.4707,0.8372,-0.0758,0.0689,0.8020,-0.2600,0.0277,0.8020,-0.2600,0.2477,False,-0.0128,-0.0773,0.0360,-0.0725,0.0491,-0.0733,3.0361,grasp,0.8020,-0.2600,0.0277,0.0000,0.0000,0.0000,False,,0.0500,0.0000,True
601,0.0,0.1914,-0.0021,False,False,False,-0.4546,4.7440,-0.2338,-1.2985,-0.0951,1.4842,-0.0000,-0.0000,-0.0000,0.0000,-0.0000,0.0000,0.5298,0.8373,-0.0766,0.0692,0.8020,-0.2600,0.0277,0.8020,-0.2600,0.2477,False,-0.0508,0.0600,0.0334,0.0303,0.0560,0.0365,0.9294,grasp,0.8020,-0.2600,0.0277,0.0000,0.0000,0.0000,False,,0.0500,0.0000,False
602,0.0,0.1904,-0.0264,False,False,False,-0.4577,4.7475,-0.2315,-1.2993,-0.0918,1.4854,-0.1106,0.1085,0.0925,-0.1158,0.1133,0.0027,0.5182,0.8380,-0.0778,0.0695,0.8020,-0.2600,0.0277,0.8020,-0.2600,0.2477,False,-0.0592,0.0594,0.0493,-0.0604,0.0607,0.0022,-0.2502,grasp,0.8020,-0.2600,0.0277,0.0000,0.0000,0.0000,False,,0.0500,0.0000,False
603,0.0,0.1893,-0.0024,False,False,False,-0.4613,4.7521,-0.2285,-1.3031,-0.0881,1.4855,-0.0000,-0.0000,-0.0000,0.0000,-0.0000,0.0000,0.4697,0.8380,-0.0785,0.0678,0.8020,-0.2600,0.0277,0.8020,-0.2600,0.2477,False,-0.0236,0.0289,-0.0125,0.0528,-0.0052,-0.0547,-2.1366,grasp,0.8020,-0.2600,0.0277,0.0000,0.0000,0.0000,False,,0.0500,0.0000,False
604,0.0,0.1885,-0.0090,False,False,False,-0.4615,4.7523,-0.2286,-1.3025,-0.0882,1.4849,-0.0216,0.0161,-0.0142,0.0549,-0.0073,-0.0547,0.4497,0.8386,-0.0795,0.0680,0.8020,-0.2600,0.0277,0.8020,-0.2600,0.2477,False,-0.0137,0.0630,-0.0206,-0.0478,0.0015,0.0290,3.0745,grasp,0.8020,-0.2600,0.0277,0.0000,0.0000,0.0000,False,,0.0500,0.0000,True
605,0.0,0.1885,-0.0116,False,False,False,-0.4623,4.7534,-0.2288,-1.3028,-0.0888,1.4855,-0.0690,0.0503,0.0051,0.0169,-0.0616,0.0313,0.5140,0.8386,-0.0795,0.0680,0.8020,-0.2600,0.0277,0.8020,-0.2600,0.2477,False,-0.0692,0.0511,0.0048,0.0164,-0.0616,0.0316,1.6904,grasp,0.8020,-0.2600,0.0277,0.0000,0.0000,0.0000,False,,0.0500,0.0000,False
606,0.0,0.1897,-0.0112,False,False,False,-0.4633,4.7543,-0.2289,-1.3023,-0.0906,1.4864,0.0372,-0.0214,-0.0210,0.0171,-0.0667,0.0302,0.5080,0.8394,-0.0789,0.0699,0.8020,-0.2600,0.0277,0.8020,-0.2600,0.2477,False,0.0359,-0.0187,-0.0210,0.0174,-0.0678,0.0308,0.3097,grasp,0.8020,-0.2600,0.0277,0.0000,0.0000,0.0000,False,,0.0500,0.0000,False
607,0.0,0.1892,-0.0222,False,False,False,-0.4594,4.7545,-0.2316,-1.2995,-0.0957,1.4873,0.0558,0.1292,-0.0680,0.0989,0.0205,-0.1007,0.5037,0.8390,-0.0797,0.0712,0.8020,-0.2600,0.0277,0.8020,-0.2600,0.2477,False,0.0306,0.0666,-0.0365,0.0526,0.0085,-0.0520,1.1164,grasp,0.8020,-0.2600,0.0277,0.0000,0.0000,0.0000,False,,0.0500,0.0000,False
608,0.0,0.1892,-0.0023,False,False,False,-0.4576,4.7590,-0.2338,-1.2963,-0.0950,1.4841,-0.0000,-0.0000,-0.0000,0.0000,-0.0000,0.0000,0.4910,0.8390,-0.0797,0.0712,0.8020,-0.2600,0.0277,0.8020,-0.2600,0.2477,False,0.0473,0.0455,-0.0521,0.0338,-0.0551,0.0547,-1.7078,grasp,0.8020,-0.2600,0.0277,0.0000,0.0000,0.0000,False,,0.0500,0.0000,False
609,0.0,0.1896,-0.0033,False,False,False,-0.4563,4.7601,-0.2353,-1.2953,-0.0966,1.4857,0.0000,-0.0000,-0.0000,0.0000,-0.0000,0.0000,0.4357,0.8389,-0.0795,0.0725,0.8020,-0.2600,0.0277,0.8020,-0.2600,0.2477,False,0.0090,0.0290,-0.0686,0.0101,-0.0430,-0.0589,-0.8023,grasp,0.8020,-0.2600,0.0277,0.0000,0.0000,0.0000,False,,0.0500,0.0000,False
610,0.0,0.1911,-0.0034,False,False,False,-0.4562,4.7604,-0.2360,-1.2952,-0.0970,1.4851,0.0000,-0.0000,-0.0000,0.0000,0.0000,0.0000,0.4419,0.8390,-0.0777,0.0713,0.8020,-0.2600,0.0277,0.8020,-0.2600,0.2477,False,0.0674,-0.0684,0.0085,0.0657,-0.0326,0.0724,3.0505,grasp,0.8020,-0.2600,0.0277,0.0000,0.0000,0.0000,False,,0.0500,0.0000,True
611,0.0,0.1911,-0.0015,False,False,False,-0.4543,4.7583,-0.2357,-1.2933,-0.0980,1.4872,0.0000,-0.0000,-0.0000,0.0000,-0.0000,0.0000,0.5013,0.8390,-0.0777,0.0713,0.8020,-0.2600,0.0277,0.8020,-0.2600,0.2477,False,0.0567,0.0008,-0.0470,0.0276,-0.0766,0.0461,1.9267,grasp,0.8020,-0.2600,0.0277,0.0000,0.0000,0.0000,False,,0.0500,0.0000,True
612,0.0,0.1903,-0.0142,False,False,False,-0.4533,4.7579,-0.2370,-1.2918,-0.0994,1.4883,-0.0704,-0.0441,0.0141,0.0742,0.0740,-0.0206,0.4891,0.8386,-0.0780,0.0698,0.8020,-0.2600,0.0277,0.8020,-0.2600,0.2477,False,-0.0693,-0.0441,0.0132,0.0747,0.0725,-0.0197,-2.4597,grasp,0.8020,-0.2600,0.0277,0.0000,0.0000,0.0000,False,,0.0500,0.0000,False
613,0.0,0.1906,-0.0400,False,False,False,-0.4566,4.7559,-0.2363,-1.2884,-0.0960,1.4874,-0.1907,-0.1196,0.0381,0.2010,0.2005,-0.0557,0.4491,0.8386,-0.0780,0.0708,0.8020,-0.2600,0.0277,0.8020,-0.2600,0.2477,False,-0.0626,0.0144,0.0712,0.0339,-0.0679,0.0081,-1.9475,grasp,0.8020,-0.2600,0.0277,0.0000,0.0000,0.0000,False,,0.0500,0.0000,False
614,0.0,0.1906,-0.0149,False,False,False,-0.4565,4.7555,-0.2364,-1.2878,-0.0965,1.4877,0.0687,-0.0639,-0.0791,0.0305,0.0194,0.0266,0.4482,0.8386,-0.0780,0.0708,0.8020,-0.2600,0.0277,0.8020,-0.2600,0.2477,False,0.0681,-0.0635,-0.0784,0.0308,0.0187,0.0266,1.9441,grasp,0.8020,-0.2600,0.0277,0.0000,0.0000,0.0000,False,,0.0500,0.0000,True
615,0.0,0.1923,-0.0047,False,False,False,-0.4510,4.7486,-0.2428,-1.2853,-0.0950,1.4899,0.0000,-0.0424,-0.0000,-0.0000,0.0000,-0.0000,0.4814,0.8393,-0.0766,0.0716,0.8020,-0.2600,0.0277,0.8020,-0.2600,0.2477,False,-0.0687,0.0348,-0.0348,-0.0531,0.0602,-0.0093,-2.4451,grasp,0.8020,-0.2600,0.0277,0.0000,0.0000,0.0000,False,,0.0500,0.0000,False
616,0.0,0.1930,-0.0260,False,False,False,-0.4530,4.7500,-0.2437,-1.2869,-0.0932,1.4896,-0.0000,-0.0000,-0.0000,0.0000,-0.0000,0.0000,0.4214,0.8393,-0.0757,0.0713,0.8020,-0.2600,0.0277,0.8020,-0.2600,0.2477,False,-0.0515,-0.0537,0.0508,0.0385,0.0737,-0.0084,-1.2986,grasp,0.8020,-0.2600,0.0277,0.0000,0.0000,0.0000,False,,0.0500,0.0000,False
617,0.0,0.1909,-0.0011,False,False,False,-0.4553,4.7490,-0.2418,-1.2858,-0.0907,1.4898,-0.0783,0.0726,0.0403,-0.0057,0.0416,0.0460,0.3891,0.8391,-0.0778,0.0709,0.8020,-0.2600,0.0277,0.8020,-0.2600,0.2477,False,-0.0793,0.0715,0.0413,-0.0050,0.0430,0.0458,0.0202,grasp,0.8020,-0.2600,0.0277,0.0000,0.0000,0.0000,False,,0.0500,0.0000,False
618,0.0,0.1876,0.0012,False,False,False,-0.4589,4.7532,-0.2399,-1.2861,-0.0888,1.4919,-0.0000,-0.0000,-0.0000,0.0000,-0.0000,0.0000,0.3717,0.8388,-0.0808,0.0692,0.8020,-0.2600,0.0277,0.8020,-0.2600,0.2477,False,0.0174,0.0531,-0.0189,0.0687,-0.0272,-0.0288,-2.4817,grasp,0.8020,-0.2600,0.0277,0.0000,0.0000,0.0000,False,,0.0500,0.0000,False
619,0.0,0.1861,-0.0071,False,False,False,-0.4587,4.7537,-0.2401,-1.2854,-0.0891,1.4916,0.0195,0.0414,-0.0200,0.0688,-0.0283,-0.0300,0.3517,0.8382,-0.0824,0.0698,0.8020,-0.2600,0.0277,0.8020,-0.2600,0.2477,False,0.0180,0.0601,0.0506,0.0552,-0.0311,0.0110,1.1951,grasp,0.8020,-0.2600,0.0277,0.0000,0.0000,0.0000,False,,0.0500,0.0000,True
620,0.0,0.1861,-0.0318,False,False,False,-0.4567,4.7561,-0.2383,-1.2851,-0.0879,1.4896,0.1086,0.1012,0.1436,-0.0706,0.1097,-0.0928,0.2877,0.8382,-0.0824,0.0698,0.8020,-0.2600,0.0277,0.8020,-0.2600,0.2477,False,0.0575,0.0541,0.0752,-0.0358,0.0572,-0.0494,-1.8106,grasp,0.8020,-0.2600,0.0277,0.0000,0.0000,0.0000,False,,0.0500,0.0000,False
621,0.0,0.1852,-0.0216,False,False,False,-0.4550,4.7585,-0.2383,-1.2870,-0.0885,1.4874,0.0113,0.0378,-0.1298,-0.0548,-0.1404,-0.0605,0.3353,0.8376,-0.0825,0.0668,0.8020,-0.2600,0.0277,0.8020,-0.2600,0.2477,False,0.0075,0.0236,-0.0663,-0.0298,-0.0723,-0.0332,2.0566,grasp,0.8020,-0.2600,0.0277,0.0000,0.0000,0.0000,False,,0.0500,0.0000,True
622,0.0,0.1851,-0.0033,False,False,False,-0.4548,4.7591,-0.2401,-1.2878,-0.0905,1.4865,-0.0000,-0.0000,-0.0000,0.0000,-0.0000,0.0000,0.3575,0.8380,-0.0825,0.0660,0.8020,-0.2600,0.0277,0.8020,-0.2600,0.2477,False,-0.0308,0.0483,-0.0793,-0.0749,0.0440,0.0121,-0.3291,grasp,0.8020,-0.2600,0.0277,0.0000,0.0000,0.0000,False,,0.0500,0.0000,False
623,0.0,0.1855,-0.0300,False,False,False,-0.4528,4.7596,-0.2427,-1.2904,-0.0901,1.4844,0.1478,-0.0000,-0.1221,-0.1217,-0.0045,-0.1483,0.3950,0.8386,-0.0823,0.0666,0.8020,-0.2600,0.0277,0.8020,-0.2600,0.2477,False,0.0775,0.0005,-0.0651,-0.0648,-0.0019,-0.0779,0.7527,grasp,0.8020,-0.2600,0.0277,0.0000,0.0000,0.0000,False,,0.0500,0.0000,False
624,0.0,0.1861,-0.0355,False,False,False,-0.4490,4.7610,-0.2465,-1.2908,-0.0886,1.4842,0.1127,0.1074,-0.1331,0.0888,0.1035,0.1279,0.3451,0.8384,-0.0822,0.0687,0.8020,-0.2600,0.0277,0.8020,-0.2600,0.2477,False,0.0614,0.0558,-0.0718,0.0450,0.0544,0.0652,-2.2540,grasp,0.8020,-0.2600,0.0277,0.0000,0.0000,0.0000,False,,0.0500,0.0000,False
625,0.0,0.1861,-0.0024,False,False,False,-0.4474,4.7626,-0.2484,-1.2895,-0.0871,1.4860,0.0000,-0.0000,-0.0000,0.0000,-0.0000,0.0000,0.3060,0.8384,-0.0822,0.0687,0.8020,-0.2600,0.0277,0.8020,-0.2600,0.2477,False,-0.0156,0.0371,-0.0715,0.0386,-0.0558,0.0204,-2.0931,grasp,0.8020,-0.2600,0.0277,0.0000,0.0000,0.0000,False,,0.0500,0.0000,False
626,0.0,0.1855,-0.0241,False,False,False,-0.4492,4.7639,-0.2473,-1.2885,-0.0884,1.4881,-0.1054,0.0674,0.1208,0.0386,-0.0476,0.1209,0.3187,0.8376,-0.0821,0.0665,0.8020,-0.2600,0.0277,0.8020,-0.2600,0.2477,False,-0.0556,0.0356,0.0629,0.0207,-0.0256,0.0638,-0.0062,grasp,0.8020,-0.2600,0.0277,0.0000,0.0000,0.0000,False,,0.0500,0.0000,False
627,0.0,0.1855,-0.0115,False,False,False,-0.4507,4.7658,-0.2458,-1.2873,-0.0888,1.4892,-0.0058,0.0561,-0.0211,0.0662,0.0329,-0.0619,0.3303,0.8376,-0.0821,0.0665,0.8020,-0.2600,0.0277,0.8020,-0.2600,0.2477,False,-0.0073,0.0619,-0.0194,0.0667,0.0322,-0.0602,-0.4254,grasp,0.8020,-0.2600,0.0277,0.0000,0.0000,0.0000,False,,0.0500,0.0000,False
628,0.0,0.1852,-0.0089,False,False,False,-0.4503,4.7674,-0.2461,-1.2856,-0.0879,1.4883,0.0551,0.0313,0.0057,0.0474,0.0227,0.0282,0.3717,0.8373,-0.0822,0.0659,0.8020,-0.2600,0.0277,0.8020,-0.2600,0.2477,False,0.0550,0.0334,0.0053,0.0487,0.0234,0.0271,2.5833,grasp,0.8020,-0.2600,0.0277,0.0000,0.0000,0.0000,False,,0.0500,0.0000,True
629,0.0,1.3886,-0.0088,False,False,False,-3.2992,3.7648,-0.8245,4.9278,1.5829,-4.8493,-0.0002,0.0364,-0.0754,0.0397,0.0015,-0.0001,0.0001,0.1661,0.3741,1.0690,0.8020,-0.2600,0.0099,0.8020,-0.2600,0.2299,False,0.0202,-0.0415,-0.0062,0.0692,-0.0249,0.0755,-2.7244,grasp,0.8020,-0.2600,0.0099,0.0000,0.0000,0.0000,False,,0.0500,0.0000,False
630,0.0,1.3870,-0.0114,False,False,False,-3.2990,3.7643,-0.8246,4.9285,1.5826,-4.8485,0.0202,-0.0418,-0.0054,0.0688,-0.0250,0.0755,0.0101,0.1695,0.3739,1.0690,0.8020,-0.2600,0.0099,0.8020,-0.2600,0.2299,False,-0.0178,0.0749,-0.0052,-0.0632,0.0085,0.0533,-0.7087,grasp,0.8020,-0.2600,0.0099,0.0000,0.0000,0.0000,False,,0.0500,0.0000,False
631,0.0,1.3849,-0.0100,False,False,False,-3.2980,3.7638,-0.8252,4.9290,1.5824,-4.8472,0.0654,0.0305,-0.0455,-0.0726,0.0234,-0.0043,0.0544,0.1761,0.3764,1.0687,0.8020,-0.2600,0.0099,0.8020,-0.2600,0.2299,False,0.0658,0.0287,-0.0456,-0.0713,0.0229,-0.0029,1.3648,grasp,0.8020,-0.2600,0.0099,0.0000,0.0000,0.0000,False,,0.0500,0.0000,True
632,0.0,1.3839,-0.0233,False,False,False,-3.2967,3.7643,-0.8260,4.9277,1.5828,-4.8472,0.1245,0.0569,-0.0864,-0.1380,0.0444,-0.0082,0.0744,0.1799,0.3780,1.0688,0.8020,-0.2600,0.0099,0.8020,-0.2600,0.2299,False,0.0676,-0.0270,0.0739,-0.0623,0.0013,0.0048,-0.7547,grasp,0.8020,-0.2600,0.0099,0.0000,0.0000,0.0000,False,,0.0500,0.0000,False
633,0.0,1.3822,-0.0006,False,False,False,-3.2966,3.7643,-0.8260,4.9277,1.5828,-4.8472,0.0000,-0.0000,-0.0000,-0.0000,0.0000,0.0000,0.1144,0.1829,0.3770,1.0688,0.8020,-0.2600,0.0099,0.8020,-0.2600,0.2299,False,0.0459,0.0455,-0.0591,-0.0382,-0.0470,0.0403,1.0344,grasp,0.8020,-0.2600,0.0099,0.0000,0.0000,0.0000,False,,0.0500,0.0000,True
634,0.0,1.3804,-0.0179,False,False,False,-3.2947,3.7650,-0.8285,4.9270,1.5822,-4.8453,0.0576,-0.0721,-0.0723,0.0460,0.0761,0.0773,0.1944,0.1850,0.3755,1.0687,0.8020,-0.2600,0.0099,0.8020,-0.2600,0.2299,False,0.0588,-0.0712,-0.0734,0.0452,0.0752,0.0781,-0.1009,grasp,0.8020,-0.2600,0.0099,0.0000,0.0000,0.0000,False,,0.0500,0.0000,False
635,0.0,1.3780,-0.0168,False,False,False,-3.2947,3.7650,-0.8285,4.9270,1.5822,-4.8453,0.0576,-0.0721,-0.0723,0.0460,0.0761,0.0773,0.1944,0.1888,0.3743,1.0684,0.8020,-0.2600,0.0099,0.8020,-0.2600,0.2299,False,-0.0102,-0.0586,0.0005,0.0174,-0.0394,-0.0217,-2.7852,grasp,0.8020,-0.2600,0.0099,0.0000,0.0000,0.0000,False,,0.0500,0.0000,False
636,0.0,1.3778,-0.0029,False,False,False,-3.2935,3.7629,-0.8298,4.9279,1.5837,-4.8438,0.0000,-0.0000,-0.0000,-0.0000,0.0000,0.0000,0.2169,0.1905,0.3755,1.0685,0.8020,-0.2600,0.0099,0.8020,-0.2600,0.2299,False,0.0493,0.0080,0.0495,-0.0543,-0.0406,0.0316,1.8566,grasp,0.8020,-0.2600,0.0099,0.0000,0.0000,0.0000,False,,0.0500,0.0000,True
637,0.0,1.3768,-0.0115,False,False,False,-3.2930,3.7630,-0.8293,4.9274,1.5833,-4.8435,0.0492,0.0087,0.0495,-0.0543,-0.0406,0.0316,0.2369,0.1929,0.3754,1.0686,0.8020,-0.2600,0.0099,0.8020,-0.2600,0.2299,False,-0.0397,-0.0687,-0.0161,-0.0332,-0.0695,0.0608,0.7751,grasp,0.8020,-0.2600,0.0099,0.0000,0.0000,0.0000,False,,0.0500,0.0000,True
638,0.0,1.3764,-0.0023,False,False,False,-3.2930,3.7630,-0.8293,4.9274,1.5833,-4.8435,0.0000,-0.0000,-0.0000,-0.0000,0.0000,0.0000,0.2769,0.1949,0.3760,1.0688,0.8020,-0.2600,0.0099,0.8020,-0.2600,0.2299,False,0.0035,0.0010,-0.0524,-0.0703,0.0084,-0.0774,0.7989,grasp,0.8020,-0.2600,0.0099,0.0000,0.0000,0.0000,False,,0.0500,0.0000,True
639,0.0,1.3760,-0.0132,False,False,False,-3.2934,3.7637,-0.8316,4.9255,1.5839,-4.8458,-0.0505,0.0679,-0.0773,0.0230,0.0418,-0.0026,0.3569,0.1967,0.3768,1.0689,0.8020,-0.2600,0.0099,0.8020,-0.2600,0.2299,False,-0.0505,0.0677,-0.0783,0.0216,0.0420,-0.0041,1.2102,grasp,0.8020,-0.2600,0.0099,0.0000,0.0000,0.0000,False,,0.0500,0.0000,True
640,0.0,1.3776,-0.0135,False,False,False,-3.2940,3.7650,-0.8334,4.9253,1.5850,-4.8454,0.0456,0.0061,-0.0295,-0.0701,0.0286,0.0405,0.4166,0.1943,0.3777,1.0690,0.8020,-0.2600,0.0099,0.8020,-0.2600,0.2299,False,0.0439,0.0076,-0.0310,-0.0697,0.0294,0.0405,2.0508,grasp,0.8020,-0.2600,0.0099,0.0000,0.0000,0.0000,False,,0.0500,0.0000,True
641,0.0,1.3798,-0.0130,False,False,False,-3.2940,3.7650,-0.8334,4.9253,1.5850,-4.8454,0.0456,0.0061,-0.0295,-0.0701,0.0286,0.0405,0.4166,0.1921,0.3802,1.0690,0.8020,-0.2600,0.0099,0.8020,-0.2600,0.2299,False,0.0115,0.0389,-0.0447,0.0619,-0.0545,0.0369,2.8578,grasp,0.8020,-0.2600,0.0099,0.0000,0.0000,0.0000,False,,0.0500,0.0000,True
642,0.0,1.3802,-0.0218,False,False,False,-3.2931,3.7652,-0.8340,4.9239,1.5856,-4.8447,0.0859,0.0118,-0.0561,-0.1333,0.0544,0.0770,0.4366,0.1917,0.3811,1.0689,0.8020,-0.2600,0.0099,0.8020,-0.2600,0.2299,False,0.0697,-0.0202,0.0089,-0.0611,0.0092,-0.0597,-2.3882,grasp,0.8020,-0.2600,0.0099,0.0000,0.0000,0.0000,False,,0.0500,0.0000,False
643,0.0,1.3793,-0.0011,False,False,False,-3.2931,3.7652,-0.8340,4.9239,1.5856,-4.8447,0.0000,-0.0000,-0.0000,-0.0000,0.0000,-0.0000,0.4169,0.1915,0.3787,1.0691,0.8020,-0.2600,0.0099,0.8020,-0.2600,0.2299,False,0.0098,0.0119,-0.0115,-0.0759,0.0667,0.0274,3.0414,grasp,0.8020,-0.2600,0.0099,0.0000,0.0000,0.0000,False,,0.0500,0.0000,True
644,0.0,1.3788,-0.0216,False,False,False,-3.2924,3.7662,-0.8356,4.9235,1.5844,-4.8429,0.0392,0.0605,-0.0999,0.0199,-0.1169,0.0990,0.4326,0.1917,0.3777,1.0692,0.8020,-0.2600,0.0099,0.8020,-0.2600,0.2299,False,0.0207,0.0319,-0.0527,0.0097,-0.0608,0.0524,0.1658,grasp,0.8020,-0.2600,0.0099,0.0000,0.0000,0.0000,False,,0.0500,0.0000,False
645,0.0,1.3793,-0.0174,False,False,False,-3.2921,3.7675,-0.8372,4.9232,1.5835,-4.8407,-0.0277,0.0464,-0.0220,-0.0594,0.0722,0.0743,0.4179,0.1917,0.3786,1.0692,0.8020,-0.2600,0.0099,0.8020,-0.2600,0.2299,False,-0.0271,0.0473,-0.0234,-0.0591,0.0706,0.0757,-0.3142,grasp,0.8020,-0.2600,0.0099,0.0000,0.0000,0.0000,False,,0.0500,0.0000,False
646,0.0,1.3801,-0.0163,False,False,False,-3.2921,3.7675,-0.8372,4.9232,1.5835,-4.8407,-0.0277,0.0464,-0.0220,-0.0594,0.0722,0.0743,0.4179,0.1915,0.3803,1.0692,0.8020,-0.2600,0.0099,0.8020,-0.2600,0.2299,False,-0.0136,0.0677,0.0601,-0.0068,-0.0762,0.0191,-2.8769,grasp,0.8020,-0.2600,0.0099,0.0000,0.0000,0.0000,False,,0.0500,0.0000,False
647,0.0,1.3799,-0.0273,False,False,False,-3.2926,3.7684,-0.8377,4.9220,1.5849,-4.8393,-0.0525,0.0884,-0.0418,-0.1129,0.1373,0.1411,0.4121,0.1928,0.3810,1.0692,0.8020,-0.2600,0.0099,0.8020,-0.2600,0.2299,False,-0.0537,-0.0654,-0.0739,-0.0668,-0.0050,-0.0488,-2.4787,grasp,0.8020,-0.2600,0.0099,0.0000,0.0000,0.0000,False,,0.0500,0.0000,False
648,0.0,1.3807,-0.0163,False,False,False,-3.2920,3.7682,-0.8379,4.9227,1.5844,-4.8388,0.0699,-0.0231,-0.0274,0.0655,-0.0467,0.0513,0.4322,0.1909,0.3807,1.0693,0.8020,-0.2600,0.0099,0.8020,-0.2600,0.2299,False,0.0699,-0.0231,-0.0274,0.0655,-0.0467,0.0513,2.4481,grasp,0.8020,-0.2600,0.0099,0.0000,0.0000,0.0000,False,,0.0500,0.0000,True
649,0.0,1.3825,-0.0041,False,False,False,-3.2884,3.7670,-0.8392,4.9257,1.5822,-4.8364,-0.0000,-0.0000,-0.0000,-0.0000,-0.0000,-0.0000,0.4922,0.1881,0.3820,1.0693,0.8020,-0.2600,0.0099,0.8020,-0.2600,0.2299,False,0.0722,0.0189,-0.0432,0.0523,0.0060,0.0117,3.0917,grasp,0.8020,-0.2600,0.0099,0.0000,0.0000,0.0000,False,,0.0500,0.0000,True
650,0.0,1.3833,-0.0153,False,False,False,-3.2884,3.7678,-0.8389,4.9259,1.5881,-4.8359,-0.0781,-0.0048,0.0761,0.0540,0.0180,0.0420,0.4794,0.1886,0.3843,1.0692,0.8020,-0.2600,0.0099,0.8020,-0.2600,0.2299,False,-0.0769,0.0015,0.0757,0.0457,0.0740,0.0421,-0.4744,grasp,0.8020,-0.2600,0.0099,0.0000,0.0000,0.0000,False,,0.0500,0.0000,False
651,0.0,1.3847,-0.0296,False,False,False,-3.2899,3.7677,-0.8374,4.9268,1.5890,-4.8351,-0.1486,-0.0030,0.1446,0.0939,0.0902,0.0798,0.4654,0.1861,0.3850,1.0691,0.8020,-0.2600,0.0099,0.8020,-0.2600,0.2299,False,0.0773,0.0067,-0.0755,0.0003,-0.0744,-0.0429,2.3782,grasp,0.8020,-0.2600,0.0099,0.0000,0.0000,0.0000,False,,0.0500,0.0000,True
652,0.0,1.3861,-0.0297,False,False,False,-3.2899,3.7677,-0.8374,4.9268,1.5890,-4.8351,-0.1486,-0.0030,0.1446,0.0939,0.0902,0.0798,0.4654,0.1836,0.3857,1.0691,0.8020,-0.2600,0.0099,0.8020,-0.2600,0.2299,False,0.0732,0.0673,-0.0623,0.0706,0.0780,-0.0586,2.8079,grasp,0.8020,-0.2600,0.0099,0.0000,0.0000,0.0000,False,,0.0500,0.0000,True
653,0.0,1.3860,-0.0374,False,False,False,-3.2844,3.7728,-0.8361,4.9217,1.5917,-4.8338,0.2184,0.1962,0.0482,-0.1939,0.1042,0.0493,0.5844,0.1823,0.3843,1.0691,0.8020,-0.2600,0.0099,0.8020,-0.2600,0.2299,False,0.0632,0.0568,0.0140,-0.0564,0.0303,0.0143,2.7942,grasp,0.8020,-0.2600,0.0099,0.0000,0.0000,0.0000,False,,0.0500,0.0000,True
654,0.0,1.3854,-0.0388,False,False,False,-3.2844,3.7728,-0.8361,4.9217,1.5917,-4.8338,0.2184,0.1962,0.0482,-0.1939,0.1042,0.0493,0.5844,0.1846,0.3853,1.0691,0.8020,-0.2600,0.0099,0.8020,-0.2600,0.2299,False,-0.0552,0.0641,0.0649,-0.0112,-0.0378,0.0330,2.1300,grasp,0.8020,-0.2600,0.0099,0.0000,0.0000,0.0000,False,,0.0500,0.0000,False
655,0.0,1.3848,-0.0152,False,False,False,-3.2817,3.7759,-0.8354,4.9197,1.5922,-4.8325,-0.0595,0.0443,0.0207,0.0256,-0.0733,0.0770,0.5627,0.1860,0.3852,1.0690,0.8020,-0.2600,0.0099,0.8020,-0.2600,0.2299,False,-0.0500,0.0510,0.0213,0.0233,-0.0721,0.0775,-1.1818,grasp,0.8020,-0.2600,0.0099,0.0000,0.0000,0.0000,False,,0.0500,0.0000,False
656,0.0,1.3853,-0.0282,False,False,False,-3.2827,3.7768,-0.8350,4.9202,1.5908,-4.8310,-0.1063,0.0890,0.0393,0.0486,-0.1393,0.1462,0.5433,0.1863,0.3867,1.0690,0.8020,-0.2600,0.0099,0.8020,-0.2600,0.2299,False,-0.0027,-0.0386,-0.0719,-0.0783,0.0463,-0.0584,-2.7107,grasp,0.8020,-0.2600,0.0099,0.0000,0.0000,0.0000,False,,0.0500,0.0000,False
657,0.0,1.3854,-0.0280,False,False,False,-3.2828,3.7768,-0.8350,4.9202,1.5908,-4.8310,-0.0000,-0.0000,-0.0000,-0.0000,0.0000,0.0000,0.5234,0.1870,0.3874,1.0691,0.8020,-0.2600,0.0099,0.8020,-0.2600,0.2299,False,0.0605,0.0260,-0.0492,-0.0369,0.0026,0.0177,0.5972,grasp,0.8020,-0.2600,0.0099,0.0000,0.0000,0.0000,False,,0.0500,0.0000,False
658,0.0,1.3853,-0.0223,False,False,False,-3.2825,3.7789,-0.8376,4.9194,1.5911,-4.8295,-0.0184,0.1154,-0.1408,-0.0234,0.0173,0.0890,0.5327,0.1873,0.3875,1.0691,0.8020,-0.2600,0.0099,0.8020,-0.2600,0.2299,False,-0.0090,0.0610,-0.0746,-0.0127,0.0091,0.0470,1.4291,grasp,0.8020,-0.2600,0.0099,0.0000,0.0000,0.0000,False,,0.0500,0.0000,False
659,0.0,1.3852,-0.0286,False,False,False,-3.2828,3.7805,-0.8396,4.9191,1.5914,-4.8282,-0.0262,0.1646,-0.2008,-0.0333,0.0246,0.1270,0.5376,0.1878,0.3878,1.0690,0.8020,-0.2600,0.0099,0.8020,-0.2600,0.2299,False,0.0620,0.0594,-0.0644,-0.0279,0.0758,0.0657,-1.0951,grasp,0.8020,-0.2600,0.0099,0.0000,0.0000,0.0000,False,,0.0500,0.0000,False
660,0.0,1.3813,-0.0142,False,False,False,-3.2822,3.7811,-0.8402,4.9188,1.5921,-4.8275,0.0623,0.0574,-0.0624,-0.0276,0.0756,0.0644,0.4977,0.1937,0.3852,1.0690,0.8020,-0.2600,0.0099,0.8020,-0.2600,0.2299,False,0.0676,0.0504,0.0050,0.0270,-0.0521,0.0270,0.9802,grasp,0.8020,-0.2600,0.0099,0.0000,0.0000,0.0000,False,,0.0500,0.0000,False
661,0.0,1.3815,-0.0333,False,False,False,-3.2810,3.7822,-0.8414,4.9183,1.5936,-4.8263,0.1185,0.1094,-0.1185,-0.0524,0.1436,0.1225,0.4778,0.1928,0.3846,1.0691,0.8020,-0.2600,0.0099,0.8020,-0.2600,0.2299,False,-0.0680,-0.0357,-0.0733,0.0775,0.0454,0.0158,1.3768,grasp,0.8020,-0.2600,0.0099,0.0000,0.0000,0.0000,False,,0.0500,0.0000,False
662,0.0,1.3831,-0.0043,False,False,False,-3.2809,3.7822,-0.8414,4.9183,1.5936,-4.8263,-0.0000,-0.0000,-0.0000,-0.0000,-0.0000,0.0000,0.4759,0.1904,0.3854,1.0693,0.8020,-0.2600,0.0099,0.8020,-0.2600,0.2299,False,-0.0339,-0.0267,0.0577,0.0039,0.0035,-0.0117,-0.0643,grasp,0.8020,-0.2600,0.0099,0.0000,0.0000,0.0000,False,,0.0500,0.0000,False
663,0.0,1.3839,-0.0094,False,False,False,-3.2806,3.7813,-0.8411,4.9181,1.5936,-4.8264,0.0627,-0.0657,-0.0252,-0.0226,-0.0036,0.0070,0.4459,0.1882,0.3849,1.0693,0.8020,-0.2600,0.0099,0.8020,-0.2600,0.2299,False,0.0624,-0.0659,-0.0247,-0.0226,-0.0035,0.0069,-0.3634,grasp,0.8020,-0.2600,0.0099,0.0000,0.0000,0.0000,False,,0.0500,0.0000,False
664,0.0,1.3850,-0.0149,False,False,False,-3.2783,3.7807,-0.8424,4.9173,1.5933,-4.8275,0.0676,0.0694,-0.0508,-0.0248,-0.0113,-0.0805,0.3774,0.1866,0.3857,1.0694,0.8020,-0.2600,0.0099,0.8020,-0.2600,0.2299,False,0.0373,0.0333,-0.0272,-0.0135,-0.0060,-0.0422,-2.3524,grasp,0.8020,-0.2600,0.0099,0.0000,0.0000,0.0000,False,,0.0500,0.0000,False
665,0.0,1.3855,-0.0195,False,False,False,-3.2774,3.7817,-0.8431,4.9169,1.5932,-4.8286,0.0969,0.0970,-0.0724,-0.0354,-0.0161,-0.1148,0.3576,0.1872,0.3872,1.0695,0.8020,-0.2600,0.0099,0.8020,-0.2600,0.2299,False,-0.0126,-0.0739,0.0387,0.0127,0.0080,-0.0469,1.6306,grasp,0.8020,-0.2600,0.0099,0.0000,0.0000,0.0000,False,,0.0500,0.0000,True
666,0.0,1.3829,-0.0180,False,False,False,-3.2774,3.7817,-0.8431,4.9169,1.5932,-4.8286,0.0969,0.0970,-0.0724,-0.0354,-0.0161,-0.1148,0.3576,0.1921,0.3860,1.0697,0.8020,-0.2600,0.0099,0.8020,-0.2600,0.2299,False,0.0621,-0.0137,-0.0672,-0.0529,-0.0200,-0.0082,1.9620,grasp,0.8020,-0.2600,0.0099,0.0000,0.0000,0.0000,False,,0.0500,0.0000,True
667,0.0,1.3803,-0.0138,False,False,False,-3.2778,3.7824,-0.8436,4.9174,1.5934,-4.8279,-0.0513,0.0677,-0.0515,0.0447,0.0256,0.0686,0.4176,0.1966,0.3843,1.0699,0.8020,-0.2600,0.0099,0.8020,-0.2600,0.2299,False,-0.0512,0.0678,-0.0515,0.0447,0.0256,0.0686,2.5401,grasp,0.8020,-0.2600,0.0099,0.0000,0.0000,0.0000,False,,0.0500,0.0000,True
668,0.0,1.3800,-0.0405,False,False,False,-3.2802,3.7855,-0.8460,4.9195,1.5946,-4.8248,-0.1392,0.1841,-0.1395,0.1212,0.0694,0.1858,0.4576,0.1966,0.3835,1.0700,0.8020,-0.2600,0.0099,0.8020,-0.2600,0.2299,False,0.0263,-0.0579,0.0092,0.0430,0.0435,0.0135,0.9954,grasp,0.8020,-0.2600,0.0099,0.0000,0.0000,0.0000,False,,0.0500,0.0000,False
669,0.0,1.3820,-0.0251,False,False,False,-3.2795,3.7871,-0.8477,4.9204,1.5935,-4.8244,0.0584,0.0995,-0.1144,0.0628,-0.0757,0.0265,0.4300,0.1931,0.3845,1.0700,0.8020,-0.2600,0.0099,0.8020,-0.2600,0.2299,False,0.0305,0.0525,-0.0602,0.0330,-0.0399,0.0140,-0.4937,grasp,0.8020,-0.2600,0.0099,0.0000,0.0000,0.0000,False,,0.0500,0.0000,False
670,0.0,1.3804,-0.0297,False,False,False,-3.2786,3.7885,-0.8493,4.9213,1.5924,-4.8240,0.0833,0.1420,-0.1632,0.0896,-0.1080,0.0378,0.4207,0.1953,0.3834,1.0699,0.8020,-0.2600,0.0099,0.8020,-0.2600,0.2299,False,-0.0142,0.0618,-0.0407,0.0649,-0.0451,-0.0102,2.3279,grasp,0.8020,-0.2600,0.0099,0.0000,0.0000,0.0000,False,,0.0500,0.0000,True
671,0.0,1.3806,-0.0318,False,False,False,-3.2786,3.7885,-0.8493,4.9213,1.5924,-4.8240,0.0833,0.1420,-0.1632,0.0896,-0.1080,0.0378,0.4207,0.1958,0.3842,1.0698,0.8020,-0.2600,0.0099,0.8020,-0.2600,0.2299,False,0.0085,-0.0271,-0.0537,-0.0260,0.0662,-0.0515,-0.9862,grasp,0.8020,-0.2600,0.0099,0.0000,0.0000,0.0000,False,,0.0500,0.0000,False
672,0.0,1.3806,-0.0281,False,False,False,-3.2771,3.7906,-0.8482,4.9217,1.5906,-4.8232,0.1010,0.1490,0.0721,0.0279,-0.1137,0.0510,0.3836,0.1955,0.3842,1.0696,0.8020,-0.2600,0.0099,0.8020,-0.2600,0.2299,False,0.0531,0.0778,0.0380,0.0147,-0.0598,0.0268,-0.9842,grasp,0.8020,-0.2600,0.0099,0.0000,0.0000,0.0000,False,,0.0500,0.0000,False
673,0.0,1.3801,-0.0170,False,False,False,-3.2760,3.7912,-0.8488,4.9222,1.5883,-4.8216,-0.0341,-0.1273,-0.1008,0.0048,-0.0440,0.0597,0.3132,0.1963,0.3838,1.0698,0.8020,-0.2600,0.0099,0.8020,-0.2600,0.2299,False,-0.0157,-0.0625,-0.0520,0.0029,-0.0248,0.0321,-2.6553,grasp,0.8020,-0.2600,0.0099,0.0000,0.0000,0.0000,False,,0.0500,0.0000,False
674,0.0,1.3792,-0.0182,False,False,False,-3.2760,3.7912,-0.8488,4.9222,1.5883,-4.8216,-0.0341,-0.1273,-0.1008,0.0048,-0.0440,0.0597,0.3132,0.1975,0.3829,1.0699,0.8020,-0.2600,0.0099,0.8020,-0.2600,0.2299,False,0.0343,0.0103,0.0270,-0.0193,-0.0312,-0.0326,3.0482,grasp,0.8020,-0.2600,0.0099,0.0000,0.0000,0.0000,False,,0.0500,0.0000,True
675,0.0,1.3781,-0.0259,False,False,False,-3.2765,3.7894,-0.8502,4.9223,1.5877,-4.8207,-0.0478,-0.1793,-0.1438,0.0068,-0.0628,0.0851,0.2933,0.1998,0.3826,1.0699,0.8020,-0.2600,0.0099,0.8020,-0.2600,0.2299,False,0.0375,0.0514,-0.0635,0.0305,0.0440,-0.0373,1.1878,grasp,0.8020,-0.2600,0.0099,0.0000,0.0000,0.0000,False,,0.0500,0.0000,True
676,0.0,1.3766,0.0003,False,False,False,-3.2765,3.7884,-0.8502,4.9223,1.5877,-4.8207,0.0000,-0.0000,-0.0000,-0.0000,0.0000,0.0000,0.3255,0.2023,0.3816,1.0699,0.8020,-0.2600,0.0099,0.8020,-0.2600,0.2299,False,0.0027,-0.0069,-0.0185,0.0193,0.0355,0.0588,2.5549,grasp,0.8020,-0.2600,0.0099,0.0000,0.0000,0.0000,False,,0.0500,0.0000,True
677,0.0,1.3758,-0.0010,False,False,False,-3.2764,3.7882,-0.8507,4.9228,1.5887,-4.8190,-0.0000,-0.0000,-0.0000,-0.0000,-0.0000,0.0000,0.3455,0.2031,0.3807,1.0699,0.8020,-0.2600,0.0099,0.8020,-0.2600,0.2299,False,0.0741,0.0666,0.0085,0.0612,-0.0009,-0.0235,-1.8328,grasp,0.8020,-0.2600,0.0099,0.0000,0.0000,0.0000,False,,0.0500,0.0000,False
678,0.0,1.3731,-0.0094,False,False,False,-3.2752,3.7889,-0.8512,4.9232,1.5881,-4.8186,0.0422,0.0120,-0.0607,-0.0224,-0.0612,0.0634,0.3080,0.2066,0.3786,1.0698,0.8020,-0.2600,0.0099,0.8020,-0.2600,0.2299,False,0.0432,0.0128,-0.0606,-0.0218,-0.0612,0.0631,-1.3604,grasp,0.8020,-0.2600,0.0099,0.0000,0.0000,0.0000,False,,0.0500,0.0000,False
679,0.0,0.0495,1.3377,False,False,False,-0.4514,4.7562,-0.2250,-1.2847,-0.1033,1.4751,-0.0101,0.0511,0.0568,-0.0284,0.0778,-0.0231,0.0101,0.8031,-0.2615,0.0534,0.8027,-0.2378,0.0100,0.8027,-0.2378,0.2300,False,-0.0101,0.0511,0.0568,-0.0284,0.0778,-0.0231,-2.7228,grasp,0.8027,-0.2378,0.0100,0.0000,0.0000,0.0000,False,,0.0500,0.0000,False
680,0.0,1.3799,-1.3331,False,False,False,-0.4614,4.8068,-0.1688,-1.3128,-0.0263,1.4522,0.0000,0.0000,-0.0000,0.0000,-0.0000,0.0000,0.0733,0.1667,0.3776,1.0688,0.8027,-0.2378,0.0100,0.8027,-0.2378,0.2300,False,0.0580,0.0058,0.0709,-0.0428,0.0656,-0.0440,2.0687,grasp,0.8027,-0.2378,0.0100,0.0000,0.0000,0.0000,False,,0.0500,0.0000,True
681,0.0,1.3806,-0.0159,False,False,False,-0.4608,4.8069,-0.1681,-1.3132,-0.0257,1.4518,0.0580,0.0058,0.0709,-0.0428,0.0656,-0.0440,0.0932,0.1669,0.3796,1.0686,0.8027,-0.2378,0.0100,0.8027,-0.2378,0.2300,False,-0.0696,0.0036,0.0712,0.0034,0.0178,-0.0508,2.4343,grasp,0.8027,-0.2378,0.0100,0.0000,0.0000,0.0000,False,,0.0500,0.0000,True
682,0.0,1.3803,-0.0009,False,False,False,-0.4597,4.8070,-0.1668,-1.3140,-0.0244,1.4509,-0.0000,0.0000,-0.0000,0.0000,-0.0000,0.0000,0.1529,0.1687,0.3807,1.0687,0.8027,-0.2378,0.0100,0.8027,-0.2378,0.2300,False,-0.0336,0.0673,-0.0380,0.0192,-0.0076,0.0525,1.3631,grasp,0.8027,-0.2378,0.0100,0.0000,0.0000,0.0000,False,,0.0500,0.0000,True
683,0.0,1.3796,-0.0253,False,False,False,-0.4621,4.8109,-0.1694,-1.3137,-0.0234,1.4547,-0.0946,0.1190,-0.0997,-0.0139,0.0794,0.1435,0.1865,0.1692,0.3797,1.0687,0.8027,-0.2378,0.0100,0.8027,-0.2378,0.2300,False,-0.0504,0.0645,-0.0532,-0.0070,0.0416,0.0765,-1.8542,grasp,0.8027,-0.2378,0.0100,0.0000,0.0000,0.0000,False,,0.0500,0.0000,False
684,0.0,1.3828,-0.0542,False,False,False,-0.4652,4.8147,-0.1726,-1.3141,-0.0209,1.4593,-0.1713,0.2166,-0.1805,-0.0252,0.1437,0.2598,0.1822,0.1658,0.3833,1.0687,0.8027,-0.2378,0.0100,0.8027,-0.2378,0.2300,False,0.0370,-0.0701,-0.0314,-0.0074,0.0023,-0.0754,2.6281,grasp,0.8027,-0.2378,0.0100,0.0000,0.0000,0.0000,False,,0.0500,0.0000,True
685,0.0,1.3816,-0.0015,False,False,False,-0.4648,4.8143,-0.1729,-1.3142,-0.0209,1.4585,-0.0000,0.0000,-0.0000,0.0000,-0.0000,0.0000,0.2398,0.1698,0.3846,1.0688,0.8027,-0.2378,0.0100,0.8027,-0.2378,0.2300,False,-0.0523,-0.0784,-0.0762,0.0059,-0.0147,0.0427,-0.3461,grasp,0.8027,-0.2378,0.0100,0.0000,0.0000,0.0000,False,,0.0500,0.0000,False
686,0.0,1.3816,-0.0128,False,False,False,-0.4652,4.8140,-0.1735,-1.3141,-0.0204,1.4582,0.0189,0.0485,0.0149,0.0068,0.0638,-0.0791,0.2913,0.1698,0.3846,1.0688,0.8027,-0.2378,0.0100,0.8027,-0.2378,0.2300,False,0.0184,0.0469,0.0141,0.0068,0.0636,-0.0787,1.8927,grasp,0.8027,-0.2378,0.0100,0.0000,0.0000,0.0000,False,,0.0500,0.0000,True
687,0.0,1.3822,-0.0144,False,False,False,-0.4650,4.8159,-0.1731,-1.3134,-0.0172,1.4553,-0.0666,-0.0509,-0.0318,0.0348,0.0234,0.0787,0.3583,0.1689,0.3847,1.0690,0.8027,-0.2378,0.0100,0.8027,-0.2378,0.2300,False,-0.0661,-0.0475,-0.0314,0.0350,0.0252,0.0766,0.5455,grasp,0.8027,-0.2378,0.0100,0.0000,0.0000,0.0000,False,,0.0500,0.0000,False
688,0.0,1.3825,-0.0023,False,False,False,-0.4680,4.8134,-0.1746,-1.3118,-0.0161,1.4589,-0.0000,0.0000,-0.0000,0.0000,-0.0000,0.0000,0.3594,0.1684,0.3847,1.0690,0.8027,-0.2378,0.0100,0.8027,-0.2378,0.2300,False,-0.0132,0.0108,-0.0359,-0.0261,0.0021,-0.0699,-1.7742,grasp,0.8027,-0.2378,0.0100,0.0000,0.0000,0.0000,False,,0.0500,0.0000,False
689,0.0,1.3821,-0.0112,False,False,False,-0.4674,4.8138,-0.1750,-1.3119,-0.0165,1.4574,0.0716,0.0225,-0.0086,0.0230,-0.0358,-0.0775,0.3009,0.1683,0.3838,1.0690,0.8027,-0.2378,0.0100,0.8027,-0.2378,0.2300,False,0.0715,0.0227,-0.0089,0.0227,-0.0358,-0.0782,-2.8985,grasp,0.8027,-0.2378,0.0100,0.0000,0.0000,0.0000,False,,0.0500,0.0000,False
690,0.0,1.3829,-0.0232,False,False,False,-0.4666,4.8163,-0.1740,-1.3106,-0.0167,1.4549,-0.0359,0.1438,0.0773,0.0520,0.0321,-0.0714,0.2740,0.1677,0.3847,1.0692,0.8027,-0.2378,0.0100,0.8027,-0.2378,0.2300,False,-0.0176,0.0756,0.0405,0.0278,0.0162,-0.0390,-1.1350,grasp,0.8027,-0.2378,0.0100,0.0000,0.0000,0.0000,False,,0.0500,0.0000,False
691,0.0,1.3825,-0.0110,False,False,False,-0.4678,4.8186,-0.1729,-1.3104,-0.0166,1.4542,-0.0675,-0.0650,-0.0031,-0.0482,-0.0435,0.0405,0.3110,0.1688,0.3846,1.0693,0.8027,-0.2378,0.0100,0.8027,-0.2378,0.2300,False,-0.0680,-0.0536,-0.0020,-0.0475,-0.0431,0.0395,2.4137,grasp,0.8027,-0.2378,0.0100,0.0000,0.0000,0.0000,False,,0.0500,0.0000,True
692,0.0,1.3824,-0.0126,False,False,False,-0.4688,4.8177,-0.1733,-1.3106,-0.0167,1.4545,0.0301,0.0384,-0.0271,0.0732,0.0717,-0.0500,0.3601,0.1688,0.3843,1.0694,0.8027,-0.2378,0.0100,0.8027,-0.2378,0.2300,False,0.0289,0.0364,-0.0272,0.0723,0.0708,-0.0492,0.6540,grasp,0.8027,-0.2378,0.0100,0.0000,0.0000,0.0000,False,,0.0500,0.0000,False
693,0.0,1.3830,-0.0133,False,False,False,-0.4684,4.8180,-0.1739,-1.3084,-0.0151,1.4542,-0.0172,-0.0441,-0.0146,0.0775,0.0319,0.0641,0.3324,0.1698,0.3866,1.0694,0.8027,-0.2378,0.0100,0.8027,-0.2378,0.2300,False,-0.0166,-0.0433,-0.0151,0.0789,0.0332,0.0631,-3.1037,grasp,0.8027,-0.2378,0.0100,0.0000,0.0000,0.0000,False,,0.0500,0.0000,False
694,0.0,1.3848,-0.0256,False,False,False,-0.4687,4.8172,-0.1742,-1.3069,-0.0145,1.4554,-0.0326,-0.0838,-0.0278,0.1473,0.0606,0.1217,0.3124,0.1686,0.3898,1.0691,0.8027,-0.2378,0.0100,0.8027,-0.2378,0.2300,False,-0.0201,-0.0718,-0.0271,-0.0593,-0.0323,0.0673,-0.9650,grasp,0.8027,-0.2378,0.0100,0.0000,0.0000,0.0000,False,,0.0500,0.0000,False
695,0.0,1.3861,-0.0600,False,False,False,-0.4750,4.8151,-0.1804,-1.3023,-0.0080,1.4496,-0.2380,-0.0782,-0.2333,0.1769,0.2442,-0.2228,0.3996,0.1672,0.3914,1.0691,0.8027,-0.2378,0.0100,0.8027,-0.2378,0.2300,False,-0.0692,-0.0228,-0.0678,0.0514,0.0710,-0.0648,1.0775,grasp,0.8027,-0.2378,0.0100,0.0000,0.0000,0.0000,False,,0.0500,0.0000,True
696,0.0,1.3861,-0.0167,False,False,False,-0.4782,4.8131,-0.1825,-1.2997,-0.0047,1.4463,-0.0424,-0.0739,0.0658,0.0459,0.0407,-0.0563,0.4531,0.1688,0.3930,1.0691,0.8027,-0.2378,0.0100,0.8027,-0.2378,0.2300,False,-0.0452,-0.0777,0.0630,0.0480,0.0436,-0.0589,3.0086,grasp,0.8027,-0.2378,0.0100,0.0000,0.0000,0.0000,False,,0.0500,0.0000,True
697,0.0,1.3860,-0.0299,False,False,False,-0.4790,4.8117,-0.1812,-1.2988,-0.0040,1.4453,-0.0806,-0.1433,0.1250,0.0872,0.0773,-0.1070,0.4728,0.1694,0.3932,1.0691,0.8027,-0.2378,0.0100,0.8027,-0.2378,0.2300,False,-0.0574,-0.0200,-0.0388,0.0243,0.0055,-0.0605,-2.1407,grasp,0.8027,-0.2378,0.0100,0.0000,0.0000,0.0000,False,,0.0500,0.0000,False
698,0.0,1.3858,-0.0028,False,False,False,-0.4790,4.8117,-0.1812,-1.2988,-0.0040,1.4453,-0.0000,0.0000,-0.0000,0.0000,-0.0000,0.0000,0.4717,0.1687,0.3922,1.0691,0.8027,-0.2378,0.0100,0.8027,-0.2378,0.2300,False,-0.0522,-0.0267,0.0200,0.0395,-0.0557,0.0299,-0.0753,grasp,0.8027,-0.2378,0.0100,0.0000,0.0000,0.0000,False,,0.0500,0.0000,False
699,0.0,1.3864,-0.0163,False,False,False,-0.4811,4.8106,-0.1812,-1.2984,-0.0051,1.4457,-0.0526,-0.0352,-0.0596,-0.0729,0.0512,-0.0454,0.4803,0.1669,0.3915,1.0692,0.8027,-0.2378,0.0100,0.8027,-0.2378,0.2300,False,-0.0536,-0.0357,-0.0592,-0.0722,0.0501,-0.0448,1.4337,grasp,0.8027,-0.2378,0.0100,0.0000,0.0000,0.0000,False,,0.0500,0.0000,False
700,0.0,1.3885,-0.0182,False,False,False,-0.4813,4.8092,-0.1818,-1.2992,-0.0045,1.4448,0.0764,-0.0644,0.0537,0.0588,-0.0462,-0.0009,0.5263,0.1617,0.3911,1.0691,0.8027,-0.2378,0.0100,0.8027,-0.2378,0.2300,False,0.0754,-0.0662,0.0525,0.0574,-0.0452,-0.0017,2.1920,grasp,0.8027,-0.2378,0.0100,0.0000,0.0000,0.0000,False,,0.0500,0.0000,True
701,0.0,1.3886,-0.0292,False,False,False,-0.4798,4.8079,-0.1808,-1.2981,-0.0054,1.4448,0.1452,-0.1238,0.1020,0.1118,-0.0878,-0.0017,0.5416,0.1601,0.3897,1.0691,0.8027,-0.2378,0.0100,0.8027,-0.2378,0.2300,False,-0.0294,-0.0338,-0.0700,-0.0141,0.0077,0.0317,1.5129,grasp,0.8027,-0.2378,0.0100,0.0000,0.0000,0.0000,False,,0.0500,0.0000,False
702,0.0,1.3888,-0.0412,False,False,False,-0.4809,4.8035,-0.1812,-1.3022,-0.0011,1.4484,-0.1186,-0.0947,-0.0705,-0.2166,0.2113,0.1388,0.4911,0.1596,0.3899,1.0690,0.8027,-0.2378,0.0100,0.8027,-0.2378,0.2300,False,-0.0324,-0.0298,-0.0190,-0.0614,0.0602,0.0403,-0.0130,grasp,0.8027,-0.2378,0.0100,0.0000,0.0000,0.0000,False,,0.0500,0.0000,False
703,0.0,1.3896,-0.0101,False,False,False,-0.4822,4.8015,-0.1823,-1.3050,0.0020,1.4500,0.0130,-0.0649,-0.0211,-0.0222,0.0645,-0.0124,0.4418,0.1595,0.3918,1.0688,0.8027,-0.2378,0.0100,0.8027,-0.2378,0.2300,False,0.0116,-0.0684,-0.0220,-0.0248,0.0670,-0.0108,-2.2081,grasp,0.8027,-0.2378,0.0100,0.0000,0.0000,0.0000,False,,0.0500,0.0000,False
704,0.0,1.3908,-0.0179,False,False,False,-0.4819,4.8003,-0.1827,-1.3054,0.0033,1.4497,0.0247,-0.1263,-0.0402,-0.0422,0.1225,-0.0236,0.4218,0.1593,0.3943,1.0687,0.8027,-0.2378,0.0100,0.8027,-0.2378,0.2300,False,-0.0014,0.0576,-0.0020,0.0198,-0.0225,0.0322,1.4875,grasp,0.8027,-0.2378,0.0100,0.0000,0.0000,0.0000,False,,0.0500,0.0000,True
705,0.0,1.3915,-0.0609,False,False,False,-0.4792,4.7943,-0.1761,-1.3110,0.0083,1.4553,0.1054,-0.2193,0.2498,-0.2135,0.1923,0.2135,0.3457,0.1591,0.3957,1.0686,0.8027,-0.2378,0.0100,0.8027,-0.2378,0.2300,False,0.0306,-0.0640,0.0726,-0.0621,0.0559,0.0621,-1.5421,grasp,0.8027,-0.2378,0.0100,0.0000,0.0000,0.0000,False,,0.0500,0.0000,False
706,0.0,1.3915,-0.0149,False,False,False,-0.4787,4.7911,-0.1737,-1.3141,0.0109,1.4571,-0.0762,-0.0270,-0.0606,-0.0564,0.0251,-0.0763,0.3507,0.1599,0.3970,1.0684,0.8027,-0.2378,0.0100,0.8027,-0.2378,0.2300,False,-0.0749,-0.0333,-0.0576,-0.0589,0.0274,-0.0738,0.2567,grasp,0.8027,-0.2378,0.0100,0.0000,0.0000,0.0000,False,,0.0500,0.0000,False
707,0.0,1.3910,-0.0319,False,False,False,-0.4801,4.7905,-0.1749,-1.3152,0.0113,1.4557,-0.1447,-0.0551,-0.1152,-0.1072,0.0477,-0.1450,0.3589,0.1597,0.3953,1.0686,0.8027,-0.2378,0.0100,0.8027,-0.2378,0.2300,False,0.0699,0.0658,-0.0025,0.0683,0.0127,-0.0346,-0.2794,grasp,0.8027,-0.2378,0.0100,0.0000,0.0000,0.0000,False,,0.0500,0.0000,False
708,0.0,1.3903,-0.0265,False,False,False,-0.4798,4.7877,-0.1774,-1.3153,0.0177,1.4541,0.0107,-0.1068,-0.0973,-0.0048,0.2426,-0.0613,0.2642,0.1610,0.3948,1.0688,0.8027,-0.2378,0.0100,0.8027,-0.2378,0.2300,False,0.0031,-0.0311,-0.0283,-0.0014,0.0705,-0.0178,-2.2495,grasp,0.8027,-0.2378,0.0100,0.0000,0.0000,0.0000,False,,0.0500,0.0000,False
709,0.0,1.3913,-0.0177,False,False,False,-0.4791,4.7854,-0.1785,-1.3159,0.0200,1.4526,0.0554,-0.0678,0.0068,-0.0489,-0.0588,-0.0735,0.2283,0.1610,0.3967,1.0690,0.8027,-0.2378,0.0100,0.8027,-0.2378,0.2300,False,0.0555,-0.0733,0.0056,-0.0490,-0.0560,-0.0742,-2.0453,grasp,0.8027,-0.2378,0.0100,0.0000,0.0000,0.0000,False,,0.0500,0.0000,False
710,0.0,1.3916,-0.0278,False,False,False,-0.4781,4.7841,-0.1784,-1.3168,0.0189,1.4512,0.1052,-0.1335,0.0128,-0.0930,-0.1118,-0.1396,0.2194,0.1610,0.3973,1.0690,0.8027,-0.2378,0.0100,0.8027,-0.2378,0.2300,False,0.0685,0.0227,-0.0137,-0.0092,0.0743,0.0538,-0.8953,grasp,0.8027,-0.2378,0.0100,0.0000,0.0000,0.0000,False,,0.0500,0.0000,False
711,0.0,1.3921,-0.0504,False,False,False,-0.4815,4.7909,-0.1810,-1.3219,0.0200,1.4580,-0.1278,0.2722,-0.0974,-0.1938,0.0395,0.2604,0.2454,0.1605,0.3980,1.0690,0.8027,-0.2378,0.0100,0.8027,-0.2378,0.2300,False,-0.0372,0.0787,-0.0283,-0.0564,0.0115,0.0757,-0.9949,grasp,0.8027,-0.2378,0.0100,0.0000,0.0000,0.0000,False,,0.0500,0.0000,False
712,0.0,1.3912,-0.0117,False,False,False,-0.4829,4.7947,-0.1819,-1.3249,0.0206,1.4619,0.0113,-0.0538,0.0218,-0.0676,0.0178,0.0745,0.2869,0.1601,0.3956,1.0690,0.8027,-0.2378,0.0100,0.8027,-0.2378,0.2300,False,0.0098,-0.0392,0.0206,-0.0699,0.0182,0.0776,1.6316,grasp,0.8027,-0.2378,0.0100,0.0000,0.0000,0.0000,False,,0.0500,0.0000,True
713,0.0,1.3908,-0.0242,False,False,False,-0.4827,4.7938,-0.1815,-1.3262,0.0209,1.4633,0.0215,-0.0910,0.0414,-0.1284,0.0337,0.1416,0.3065,0.1592,0.3937,1.0690,0.8027,-0.2378,0.0100,0.8027,-0.2378,0.2300,False,-0.0458,-0.0434,-0.0511,-0.0490,-0.0361,0.0727,0.1639,grasp,0.8027,-0.2378,0.0100,0.0000,0.0000,0.0000,False,,0.0500,0.0000,False
714,0.0,1.3910,-0.0218,False,False,False,-0.4844,4.7947,-0.1826,-1.3290,0.0194,1.4616,-0.0822,0.0464,-0.0532,-0.1382,-0.0727,-0.0841,0.2519,0.1572,0.3921,1.0690,0.8027,-0.2378,0.0100,0.8027,-0.2378,0.2300,False,-0.0303,0.0170,-0.0196,-0.0510,-0.0268,-0.0310,-2.4781,grasp,0.8027,-0.2378,0.0100,0.0000,0.0000,0.0000,False,,0.0500,0.0000,False
715,0.0,1.3906,-0.0252,False,False,False,-0.4855,4.7945,-0.1851,-1.3286,0.0196,1.4617,-0.0049,-0.0567,-0.1196,0.1435,0.0685,0.0794,0.1910,0.1564,0.3901,1.0691,0.8027,-0.2378,0.0100,0.8027,-0.2378,0.2300,False,-0.0036,-0.0291,-0.0636,0.0738,0.0351,0.0407,-2.5726,grasp,0.8027,-0.2378,0.0100,0.0000,0.0000,0.0000,False,,0.0500,0.0000,False
716,0.0,1.3917,-0.0337,False,False,False,-0.4855,4.7937,-0.1868,-1.3266,0.0205,1.4628,-0.0069,-0.0809,-0.1706,0.2047,0.0977,0.1133,0.1792,0.1527,0.3887,1.0692,0.8027,-0.2378,0.0100,0.8027,-0.2378,0.2300,False,-0.0775,-0.0160,-0.0747,-0.0437,-0.0569,-0.0786,2.2909,grasp,0.8027,-0.2378,0.0100,0.0000,0.0000,0.0000,False,,0.0500,0.0000,True
717,0.0,1.3935,-0.0033,False,False,False,-0.4855,4.7934,-0.1868,-1.3266,0.0205,1.4628,0.0000,0.0000,-0.0000,0.0000,-0.0000,0.0000,0.2192,0.1511,0.3911,1.0692,0.8027,-0.2378,0.0100,0.8027,-0.2378,0.2300,False,0.0311,0.0333,-0.0485,0.0634,0.0572,0.0482,1.9852,grasp,0.8027,-0.2378,0.0100,0.0000,0.0000,0.0000,False,,0.0500,0.0000,True
718,0.0,1.3950,-0.0172,False,False,False,-0.4848,4.7951,-0.1887,-1.3255,0.0214,1.4646,-0.0196,0.0686,-0.0464,-0.0789,-0.0808,0.0350,0.2548,0.1495,0.3928,1.0692,0.8027,-0.2378,0.0100,0.8027,-0.2378,0.2300,False,-0.0190,0.0692,-0.0473,-0.0777,-0.0797,0.0359,-3.0844,grasp,0.8027,-0.2378,0.0100,0.0000,0.0000,0.0000,False,,0.0500,0.0000,False
719,0.0,1.3952,-0.0095,False,False,False,-0.4856,4.7982,-0.1914,-1.3299,0.0177,1.4657,0.0128,-0.0316,-0.0623,-0.0741,0.0004,-0.0499,0.2162,0.1510,0.3952,1.0690,0.8027,-0.2378,0.0100,0.8027,-0.2378,0.2300,False,0.0122,-0.0275,-0.0635,-0.0763,-0.0018,-0.0490,-1.3962,grasp,0.8027,-0.2378,0.0100,0.0000,0.0000,0.0000,False,,0.0500,0.0000,False
720,0.0,1.3962,-0.0128,False,False,False,-0.4854,4.7976,-0.1926,-1.3313,0.0177,1.4648,0.0243,-0.0582,-0.1184,-0.1408,0.0007,-0.0949,0.2168,0.1494,0.3958,1.0689,0.8027,-0.2378,0.0100,0.8027,-0.2378,0.2300,False,-0.0545,0.0345,-0.0363,-0.0021,0.0695,-0.0305,-0.2955,grasp,0.8027,-0.2378,0.0100,0.0000,0.0000,0.0000,False,,0.0500,0.0000,False
721,0.0,1.3978,-0.0073,False,False,False,-0.4861,4.7977,-0.1927,-1.3315,0.0181,1.4641,-0.0196,-0.0092,0.0288,-0.0181,-0.0281,-0.0317,0.2411,0.1481,0.3981,1.0688,0.8027,-0.2378,0.0100,0.8027,-0.2378,0.2300,False,-0.0201,-0.0088,0.0284,-0.0181,-0.0274,-0.0320,-1.3610,grasp,0.8027,-0.2378,0.0100,0.0000,0.0000,0.0000,False,,0.0500,0.0000,False
722,0.0,1.3985,-0.0109,False,False,False,-0.4866,4.7969,-0.1910,-1.3323,0.0165,1.4633,0.0382,-0.0424,0.0395,0.0064,-0.0301,0.0644,0.2071,0.1486,0.4003,1.0688,0.8027,-0.2378,0.0100,0.8027,-0.2378,0.2300,False,0.0373,-0.0428,0.0408,0.0056,-0.0314,0.0630,-2.5596,grasp,0.8027,-0.2378,0.0100,0.0000,0.0000,0.0000,False,,0.0500,0.0000,False
723,0.0,1.3998,-0.0206,False,False,False,-0.4859,4.7961,-0.1902,-1.3321,0.0159,1.4646,0.0725,-0.0805,0.0750,0.0122,-0.0572,0.1224,0.1938,0.1483,0.4030,1.0687,0.8027,-0.2378,0.0100,0.8027,-0.2378,0.2300,False,-0.0252,-0.0388,0.0281,0.0579,-0.0178,0.0340,1.9760,grasp,0.8027,-0.2378,0.0100,0.0000,0.0000,0.0000,False,,0.0500,0.0000,True
724,0.0,1.4001,-0.0278,False,False,False,-0.4876,4.7977,-0.1877,-1.3303,0.0176,1.4644,-0.0916,0.1497,0.1442,0.0827,0.1222,-0.0320,0.2938,0.1476,0.4028,1.0686,0.8027,-0.2378,0.0100,0.8027,-0.2378,0.2300,False,-0.0485,0.0776,0.0762,0.0441,0.0641,-0.0165,-1.3947,grasp,0.8027,-0.2378,0.0100,0.0000,0.0000,0.0000,False,,0.0500,0.0000,False
725,0.0,1.3999,-0.0158,False,False,False,-0.4886,4.8007,-0.1862,-1.3284,0.0201,1.4633,0.0255,-0.0552,-0.0472,0.0726,0.0779,-0.0606,0.3514,0.1484,0.4031,1.0687,0.8027,-0.2378,0.0100,0.8027,-0.2378,0.2300,False,0.0242,-0.0388,-0.0451,0.0738,0.0796,-0.0610,2.3031,grasp,0.8027,-0.2378,0.0100,0.0000,0.0000,0.0000,False,,0.0500,0.0000,True
726,0.0,1.3988,-0.0003,False,False,False,-0.4881,4.7996,-0.1870,-1.3270,0.0216,1.4622,0.0000,0.0000,-0.0000,0.0000,-0.0000,0.0000,0.3908,0.1510,0.4033,1.0688,0.8027,-0.2378,0.0100,0.8027,-0.2378,0.2300,False,0.0430,-0.0770,0.0126,-0.0043,-0.0755,0.0608,1.6768,grasp,0.8027,-0.2378,0.0100,0.0000,0.0000,0.0000,False,,0.0500,0.0000,True
727,0.0,1.3955,-0.0284,False,False,False,-0.4852,4.7977,-0.1867,-1.3285,0.0250,1.4600,0.1213,-0.0538,0.0084,-0.0682,0.1989,-0.1349,0.4843,0.1554,0.4003,1.0689,0.8027,-0.2378,0.0100,0.8027,-0.2378,0.2300,False,0.0452,-0.0207,0.0032,-0.0252,0.0726,-0.0492,1.8232,grasp,0.8027,-0.2378,0.0100,0.0000,0.0000,0.0000,False,,0.0500,0.0000,True
728,0.0,1.3933,-0.0022,False,False,False,-0.4837,4.7969,-0.1864,-1.3291,0.0274,1.4583,-0.0050,-0.0055,0.0194,0.0223,-0.0090,-0.0023,0.4591,0.1576,0.3976,1.0691,0.8027,-0.2378,0.0100,0.8027,-0.2378,0.2300,False,-0.0035,-0.0072,0.0195,0.0214,-0.0065,-0.0041,-1.6844,grasp,0.8027,-0.2378,0.0100,0.0000,0.0000,0.0000,False,,0.0500,0.0000,False
729,0.0,1.4393,-0.0447,False,False,False,-3.3094,3.7645,-0.8134,-1.4008,1.5826,1.4487,-0.1597,0.1678,0.1717,-0.0827,-0.1384,0.1529,0.0209,0.1008,0.4221,1.0656,0.8020,-0.2600,0.0099,0.8020,-0.2600,0.2299,False,-0.0587,0.0611,0.0630,-0.0314,-0.0509,0.0563,-2.6654,grasp,0.8020,-0.2600,0.0099,0.0000,0.0000,0.0000,False,,0.0500,0.0000,False
730,0.0,0.0416,16.3940,True,False,False,-3.3650,3.8225,-0.7536,-1.4296,1.5344,1.5020,0.0000,-0.0000,-0.0000,-0.0000,0.0000,0.0000,0.0806,0.7958,-0.2460,0.0486,0.8020,-0.2600,0.0099,0.8020,-0.2600,0.2299,False,-0.0543,0.0518,0.0344,-0.0209,-0.0323,0.0104,0.4287,grasp,0.8020,-0.2600,0.0099,0.0000,0.0000,0.0000,False,,0.0500,0.0000,True
731,0.0,0.0384,16.3357,True,False,False,-0.4513,4.7557,-0.2256,-1.2844,-0.1041,1.4753,0.0000,-0.0000,-0.0000,0.0000,-0.0000,0.0000,0.0200,0.8042,-0.2637,0.0652,0.8020,-0.2600,0.0270,0.8020,-0.2600,0.2470,False,0.0581,-0.0784,0.0042,0.0599,0.0746,-0.0018,2.5476,grasp,0.8020,-0.2600,0.0270,0.0000,0.0000,0.0000,False,,0.0500,0.0000,True
732,0.0,0.0566,-0.0212,False,False,False,2.9844,3.7771,-0.8450,-1.3623,1.5921,-4.8265,0.0801,0.0576,-0.0815,0.0546,-0.0862,0.0451,0.0600,0.8099,-0.2096,0.0438,0.8018,-0.2554,0.0116,0.8018,-0.2554,0.2316,False,0.0422,0.0303,-0.0429,0.0287,-0.0454,0.0237,0.1771,grasp,0.8018,-0.2554,0.0116,0.0000,0.0000,0.0000,False,,0.0500,0.0000,True
733,0.0,0.0566,-0.0206,False,False,False,2.9844,3.7771,-0.8450,-1.3623,1.5921,-4.8265,0.0801,0.0576,-0.0815,0.0546,-0.0862,0.0451,0.0600,0.8099,-0.2096,0.0438,0.8018,-0.2554,0.0116,0.8018,-0.2554,0.2316,False,-0.0181,-0.0154,0.0053,0.0692,-0.0610,0.0482,-1.3299,grasp,0.8018,-0.2554,0.0116,0.0000,0.0000,0.0000,False,,0.0500,0.0000,False
734,0.0,0.0567,-0.0101,False,False,False,2.9861,3.7780,-0.8462,-1.3621,1.5903,-4.8260,0.0484,0.0050,0.0005,-0.0594,-0.0606,-0.0115,0.1104,0.8104,-0.2082,0.0419,0.8018,-0.2554,0.0116,0.8018,-0.2554,0.2316,False,0.0504,0.0058,-0.0007,-0.0586,-0.0619,-0.0109,-1.2556,grasp,0.8018,-0.2554,0.0116,0.0000,0.0000,0.0000,False,,0.0500,0.0000,False
735,0.0,0.0570,-0.0101,False,False,False,2.9861,3.7780,-0.8462,-1.3621,1.5903,-4.8260,0.0484,0.0050,0.0005,-0.0594,-0.0606,-0.0115,0.1104,0.8102,-0.2076,0.0415,0.8018,-0.2554,0.0116,0.8018,-0.2554,0.2316,False,0.0334,0.0110,-0.0007,-0.0745,0.0766,-0.0051,-2.0239,grasp,0.8018,-0.2554,0.0116,0.0000,0.0000,0.0000,False,,0.0500,0.0000,False
736,0.0,0.0570,-0.0132,False,False,False,2.9870,3.7774,-0.8468,-1.3639,1.5891,-4.8255,-0.0036,-0.0656,-0.0636,-0.0606,-0.0049,0.0713,0.1228,0.8102,-0.2076,0.0415,0.8018,-0.2554,0.0116,0.8018,-0.2554,0.2316,False,-0.0022,-0.0655,-0.0636,-0.0617,-0.0061,0.0711,-2.1988,grasp,0.8018,-0.2554,0.0116,0.0000,0.0000,0.0000,False,,0.0500,0.0000,False
737,0.0,0.0576,-0.0226,False,False,False,2.9861,3.7755,-0.8487,-1.3666,1.5874,-4.8223,-0.0568,-0.0081,-0.0464,-0.1031,-0.1047,0.1202,0.1825,0.8096,-0.2084,0.0440,0.8018,-0.2554,0.0116,0.8018,-0.2554,0.2316,False,-0.0299,-0.0082,-0.0256,-0.0554,-0.0552,0.0646,2.7053,grasp,0.8018,-0.2554,0.0116,0.0000,0.0000,0.0000,False,,0.0500,0.0000,True
738,0.0,0.0576,-0.0306,False,False,False,2.9853,3.7754,-0.8494,-1.3681,1.5859,-4.8206,-0.0810,-0.0143,-0.0662,-0.1470,-0.1493,0.1714,0.2025,0.8096,-0.2084,0.0440,0.8018,-0.2554,0.0116,0.8018,-0.2554,0.2316,False,-0.0766,0.0164,-0.0386,-0.0707,0.0484,-0.0597,1.7890,grasp,0.8018,-0.2554,0.0116,0.0000,0.0000,0.0000,False,,0.0500,0.0000,True
739,0.0,0.0576,-0.0136,False,False,False,2.9845,3.7755,-0.8497,-1.3688,1.5864,-4.8212,-0.0753,0.0168,-0.0379,-0.0692,0.0499,-0.0614,0.2425,0.8092,-0.2089,0.0446,0.8018,-0.2554,0.0116,0.8018,-0.2554,0.2316,False,-0.0162,0.0218,-0.0125,-0.0020,-0.0457,-0.0599,0.0572,grasp,0.8018,-0.2554,0.0116,0.0000,0.0000,0.0000,False,,0.0500,0.0000,True
740,0.0,0.0567,-0.0121,False,False,False,2.9827,3.7753,-0.8511,-1.3707,1.5871,-4.8229,-0.0189,-0.0601,-0.0609,-0.0569,-0.0250,-0.0569,0.2230,0.8085,-0.2092,0.0437,0.8018,-0.2554,0.0116,0.8018,-0.2554,0.2316,False,-0.0221,-0.0598,-0.0617,-0.0582,-0.0240,-0.0581,-2.7697,grasp,0.8018,-0.2554,0.0116,0.0000,0.0000,0.0000,False,,0.0500,0.0000,False
741,0.0,0.0567,-0.0146,False,False,False,2.9827,3.7753,-0.8511,-1.3707,1.5871,-4.8229,-0.0189,-0.0601,-0.0609,-0.0569,-0.0250,-0.0569,0.2230,0.8085,-0.2092,0.0437,0.8018,-0.2554,0.0116,0.8018,-0.2554,0.2316,False,-0.0428,0.0175,-0.0555,0.0400,-0.0516,-0.0793,-1.9034,grasp,0.8018,-0.2554,0.0116,0.0000,0.0000,0.0000,False,,0.0500,0.0000,False
742,0.0,0.0534,-0.0294,False,False,False,2.9844,3.7726,-0.8542,-1.3708,1.5845,-4.8259,0.1349,-0.0721,-0.1323,0.0615,-0.1385,-0.1221,0.2339,0.8080,-0.2106,0.0401,0.8018,-0.2554,0.0116,0.8018,-0.2554,0.2316,False,0.0704,-0.0413,-0.0708,0.0313,-0.0734,-0.0654,-0.7022,grasp,0.8018,-0.2554,0.0116,0.0000,0.0000,0.0000,False,,0.0500,0.0000,False
743,0.0,0.0534,-0.0131,False,False,False,2.9860,3.7708,-0.8561,-1.3705,1.5818,-4.8279,-0.0612,-0.0135,0.0080,-0.0586,-0.0751,-0.0355,0.2040,0.8080,-0.2106,0.0401,0.8018,-0.2554,0.0116,0.8018,-0.2554,0.2316,False,-0.0560,-0.0209,0.0061,-0.0577,-0.0771,-0.0372,-2.8015,grasp,0.8018,-0.2554,0.0116,0.0000,0.0000,0.0000,False,,0.0500,0.0000,False
744,0.0,0.0522,-0.0128,False,False,False,2.9860,3.7708,-0.8561,-1.3705,1.5818,-4.8279,-0.0612,-0.0135,0.0080,-0.0586,-0.0751,-0.0355,0.2040,0.8075,-0.2116,0.0394,0.8018,-0.2554,0.0116,0.8018,-0.2554,0.2316,False,-0.0388,-0.0093,0.0788,-0.0637,-0.0477,-0.0689,-0.6728,grasp,0.8018,-0.2554,0.0116,0.0000,0.0000,0.0000,False,,0.0500,0.0000,False
745,0.0,0.0530,-0.0151,False,False,False,2.9852,3.7708,-0.8566,-1.3720,1.5809,-4.8281,0.0372,0.0256,-0.0702,-0.0362,0.0509,0.0500,0.1976,0.8074,-0.2104,0.0390,0.8018,-0.2554,0.0116,0.8018,-0.2554,0.2316,False,0.0350,0.0252,-0.0701,-0.0373,0.0495,0.0493,-1.2640,grasp,0.8018,-0.2554,0.0116,0.0000,0.0000,0.0000,False,,0.0500,0.0000,False
746,0.0,0.0530,-0.0035,False,False,False,2.9859,3.7712,-0.8579,-1.3727,1.5818,-4.8272,0.0000,-0.0000,-0.0000,-0.0000,0.0000,-0.0000,0.2218,0.8074,-0.2104,0.0390,0.8018,-0.2554,0.0116,0.8018,-0.2554,0.2316,False,0.0551,-0.0574,-0.0714,-0.0717,0.0380,-0.0592,1.2178,grasp,0.8018,-0.2554,0.0116,0.0000,0.0000,0.0000,False,,0.0500,0.0000,True
747,0.0,0.0537,-0.0181,False,False,False,2.9864,3.7707,-0.8586,-1.3734,1.5822,-4.8278,0.0541,-0.0579,-0.0701,-0.0710,0.0370,-0.0601,0.2418,0.8073,-0.2106,0.0406,0.8018,-0.2554,0.0116,0.8018,-0.2554,0.2316,False,-0.0054,-0.0637,0.0478,-0.0240,0.0356,-0.0473,2.4979,grasp,0.8018,-0.2554,0.0116,0.0000,0.0000,0.0000,False,,0.0500,0.0000,True
748,0.0,0.0537,-0.0722,False,False,False,2.9874,3.7718,-0.8599,-1.3723,1.5735,-4.8289,0.1032,0.1177,-0.1331,0.1092,-0.8538,-0.1142,0.2618,0.8073,-0.2106,0.0406,0.8018,-0.2554,0.0116,0.8018,-0.2554,0.2316,False,0.0687,0.0040,-0.0119,-0.0652,-0.0269,-0.0245,-1.5125,grasp,0.8018,-0.2554,0.0116,0.0000,0.0000,0.0000,False,,0.0500,0.0000,False
749,0.0,0.0549,-0.0380,False,False,False,2.9868,3.7731,-0.8602,-1.3710,1.5647,-4.8297,-0.0746,0.0698,-0.0250,0.1051,-0.4287,-0.0744,0.2963,0.8077,-0.2097,0.0414,0.8018,-0.2554,0.0116,0.8018,-0.2554,0.2316,False,-0.0744,0.0716,-0.0250,0.0174,0.0171,-0.0744,1.8630,grasp,0.8018,-0.2554,0.0116,0.0000,0.0000,0.0000,False,,0.0500,0.0000,True
750,0.0,0.0559,-0.0342,False,False,False,2.9847,3.7743,-0.8614,-1.3694,1.5645,-4.8316,-0.0502,-0.0294,-0.0769,0.1781,-0.2741,-0.0553,0.2772,0.8079,-0.2085,0.0413,0.8018,-0.2554,0.0116,0.8018,-0.2554,0.2316,False,-0.0534,-0.0595,-0.0774,0.0311,-0.0542,-0.0567,-2.8325,grasp,0.8018,-0.2554,0.0116,0.0000,0.0000,0.0000,False,,0.0500,0.0000,False
751,0.0,0.0559,-0.0125,False,False,False,2.9833,3.7744,-0.8632,-1.3668,1.5616,-4.8330,-0.0407,0.0338,-0.0360,-0.0276,-0.0653,-0.0327,0.2815,0.8079,-0.2085,0.0413,0.8018,-0.2554,0.0116,0.8018,-0.2554,0.2316,False,-0.0426,0.0330,-0.0374,-0.0247,-0.0675,-0.0337,2.6582,grasp,0.8018,-0.2554,0.0116,0.0000,0.0000,0.0000,False,,0.0500,0.0000,True
752,0.0,0.0554,-0.0499,False,False,False,2.9825,3.7751,-0.8639,-1.3670,1.5636,-4.8336,-0.0783,0.0885,-0.0683,0.0184,0.6851,-0.0621,0.3015,0.8079,-0.2079,0.0395,0.8018,-0.2554,0.0116,0.8018,-0.2554,0.2316,False,0.0724,-0.0025,0.0068,-0.0388,0.0213,0.0302,0.6786,grasp,0.8018,-0.2554,0.0116,0.0000,0.0000,0.0000,False,,0.0500,0.0000,True
753,0.0,0.0584,-0.0540,False,False,False,2.9825,3.7751,-0.8639,-1.3670,1.5636,-4.8336,-0.0783,0.0885,-0.0683,0.0184,0.6851,-0.0621,0.3015,0.8085,-0.2060,0.0420,0.8018,-0.2554,0.0116,0.8018,-0.2554,0.2316,False,0.0675,-0.0613,-0.0780,-0.0512,-0.0587,0.0696,-1.3126,grasp,0.8018,-0.2554,0.0116,0.0000,0.0000,0.0000,False,,0.0500,0.0000,False
754,0.0,0.0584,-0.0547,False,False,False,2.9831,3.7793,-0.8653,-1.3676,1.5653,-4.8350,0.0397,0.0848,-0.0892,0.1149,-0.6868,-0.0920,0.3800,0.8085,-0.2060,0.0420,0.8018,-0.2554,0.0116,0.8018,-0.2554,0.2316,False,0.0209,-0.0658,-0.0470,0.0087,-0.0270,-0.0484,2.1262,grasp,0.8018,-0.2554,0.0116,0.0000,0.0000,0.0000,False,,0.0500,0.0000,True
755,0.0,0.0584,-0.0484,False,False,False,2.9844,3.7823,-0.8682,-1.3664,1.5668,-4.8380,0.0719,0.1721,-0.1615,0.0480,0.3944,-0.1665,0.4200,0.8089,-0.2054,0.0409,0.8018,-0.2554,0.0116,0.8018,-0.2554,0.2316,False,-0.0669,-0.0157,0.0190,-0.0324,-0.0655,0.0187,2.2379,grasp,0.8018,-0.2554,0.0116,0.0000,0.0000,0.0000,False,,0.0500,0.0000,True
756,0.0,0.0584,-0.0093,False,False,False,2.9844,3.7839,-0.8686,-1.3671,1.5728,-4.8376,-0.0034,0.0326,-0.0406,-0.0584,0.0269,0.0395,0.4330,0.8089,-0.2054,0.0409,0.8018,-0.2554,0.0116,0.8018,-0.2554,0.2316,False,-0.0034,0.0389,-0.0406,-0.0639,0.0634,0.0395,0.0248,grasp,0.8018,-0.2554,0.0116,0.0000,0.0000,0.0000,False,,0.0500,0.0000,False
757,0.0,0.0577,-0.0211,False,False,False,2.9843,3.7846,-0.8694,-1.3684,1.5735,-4.8369,-0.0065,0.0671,-0.0771,-0.1218,0.0705,0.0751,0.4300,0.8091,-0.2054,0.0394,0.8018,-0.2554,0.0116,0.8018,-0.2554,0.2316,False,-0.0535,-0.0398,0.0115,0.0337,0.0739,0.0114,2.1715,grasp,0.8018,-0.2554,0.0116,0.0000,0.0000,0.0000,False,,0.0500,0.0000,True
758,0.0,0.0577,-0.0019,False,False,False,2.9843,3.7850,-0.8694,-1.3689,1.5766,-4.8369,0.0000,0.0032,0.0000,0.0000,0.0000,0.0000,0.4436,0.8091,-0.2049,0.0385,0.8018,-0.2554,0.0116,0.8018,-0.2554,0.2316,False,0.0474,-0.0116,0.0534,-0.0220,0.0120,-0.0665,-2.6937,grasp,0.8018,-0.2554,0.0116,0.0000,0.0000,0.0000,False,,0.0500,0.0000,False
759,0.0,0.0555,-0.0213,False,False,False,2.9854,3.7839,-0.8702,-1.3676,1.5761,-4.8359,0.0381,0.0162,-0.0923,0.0654,0.1760,0.1064,0.3902,0.8085,-0.2059,0.0358,0.8018,-0.2554,0.0116,0.8018,-0.2554,0.2316,False,0.0206,-0.0643,-0.0481,0.0595,-0.0719,0.0554,-0.7683,grasp,0.8018,-0.2554,0.0116,0.0000,0.0000,0.0000,False,,0.0500,0.0000,False
760,0.0,0.0555,-0.0023,False,False,False,2.9859,3.7842,-0.8715,-1.3665,1.5771,-4.8344,0.0000,-0.0000,-0.0000,-0.0000,0.0000,-0.0000,0.3809,0.8085,-0.2059,0.0358,0.8018,-0.2554,0.0116,0.8018,-0.2554,0.2316,False,-0.0419,0.0543,0.0144,0.0661,0.0469,-0.0516,-0.1904,grasp,0.8018,-0.2554,0.0116,0.0000,0.0000,0.0000,False,,0.0500,0.0000,False
761,0.0,0.0546,-0.0144,False,False,False,2.9855,3.7847,-0.8714,-1.3659,1.5775,-4.8349,-0.0426,0.0540,0.0157,0.0650,0.0459,-0.0531,0.3803,0.8087,-0.2058,0.0333,0.8018,-0.2554,0.0116,0.8018,-0.2554,0.2316,False,0.0794,0.0649,-0.0237,-0.0068,-0.0733,-0.0417,-2.9005,grasp,0.8018,-0.2554,0.0116,0.0000,0.0000,0.0000,False,,0.0500,0.0000,False
762,0.0,0.0546,-0.0279,False,False,False,2.9847,3.7857,-0.8711,-1.3646,1.5784,-4.8359,-0.0807,0.1032,0.0299,0.1236,0.0872,-0.1008,0.3799,0.8087,-0.2058,0.0333,0.8018,-0.2554,0.0116,0.8018,-0.2554,0.2316,False,0.0577,-0.0403,-0.0229,-0.0059,0.0369,-0.0791,-1.4601,grasp,0.8018,-0.2554,0.0116,0.0000,0.0000,0.0000,False,,0.0500,0.0000,False
763,0.0,0.0559,-0.0043,False,False,False,2.9846,3.7858,-0.8711,-1.3646,1.5784,-4.8359,-0.0000,-0.0000,-0.0000,-0.0000,0.0000,-0.0000,0.3513,0.8092,-0.2043,0.0330,0.8018,-0.2554,0.0116,0.8018,-0.2554,0.2316,False,-0.0421,-0.0072,-0.0126,-0.0238,-0.0472,0.0532,-1.2280,grasp,0.8018,-0.2554,0.0116,0.0000,0.0000,0.0000,False,,0.0500,0.0000,False
764,0.0,0.0552,-0.0214,False,False,False,2.9837,3.7873,-0.8695,-1.3647,1.5774,-4.8368,-0.0344,0.1205,0.1141,0.0082,-0.0323,-0.0918,0.2884,0.8088,-0.2053,0.0338,0.8018,-0.2554,0.0116,0.8018,-0.2554,0.2316,False,-0.0185,0.0627,0.0599,0.0041,-0.0175,-0.0478,-1.9793,grasp,0.8018,-0.2554,0.0116,0.0000,0.0000,0.0000,False,,0.0500,0.0000,False
765,0.0,0.0552,-0.0136,False,False,False,2.9825,3.7894,-0.8677,-1.3652,1.5775,-4.8387,-0.0760,-0.0027,0.0174,-0.0547,0.0534,-0.0613,0.3143,0.8088,-0.2053,0.0338,0.8018,-0.2554,0.0116,0.8018,-0.2554,0.2316,False,-0.0765,0.0034,0.0191,-0.0546,0.0529,-0.0626,1.8360,grasp,0.8018,-0.2554,0.0116,0.0000,0.0000,0.0000,False,,0.0500,0.0000,True
766,0.0,0.0523,-0.0121,False,False,False,2.9825,3.7894,-0.8677,-1.3652,1.5775,-4.8387,-0.0760,-0.0027,0.0174,-0.0547,0.0534,-0.0613,0.3143,0.8082,-0.2080,0.0327,0.8018,-0.2554,0.0116,0.8018,-0.2554,0.2316,False,0.0152,0.0243,0.0713,0.0419,0.0677,0.0790,-0.6657,grasp,0.8018,-0.2554,0.0116,0.0000,0.0000,0.0000,False,,0.0500,0.0000,False
767,0.0,0.0523,-0.0260,False,False,False,2.9810,3.7894,-0.8673,-1.3662,1.5785,-4.8399,-0.1447,-0.0007,0.0331,-0.1039,0.1015,-0.1164,0.3343,0.8082,-0.2080,0.0327,0.8018,-0.2554,0.0116,0.8018,-0.2554,0.2316,False,0.0765,0.0097,0.0628,-0.0171,0.0398,0.0742,1.4533,grasp,0.8018,-0.2554,0.0116,0.0000,0.0000,0.0000,False,,0.0500,0.0000,True
768,0.0,0.0515,-0.0020,False,False,False,2.9809,3.7894,-0.8673,-1.3662,1.5785,-4.8399,-0.0000,-0.0000,-0.0000,-0.0000,0.0000,-0.0000,0.3372,0.8088,-0.2089,0.0326,0.8018,-0.2554,0.0116,0.8018,-0.2554,0.2316,False,0.0278,0.0728,0.0653,-0.0249,-0.0142,-0.0525,-0.1525,grasp,0.8018,-0.2554,0.0116,0.0000,0.0000,0.0000,False,,0.0500,0.0000,False
769,0.0,0.0532,-0.0363,False,False,False,2.9833,3.7883,-0.8687,-1.3648,1.5796,-4.8417,0.1461,-0.1160,-0.1344,0.1101,0.0806,-0.0818,0.4016,0.8090,-0.2073,0.0330,0.8018,-0.2554,0.0116,0.8018,-0.2554,0.2316,False,0.0770,-0.0601,-0.0701,0.0577,0.0423,-0.0436,2.3079,grasp,0.8018,-0.2554,0.0116,0.0000,0.0000,0.0000,False,,0.0500,0.0000,True
770,0.0,0.0552,-0.0171,False,False,False,2.9865,3.7851,-0.8712,-1.3628,1.5809,-4.8436,0.0666,-0.0408,-0.0556,0.0449,0.0179,-0.0746,0.3825,0.8091,-0.2061,0.0354,0.8018,-0.2554,0.0116,0.8018,-0.2554,0.2316,False,0.0731,-0.0537,-0.0576,0.0464,0.0191,-0.0758,-2.1882,grasp,0.8018,-0.2554,0.0116,0.0000,0.0000,0.0000,False,,0.0500,0.0000,False
771,0.0,0.0543,-0.0125,False,False,False,2.9865,3.7851,-0.8712,-1.3628,1.5809,-4.8436,0.0666,-0.0408,-0.0556,0.0449,0.0179,-0.0746,0.3825,0.8089,-0.2066,0.0343,0.8018,-0.2554,0.0116,0.8018,-0.2554,0.2316,False,0.0521,-0.0656,-0.0410,-0.0263,-0.0161,-0.0771,0.7421,grasp,0.8018,-0.2554,0.0116,0.0000,0.0000,0.0000,False,,0.0500,0.0000,False
772,0.0,0.0528,-0.0280,False,False,False,2.9877,3.7843,-0.8723,-1.3619,1.5813,-4.8450,0.1313,-0.0889,-0.1057,0.0853,0.0341,-0.1418,0.3626,0.8085,-0.2075,0.0326,0.8018,-0.2554,0.0116,0.8018,-0.2554,0.2316,False,-0.0686,0.0092,0.0576,0.0140,-0.0481,-0.0548,-2.0489,grasp,0.8018,-0.2554,0.0116,0.0000,0.0000,0.0000,False,,0.0500,0.0000,False
773,0.0,0.0538,-0.0037,False,False,False,2.9879,3.7840,-0.8723,-1.3619,1.5813,-4.8450,0.0000,-0.0000,-0.0000,-0.0000,0.0000,-0.0000,0.3930,0.8088,-0.2069,0.0338,0.8018,-0.2554,0.0116,0.8018,-0.2554,0.2316,False,0.0518,0.0209,0.0724,-0.0496,0.0655,0.0678,2.6802,grasp,0.8018,-0.2554,0.0116,0.0000,0.0000,0.0000,False,,0.0500,0.0000,True
774,0.0,0.0559,-0.0211,False,False,False,2.9887,3.7839,-0.8695,-1.3641,1.5825,-4.8423,-0.0746,-0.0642,0.0654,-0.0706,-0.0482,0.0691,0.4024,0.8097,-0.2050,0.0344,0.8018,-0.2554,0.0116,0.8018,-0.2554,0.2316,False,-0.0728,-0.0635,0.0668,-0.0715,-0.0469,0.0704,-1.0054,grasp,0.8018,-0.2554,0.0116,0.0000,0.0000,0.0000,False,,0.0500,0.0000,False
775,0.0,0.0565,-0.0428,False,False,False,2.9874,3.7824,-0.8676,-1.3650,1.5726,-4.8405,0.0322,-0.0138,0.0627,-0.0055,-0.6816,0.0531,0.4269,0.8099,-0.2036,0.0327,0.8018,-0.2554,0.0116,0.8018,-0.2554,0.2316,False,0.0287,-0.0687,0.0639,-0.0196,-0.0366,0.0544,1.4706,grasp,0.8018,-0.2554,0.0116,0.0000,0.0000,0.0000,False,,0.0500,0.0000,True
776,0.0,0.0565,-0.0403,False,False,False,2.9880,3.7822,-0.8665,-1.3662,1.5681,-4.8395,0.0593,0.0208,0.1191,-0.2444,0.3049,0.1009,0.4430,0.8099,-0.2036,0.0327,0.8018,-0.2554,0.0116,0.8018,-0.2554,0.2316,False,0.0314,0.0459,-0.0230,0.0388,-0.0426,-0.0796,2.1638,grasp,0.8018,-0.2554,0.0116,0.0000,0.0000,0.0000,False,,0.0500,0.0000,True
777,0.0,0.0566,-0.0376,False,False,False,2.9881,3.7827,-0.8665,-1.3665,1.5683,-4.8395,-0.0000,0.0225,0.0000,0.0703,-0.6278,0.0000,0.4630,0.8097,-0.2035,0.0328,0.8018,-0.2554,0.0116,0.8018,-0.2554,0.2316,False,-0.0648,0.0663,0.0563,0.0236,-0.0733,0.0364,-2.6274,grasp,0.8018,-0.2554,0.0116,0.0000,0.0000,0.0000,False,,0.0500,0.0000,False
778,0.0,0.0566,-0.0157,False,False,False,2.9882,3.7834,-0.8652,-1.3673,1.5712,-4.8390,0.0796,-0.0488,0.0713,-0.0275,-0.0641,0.0121,0.3976,0.8097,-0.2035,0.0328,0.8018,-0.2554,0.0116,0.8018,-0.2554,0.2316,False,0.0787,-0.0480,0.0719,-0.0272,-0.0653,0.0125,-3.0650,grasp,0.8018,-0.2554,0.0116,0.0000,0.0000,0.0000,False,,0.0500,0.0000,False
779,0.0,0.0589,-0.0039,False,False,False,2.9899,3.7825,-0.8638,-1.3678,1.5700,-4.8388,0.0000,-0.0000,-0.0000,-0.0000,0.0000,-0.0000,0.3714,0.8102,-0.2024,0.0360,0.8018,-0.2554,0.0116,0.8018,-0.2554,0.2316,False,-0.0073,-0.0005,0.0400,0.0675,0.0669,-0.0749,-0.4399,grasp,0.8018,-0.2554,0.0116,0.0000,0.0000,0.0000,False,,0.0500,0.0000,False
780,0.0,0.0607,-0.0281,False,False,False,2.9896,3.7825,-0.8627,-1.3658,1.5719,-4.8409,-0.0187,0.0009,0.0735,0.1292,0.1294,-0.1428,0.3662,0.8104,-0.2015,0.0382,0.8018,-0.2554,0.0116,0.8018,-0.2554,0.2316,False,0.0388,-0.0612,-0.0459,0.0176,0.0031,0.0026,-1.5459,grasp,0.8018,-0.2554,0.0116,0.0000,0.0000,0.0000,False,,0.0500,0.0000,False
781,0.0,0.0662,-0.0174,False,False,False,3.0285,3.7971,-0.9094,-1.3322,1.4889,-4.8369,0.0000,0.0287,0.0000,-0.0343,0.1738,-0.0000,0.2132,0.8092,-0.2063,0.0553,0.8018,-0.2554,0.0116,0.8018,-0.2554,0.2316,False,0.0762,-0.0369,-0.0713,0.0505,0.0207,-0.0712,-0.7548,grasp,0.8018,-0.2554,0.0116,0.0000,0.0000,0.0000,False,,0.0500,0.0000,False
782,0.0,0.0776,0.9426,False,False,False,-0.4507,4.7558,-0.2267,-1.2842,-0.1050,1.4764,0.0367,0.0041,-0.0738,0.0142,-0.0580,0.0737,0.0399,0.8125,-0.2464,0.0775,0.8000,-0.2103,0.0100,0.8000,-0.2103,0.2300,False,0.0193,0.0022,-0.0388,0.0075,-0.0305,0.0388,0.7822,grasp,0.8000,-0.2103,0.0100,0.0000,0.0000,0.0000,False,,0.0500,0.0000,True
783,0.0,1.3642,-1.2933,False,False,False,-0.4325,4.7578,-0.2644,-1.2774,-0.1344,1.5144,-0.0462,-0.0096,0.0012,-0.0452,0.0180,0.0294,0.4596,0.1677,0.3738,1.0684,0.8000,-0.2103,0.0100,0.8000,-0.2103,0.2300,False,-0.0462,-0.0096,0.0012,-0.0452,0.0180,0.0294,-2.6177,grasp,0.8000,-0.2103,0.0100,0.0000,0.0000,0.0000,False,,0.0500,0.0000,False
784,0.0,1.3641,-0.0167,False,False,False,-0.4328,4.7581,-0.2636,-1.2781,-0.1347,1.5156,0.0530,0.0583,0.0776,0.0183,-0.0604,0.0620,0.4796,0.1713,0.3774,1.0683,0.8000,-0.2103,0.0100,0.8000,-0.2103,0.2300,False,0.0521,0.0581,0.0776,0.0174,-0.0601,0.0626,2.9964,grasp,0.8000,-0.2103,0.0100,0.0000,0.0000,0.0000,False,,0.0500,0.0000,True
785,0.0,1.3616,-0.0159,False,False,False,-0.4332,4.7594,-0.2619,-1.2774,-0.1375,1.5146,-0.0895,-0.0053,0.0138,0.0206,-0.1104,-0.1379,0.4813,0.1765,0.3772,1.0684,0.8000,-0.2103,0.0100,0.8000,-0.2103,0.2300,False,-0.0461,-0.0003,0.0087,0.0112,-0.0593,-0.0714,0.1974,grasp,0.8000,-0.2103,0.0100,0.0000,0.0000,0.0000,False,,0.0500,0.0000,False
786,0.0,1.3598,-0.0119,False,False,False,-0.4347,4.7589,-0.2622,-1.2769,-0.1392,1.5119,-0.0242,-0.0450,-0.0459,0.0233,-0.0086,-0.0751,0.4791,0.1800,0.3765,1.0684,0.8000,-0.2103,0.0100,0.8000,-0.2103,0.2300,False,-0.0255,-0.0451,-0.0457,0.0236,-0.0102,-0.0771,0.7381,grasp,0.8000,-0.2103,0.0100,0.0000,0.0000,0.0000,False,,0.0500,0.0000,False
787,0.0,1.3603,-0.0092,False,False,False,-0.4348,4.7580,-0.2633,-1.2768,-0.1396,1.5105,0.0385,0.0077,-0.0208,-0.0388,-0.0259,0.0048,0.4478,0.1799,0.3776,1.0683,0.8000,-0.2103,0.0100,0.8000,-0.2103,0.2300,False,0.0380,0.0054,-0.0217,-0.0384,-0.0260,0.0033,-0.7223,grasp,0.8000,-0.2103,0.0100,0.0000,0.0000,0.0000,False,,0.0500,0.0000,False
788,0.0,1.3618,-0.0166,False,False,False,-0.4345,4.7586,-0.2640,-1.2781,-0.1394,1.5099,-0.0448,0.0523,-0.0287,-0.0532,0.0691,-0.0766,0.3938,0.1779,0.3791,1.0683,0.8000,-0.2103,0.0100,0.8000,-0.2103,0.2300,False,-0.0440,0.0524,-0.0291,-0.0540,0.0686,-0.0765,-2.5458,grasp,0.8000,-0.2103,0.0100,0.0000,0.0000,0.0000,False,,0.0500,0.0000,False
789,0.0,1.3623,-0.0155,False,False,False,-0.4370,4.7617,-0.2659,-1.2799,-0.1366,1.5059,-0.0419,0.0461,-0.0584,0.0606,-0.0365,-0.0437,0.3936,0.1784,0.3808,1.0683,0.8000,-0.2103,0.0100,0.8000,-0.2103,0.2300,False,-0.0431,0.0491,-0.0592,0.0591,-0.0346,-0.0458,1.5086,grasp,0.8000,-0.2103,0.0100,0.0000,0.0000,0.0000,False,,0.0500,0.0000,True
790,0.0,1.3608,-0.0010,False,False,False,-0.4378,4.7626,-0.2670,-1.2788,-0.1373,1.5051,-0.0000,-0.0000,-0.0000,0.0000,-0.0000,0.0000,0.3970,0.1812,0.3802,1.0683,0.8000,-0.2103,0.0100,0.8000,-0.2103,0.2300,False,-0.0499,-0.0162,0.0010,-0.0744,-0.0107,0.0113,-2.8934,grasp,0.8000,-0.2103,0.0100,0.0000,0.0000,0.0000,False,,0.0500,0.0000,False
791,0.0,1.3611,-0.0091,False,False,False,-0.4382,4.7624,-0.2670,-1.2795,-0.1374,1.5052,-0.0491,-0.0174,0.0021,-0.0755,-0.0100,0.0121,0.3770,0.1794,0.3790,1.0683,0.8000,-0.2103,0.0100,0.8000,-0.2103,0.2300,False,0.0327,-0.0166,0.0521,0.0699,0.0762,0.0415,-2.2452,grasp,0.8000,-0.2103,0.0100,0.0000,0.0000,0.0000,False,,0.0500,0.0000,False
792,0.0,1.3618,-0.0022,False,False,False,-0.4393,4.7623,-0.2660,-1.2808,-0.1370,1.5050,-0.0438,0.0377,0.0432,-0.0590,-0.0157,-0.0773,0.3570,0.1809,0.3823,1.0683,0.8000,-0.2103,0.0100,0.8000,-0.2103,0.2300,False,-0.0435,0.0376,0.0437,-0.0583,-0.0149,-0.0769,1.3212,grasp,0.8000,-0.2103,0.0100,0.0000,0.0000,0.0000,False,,0.0500,0.0000,True
793,0.0,1.3630,-0.0384,False,False,False,-0.4413,4.7640,-0.2640,-1.2836,-0.1377,1.5015,-0.1187,0.1027,0.1171,-0.1600,-0.0425,-0.2096,0.3970,0.1800,0.3844,1.0682,0.8000,-0.2103,0.0100,0.8000,-0.2103,0.2300,False,0.0354,0.0670,0.0479,-0.0108,-0.0600,-0.0594,-2.0472,grasp,0.8000,-0.2103,0.0100,0.0000,0.0000,0.0000,False,,0.0500,0.0000,False
794,0.0,1.3636,-0.0025,False,False,False,-0.4402,4.7663,-0.2626,-1.2838,-0.1394,1.4998,0.0000,-0.0000,-0.0000,0.0000,0.0000,0.0000,0.3568,0.1811,0.3868,1.0681,0.8000,-0.2103,0.0100,0.8000,-0.2103,0.2300,False,0.0266,0.0272,-0.0589,0.0007,-0.0660,-0.0582,0.8199,grasp,0.8000,-0.2103,0.0100,0.0000,0.0000,0.0000,False,,0.0500,0.0000,True
795,0.0,1.3646,-0.0339,False,False,False,-0.4388,4.7677,-0.2660,-1.2838,-0.1431,1.4966,0.0701,0.0683,-0.1620,0.0024,-0.1757,-0.1547,0.3968,0.1801,0.3879,1.0683,0.8000,-0.2103,0.0100,0.8000,-0.2103,0.2300,False,-0.0567,-0.0497,-0.0066,0.0429,0.0094,-0.0754,1.1092,grasp,0.8000,-0.2103,0.0100,0.0000,0.0000,0.0000,False,,0.0500,0.0000,True
796,0.0,1.3643,-0.0129,False,False,False,-0.4396,4.7679,-0.2657,-1.2844,-0.1430,1.4971,-0.0787,0.0183,0.0268,-0.0620,0.0042,0.0438,0.3884,0.1801,0.3870,1.0684,0.8000,-0.2103,0.0100,0.8000,-0.2103,0.2300,False,-0.0787,0.0183,0.0268,-0.0620,0.0042,0.0438,-0.8551,grasp,0.8000,-0.2103,0.0100,0.0000,0.0000,0.0000,False,,0.0500,0.0000,False
797,0.0,1.3643,-0.0103,False,False,False,-0.4404,4.7684,-0.2646,-1.2863,-0.1430,1.4977,0.0654,0.0126,0.0568,-0.0671,-0.0029,-0.0182,0.3387,0.1810,0.3879,1.0684,0.8000,-0.2103,0.0100,0.8000,-0.2103,0.2300,False,0.0639,0.0134,0.0573,-0.0683,-0.0029,-0.0174,-2.3673,grasp,0.8000,-0.2103,0.0100,0.0000,0.0000,0.0000,False,,0.0500,0.0000,False
798,0.0,1.3622,-0.0124,False,False,False,-0.4398,4.7683,-0.2636,-1.2871,-0.1427,1.4980,-0.0620,-0.0386,-0.0041,0.0410,0.0344,0.0623,0.3586,0.1855,0.3879,1.0684,0.8000,-0.2103,0.0100,0.8000,-0.2103,0.2300,False,-0.0608,-0.0382,-0.0030,0.0398,0.0344,0.0620,2.6627,grasp,0.8000,-0.2103,0.0100,0.0000,0.0000,0.0000,False,,0.0500,0.0000,True
799,0.0,1.3602,-0.0235,False,False,False,-0.4406,4.7669,-0.2654,-1.2871,-0.1438,1.4969,0.0241,-0.0429,-0.1154,-0.0496,-0.1174,-0.1504,0.3622,0.1884,0.3865,1.0683,0.8000,-0.2103,0.0100,0.8000,-0.2103,0.2300,False,0.0115,-0.0233,-0.0608,-0.0253,-0.0611,-0.0780,-1.9745,grasp,0.8000,-0.2103,0.0100,0.0000,0.0000,0.0000,False,,0.0500,0.0000,False
800,0.0,1.3600,-0.0161,False,False,False,-0.4408,4.7665,-0.2678,-1.2870,-0.1458,1.4955,-0.0571,0.0383,-0.0690,0.0761,-0.0289,0.0732,0.3734,0.1882,0.3856,1.0683,0.8000,-0.2103,0.0100,0.8000,-0.2103,0.2300,False,-0.0568,0.0356,-0.0706,0.0754,-0.0305,0.0711,0.8329,grasp,0.8000,-0.2103,0.0100,0.0000,0.0000,0.0000,False,,0.0500,0.0000,True
801,0.0,1.3590,-0.0112,False,False,False,-0.4414,4.7678,-0.2692,-1.2862,-0.1467,1.4972,0.0552,0.0621,-0.0099,-0.0567,-0.0391,0.0359,0.4266,0.1889,0.3840,1.0684,0.8000,-0.2103,0.0100,0.8000,-0.2103,0.2300,False,0.0541,0.0629,-0.0112,-0.0553,-0.0396,0.0372,2.6421,grasp,0.8000,-0.2103,0.0100,0.0000,0.0000,0.0000,False,,0.0500,0.0000,True
802,0.0,1.3587,-0.0235,False,False,False,-0.4393,4.7706,-0.2679,-1.2850,-0.1477,1.4989,0.0632,0.1101,0.0964,0.1442,-0.0153,0.0640,0.5062,0.1891,0.3836,1.0683,0.8000,-0.2103,0.0100,0.8000,-0.2103,0.2300,False,0.0343,0.0592,0.0506,0.0748,-0.0088,0.0344,2.4725,grasp,0.8000,-0.2103,0.0100,0.0000,0.0000,0.0000,False,,0.0500,0.0000,True
803,0.0,1.3585,-0.0143,False,False,False,-0.4378,4.7727,-0.2658,-1.2833,-0.1483,1.5005,0.0615,-0.0013,0.0718,-0.0327,-0.0383,0.0696,0.5546,0.1889,0.3830,1.0683,0.8000,-0.2103,0.0100,0.8000,-0.2103,0.2300,False,0.0624,0.0057,0.0731,-0.0306,-0.0385,0.0705,2.1598,grasp,0.8000,-0.2103,0.0100,0.0000,0.0000,0.0000,False,,0.0500,0.0000,False
804,0.0,1.3603,-0.0169,False,False,False,-0.4369,4.7724,-0.2649,-1.2832,-0.1483,1.5020,-0.0261,-0.0352,-0.0491,0.0738,0.0720,0.0249,0.5305,0.1852,0.3829,1.0685,0.8000,-0.2103,0.0100,0.8000,-0.2103,0.2300,False,-0.0249,-0.0352,-0.0477,0.0732,0.0713,0.0262,-0.1841,grasp,0.8000,-0.2103,0.0100,0.0000,0.0000,0.0000,False,,0.0500,0.0000,False
805,0.0,1.3631,-0.0138,False,False,False,-0.4374,4.7721,-0.2652,-1.2822,-0.1468,1.5021,0.0036,0.0522,0.0670,-0.0366,0.0159,-0.0380,0.5551,0.1817,0.3857,1.0685,0.8000,-0.2103,0.0100,0.8000,-0.2103,0.2300,False,0.0031,0.0507,0.0661,-0.0352,0.0173,-0.0375,2.5844,grasp,0.8000,-0.2103,0.0100,0.0000,0.0000,0.0000,False,,0.0500,0.0000,True
806,0.0,1.3630,-0.0215,False,False,False,-0.4373,4.7731,-0.2639,-1.2828,-0.1465,1.5014,0.0069,0.0989,0.1274,-0.0696,0.0303,-0.0721,0.5751,0.1810,0.3851,1.0684,0.8000,-0.2103,0.0100,0.8000,-0.2103,0.2300,False,-0.0182,-0.0787,-0.0337,0.0287,-0.0605,-0.0637,1.6169,grasp,0.8000,-0.2103,0.0100,0.0000,0.0000,0.0000,False,,0.0500,0.0000,False
807,0.0,1.3614,-0.0321,False,False,False,-0.4386,4.7766,-0.2649,-1.2865,-0.1499,1.4990,-0.0619,0.1641,-0.0478,-0.1741,-0.1656,-0.1145,0.4996,0.1831,0.3833,1.0685,0.8000,-0.2103,0.0100,0.8000,-0.2103,0.2300,False,-0.0228,0.0607,-0.0176,-0.0643,-0.0611,-0.0423,-2.6838,grasp,0.8000,-0.2103,0.0100,0.0000,0.0000,0.0000,False,,0.0500,0.0000,False
808,0.0,1.3617,-0.0029,False,False,False,-0.4403,4.7818,-0.2662,-1.2913,-0.1545,1.4959,0.0000,-0.0000,-0.0000,0.0000,-0.0000,0.0000,0.4419,0.1816,0.3824,1.0685,0.8000,-0.2103,0.0100,0.8000,-0.2103,0.2300,False,-0.0679,0.0648,-0.0272,-0.0528,0.0083,0.0432,-0.9226,grasp,0.8000,-0.2103,0.0100,0.0000,0.0000,0.0000,False,,0.0500,0.0000,False
809,0.0,1.3615,-0.0236,False,False,False,-0.4423,4.7835,-0.2670,-1.2927,-0.1542,1.4972,-0.1273,0.1127,-0.0503,-0.0953,0.0206,0.0854,0.4116,0.1835,0.3840,1.0685,0.8000,-0.2103,0.0100,0.8000,-0.2103,0.2300,False,0.0120,0.0295,-0.0765,0.0530,0.0490,0.0676,0.7249,grasp,0.8000,-0.2103,0.0100,0.0000,0.0000,0.0000,False,,0.0500,0.0000,False
810,0.0,1.3596,-0.0019,False,False,False,-0.4423,4.7836,-0.2670,-1.2927,-0.1542,1.4972,-0.0000,-0.0000,-0.0000,0.0000,-0.0000,0.0000,0.3997,0.1877,0.3842,1.0684,0.8000,-0.2103,0.0100,0.8000,-0.2103,0.2300,False,0.0237,0.0394,0.0089,-0.0401,0.0366,0.0708,-1.5684,grasp,0.8000,-0.2103,0.0100,0.0000,0.0000,0.0000,False,,0.0500,0.0000,False
811,0.0,1.3588,-0.0148,False,False,False,-0.4417,4.7854,-0.2675,-1.2934,-0.1537,1.4998,-0.0088,0.0643,-0.0723,0.0493,-0.0547,0.0563,0.3218,0.1895,0.3842,1.0683,0.8000,-0.2103,0.0100,0.8000,-0.2103,0.2300,False,-0.0084,0.0654,-0.0722,0.0485,-0.0540,0.0576,-2.6094,grasp,0.8000,-0.2103,0.0100,0.0000,0.0000,0.0000,False,,0.0500,0.0000,False
812,0.0,1.3582,-0.0156,False,False,False,-0.4426,4.7870,-0.2681,-1.2919,-0.1554,1.5001,-0.0783,0.0321,0.0733,0.0632,-0.0727,-0.0787,0.3269,0.1903,0.3838,1.0683,0.8000,-0.2103,0.0100,0.8000,-0.2103,0.2300,False,-0.0784,0.0339,0.0719,0.0641,-0.0737,-0.0776,0.2663,grasp,0.8000,-0.2103,0.0100,0.0000,0.0000,0.0000,False,,0.0500,0.0000,False
813,0.0,1.3586,-0.0377,False,False,False,-0.4441,4.7875,-0.2667,-1.2907,-0.1568,1.4986,-0.1487,0.0622,0.1392,0.1200,-0.1381,-0.1496,0.3376,0.1897,0.3841,1.0683,0.8000,-0.2103,0.0100,0.8000,-0.2103,0.2300,False,-0.0236,-0.0502,0.0555,-0.0150,-0.0491,0.0504,-0.4039,grasp,0.8000,-0.2103,0.0100,0.0000,0.0000,0.0000,False,,0.0500,0.0000,False
814,0.0,1.3563,-0.0377,False,False,False,-0.4477,4.7945,-0.2705,-1.2833,-0.1596,1.4948,-0.0556,0.2123,-0.2197,0.2143,-0.0307,-0.0611,0.2473,0.1937,0.3836,1.0679,0.8000,-0.2103,0.0100,0.8000,-0.2103,0.2300,False,-0.0183,0.0639,-0.0619,0.0640,-0.0109,-0.0199,-2.6122,grasp,0.8000,-0.2103,0.0100,0.0000,0.0000,0.0000,False,,0.0500,0.0000,False
815,0.0,1.3561,-0.0116,False,False,False,-0.4490,4.7976,-0.2737,-1.2805,-0.1594,1.4941,-0.0685,0.0263,-0.0534,0.0232,0.0585,-0.0049,0.2689,0.1932,0.3827,1.0679,0.8000,-0.2103,0.0100,0.8000,-0.2103,0.2300,False,-0.0692,0.0323,-0.0560,0.0257,0.0581,-0.0056,0.8194,grasp,0.8000,-0.2103,0.0100,0.0000,0.0000,0.0000,False,,0.0500,0.0000,True
816,0.0,1.3562,-0.0225,False,False,False,-0.4503,4.7982,-0.2747,-1.2801,-0.1583,1.4940,-0.1302,0.0534,-0.1015,0.0440,0.1111,-0.0093,0.2889,0.1933,0.3829,1.0680,0.8000,-0.2103,0.0100,0.8000,-0.2103,0.2300,False,-0.0059,-0.0673,-0.0220,-0.0484,-0.0289,-0.0166,3.0427,grasp,0.8000,-0.2103,0.0100,0.0000,0.0000,0.0000,False,,0.0500,0.0000,True
817,0.0,1.3571,-0.0647,False,False,False,-0.4561,4.7916,-0.2730,-1.2862,-0.1653,1.4999,-0.2178,-0.2534,0.0633,-0.2313,-0.2675,0.2260,0.3045,0.1915,0.3826,1.0683,0.8000,-0.2103,0.0100,0.8000,-0.2103,0.2300,False,-0.0633,-0.0735,0.0184,-0.0673,-0.0778,0.0657,-1.1117,grasp,0.8000,-0.2103,0.0100,0.0000,0.0000,0.0000,False,,0.0500,0.0000,False
818,0.0,1.3578,-0.0059,False,False,False,-0.4590,4.7876,-0.2723,-1.2885,-0.1685,1.5032,-0.0344,-0.0262,-0.0011,0.0375,0.0001,0.0563,0.2845,0.1902,0.3825,1.0685,0.8000,-0.2103,0.0100,0.8000,-0.2103,0.2300,False,-0.0370,-0.0360,-0.0003,0.0348,-0.0031,0.0590,-1.4215,grasp,0.8000,-0.2103,0.0100,0.0000,0.0000,0.0000,False,,0.0500,0.0000,False
819,0.0,1.3572,-0.0136,False,False,False,-0.4597,4.7871,-0.2723,-1.2878,-0.1685,1.5042,-0.0654,-0.0566,-0.0020,0.0713,0.0001,0.1070,0.2780,0.1920,0.3833,1.0682,0.8000,-0.2103,0.0100,0.8000,-0.2103,0.2300,False,0.0396,0.0011,-0.0611,0.0021,-0.0423,-0.0719,2.5261,grasp,0.8000,-0.2103,0.0100,0.0000,0.0000,0.0000,False,,0.0500,0.0000,True
820,0.0,1.3590,-0.0426,False,False,False,-0.4655,4.7876,-0.2671,-1.2860,-0.1704,1.4978,-0.2212,0.0214,0.1962,0.0703,-0.0719,-0.2447,0.3979,0.1903,0.3856,1.0683,0.8000,-0.2103,0.0100,0.8000,-0.2103,0.2300,False,-0.0643,0.0062,0.0571,0.0204,-0.0209,-0.0711,-2.6341,grasp,0.8000,-0.2103,0.0100,0.0000,0.0000,0.0000,False,,0.0500,0.0000,False
821,0.0,1.3614,-0.0182,False,False,False,-0.4688,4.7878,-0.2649,-1.2845,-0.1705,1.4954,-0.0724,-0.0386,-0.0092,0.0651,0.0711,0.0543,0.4272,0.1865,0.3870,1.0684,0.8000,-0.2103,0.0100,0.8000,-0.2103,0.2300,False,-0.0750,-0.0347,-0.0069,0.0659,0.0702,0.0514,0.5205,grasp,0.8000,-0.2103,0.0100,0.0000,0.0000,0.0000,False,,0.0500,0.0000,False
822,0.0,1.3623,-0.0318,False,False,False,-0.4702,4.7871,-0.2650,-1.2833,-0.1692,1.4965,-0.1375,-0.0697,-0.0176,0.1236,0.1350,0.1031,0.4311,0.1847,0.3870,1.0685,0.8000,-0.2103,0.0100,0.8000,-0.2103,0.2300,False,-0.0539,-0.0184,-0.0429,0.0099,0.0577,0.0604,1.5346,grasp,0.8000,-0.2103,0.0100,0.0000,0.0000,0.0000,False,,0.0500,0.0000,True
823,0.0,1.3619,-0.0350,False,False,False,-0.4641,4.7832,-0.2599,-1.2805,-0.1689,1.4973,0.2303,-0.1484,0.1951,0.1035,0.0127,0.0313,0.3652,0.1845,0.3857,1.0686,0.8000,-0.2103,0.0100,0.8000,-0.2103,0.2300,False,0.0670,-0.0432,0.0567,0.0301,0.0037,0.0091,-1.2072,grasp,0.8000,-0.2103,0.0100,0.0000,0.0000,0.0000,False,,0.0500,0.0000,False
824,0.0,1.3609,-0.0107,False,False,False,-0.4616,4.7806,-0.2577,-1.2792,-0.1692,1.4984,-0.0194,-0.0719,-0.0138,0.0054,-0.0545,0.0749,0.3793,0.1861,0.3849,1.0687,0.8000,-0.2103,0.0100,0.8000,-0.2103,0.2300,False,-0.0166,-0.0752,-0.0115,0.0066,-0.0543,0.0753,0.7060,grasp,0.8000,-0.2103,0.0100,0.0000,0.0000,0.0000,False,,0.0500,0.0000,False
825,0.0,1.3609,-0.0239,False,False,False,-0.4620,4.7793,-0.2580,-1.2791,-0.1703,1.4998,-0.0368,-0.1385,-0.0262,0.0102,-0.1035,0.1423,0.3903,0.1863,0.3852,1.0687,0.8000,-0.2103,0.0100,0.8000,-0.2103,0.2300,False,0.0278,0.0098,0.0765,0.0429,0.0742,-0.0132,2.3048,grasp,0.8000,-0.2103,0.0100,0.0000,0.0000,0.0000,False,,0.0500,0.0000,True
826,0.0,1.3612,-0.0363,False,False,False,-0.4582,4.7759,-0.2557,-1.2819,-0.1727,1.5010,0.1817,-0.1537,0.1096,-0.1324,-0.1161,0.0562,0.3740,0.1864,0.3858,1.0687,0.8000,-0.2103,0.0100,0.8000,-0.2103,0.2300,False,0.0670,-0.0568,0.0405,-0.0489,-0.0428,0.0207,-1.6413,grasp,0.8000,-0.2103,0.0100,0.0000,0.0000,0.0000,False,,0.0500,0.0000,False
827,0.0,1.3618,-0.0156,False,False,False,-0.4566,4.7741,-0.2539,-1.2839,-0.1736,1.5020,-0.0714,0.0600,0.0471,-0.0293,0.0582,0.0280,0.3957,0.1856,0.3864,1.0688,0.8000,-0.2103,0.0100,0.8000,-0.2103,0.2300,False,-0.0691,0.0542,0.0485,-0.0310,0.0567,0.0287,1.2873,grasp,0.8000,-0.2103,0.0100,0.0000,0.0000,0.0000,False,,0.0500,0.0000,True
828,0.0,1.3624,-0.0403,False,False,False,-0.4599,4.7767,-0.2517,-1.2852,-0.1709,1.5033,-0.1935,0.1564,0.1278,-0.0794,0.1578,0.0759,0.4357,0.1853,0.3872,1.0688,0.8000,-0.2103,0.0100,0.8000,-0.2103,0.2300,False,-0.0072,-0.0505,-0.0476,0.0087,0.0625,0.0212,0.6430,grasp,0.8000,-0.2103,0.0100,0.0000,0.0000,0.0000,False,,0.0500,0.0000,False
829,0.0,1.3629,-0.0022,False,False,False,-0.4599,4.7774,-0.2517,-1.2852,-0.1709,1.5033,-0.0000,-0.0000,-0.0000,0.0000,-0.0000,0.0000,0.4415,0.1850,0.3879,1.0689,0.8000,-0.2103,0.0100,0.8000,-0.2103,0.2300,False,0.0574,0.0491,-0.0313,-0.0260,0.0017,-0.0154,2.3221,grasp,0.8000,-0.2103,0.0100,0.0000,0.0000,0.0000,False,,0.0500,0.0000,True
830,0.0,1.3633,-0.0099,False,False,False,-0.4597,4.7777,-0.2522,-1.2860,-0.1713,1.5033,-0.0409,-0.0123,-0.0185,-0.0517,-0.0463,0.0165,0.4883,0.1844,0.3883,1.0688,0.8000,-0.2103,0.0100,0.8000,-0.2103,0.2300,False,-0.0403,-0.0118,-0.0189,-0.0520,-0.0463,0.0163,0.8568,grasp,0.8000,-0.2103,0.0100,0.0000,0.0000,0.0000,False,,0.0500,0.0000,False
831,0.0,1.3632,-0.0166,False,False,False,-0.4597,4.7775,-0.2538,-1.2887,-0.1722,1.5025,0.0545,0.0024,-0.0811,-0.1112,-0.0021,-0.0731,0.5160,0.1842,0.3881,1.0688,0.8000,-0.2103,0.0100,0.8000,-0.2103,0.2300,False,0.0279,0.0010,-0.0431,-0.0595,-0.0020,-0.0382,1.4531,grasp,0.8000,-0.2103,0.0100,0.0000,0.0000,0.0000,False,,0.0500,0.0000,False
832,0.0,1.4148,-0.0222,False,False,False,2.9964,3.7394,-0.7845,-1.3808,-4.6982,1.4113,0.0266,-0.1094,-0.1039,0.1033,0.0119,0.0866,0.0601,0.1349,0.4030,1.0669,0.8020,-0.2600,0.0100,0.8020,-0.2600,0.2300,False,0.0140,-0.0575,-0.0543,0.0537,0.0067,0.0450,0.9712,grasp,0.8020,-0.2600,0.0100,0.0000,0.0000,0.0000,False,,0.0500,0.0000,True
833,0.0,0.0425,1.3694,False,False,False,3.0100,3.7644,-0.8376,-1.3365,-4.7094,1.4555,0.0000,0.0000,-0.0000,-0.0000,0.0003,0.0000,0.5237,0.7958,-0.2604,0.0521,0.8020,-0.2600,0.0100,0.8020,-0.2600,0.2300,False,-0.0186,-0.0602,-0.0550,-0.0340,0.0089,0.0422,-0.0922,grasp,0.8020,-0.2600,0.0100,0.0000,0.0000,0.0000,False,,0.0500,0.0000,False
834,0.0,0.0410,-0.0249,False,False,False,3.0083,3.7658,-0.8398,-1.3368,-4.7089,1.4533,-0.1139,0.0876,-0.1431,-0.0128,-0.0312,-0.1438,0.4722,0.7960,-0.2595,0.0505,0.8020,-0.2600,0.0100,0.8020,-0.2600,0.2300,False,-0.0598,0.0465,-0.0753,-0.0075,-0.0115,-0.0757,-1.4111,grasp,0.8020,-0.2600,0.0100,0.0000,0.0000,0.0000,False,,0.0500,0.0000,False
835,0.0,0.0380,-5.0108,True,False,False,3.0059,3.7675,-0.8424,-1.3364,-4.7086,1.4514,-0.0476,0.0439,-0.0554,0.0608,0.0690,0.0067,0.4814,0.7939,-0.2637,0.0469,0.8020,-0.2600,0.0100,0.8020,-0.2600,0.2300,False,-0.0522,0.0452,-0.0575,0.0606,0.0686,0.0047,1.6128,grasp,0.8020,-0.2600,0.0100,0.0000,0.0000,0.0000,False,,0.0500,0.0000,False
836,0.0,0.0254,14.9416,True,False,False,2.9961,2.9665,0.8674,-2.2674,-4.7440,1.4482,-0.2165,0.2382,0.0874,-0.1859,0.2611,0.2007,0.1000,0.7900,-0.2443,0.0318,0.8021,-0.2493,0.0100,0.8021,-0.2493,0.2300,True,-0.0619,0.0682,0.0257,-0.0543,0.0747,0.0583,0.9795,grasp,0.8021,-0.2493,0.0100,0.0000,0.0000,0.0000,False,,0.0500,0.0000,True
837,0.0,0.0483,14.9970,True,False,False,-3.2815,2.9952,0.8257,-2.2239,1.5811,1.4513,0.0000,-0.0000,-0.0000,-0.0000,0.0000,0.0000,0.0200,0.7710,-0.2531,0.0673,0.8020,-0.2600,0.0309,0.8020,-0.2600,0.2509,True,-0.0048,0.0085,0.0322,0.0092,-0.0665,-0.0686,1.6336,grasp,0.8020,-0.2600,0.0309,0.0000,0.0000,0.0000,False,,0.0500,0.0000,True
838,0.0,0.0389,-0.0145,False,False,False,-0.4512,4.7551,-0.2261,-1.2851,-0.1047,1.4756,0.0073,-0.0650,-0.0455,-0.0738,-0.0565,0.0316,0.0063,0.7711,-0.2596,0.0312,0.8021,-0.2493,0.0100,0.8021,-0.2493,0.2300,False,0.0073,-0.0650,-0.0455,-0.0738,-0.0565,0.0316,-2.8796,grasp,0.8021,-0.2493,0.0100,0.0000,0.0000,0.0000,False,,0.0500,0.0000,False
839,0.0,0.8510,-0.8148,False,False,False,-0.4440,4.6907,-0.2711,-1.3582,-0.1606,1.5069,0.0000,-0.0000,-0.0000,0.0000,0.0000,0.0000,0.0534,0.3059,-0.6172,0.5953,0.8021,-0.2493,0.0100,0.8021,-0.2493,0.2300,False,0.0418,0.0458,0.0705,0.0438,0.0578,-0.0351,0.9584,grasp,0.8021,-0.2493,0.0100,0.0000,0.0000,0.0000,False,,0.0500,0.0000,True
840,0.0,0.8518,-0.0291,False,False,False,-0.4428,4.6920,-0.2691,-1.3569,-0.1590,1.5059,0.0795,0.0875,0.1340,0.0832,0.1097,-0.0668,0.0934,0.3043,-0.6181,0.5945,0.8021,-0.2493,0.0100,0.8021,-0.2493,0.2300,False,-0.0014,0.0203,0.0447,-0.0094,0.0187,-0.0371,2.4783,grasp,0.8021,-0.2493,0.0100,0.0000,0.0000,0.0000,False,,0.0500,0.0000,True
841,0.0,0.8518,-0.0296,False,False,False,-0.4419,4.6904,-0.2694,-1.3549,-0.1579,1.5033,0.0629,-0.1323,-0.0505,0.1379,0.0557,-0.1471,0.1159,0.3043,-0.6181,0.5945,0.8021,-0.2493,0.0100,0.8021,-0.2493,0.2300,False,0.0331,-0.0691,-0.0262,0.0725,0.0295,-0.0778,-2.6520,grasp,0.8021,-0.2493,0.0100,0.0000,0.0000,0.0000,False,,0.0500,0.0000,False
842,0.0,0.8514,-0.0136,False,False,False,-0.4405,4.6876,-0.2709,-1.3529,-0.1578,1.5018,0.0498,-0.0334,-0.0754,0.0096,-0.0712,0.0677,0.1503,0.3036,-0.6201,0.5921,0.8021,-0.2493,0.0100,0.8021,-0.2493,0.2300,False,0.0507,-0.0421,-0.0761,0.0115,-0.0704,0.0656,0.8442,grasp,0.8021,-0.2493,0.0100,0.0000,0.0000,0.0000,False,,0.0500,0.0000,True
843,0.0,0.8513,-0.0293,False,False,False,-0.4395,4.6869,-0.2723,-1.3527,-0.1592,1.5031,0.0947,-0.0706,-0.1433,0.0182,-0.1352,0.1286,0.1702,0.3042,-0.6199,0.5926,0.8021,-0.2493,0.0100,0.8021,-0.2493,0.2300,False,0.0445,-0.0452,-0.0416,-0.0603,-0.0353,-0.0620,2.8873,grasp,0.8021,-0.2493,0.0100,0.0000,0.0000,0.0000,False,,0.0500,0.0000,True
844,0.0,0.8515,-0.0468,False,False,False,-0.4366,4.6806,-0.2685,-1.3463,-0.1628,1.5043,0.1111,-0.2324,0.1436,0.2417,-0.1377,0.0437,0.2719,0.3033,-0.6211,0.5913,0.8021,-0.2493,0.0100,0.8021,-0.2493,0.2300,False,0.0323,-0.0677,0.0418,0.0703,-0.0400,0.0127,-0.0832,grasp,0.8021,-0.2493,0.0100,0.0000,0.0000,0.0000,False,,0.0500,0.0000,False
845,0.0,0.8515,-0.0181,False,False,False,-0.4356,4.6778,-0.2674,-1.3429,-0.1638,1.5055,-0.0282,0.0638,-0.0608,0.0502,0.0614,0.0747,0.2893,0.3033,-0.6211,0.5913,0.8021,-0.2493,0.0100,0.8021,-0.2493,0.2300,False,-0.0269,0.0552,-0.0591,0.0531,0.0598,0.0752,-0.6793,grasp,0.8021,-0.2493,0.0100,0.0000,0.0000,0.0000,False,,0.0500,0.0000,False
846,0.0,0.8518,-0.0311,False,False,False,-0.4361,4.6790,-0.2686,-1.3420,-0.1627,1.5070,-0.0536,0.1155,-0.1155,0.0955,0.1167,0.1420,0.2917,0.3034,-0.6221,0.5912,0.8021,-0.2493,0.0100,0.8021,-0.2493,0.2300,False,-0.0668,0.0470,-0.0538,-0.0519,0.0116,0.0579,1.3865,grasp,0.8021,-0.2493,0.0100,0.0000,0.0000,0.0000,False,,0.0500,0.0000,True
847,0.0,0.8524,-0.0434,False,False,False,-0.4418,4.6814,-0.2621,-1.3445,-0.1647,1.5106,-0.2188,0.0939,0.2488,-0.0976,-0.0760,0.1370,0.4115,0.3032,-0.6230,0.5913,0.8021,-0.2493,0.0100,0.8021,-0.2493,0.2300,False,-0.0636,0.0271,0.0723,-0.0284,-0.0221,0.0398,-1.9230,grasp,0.8021,-0.2493,0.0100,0.0000,0.0000,0.0000,False,,0.0500,0.0000,False
848,0.0,0.8525,-0.0121,False,False,False,-0.4439,4.6832,-0.2594,-1.3454,-0.1659,1.5117,0.0569,-0.0307,-0.0319,0.0288,-0.0319,-0.0540,0.3943,0.3031,-0.6228,0.5915,0.8021,-0.2493,0.0100,0.8021,-0.2493,0.2300,False,0.0543,-0.0201,-0.0290,0.0277,-0.0328,-0.0524,-2.1228,grasp,0.8021,-0.2493,0.0100,0.0000,0.0000,0.0000,False,,0.0500,0.0000,False
849,0.0,0.8526,-0.0222,False,False,False,-0.4428,4.6827,-0.2600,-1.3449,-0.1665,1.5106,0.1082,-0.0490,-0.0607,0.0548,-0.0606,-0.1026,0.3743,0.3035,-0.6215,0.5928,0.8021,-0.2493,0.0100,0.8021,-0.2493,0.2300,False,-0.0732,0.0517,-0.0104,-0.0536,-0.0505,-0.0737,-1.0035,grasp,0.8021,-0.2493,0.0100,0.0000,0.0000,0.0000,False,,0.0500,0.0000,False
850,0.0,0.8526,-0.0411,False,False,False,-0.4411,4.6896,-0.2600,-1.3496,-0.1692,1.5060,0.0644,0.2726,0.0000,-0.1814,-0.1010,-0.1762,0.3033,0.3035,-0.6215,0.5928,0.8021,-0.2493,0.0100,0.8021,-0.2493,0.2300,False,0.0187,0.0789,0.0000,-0.0528,-0.0294,-0.0512,-1.4488,grasp,0.8021,-0.2493,0.0100,0.0000,0.0000,0.0000,False,,0.0500,0.0000,False
851,0.0,0.8523,-0.0002,False,False,False,-0.4403,4.6940,-0.2600,-1.3518,-0.1704,1.5039,0.0000,-0.0000,-0.0000,0.0000,0.0000,0.0000,0.3137,0.3045,-0.6198,0.5944,0.8021,-0.2493,0.0100,0.8021,-0.2493,0.2300,False,-0.0748,-0.0266,-0.0664,0.0574,-0.0536,0.0355,2.9303,grasp,0.8021,-0.2493,0.0100,0.0000,0.0000,0.0000,False,,0.0500,0.0000,True
852,0.0,0.8528,-0.0311,False,False,False,-0.4425,4.6930,-0.2619,-1.3501,-0.1719,1.5050,-0.1437,-0.0674,-0.1262,0.1131,-0.0996,0.0714,0.3536,0.3040,-0.6197,0.5946,0.8021,-0.2493,0.0100,0.8021,-0.2493,0.2300,False,-0.0778,0.0565,-0.0049,-0.0758,-0.0027,0.0050,1.7699,grasp,0.8021,-0.2493,0.0100,0.0000,0.0000,0.0000,False,,0.0500,0.0000,True
853,0.0,0.8528,-0.0312,False,False,False,-0.4425,4.6930,-0.2619,-1.3501,-0.1719,1.5050,-0.1437,-0.0674,-0.1262,0.1131,-0.0996,0.0714,0.3536,0.3040,-0.6197,0.5946,0.8021,-0.2493,0.0100,0.8021,-0.2493,0.2300,False,0.0776,-0.0660,0.0369,0.0642,0.0106,-0.0640,-1.3710,grasp,0.8021,-0.2493,0.0100,0.0000,0.0000,0.0000,False,,0.0500,0.0000,False
854,0.0,0.8528,-0.0186,False,False,False,-0.4424,4.6908,-0.2629,-1.3494,-0.1731,1.5050,-0.0450,-0.0983,-0.0882,0.0030,-0.0862,0.0454,0.4397,0.3049,-0.6184,0.5963,0.8021,-0.2493,0.0100,0.8021,-0.2493,0.2300,False,-0.0229,-0.0523,-0.0460,0.0022,-0.0453,0.0233,2.3074,grasp,0.8021,-0.2493,0.0100,0.0000,0.0000,0.0000,False,,0.0500,0.0000,True
855,0.0,0.8545,-0.0177,False,False,False,-0.4435,4.6889,-0.2649,-1.3488,-0.1750,1.5052,-0.0402,-0.0084,-0.0757,0.0589,-0.0727,-0.0438,0.4244,0.3032,-0.6186,0.5973,0.8021,-0.2493,0.0100,0.8021,-0.2493,0.2300,False,-0.0408,-0.0140,-0.0770,0.0589,-0.0739,-0.0432,-1.1624,grasp,0.8021,-0.2493,0.0100,0.0000,0.0000,0.0000,False,,0.0500,0.0000,False
856,0.0,0.8545,-0.0296,False,False,False,-0.4442,4.6887,-0.2664,-1.3476,-0.1764,1.5044,-0.0763,-0.0201,-0.1438,0.1118,-0.1382,-0.0833,0.4071,0.3032,-0.6186,0.5973,0.8021,-0.2493,0.0100,0.8021,-0.2493,0.2300,False,-0.0471,0.0407,0.0203,-0.0543,-0.0464,-0.0587,-0.4559,grasp,0.8021,-0.2493,0.0100,0.0000,0.0000,0.0000,False,,0.0500,0.0000,False
857,0.0,0.8571,-0.0437,False,False,False,-0.4508,4.6921,-0.2610,-1.3435,-0.1747,1.5042,-0.2484,0.1387,0.2040,0.1559,0.0656,-0.0088,0.3006,0.2997,-0.6202,0.5971,0.8021,-0.2493,0.0100,0.8021,-0.2493,0.2300,False,-0.0722,0.0399,0.0593,0.0453,0.0191,-0.0026,-2.5576,grasp,0.8021,-0.2493,0.0100,0.0000,0.0000,0.0000,False,,0.0500,0.0000,False
858,0.0,0.8586,-0.0161,False,False,False,-0.4544,4.6955,-0.2579,-1.3420,-0.1732,1.5040,-0.0639,0.0463,0.0673,-0.0342,0.0732,-0.0112,0.2628,0.2971,-0.6220,0.5957,0.8021,-0.2493,0.0100,0.8021,-0.2493,0.2300,False,-0.0668,0.0614,0.0698,-0.0323,0.0740,-0.0113,-1.6743,grasp,0.8021,-0.2493,0.0100,0.0000,0.0000,0.0000,False,,0.0500,0.0000,False
859,0.0,0.8586,-0.0278,False,False,False,-0.4556,4.6965,-0.2566,-1.3427,-0.1718,1.5038,-0.1214,0.1021,0.1279,-0.0649,0.1391,-0.0212,0.2552,0.2971,-0.6220,0.5957,0.8021,-0.2493,0.0100,0.8021,-0.2493,0.2300,False,-0.0203,-0.0317,-0.0731,-0.0048,0.0657,0.0780,1.9094,grasp,0.8021,-0.2493,0.0100,0.0000,0.0000,0.0000,False,,0.0500,0.0000,True
860,0.0,0.8602,-0.0323,False,False,False,-0.4569,4.6963,-0.2564,-1.3465,-0.1682,1.5004,-0.0620,-0.0223,0.0119,-0.1859,0.1715,-0.1616,0.2726,0.2955,-0.6229,0.5963,0.8021,-0.2493,0.0100,0.8021,-0.2493,0.2300,False,-0.0229,-0.0079,0.0044,-0.0686,0.0633,-0.0596,-1.5343,grasp,0.8021,-0.2493,0.0100,0.0000,0.0000,0.0000,False,,0.0500,0.0000,False
861,0.0,0.8600,-0.0189,False,False,False,-0.4593,4.6946,-0.2551,-1.3493,-0.1653,1.4986,-0.1104,-0.0977,0.0772,-0.0249,0.0533,0.0135,0.2643,0.2959,-0.6227,0.5964,0.8021,-0.2493,0.0100,0.8021,-0.2493,0.2300,False,-0.0589,-0.0517,0.0408,-0.0155,0.0302,0.0050,-1.0961,grasp,0.8021,-0.2493,0.0100,0.0000,0.0000,0.0000,False,,0.0500,0.0000,False
862,0.0,0.8611,-0.0284,False,False,False,-0.4609,4.6932,-0.2539,-1.3496,-0.1645,1.4988,-0.1575,-0.1393,0.1101,-0.0355,0.0760,0.0192,0.2639,0.2941,-0.6237,0.5959,0.8021,-0.2493,0.0100,0.8021,-0.2493,0.2300,False,0.0256,0.0455,-0.0774,-0.0502,-0.0237,-0.0508,-2.8123,grasp,0.8021,-0.2493,0.0100,0.0000,0.0000,0.0000,False,,0.0500,0.0000,False
863,0.0,0.8620,-0.0090,False,False,False,-0.4607,4.6935,-0.2535,-1.3495,-0.1640,1.4988,0.0212,0.0433,0.0443,0.0068,0.0515,0.0093,0.2215,0.2931,-0.6236,0.5963,0.8021,-0.2493,0.0100,0.8021,-0.2493,0.2300,False,0.0212,0.0433,0.0443,0.0068,0.0515,0.0093,-2.1555,grasp,0.8021,-0.2493,0.0100,0.0000,0.0000,0.0000,False,,0.0500,0.0000,False
864,0.0,0.8620,-0.0243,False,False,False,-0.4597,4.6955,-0.2515,-1.3492,-0.1616,1.4993,0.0576,0.1179,0.1200,0.0186,0.1396,0.0252,0.2032,0.2931,-0.6236,0.5963,0.8021,-0.2493,0.0100,0.8021,-0.2493,0.2300,False,-0.0739,-0.0784,-0.0201,0.0418,0.0628,-0.0526,-2.6548,grasp,0.8021,-0.2493,0.0100,0.0000,0.0000,0.0000,False,,0.0500,0.0000,False
865,0.0,0.8627,-0.0121,False,False,False,-0.4592,4.6972,-0.2498,-1.3490,-0.1592,1.4991,0.0530,0.0691,0.0342,-0.0390,-0.0002,0.0067,0.1483,0.2931,-0.6225,0.5980,0.8021,-0.2493,0.0100,0.8021,-0.2493,0.2300,False,0.0522,0.0676,0.0340,-0.0386,0.0004,0.0062,-2.7051,grasp,0.8021,-0.2493,0.0100,0.0000,0.0000,0.0000,False,,0.0500,0.0000,False
866,0.0,0.8631,-0.0210,False,False,False,-0.4582,4.6985,-0.2492,-1.3497,-0.1592,1.4993,0.1006,0.1311,0.0650,-0.0742,-0.0005,0.0127,0.1391,0.2933,-0.6211,0.5998,0.8021,-0.2493,0.0100,0.8021,-0.2493,0.2300,False,-0.0294,0.0222,0.0538,-0.0074,0.0284,-0.0014,-1.5217,grasp,0.8021,-0.2493,0.0100,0.0000,0.0000,0.0000,False,,0.0500,0.0000,False
867,0.0,0.8631,-0.0059,False,False,False,-0.4584,4.6991,-0.2489,-1.3495,-0.1583,1.4990,0.0144,0.0161,-0.0288,0.0275,0.0647,-0.0239,0.1774,0.2933,-0.6211,0.5998,0.8021,-0.2493,0.0100,0.8021,-0.2493,0.2300,False,0.0141,0.0163,-0.0283,0.0274,0.0650,-0.0239,-0.8928,grasp,0.8021,-0.2493,0.0100,0.0000,0.0000,0.0000,False,,0.0500,0.0000,False
868,0.0,0.8635,-0.0137,False,False,False,-0.4582,4.7004,-0.2501,-1.3490,-0.1558,1.4980,-0.0498,0.0627,0.0187,-0.0756,-0.0504,0.0098,0.1754,0.2941,-0.6198,0.6018,0.8021,-0.2493,0.0100,0.8021,-0.2493,0.2300,False,-0.0494,0.0632,0.0179,-0.0749,-0.0487,0.0092,-2.5222,grasp,0.8021,-0.2493,0.0100,0.0000,0.0000,0.0000,False,,0.0500,0.0000,False
869,0.0,0.8640,-0.0264,False,False,False,-0.4592,4.7015,-0.2497,-1.3504,-0.1568,1.4982,-0.0946,0.1198,0.0355,-0.1437,-0.0958,0.0187,0.1658,0.2938,-0.6203,0.6020,0.8021,-0.2493,0.0100,0.8021,-0.2493,0.2300,False,-0.0438,0.0343,-0.0470,-0.0687,0.0522,0.0485,-1.8447,grasp,0.8021,-0.2493,0.0100,0.0000,0.0000,0.0000,False,,0.0500,0.0000,False
870,0.0,0.8640,-0.0318,False,False,False,-0.4573,4.7049,-0.2460,-1.3508,-0.1598,1.4995,0.0908,0.1597,0.1785,-0.0175,-0.1462,0.0625,0.2457,0.2938,-0.6203,0.6020,0.8021,-0.2493,0.0100,0.8021,-0.2493,0.2300,False,0.0335,0.0588,0.0659,-0.0065,-0.0539,0.0230,0.9579,grasp,0.8021,-0.2493,0.0100,0.0000,0.0000,0.0000,False,,0.0500,0.0000,True
871,0.0,0.8629,-0.0144,False,False,False,-0.4566,4.7075,-0.2430,-1.3504,-0.1611,1.5009,-0.0458,-0.0401,0.0751,0.0639,0.0586,0.0616,0.2633,0.2943,-0.6182,0.6021,0.8021,-0.2493,0.0100,0.8021,-0.2493,0.2300,False,-0.0446,-0.0281,0.0774,0.0636,0.0568,0.0624,-1.2129,grasp,0.8021,-0.2493,0.0100,0.0000,0.0000,0.0000,False,,0.0500,0.0000,False
872,0.0,0.8631,-0.0023,False,False,False,-0.4575,4.7069,-0.2416,-1.3492,-0.1600,1.5021,-0.0000,-0.0000,-0.0000,0.0000,-0.0000,0.0000,0.2512,0.2936,-0.6191,0.6013,0.8021,-0.2493,0.0100,0.8021,-0.2493,0.2300,False,-0.0460,-0.0159,0.0465,0.0608,-0.0657,-0.0313,-1.9008,grasp,0.8021,-0.2493,0.0100,0.0000,0.0000,0.0000,False,,0.0500,0.0000,False
873,0.0,0.8635,-0.0133,False,False,False,-0.4578,4.7087,-0.2403,-1.3479,-0.1603,1.5014,0.0076,0.1367,0.0551,0.0437,0.0198,-0.0201,0.3018,0.2930,-0.6197,0.6009,0.8021,-0.2493,0.0100,0.8021,-0.2493,0.2300,False,0.0035,0.0714,0.0295,0.0236,0.0098,-0.0109,1.4212,grasp,0.8021,-0.2493,0.0100,0.0000,0.0000,0.0000,False,,0.0500,0.0000,True
874,0.0,0.8642,-0.0143,False,False,False,-0.4580,4.7132,-0.2384,-1.3466,-0.1592,1.5001,-0.0471,-0.0904,0.0123,-0.0124,0.0550,-0.0717,0.3804,0.2921,-0.6207,0.6005,0.8021,-0.2493,0.0100,0.8021,-0.2493,0.2300,False,-0.0469,-0.0772,0.0133,-0.0117,0.0554,-0.0720,2.7269,grasp,0.8021,-0.2493,0.0100,0.0000,0.0000,0.0000,False,,0.0500,0.0000,True
875,0.0,0.8642,-0.0034,False,False,False,-0.4589,4.7114,-0.2382,-1.3468,-0.1581,1.4987,-0.0000,-0.0000,-0.0000,0.0000,0.0000,0.0000,0.4201,0.2921,-0.6207,0.6005,0.8021,-0.2493,0.0100,0.8021,-0.2493,0.2300,False,0.0444,-0.0126,0.0753,0.0447,0.0623,-0.0148,0.4071,grasp,0.8021,-0.2493,0.0100,0.0000,0.0000,0.0000,False,,0.0500,0.0000,False
876,0.0,0.8639,-0.0017,False,False,False,-0.4589,4.7114,-0.2382,-1.3468,-0.1581,1.4987,-0.0000,-0.0000,-0.0000,0.0000,0.0000,0.0000,0.4201,0.2931,-0.6203,0.6012,0.8021,-0.2493,0.0100,0.8021,-0.2493,0.2300,False,0.0501,-0.0292,-0.0303,0.0389,-0.0046,0.0705,1.3825,grasp,0.8021,-0.2493,0.0100,0.0000,0.0000,0.0000,False,,0.0500,0.0000,True
877,0.0,0.8651,-0.0279,False,False,False,-0.4555,4.7112,-0.2356,-1.3487,-0.1549,1.4974,0.1441,-0.0075,0.0851,-0.1097,0.1257,-0.0547,0.4039,0.2934,-0.6191,0.6039,0.8021,-0.2493,0.0100,0.8021,-0.2493,0.2300,False,0.0536,-0.0028,0.0321,-0.0400,0.0470,-0.0203,-2.3530,grasp,0.8021,-0.2493,0.0100,0.0000,0.0000,0.0000,False,,0.0500,0.0000,False
878,0.0,0.8651,-0.0107,False,False,False,-0.4543,4.7111,-0.2353,-1.3502,-0.1533,1.4974,-0.0636,0.0045,-0.0706,-0.0146,0.0031,0.0614,0.3439,0.2934,-0.6191,0.6039,0.8021,-0.2493,0.0100,0.8021,-0.2493,0.2300,False,-0.0618,0.0044,-0.0696,-0.0160,0.0046,0.0607,-3.0262,grasp,0.8021,-0.2493,0.0100,0.0000,0.0000,0.0000,False,,0.0500,0.0000,False
879,0.0,0.8671,-0.0041,False,False,False,-0.4555,4.7112,-0.2366,-1.3505,-0.1532,1.4985,-0.0000,-0.0000,-0.0000,0.0000,0.0000,0.0000,0.3039,0.2927,-0.6179,0.6070,0.8021,-0.2493,0.0100,0.8021,-0.2493,0.2300,False,-0.0507,0.0457,-0.0086,0.0072,0.0300,0.0211,-2.3898,grasp,0.8021,-0.2493,0.0100,0.0000,0.0000,0.0000,False,,0.0500,0.0000,False
880,0.0,0.8680,-0.0355,False,False,False,-0.4581,4.7080,-0.2407,-1.3534,-0.1536,1.4990,-0.1033,-0.1888,-0.1944,-0.1458,-0.0353,0.0115,0.2417,0.2922,-0.6179,0.6079,0.8021,-0.2493,0.0100,0.8021,-0.2493,0.2300,False,-0.0386,-0.0686,-0.0718,-0.0537,-0.0127,0.0044,-1.8742,grasp,0.8021,-0.2493,0.0100,0.0000,0.0000,0.0000,False,,0.0500,0.0000,False
881,0.0,0.8681,-0.0108,False,False,False,-0.4591,4.7048,-0.2433,-1.3559,-0.1542,1.4995,0.0368,0.0671,-0.0140,-0.0585,-0.0071,0.0399,0.2737,0.2922,-0.6181,0.6079,0.8021,-0.2493,0.0100,0.8021,-0.2493,0.2300,False,0.0355,0.0498,-0.0165,-0.0604,-0.0075,0.0401,1.8502,grasp,0.8021,-0.2493,0.0100,0.0000,0.0000,0.0000,False,,0.0500,0.0000,True
882,0.0,0.8684,-0.0018,False,False,False,-0.4584,4.7060,-0.2436,-1.3570,-0.1543,1.5003,0.0000,-0.0000,-0.0000,0.0000,0.0000,0.0000,0.3135,0.2920,-0.6198,0.6072,0.8021,-0.2493,0.0100,0.8021,-0.2493,0.2300,False,-0.0574,0.0732,0.0262,-0.0788,0.0467,0.0073,1.1687,grasp,0.8021,-0.2493,0.0100,0.0000,0.0000,0.0000,False,,0.0500,0.0000,True
883,0.0,0.8684,-0.0265,False,False,False,-0.4596,4.7080,-0.2456,-1.3601,-0.1544,1.5043,-0.0309,0.0641,-0.1105,-0.1132,-0.0298,0.1900,0.4132,0.2934,-0.6187,0.6090,0.8021,-0.2493,0.0100,0.8021,-0.2493,0.2300,False,-0.0120,0.0245,-0.0405,-0.0426,-0.0105,0.0702,2.0689,grasp,0.8021,-0.2493,0.0100,0.0000,0.0000,0.0000,False,,0.0500,0.0000,True
884,0.0,0.8684,-0.0117,False,False,False,-0.4606,4.7092,-0.2475,-1.3617,-0.1551,1.5066,-0.0672,0.0446,-0.0515,-0.0208,-0.0298,-0.0026,0.4002,0.2934,-0.6187,0.6090,0.8021,-0.2493,0.0100,0.8021,-0.2493,0.2300,False,-0.0676,0.0454,-0.0529,-0.0222,-0.0302,-0.0002,-1.2427,grasp,0.8021,-0.2493,0.0100,0.0000,0.0000,0.0000,False,,0.0500,0.0000,False
885,0.0,0.8688,-0.0028,False,False,False,-0.4619,4.7101,-0.2485,-1.3621,-0.1557,1.5066,0.0000,-0.0000,-0.0000,0.0000,0.0000,0.0000,0.4042,0.2932,-0.6186,0.6096,0.8021,-0.2493,0.0100,0.8021,-0.2493,0.2300,False,-0.0082,-0.0495,0.0661,-0.0126,-0.0309,0.0643,2.6252,grasp,0.8021,-0.2493,0.0100,0.0000,0.0000,0.0000,False,,0.0500,0.0000,True
886,0.0,0.8707,-0.0065,False,False,False,-0.4620,4.7096,-0.2478,-1.3623,-0.1560,1.5072,-0.0000,-0.0000,-0.0000,0.0000,0.0000,0.0000,0.4442,0.2908,-0.6203,0.6091,0.8021,-0.2493,0.0100,0.8021,-0.2493,0.2300,False,0.0073,-0.0570,-0.0217,-0.0111,-0.0217,-0.0043,2.6530,grasp,0.8021,-0.2493,0.0100,0.0000,0.0000,0.0000,False,,0.0500,0.0000,True
887,0.0,0.8707,-0.0029,False,False,False,-0.4618,4.7078,-0.2485,-1.3626,-0.1566,1.5071,-0.0000,-0.0000,-0.0000,0.0000,0.0000,0.0000,0.5037,0.2908,-0.6203,0.6091,0.8021,-0.2493,0.0100,0.8021,-0.2493,0.2300,False,0.0444,-0.0270,-0.0648,0.0707,-0.0747,0.0210,1.1181,grasp,0.8021,-0.2493,0.0100,0.0000,0.0000,0.0000,False,,0.0500,0.0000,False
888,0.0,0.8556,-0.0080,False,False,False,-3.2860,3.0395,0.7468,-2.1753,-4.7213,1.4586,-0.0241,-0.0227,0.0005,-0.0048,-0.0810,0.0029,0.0000,0.2563,-0.6641,0.5527,0.8020,-0.2600,0.0321,0.8020,-0.2600,0.2521,False,-0.0467,-0.0673,-0.0009,0.0644,0.0143,-0.0705,-3.0352,grasp,0.8020,-0.2600,0.0321,0.0000,0.0000,0.0000,False,,0.0500,0.0000,False
889,0.0,1.3739,-0.5206,False,False,False,-3.3324,2.9725,0.7459,-2.1109,-4.7062,1.3880,-0.0000,-0.0000,-0.0000,0.0000,0.0000,-0.0000,0.0135,0.1634,0.3763,1.0689,0.8020,-0.2600,0.0321,0.8020,-0.2600,0.2521,False,-0.0172,0.0455,-0.0396,-0.0376,0.0702,0.0186,0.4506,grasp,0.8020,-0.2600,0.0321,0.0000,0.0000,0.0000,False,,0.0500,0.0000,True
890,0.0,1.3748,-0.0044,False,False,False,-3.3324,2.9725,0.7459,-2.1109,-4.7062,1.3880,-0.0000,-0.0000,-0.0000,0.0000,0.0000,-0.0000,0.0135,0.1625,0.3774,1.0689,0.8020,-0.2600,0.0321,0.8020,-0.2600,0.2521,False,0.0574,-0.0282,-0.0500,-0.0275,-0.0538,0.0417,-0.2537,grasp,0.8020,-0.2600,0.0321,0.0000,0.0000,0.0000,False,,0.0500,0.0000,False
891,0.0,1.3761,-0.0277,False,False,False,-3.3321,2.9739,0.7456,-2.1113,-4.7083,1.3882,0.0298,0.0974,-0.0333,-0.1133,0.2037,0.0209,0.0524,0.1633,0.3809,1.0689,0.8020,-0.2600,0.0321,0.8020,-0.2600,0.2521,False,0.0298,0.0654,-0.0333,0.0521,-0.0215,0.0209,0.1775,grasp,0.8020,-0.2600,0.0321,0.0000,0.0000,0.0000,False,,0.0500,0.0000,True
892,0.0,1.3772,-0.0500,False,False,False,-3.3321,2.9765,0.7456,-2.1108,-4.7080,1.3881,-0.0584,0.0676,0.0709,0.1036,-0.5912,-0.0489,0.0908,0.1632,0.3832,1.0689,0.8020,-0.2600,0.0321,0.8020,-0.2600,0.2521,False,-0.0577,-0.0710,0.0702,0.0684,0.0412,-0.0485,2.6021,grasp,0.8020,-0.2600,0.0321,0.0000,0.0000,0.0000,False,,0.0500,0.0000,True
893,0.0,1.3772,-0.0123,False,False,False,-3.3336,2.9773,0.7478,-2.1105,-4.7073,1.3876,-0.0237,0.0295,0.0778,-0.0444,0.0547,0.0364,0.1183,0.1632,0.3832,1.0689,0.8020,-0.2600,0.0321,0.8020,-0.2600,0.2521,False,-0.0265,-0.0163,0.0792,-0.0757,-0.0607,0.0354,2.1335,grasp,0.8020,-0.2600,0.0321,0.0000,0.0000,0.0000,False,,0.0500,0.0000,True
894,0.0,1.3775,-0.0117,False,False,False,-3.3336,2.9773,0.7478,-2.1105,-4.7073,1.3876,-0.0237,0.0295,0.0778,-0.0444,0.0547,0.0364,0.1183,0.1630,0.3837,1.0689,0.8020,-0.2600,0.0321,0.8020,-0.2600,0.2521,False,-0.0076,0.0532,-0.0636,-0.0590,-0.0613,0.0019,-2.0703,grasp,0.8020,-0.2600,0.0321,0.0000,0.0000,0.0000,False,,0.0500,0.0000,False
895,0.0,1.3735,-0.0266,False,False,False,-3.3341,2.9771,0.7492,-2.1110,-4.7062,1.3883,-0.0468,-0.0421,0.1479,-0.1489,-0.1194,0.0691,0.1272,0.1740,0.3850,1.0694,0.8020,-0.2600,0.0321,0.8020,-0.2600,0.2521,False,-0.0279,-0.0695,0.0223,-0.0372,0.0161,0.0150,-2.6796,grasp,0.8020,-0.2600,0.0321,0.0000,0.0000,0.0000,False,,0.0500,0.0000,False
896,0.0,1.3704,-0.0154,False,False,False,-3.3346,2.9768,0.7485,-2.1105,-4.7055,1.3884,-0.0505,-0.0277,-0.0756,0.0986,-0.1092,0.0142,0.0989,0.1807,0.3844,1.0697,0.8020,-0.2600,0.0321,0.8020,-0.2600,0.2521,False,-0.0505,-0.0766,-0.0756,0.0724,-0.0007,0.0142,-3.0952,grasp,0.8020,-0.2600,0.0321,0.0000,0.0000,0.0000,False,,0.0500,0.0000,False
897,0.0,1.3711,-0.0267,False,False,False,-3.3358,2.9770,0.7478,-2.1095,-4.7062,1.3881,-0.0168,0.0125,0.0715,-0.0638,0.2900,-0.0553,0.1156,0.1800,0.3855,1.0696,0.8020,-0.2600,0.0321,0.8020,-0.2600,0.2521,False,-0.0186,-0.0024,0.0701,-0.0752,0.0746,-0.0550,1.4835,grasp,0.8020,-0.2600,0.0321,0.0000,0.0000,0.0000,False,,0.0500,0.0000,True
898,0.0,1.3721,-0.0147,False,False,False,-3.3369,2.9783,0.7495,-2.1097,-4.7064,1.3864,-0.0739,0.0484,0.0340,0.0415,0.0231,-0.0668,0.1517,0.1805,0.3885,1.0693,0.8020,-0.2600,0.0321,0.8020,-0.2600,0.2521,False,-0.0742,0.0556,0.0353,0.0382,0.0221,-0.0678,-0.0990,grasp,0.8020,-0.2600,0.0321,0.0000,0.0000,0.0000,False,,0.0500,0.0000,False
899,0.0,1.3727,-0.0125,False,False,False,-3.3369,2.9783,0.7495,-2.1097,-4.7064,1.3864,-0.0739,0.0484,0.0340,0.0415,0.0231,-0.0668,0.1517,0.1788,0.3883,1.0692,0.8020,-0.2600,0.0321,0.8020,-0.2600,0.2521,False,-0.0416,0.0092,-0.0255,-0.0199,-0.0123,0.0392,0.7237,grasp,0.8020,-0.2600,0.0321,0.0000,0.0000,0.0000,False,,0.0500,0.0000,True
900,0.0,1.3734,-0.0303,False,False,False,-3.3382,2.9792,0.7501,-2.1089,-4.7059,1.3851,-0.1405,0.0984,0.0645,0.0766,0.0449,-0.1269,0.1717,0.1775,0.3884,1.0693,0.8020,-0.2600,0.0321,0.8020,-0.2600,0.2521,False,0.0725,0.0678,0.0042,-0.0616,-0.0194,0.0656,-2.6046,grasp,0.8020,-0.2600,0.0321,0.0000,0.0000,0.0000,False,,0.0500,0.0000,False
901,0.0,1.3756,-0.0203,False,False,False,-3.3384,2.9797,0.7501,-2.1093,-4.7054,1.3851,0.0000,0.0443,0.0000,-0.0713,0.2266,-0.0000,0.1798,0.1720,0.3877,1.0694,0.8020,-0.2600,0.0321,0.8020,-0.2600,0.2521,False,0.0341,0.0031,-0.0738,0.0530,0.0547,0.0769,1.7117,grasp,0.8020,-0.2600,0.0321,0.0000,0.0000,0.0000,False,,0.0500,0.0000,True
902,0.0,1.3760,-0.0271,False,False,False,-3.3361,2.9828,0.7511,-2.1100,-4.7058,1.3848,0.1378,0.1310,0.1161,0.0002,-0.0693,-0.0721,0.1522,0.1704,0.3871,1.0693,0.8020,-0.2600,0.0321,0.8020,-0.2600,0.2521,False,0.0727,0.0705,0.0604,-0.0022,-0.0309,-0.0372,-2.8767,grasp,0.8020,-0.2600,0.0321,0.0000,0.0000,0.0000,False,,0.0500,0.0000,False
903,0.0,1.3766,-0.0105,False,False,False,-3.3344,2.9849,0.7523,-2.1100,-4.7066,1.3842,-0.0722,-0.0109,-0.0457,0.0038,0.0195,0.0440,0.1804,0.1702,0.3881,1.0693,0.8020,-0.2600,0.0321,0.8020,-0.2600,0.2521,False,-0.0663,-0.0041,-0.0440,0.0038,0.0186,0.0429,1.4993,grasp,0.8020,-0.2600,0.0321,0.0000,0.0000,0.0000,False,,0.0500,0.0000,True
904,0.0,1.3758,-0.0090,False,False,False,-3.3344,2.9849,0.7523,-2.1100,-4.7066,1.3842,-0.0722,-0.0109,-0.0457,0.0038,0.0195,0.0440,0.1804,0.1705,0.3868,1.0692,0.8020,-0.2600,0.0321,0.8020,-0.2600,0.2521,False,0.0516,0.0350,0.0603,0.0585,0.0177,0.0557,1.7187,grasp,0.8020,-0.2600,0.0321,0.0000,0.0000,0.0000,False,,0.0500,0.0000,True
905,0.0,1.3756,-0.0173,False,False,False,-3.3357,2.9848,0.7515,-2.1099,-4.7062,1.3850,-0.1336,-0.0157,-0.0868,0.0073,0.0370,0.0835,0.2004,0.1715,0.3877,1.0691,0.8020,-0.2600,0.0321,0.8020,-0.2600,0.2521,False,0.0704,-0.0509,-0.0625,0.0442,-0.0428,-0.0644,-2.7675,grasp,0.8020,-0.2600,0.0321,0.0000,0.0000,0.0000,False,,0.0500,0.0000,False
906,0.0,1.3760,-0.0022,False,False,False,-3.3359,2.9847,0.7515,-2.1099,-4.7062,1.3850,-0.0000,-0.0000,-0.0000,-0.0000,-0.0000,0.0000,0.1732,0.1713,0.3884,1.0690,0.8020,-0.2600,0.0321,0.8020,-0.2600,0.2521,False,0.0718,0.0191,0.0177,-0.0241,0.0282,-0.0527,-2.8703,grasp,0.8020,-0.2600,0.0321,0.0000,0.0000,0.0000,False,,0.0500,0.0000,False
907,0.0,1.3759,-0.0271,False,False,False,-3.3370,2.9844,0.7501,-2.1096,-4.7082,1.3862,-0.1243,-0.0368,-0.1015,0.0387,-0.1494,0.1080,0.1951,0.1719,0.3889,1.0690,0.8020,-0.2600,0.0321,0.8020,-0.2600,0.2521,False,-0.0644,-0.0192,-0.0533,0.0201,-0.0784,0.0563,-0.8531,grasp,0.8020,-0.2600,0.0321,0.0000,0.0000,0.0000,False,,0.0500,0.0000,False
908,0.0,1.3753,-0.0284,False,False,False,-3.3388,2.9838,0.7487,-2.1090,-4.7103,1.3877,-0.1773,-0.0525,-0.1448,0.0552,-0.2131,0.1541,0.2047,0.1722,0.3879,1.0688,0.8020,-0.2600,0.0321,0.8020,-0.2600,0.2521,False,-0.0572,-0.0148,-0.0300,0.0441,-0.0433,-0.0495,-2.2440,grasp,0.8020,-0.2600,0.0321,0.0000,0.0000,0.0000,False,,0.0500,0.0000,False
909,0.0,1.3747,-0.0149,False,False,False,-3.3396,2.9835,0.7484,-2.1086,-4.7107,1.3872,-0.0520,-0.0122,-0.0286,0.0435,-0.0412,-0.0511,0.1876,0.1721,0.3866,1.0688,0.8020,-0.2600,0.0321,0.8020,-0.2600,0.2521,False,0.0659,0.0094,0.0149,-0.0460,-0.0000,0.0339,-1.7770,grasp,0.8020,-0.2600,0.0321,0.0000,0.0000,0.0000,False,,0.0500,0.0000,False
910,0.0,1.3732,-0.0019,False,False,False,-3.3396,2.9835,0.7484,-2.1086,-4.7107,1.3872,0.0000,-0.0000,-0.0000,-0.0000,0.0000,0.0000,0.1862,0.1726,0.3841,1.0687,0.8020,-0.2600,0.0321,0.8020,-0.2600,0.2521,False,-0.0694,-0.0268,-0.0364,-0.0726,0.0029,0.0513,-1.9997,grasp,0.8020,-0.2600,0.0321,0.0000,0.0000,0.0000,False,,0.0500,0.0000,False
911,0.0,1.3678,0.0036,False,False,False,-3.3396,2.9835,0.7484,-2.1086,-4.7107,1.3872,0.0000,-0.0000,-0.0000,-0.0000,0.0000,0.0000,0.2021,0.1778,0.3780,1.0685,0.8020,-0.2600,0.0321,0.8020,-0.2600,0.2521,False,-0.0468,-0.0113,-0.0408,0.0483,-0.0279,-0.0498,0.5583,grasp,0.8020,-0.2600,0.0321,0.0000,0.0000,0.0000,False,,0.0500,0.0000,True
912,0.0,1.3654,-0.0294,False,False,False,-3.3408,2.9859,0.7465,-2.1096,-4.7050,1.3858,0.0252,0.1033,-0.0724,-0.1159,0.2980,0.0086,0.2596,0.1807,0.3757,1.0685,0.8020,-0.2600,0.0321,0.8020,-0.2600,0.2521,False,0.0235,-0.0512,-0.0732,-0.0602,0.0243,0.0077,2.5452,grasp,0.8020,-0.2600,0.0321,0.0000,0.0000,0.0000,False,,0.0500,0.0000,True
913,0.0,1.3623,-0.0284,False,False,False,-3.3409,2.9885,0.7448,-2.1106,-4.7041,1.3855,-0.0623,0.0438,-0.0320,-0.0422,0.4339,-0.0543,0.2888,0.1888,0.3768,1.0685,0.8020,-0.2600,0.0321,0.8020,-0.2600,0.2521,False,-0.0617,0.0418,-0.0334,-0.0723,-0.0563,-0.0542,0.6518,grasp,0.8020,-0.2600,0.0321,0.0000,0.0000,0.0000,False,,0.0500,0.0000,True
914,0.0,1.3575,-0.0363,False,False,False,-3.3421,2.9893,0.7442,-2.1096,-4.7048,1.3844,-0.1186,0.0689,-0.0608,0.1508,-0.3330,-0.1032,0.3082,0.1954,0.3731,1.0685,0.8020,-0.2600,0.0321,0.8020,-0.2600,0.2521,False,-0.0653,-0.0225,-0.0736,-0.0535,-0.0531,0.0668,-2.0694,grasp,0.8020,-0.2600,0.0321,0.0000,0.0000,0.0000,False,,0.0500,0.0000,False
915,0.0,1.3553,-0.0393,False,False,False,-3.3421,2.9893,0.7442,-2.1096,-4.7048,1.3844,-0.1186,0.0689,-0.0608,0.1508,-0.3330,-0.1032,0.3082,0.1984,0.3711,1.0685,0.8020,-0.2600,0.0321,0.8020,-0.2600,0.2521,False,0.0518,-0.0275,-0.0537,0.0020,0.0087,-0.0650,1.7729,grasp,0.8020,-0.2600,0.0321,0.0000,0.0000,0.0000,False,,0.0500,0.0000,True
916,0.0,1.3547,-0.0018,False,False,False,-3.3421,2.9895,0.7442,-2.1100,-4.7032,1.3844,0.0000,-0.0000,-0.0000,-0.0000,0.0000,0.0000,0.2896,0.1998,0.3714,1.0684,0.8020,-0.2600,0.0321,0.8020,-0.2600,0.2521,False,0.0780,0.0639,0.0075,0.0422,0.0112,-0.0235,-0.9681,grasp,0.8020,-0.2600,0.0321,0.0000,0.0000,0.0000,False,,0.0500,0.0000,False
917,0.0,1.3546,-0.0277,False,False,False,-3.3404,2.9905,0.7454,-2.1078,-4.7049,1.3864,0.0645,0.0275,0.0765,0.1141,-0.1139,0.1421,0.3483,0.2026,0.3736,1.0684,0.8020,-0.2600,0.0321,0.8020,-0.2600,0.2521,False,0.0349,0.0150,0.0403,0.0605,-0.0598,0.0746,2.4150,grasp,0.8020,-0.2600,0.0321,0.0000,0.0000,0.0000,False,,0.0500,0.0000,True
918,0.0,1.3541,-0.0123,False,False,False,-3.3392,2.9914,0.7469,-2.1059,-4.7057,1.3884,0.0183,0.0623,0.0359,0.0314,0.0764,0.0052,0.3695,0.2031,0.3729,1.0685,0.8020,-0.2600,0.0321,0.8020,-0.2600,0.2521,False,0.0198,0.0630,0.0370,0.0330,0.0748,0.0072,-0.2619,grasp,0.8020,-0.2600,0.0321,0.0000,0.0000,0.0000,False,,0.0500,0.0000,False
919,0.0,1.3539,-0.0118,False,False,False,-3.3392,2.9914,0.7469,-2.1059,-4.7057,1.3884,0.0183,0.0623,0.0359,0.0314,0.0764,0.0052,0.3695,0.2026,0.3721,1.0686,0.8020,-0.2600,0.0321,0.8020,-0.2600,0.2521,False,0.0727,0.0779,-0.0372,-0.0183,-0.0336,-0.0716,2.1876,grasp,0.8020,-0.2600,0.0321,0.0000,0.0000,0.0000,False,,0.0500,0.0000,True
920,0.0,1.3553,-0.0229,False,False,False,-3.3389,2.9925,0.7475,-2.1053,-4.7043,1.3885,0.0354,0.1197,0.0682,0.0596,0.1452,0.0099,0.3692,0.2027,0.3752,1.0686,0.8020,-0.2600,0.0321,0.8020,-0.2600,0.2521,False,0.0385,-0.0790,0.0407,-0.0161,0.0350,0.0418,-0.2324,grasp,0.8020,-0.2600,0.0321,0.0000,0.0000,0.0000,False,,0.0500,0.0000,False
921,0.0,1.3560,-0.0036,False,False,False,-3.3389,2.9927,0.7475,-2.1053,-4.7043,1.3885,-0.0000,-0.0000,-0.0000,-0.0000,-0.0000,0.0000,0.3538,0.2031,0.3770,1.0686,0.8020,-0.2600,0.0321,0.8020,-0.2600,0.2521,False,0.0488,0.0359,0.0440,0.0665,-0.0220,0.0374,-1.4621,grasp,0.8020,-0.2600,0.0321,0.0000,0.0000,0.0000,False,,0.0500,0.0000,False
922,0.0,1.3557,-0.0100,False,False,False,-3.3382,2.9926,0.7480,-2.1040,-4.7051,1.3885,0.0213,-0.0397,0.0050,0.0586,-0.0559,-0.0369,0.3481,0.2040,0.3772,1.0686,0.8020,-0.2600,0.0321,0.8020,-0.2600,0.2521,False,0.0219,-0.0393,0.0055,0.0593,-0.0561,-0.0366,-0.1298,grasp,0.8020,-0.2600,0.0321,0.0000,0.0000,0.0000,False,,0.0500,0.0000,False
923,0.0,1.3533,-0.0155,False,False,False,-3.3391,2.9901,0.7497,-2.1022,-4.7060,1.3877,-0.0925,-0.1124,0.1026,0.0456,0.0109,-0.0100,0.4116,0.2057,0.3738,1.0684,0.8020,-0.2600,0.0321,0.8020,-0.2600,0.2521,False,-0.0482,-0.0602,0.0541,0.0251,0.0047,-0.0060,1.3960,grasp,0.8020,-0.2600,0.0321,0.0000,0.0000,0.0000,False,,0.0500,0.0000,True
924,0.0,1.3530,-0.0180,False,False,False,-3.3391,2.9901,0.7497,-2.1022,-4.7060,1.3877,-0.0925,-0.1124,0.1026,0.0456,0.0109,-0.0100,0.4116,0.2053,0.3728,1.0684,0.8020,-0.2600,0.0321,0.8020,-0.2600,0.2521,False,0.0140,-0.0230,0.0682,-0.0698,0.0715,0.0295,2.6623,grasp,0.8020,-0.2600,0.0321,0.0000,0.0000,0.0000,False,,0.0500,0.0000,True
925,0.0,1.3529,-0.0182,False,False,False,-3.3405,2.9896,0.7511,-2.1027,-4.6999,1.3875,-0.1319,-0.0285,0.1463,0.0651,0.0155,-0.0143,0.4274,0.2057,0.3730,1.0684,0.8020,-0.2600,0.0321,0.8020,-0.2600,0.2521,False,0.0537,-0.0639,-0.0355,0.0525,0.0709,-0.0472,-0.0752,grasp,0.8020,-0.2600,0.0321,0.0000,0.0000,0.0000,False,,0.0500,0.0000,False
926,0.0,1.3529,-0.0024,False,False,False,-3.3406,2.9901,0.7511,-2.1034,-4.6959,1.3875,-0.0000,-0.0000,-0.0000,-0.0000,-0.0000,0.0000,0.4075,0.2061,0.3730,1.0687,0.8020,-0.2600,0.0321,0.8020,-0.2600,0.2521,False,-0.0782,0.0314,-0.0774,0.0743,-0.0568,-0.0574,-1.0820,grasp,0.8020,-0.2600,0.0321,0.0000,0.0000,0.0000,False,,0.0500,0.0000,False
927,0.0,1.3535,-0.0041,False,False,False,-3.3430,2.9910,0.7489,-2.1012,-4.6978,1.3859,-0.0000,-0.0000,-0.0000,-0.0000,0.0000,0.0000,0.3599,0.2061,0.3741,1.0688,0.8020,-0.2600,0.0321,0.8020,-0.2600,0.2521,False,-0.0563,-0.0375,-0.0690,0.0528,-0.0201,-0.0687,-2.2821,grasp,0.8020,-0.2600,0.0321,0.0000,0.0000,0.0000,False,,0.0500,0.0000,False
928,0.0,1.3542,-0.0311,False,False,False,-3.3422,2.9898,0.7483,-2.1020,-4.7016,1.3869,0.0898,0.0656,0.0048,-0.1626,0.1831,0.1084,0.3921,0.2057,0.3754,1.0687,0.8020,-0.2600,0.0321,0.8020,-0.2600,0.2521,False,0.0466,-0.0658,0.0019,-0.0774,-0.0261,0.0564,2.0401,grasp,0.8020,-0.2600,0.0321,0.0000,0.0000,0.0000,False,,0.0500,0.0000,True
929,0.0,1.3540,-0.0294,False,False,False,-3.3422,2.9898,0.7483,-2.1020,-4.7016,1.3869,0.0898,0.0656,0.0048,-0.1626,0.1831,0.1084,0.3921,0.2076,0.3769,1.0686,0.8020,-0.2600,0.0321,0.8020,-0.2600,0.2521,False,0.0284,0.0285,-0.0684,0.0305,0.0453,-0.0306,-2.1029,grasp,0.8020,-0.2600,0.0321,0.0000,0.0000,0.0000,False,,0.0500,0.0000,False
930,0.0,1.3540,-0.0363,False,False,False,-3.3409,2.9904,0.7484,-2.1035,-4.7023,1.3884,0.1280,0.0713,0.0066,-0.1868,0.1053,0.1546,0.4092,0.2079,0.3772,1.0686,0.8020,-0.2600,0.0321,0.8020,-0.2600,0.2521,False,-0.0067,-0.0016,-0.0567,0.0420,0.0705,-0.0431,-2.8577,grasp,0.8020,-0.2600,0.0321,0.0000,0.0000,0.0000,False,,0.0500,0.0000,False
931,0.0,1.3541,-0.0184,False,False,False,-3.3406,2.9909,0.7484,-2.1042,-4.7013,1.3884,0.0000,0.0247,0.0000,-0.0584,0.2265,-0.0000,0.4116,0.2074,0.3770,1.0686,0.8020,-0.2600,0.0321,0.8020,-0.2600,0.2521,False,0.0720,0.0493,0.0544,0.0112,0.0216,0.0191,2.8812,grasp,0.8020,-0.2600,0.0321,0.0000,0.0000,0.0000,False,,0.0500,0.0000,True
932,0.0,1.3535,-0.0002,False,False,False,-3.3384,2.9923,0.7500,-2.1038,-4.7007,1.3890,0.0000,-0.0000,-0.0000,-0.0000,0.0000,0.0000,0.4713,0.2074,0.3755,1.0687,0.8020,-0.2600,0.0321,0.8020,-0.2600,0.2521,False,-0.0173,-0.0213,-0.0668,-0.0757,0.0670,-0.0019,2.8399,grasp,0.8020,-0.2600,0.0321,0.0000,0.0000,0.0000,False,,0.0500,0.0000,True
933,0.0,1.3512,-0.0295,False,False,False,-3.3389,2.9950,0.7509,-2.1035,-4.6956,1.3912,-0.0227,0.1418,0.1044,0.1490,-0.0988,0.1454,0.4488,0.2101,0.3725,1.0691,0.8020,-0.2600,0.0321,0.8020,-0.2600,0.2521,False,-0.0122,0.0770,0.0543,0.0724,-0.0283,0.0765,-0.4596,grasp,0.8020,-0.2600,0.0321,0.0000,0.0000,0.0000,False,,0.0500,0.0000,False
934,0.0,1.3507,-0.0318,False,False,False,-3.3389,2.9950,0.7509,-2.1035,-4.6956,1.3912,-0.0227,0.1418,0.1044,0.1490,-0.0988,0.1454,0.4488,0.2091,0.3704,1.0691,0.8020,-0.2600,0.0321,0.8020,-0.2600,0.2521,False,0.0227,-0.0279,-0.0053,-0.0479,-0.0123,0.0560,-2.9119,grasp,0.8020,-0.2600,0.0321,0.0000,0.0000,0.0000,False,,0.0500,0.0000,False
935,0.0,1.3507,-0.0469,False,False,False,-3.3393,2.9969,0.7524,-2.1014,-4.6968,1.3932,-0.0324,0.2059,0.1489,0.2074,-0.1196,0.2075,0.4381,0.2091,0.3704,1.0691,0.8020,-0.2600,0.0321,0.8020,-0.2600,0.2521,False,0.0643,-0.0539,-0.0731,0.0206,-0.0576,0.0243,-0.7237,grasp,0.8020,-0.2600,0.0321,0.0000,0.0000,0.0000,False,,0.0500,0.0000,False
936,0.0,1.3528,-0.0053,False,False,False,-3.3393,2.9975,0.7524,-2.1014,-4.6968,1.3932,0.0000,-0.0000,-0.0000,-0.0000,0.0000,0.0000,0.4451,0.2074,0.3738,1.0688,0.8020,-0.2600,0.0321,0.8020,-0.2600,0.2521,False,0.0031,0.0031,-0.0597,0.0239,-0.0067,-0.0106,1.8531,grasp,0.8020,-0.2600,0.0321,0.0000,0.0000,0.0000,False,,0.0500,0.0000,True
937,0.0,1.3545,-0.0197,False,False,False,-3.3387,2.9970,0.7511,-2.1018,-4.6965,1.3923,0.0582,-0.0606,-0.0668,-0.0676,0.0451,-0.0782,0.5046,0.2052,0.3757,1.0686,0.8020,-0.2600,0.0321,0.8020,-0.2600,0.2521,False,0.0583,-0.0606,-0.0674,-0.0674,0.0450,-0.0783,2.6702,grasp,0.8020,-0.2600,0.0321,0.0000,0.0000,0.0000,False,,0.0500,0.0000,True
938,0.0,1.4244,-0.0083,False,False,False,-0.4673,5.6871,0.7662,4.5455,-1.6296,1.0834,-0.0002,0.0126,0.0134,0.0788,-0.0206,-0.0053,0.0000,0.1290,0.4071,1.0735,0.8020,-0.2600,0.0100,0.8020,-0.2600,0.2300,False,0.0496,-0.0325,-0.0245,-0.0712,-0.0697,-0.0286,2.5631,grasp,0.8020,-0.2600,0.0100,0.0000,0.0000,0.0000,False,,0.0500,0.0000,True
939,0.0,0.0506,1.3608,False,False,False,-0.4181,5.6552,0.7418,4.4735,-1.6995,1.0544,-0.0420,0.0763,0.0203,-0.0003,-0.0353,-0.0404,0.7000,0.8097,-0.2620,0.0599,0.8020,-0.2600,0.0100,0.8020,-0.2600,0.2300,False,-0.0420,0.0763,0.0203,-0.0003,-0.0353,-0.0404,0.8450,grasp,0.8020,-0.2600,0.0100,0.0000,0.0000,0.0000,False,,0.0500,0.0000,False
940,0.0,0.0493,-0.0085,False,False,False,-0.4181,5.6552,0.7418,4.4735,-1.6995,1.0544,-0.0420,0.0763,0.0203,-0.0003,-0.0353,-0.0404,0.7000,0.8098,-0.2621,0.0586,0.8020,-0.2600,0.0100,0.8020,-0.2600,0.2300,False,0.0091,-0.0331,0.0204,-0.0395,-0.0258,0.0056,-1.7778,grasp,0.8020,-0.2600,0.0100,0.0000,0.0000,0.0000,False,,0.0500,0.0000,False
941,0.0,0.0446,-0.0121,False,False,False,-0.4191,5.6576,0.7429,4.4729,-1.6994,1.0542,-0.0149,0.0530,0.0747,-0.0618,0.0738,0.0539,0.6446,0.8103,-0.2626,0.0538,0.8020,-0.2600,0.0100,0.8020,-0.2600,0.2300,False,-0.0162,0.0595,0.0751,-0.0618,0.0732,0.0532,-1.3136,grasp,0.8020,-0.2600,0.0100,0.0000,0.0000,0.0000,False,,0.0500,0.0000,False
942,0.0,0.0492,-0.0148,False,False,False,-0.4348,5.6895,0.8170,4.3860,-1.6791,1.1074,-0.0509,-0.0204,0.0155,-0.0458,-0.0768,-0.0231,0.1930,0.8088,-0.2454,0.0565,0.8020,-0.2600,0.0100,0.8020,-0.2600,0.2300,False,-0.0509,-0.0204,0.0155,-0.0458,-0.0768,-0.0231,-3.0188,grasp,0.8020,-0.2600,0.0100,0.0000,0.0000,0.0000,False,,0.0500,0.0000,False
943,0.0,0.0490,14.9870,True,False,False,-0.4348,5.6895,0.8170,4.3860,-1.6791,1.1074,-0.0509,-0.0204,0.0155,-0.0458,-0.0768,-0.0231,0.1930,0.8089,-0.2455,0.0563,0.8020,-0.2600,0.0100,0.8020,-0.2600,0.2300,False,-0.0718,-0.0299,0.0567,-0.0339,0.0748,-0.0690,1.2480,grasp,0.8020,-0.2600,0.0100,0.0000,0.0000,0.0000,False,,0.0500,0.0000,True
944,0.0,0.0175,14.9804,True,False,False,-3.2836,3.7590,-0.7802,-1.3557,1.5435,1.4536,0.0168,-0.1318,-0.0510,0.0458,-0.1371,-0.0289,0.0601,0.7969,-0.2764,0.0305,0.8020,-0.2600,0.0270,0.8020,-0.2600,0.2470,True,0.0079,-0.0695,-0.0270,0.0241,-0.0717,-0.0152,2.2679,grasp,0.8020,-0.2600,0.0270,0.0000,0.0000,0.0000,False,,0.0500,0.0000,True
945,0.0,1.3884,-0.0107,False,False,False,-3.3054,2.9786,0.7963,-2.2440,1.5667,1.3607,0.0001,-0.0411,0.0857,-0.0475,-0.0005,-0.0022,0.0000,0.1675,0.3752,1.0689,0.8020,-0.2600,0.0099,0.8020,-0.2600,0.2299,False,0.0433,0.0187,0.0648,-0.0043,-0.0296,-0.0307,2.7231,grasp,0.8020,-0.2600,0.0099,0.0000,0.0000,0.0000,False,,0.0500,0.0000,True
946,0.0,1.3879,-0.0130,False,False,False,-3.3051,2.9792,0.7970,-2.2441,1.5669,1.3611,0.0273,0.0774,0.0623,-0.0114,0.0112,0.0409,0.0600,0.1696,0.3763,1.0689,0.8020,-0.2600,0.0099,0.8020,-0.2600,0.2299,False,0.0273,0.0774,0.0623,-0.0114,0.0112,0.0409,-2.2394,grasp,0.8020,-0.2600,0.0099,0.0000,0.0000,0.0000,False,,0.0500,0.0000,False
947,0.0,1.3891,-0.0045,False,False,False,-3.3046,2.9808,0.7981,-2.2443,1.5671,1.3619,-0.0000,-0.0000,-0.0000,-0.0000,0.0000,-0.0000,0.0971,0.1694,0.3792,1.0686,0.8020,-0.2600,0.0099,0.8020,-0.2600,0.2299,False,0.0389,-0.0456,-0.0133,-0.0026,-0.0053,-0.0631,-1.2113,grasp,0.8020,-0.2600,0.0099,0.0000,0.0000,0.0000,False,,0.0500,0.0000,False
948,0.0,1.3895,-0.0157,False,False,False,-3.3035,2.9794,0.7977,-2.2444,1.5669,1.3600,0.0729,-0.0915,-0.0275,-0.0045,-0.0105,-0.1213,0.1254,0.1721,0.3826,1.0687,0.8020,-0.2600,0.0099,0.8020,-0.2600,0.2299,False,-0.0746,-0.0005,-0.0277,0.0363,0.0557,-0.0685,1.5015,grasp,0.8020,-0.2600,0.0099,0.0000,0.0000,0.0000,False,,0.0500,0.0000,True
949,0.0,1.3893,-0.0117,False,False,False,-3.3041,2.9792,0.7974,-2.2440,1.5675,1.3593,-0.0757,0.0023,-0.0274,0.0363,0.0558,-0.0673,0.1654,0.1723,0.3823,1.0687,0.8020,-0.2600,0.0099,0.8020,-0.2600,0.2299,False,-0.0509,0.0373,0.0709,0.0410,0.0417,-0.0232,3.1345,grasp,0.8020,-0.2600,0.0099,0.0000,0.0000,0.0000,False,,0.0500,0.0000,True
950,0.0,1.3927,-0.0055,False,False,False,-3.3042,2.9792,0.7974,-2.2440,1.5675,1.3593,0.0000,-0.0000,-0.0000,-0.0000,0.0000,-0.0000,0.1853,0.1681,0.3853,1.0689,0.8020,-0.2600,0.0099,0.8020,-0.2600,0.2299,False,0.0112,0.0462,0.0016,-0.0782,0.0023,-0.0592,-0.3696,grasp,0.8020,-0.2600,0.0099,0.0000,0.0000,0.0000,False,,0.0500,0.0000,False
951,0.0,1.3914,-0.0186,False,False,False,-3.3038,2.9805,0.7975,-2.2463,1.5675,1.3576,0.0214,0.0880,0.0030,-0.1486,0.0044,-0.1125,0.2453,0.1720,0.3864,1.0687,0.8020,-0.2600,0.0099,0.8020,-0.2600,0.2299,False,-0.0507,-0.0597,0.0144,-0.0526,-0.0619,0.0373,-2.1110,grasp,0.8020,-0.2600,0.0099,0.0000,0.0000,0.0000,False,,0.0500,0.0000,False
952,0.0,1.3918,-0.0145,False,False,False,-3.3040,2.9810,0.7983,-2.2459,1.5671,1.3575,-0.0125,0.0570,0.0789,0.0448,-0.0389,-0.0086,0.3053,0.1715,0.3867,1.0688,0.8020,-0.2600,0.0099,0.8020,-0.2600,0.2299,False,-0.0125,0.0570,0.0789,0.0448,-0.0389,-0.0086,-0.7902,grasp,0.8020,-0.2600,0.0099,0.0000,0.0000,0.0000,False,,0.0500,0.0000,False
953,0.0,1.3923,-0.0027,False,False,False,-3.3036,2.9828,0.7995,-2.2447,1.5671,1.3577,0.0639,0.0652,-0.0331,0.0280,0.0657,0.0279,0.2885,0.1729,0.3893,1.0687,0.8020,-0.2600,0.0099,0.8020,-0.2600,0.2299,False,0.0636,0.0682,-0.0316,0.0289,0.0649,0.0278,-2.4993,grasp,0.8020,-0.2600,0.0099,0.0000,0.0000,0.0000,False,,0.0500,0.0000,False
954,0.0,1.3911,-0.0108,False,False,False,-3.3036,2.9828,0.7995,-2.2447,1.5671,1.3577,0.0639,0.0652,-0.0331,0.0280,0.0657,0.0279,0.2885,0.1756,0.3899,1.0685,0.8020,-0.2600,0.0099,0.8020,-0.2600,0.2299,False,0.0543,0.0627,0.0517,-0.0616,-0.0671,0.0794,-2.9113,grasp,0.8020,-0.2600,0.0099,0.0000,0.0000,0.0000,False,,0.0500,0.0000,False
955,0.0,1.3911,-0.0017,False,False,False,-3.3023,2.9840,0.7988,-2.2442,1.5683,1.3582,0.0000,-0.0000,-0.0000,-0.0000,0.0000,-0.0000,0.2826,0.1749,0.3891,1.0684,0.8020,-0.2600,0.0099,0.8020,-0.2600,0.2299,False,0.0486,0.0214,-0.0369,0.0173,0.0751,-0.0414,0.0754,grasp,0.8020,-0.2600,0.0099,0.0000,0.0000,0.0000,False,,0.0500,0.0000,False
956,0.0,1.3911,-0.0227,False,False,False,-3.3009,2.9846,0.7978,-2.2437,1.5705,1.3570,0.0888,0.0378,-0.0689,0.0319,0.1403,-0.0797,0.3067,0.1740,0.3886,1.0681,0.8020,-0.2600,0.0099,0.8020,-0.2600,0.2299,False,-0.0766,-0.0586,0.0149,-0.0353,0.0386,-0.0331,1.6106,grasp,0.8020,-0.2600,0.0099,0.0000,0.0000,0.0000,False,,0.0500,0.0000,True
957,0.0,1.3903,-0.0157,False,False,False,-3.2988,2.9854,0.7972,-2.2440,1.5718,1.3556,0.0669,0.0235,0.0450,-0.0733,-0.0671,-0.0284,0.3569,0.1759,0.3888,1.0681,0.8020,-0.2600,0.0099,0.8020,-0.2600,0.2299,False,0.0700,0.0240,0.0440,-0.0728,-0.0651,-0.0295,1.6038,grasp,0.8020,-0.2600,0.0099,0.0000,0.0000,0.0000,False,,0.0500,0.0000,True
958,0.0,1.3908,-0.0107,False,False,False,-3.2969,2.9857,0.7981,-2.2458,1.5702,1.3555,0.0592,-0.0148,0.0035,-0.0395,-0.0360,0.0497,0.3408,0.1746,0.3889,1.0681,0.8020,-0.2600,0.0099,0.8020,-0.2600,0.2299,False,0.0620,-0.0142,0.0043,-0.0409,-0.0372,0.0492,-2.7493,grasp,0.8020,-0.2600,0.0099,0.0000,0.0000,0.0000,False,,0.0500,0.0000,False
959,0.0,1.3906,-0.0075,False,False,False,-3.2969,2.9857,0.7981,-2.2458,1.5702,1.3555,0.0592,-0.0148,0.0035,-0.0395,-0.0360,0.0497,0.3408,0.1747,0.3886,1.0680,0.8020,-0.2600,0.0099,0.8020,-0.2600,0.2299,False,-0.0355,-0.0225,-0.0650,0.0310,-0.0251,-0.0374,-0.8250,grasp,0.8020,-0.2600,0.0099,0.0000,0.0000,0.0000,False,,0.0500,0.0000,False
960,0.0,1.3919,-0.0304,False,False,False,-3.2975,2.9833,0.7991,-2.2477,1.5711,1.3554,-0.1243,-0.1373,0.0567,-0.0737,0.1041,-0.0714,0.3808,0.1744,0.3910,1.0681,0.8020,-0.2600,0.0099,0.8020,-0.2600,0.2299,False,-0.0636,-0.0725,0.0299,-0.0395,0.0541,-0.0366,2.3241,grasp,0.8020,-0.2600,0.0099,0.0000,0.0000,0.0000,False,,0.0500,0.0000,True
961,0.0,1.3932,-0.0308,False,False,False,-3.2975,2.9833,0.7991,-2.2477,1.5711,1.3554,-0.1243,-0.1373,0.0567,-0.0737,0.1041,-0.0714,0.3808,0.1731,0.3925,1.0680,0.8020,-0.2600,0.0099,0.8020,-0.2600,0.2299,False,-0.0249,0.0590,0.0357,0.0161,-0.0503,-0.0787,2.4709,grasp,0.8020,-0.2600,0.0099,0.0000,0.0000,0.0000,False,,0.0500,0.0000,True
962,0.0,1.3935,-0.0220,False,False,False,-3.2987,2.9825,0.8002,-2.2488,1.5727,1.3550,0.0828,-0.0034,0.0311,-0.0481,-0.1814,0.0641,0.4043,0.1722,0.3927,1.0678,0.8020,-0.2600,0.0099,0.8020,-0.2600,0.2299,False,0.0784,-0.0046,0.0320,-0.0664,0.0357,0.0631,0.1139,grasp,0.8020,-0.2600,0.0099,0.0000,0.0000,0.0000,False,,0.0500,0.0000,False
963,0.0,1.3952,-0.0109,False,False,False,-3.2976,2.9822,0.8007,-2.2494,1.5703,1.3564,-0.0632,-0.0254,-0.0100,0.0246,0.0353,0.0192,0.3714,0.1702,0.3949,1.0676,0.8020,-0.2600,0.0099,0.8020,-0.2600,0.2299,False,-0.0592,-0.0255,-0.0094,0.0238,0.0325,0.0204,-1.3585,grasp,0.8020,-0.2600,0.0099,0.0000,0.0000,0.0000,False,,0.0500,0.0000,False
964,0.0,1.3981,-0.0112,False,False,False,-3.2976,2.9822,0.8007,-2.2494,1.5703,1.3564,-0.0632,-0.0254,-0.0100,0.0246,0.0353,0.0192,0.3714,0.1661,0.3972,1.0673,0.8020,-0.2600,0.0099,0.8020,-0.2600,0.2299,False,-0.0160,0.0763,0.0382,-0.0744,0.0486,-0.0483,1.2864,grasp,0.8020,-0.2600,0.0099,0.0000,0.0000,0.0000,False,,0.0500,0.0000,True
965,0.0,1.3991,-0.0291,False,False,False,-3.2999,2.9796,0.8003,-2.2504,1.5688,1.3554,-0.0700,-0.1372,-0.0131,-0.0911,-0.1389,-0.0917,0.2970,0.1647,0.3982,1.0673,0.8020,-0.2600,0.0099,0.8020,-0.2600,0.2299,False,-0.0386,-0.0727,-0.0071,-0.0475,-0.0725,-0.0479,-2.3368,grasp,0.8020,-0.2600,0.0099,0.0000,0.0000,0.0000,False,,0.0500,0.0000,False
966,0.0,1.3975,-0.0248,False,False,False,-3.2999,2.9796,0.8003,-2.2504,1.5688,1.3554,-0.0700,-0.1372,-0.0131,-0.0911,-0.1389,-0.0917,0.2970,0.1672,0.3973,1.0672,0.8020,-0.2600,0.0099,0.8020,-0.2600,0.2299,False,-0.0036,0.0662,-0.0080,0.0705,0.0532,0.0591,-2.4620,grasp,0.8020,-0.2600,0.0099,0.0000,0.0000,0.0000,False,,0.0500,0.0000,False
967,0.0,1.3952,-0.0118,False,False,False,-3.3006,2.9780,0.8008,-2.2505,1.5651,1.3548,0.0432,-0.0059,0.0635,-0.0400,-0.0451,0.0769,0.3003,0.1697,0.3946,1.0674,0.8020,-0.2600,0.0099,0.8020,-0.2600,0.2299,False,0.0416,-0.0578,0.0634,-0.0388,-0.0447,0.0756,3.0049,grasp,0.8020,-0.2600,0.0099,0.0000,0.0000,0.0000,False,,0.0500,0.0000,True
968,0.0,1.3949,-0.0103,False,False,False,-3.2998,2.9772,0.8023,-2.2507,1.5597,1.3570,-0.0058,-0.0403,0.0287,-0.0380,-0.0065,0.0665,0.2704,0.1701,0.3943,1.0674,0.8020,-0.2600,0.0099,0.8020,-0.2600,0.2299,False,-0.0044,-0.0400,0.0299,-0.0391,-0.0088,0.0680,-2.8688,grasp,0.8020,-0.2600,0.0099,0.0000,0.0000,0.0000,False,,0.0500,0.0000,False
969,0.0,1.3941,-0.0110,False,False,False,-3.2998,2.9772,0.8023,-2.2507,1.5597,1.3570,-0.0058,-0.0403,0.0287,-0.0380,-0.0065,0.0665,0.2704,0.1705,0.3931,1.0674,0.8020,-0.2600,0.0099,0.8020,-0.2600,0.2299,False,0.0185,0.0497,0.0730,-0.0456,-0.0626,-0.0444,0.5959,grasp,0.8020,-0.2600,0.0099,0.0000,0.0000,0.0000,False,,0.0500,0.0000,True
970,0.0,1.3935,-0.0127,False,False,False,-3.2994,2.9770,0.8028,-2.2517,1.5601,1.3574,0.0431,0.0645,0.0011,-0.0299,0.0502,-0.0796,0.2236,0.1718,0.3930,1.0673,0.8020,-0.2600,0.0099,0.8020,-0.2600,0.2299,False,0.0430,0.0633,0.0016,-0.0307,0.0502,-0.0783,-2.2832,grasp,0.8020,-0.2600,0.0099,0.0000,0.0000,0.0000,False,,0.0500,0.0000,False
971,0.0,1.3935,-0.0277,False,False,False,-3.2986,2.9782,0.8029,-2.2523,1.5610,1.3559,0.0820,0.1227,0.0021,-0.0569,0.0955,-0.1512,0.2122,0.1717,0.3931,1.0672,0.8020,-0.2600,0.0099,0.8020,-0.2600,0.2299,False,-0.0076,-0.0599,0.0383,0.0061,-0.0265,-0.0184,-2.7702,grasp,0.8020,-0.2600,0.0099,0.0000,0.0000,0.0000,False,,0.0500,0.0000,False
972,0.0,1.3906,-0.0139,False,False,False,-3.2967,2.9798,0.8022,-2.2538,1.5627,1.3532,0.0656,-0.0292,-0.0648,-0.0766,0.0326,-0.0590,0.2413,0.1740,0.3895,1.0670,0.8020,-0.2600,0.0099,0.8020,-0.2600,0.2299,False,0.0681,-0.0255,-0.0647,-0.0774,0.0339,-0.0612,1.9576,grasp,0.8020,-0.2600,0.0099,0.0000,0.0000,0.0000,False,,0.0500,0.0000,True
973,0.0,1.3893,-0.0053,False,False,False,-3.2949,2.9792,0.8010,-2.2556,1.5630,1.3519,0.0354,0.0171,0.0016,-0.0290,-0.0385,-0.0144,0.3008,0.1752,0.3880,1.0669,0.8020,-0.2600,0.0099,0.8020,-0.2600,0.2299,False,0.0383,0.0144,0.0004,-0.0305,-0.0379,-0.0156,2.5467,grasp,0.8020,-0.2600,0.0099,0.0000,0.0000,0.0000,False,,0.0500,0.0000,True
974,0.0,1.3898,-0.0070,False,False,False,-3.2949,2.9792,0.8010,-2.2556,1.5630,1.3519,0.0354,0.0171,0.0016,-0.0290,-0.0385,-0.0144,0.3008,0.1742,0.3882,1.0669,0.8020,-0.2600,0.0099,0.8020,-0.2600,0.2299,False,0.0257,-0.0567,0.0233,-0.0678,0.0374,0.0350,2.2913,grasp,0.8020,-0.2600,0.0099,0.0000,0.0000,0.0000,False,,0.0500,0.0000,True
975,0.0,1.3887,-0.0120,False,False,False,-3.2936,2.9802,0.8004,-2.2565,1.5626,1.3523,0.0670,0.0461,-0.0636,-0.0137,0.0081,0.0645,0.3118,0.1769,0.3878,1.0672,0.8020,-0.2600,0.0099,0.8020,-0.2600,0.2299,False,0.0680,0.0481,-0.0636,-0.0161,0.0104,0.0642,-2.3030,grasp,0.8020,-0.2600,0.0099,0.0000,0.0000,0.0000,False,,0.0500,0.0000,False
976,0.0,1.3886,-0.0259,False,False,False,-3.2923,2.9811,0.7992,-2.2567,1.5628,1.3535,0.1278,0.0892,-0.1208,-0.0279,0.0184,0.1225,0.2918,0.1755,0.3862,1.0673,0.8020,-0.2600,0.0099,0.8020,-0.2600,0.2299,False,-0.0062,-0.0088,-0.0424,-0.0209,0.0567,-0.0595,-1.9040,grasp,0.8020,-0.2600,0.0099,0.0000,0.0000,0.0000,False,,0.0500,0.0000,False
977,0.0,1.3888,-0.0127,False,False,False,-3.2895,2.9819,0.7968,-2.2567,1.5630,1.3548,0.0645,-0.0492,-0.0666,0.0436,-0.0035,-0.0439,0.3129,0.1748,0.3857,1.0675,0.8020,-0.2600,0.0099,0.8020,-0.2600,0.2299,False,0.0699,-0.0478,-0.0684,0.0432,-0.0032,-0.0421,1.1511,grasp,0.8020,-0.2600,0.0099,0.0000,0.0000,0.0000,False,,0.0500,0.0000,True
978,0.0,1.3935,-0.0329,False,False,False,-3.2878,2.9829,0.7962,-2.2571,1.5583,1.3534,0.0448,0.0223,0.0668,-0.1079,0.2397,-0.0533,0.3532,0.1675,0.3889,1.0674,0.8020,-0.2600,0.0099,0.8020,-0.2600,0.2299,False,0.0476,0.0182,0.0656,0.0114,0.0462,-0.0541,0.4852,grasp,0.8020,-0.2600,0.0099,0.0000,0.0000,0.0000,False,,0.0500,0.0000,False
979,0.0,1.3951,-0.0280,False,False,False,-3.2878,2.9829,0.7962,-2.2571,1.5583,1.3534,0.0448,0.0223,0.0668,-0.1079,0.2397,-0.0533,0.3532,0.1668,0.3916,1.0674,0.8020,-0.2600,0.0099,0.8020,-0.2600,0.2299,False,0.0585,0.0281,-0.0114,0.0672,0.0580,-0.0669,-2.9620,grasp,0.8020,-0.2600,0.0099,0.0000,0.0000,0.0000,False,,0.0500,0.0000,False
980,0.0,1.3954,-0.0540,False,False,False,-3.2876,2.9838,0.7975,-2.2564,1.5600,1.3519,-0.0801,0.0993,0.0010,-0.1158,0.6595,-0.0508,0.3985,0.1668,0.3923,1.0674,0.8020,-0.2600,0.0099,0.8020,-0.2600,0.2299,False,-0.0787,-0.0641,0.0022,-0.0595,-0.0314,-0.0518,1.1383,grasp,0.8020,-0.2600,0.0099,0.0000,0.0000,0.0000,False,,0.0500,0.0000,True
981,0.0,1.3976,-0.0502,False,False,False,-3.2876,2.9838,0.7975,-2.2564,1.5600,1.3519,-0.0801,0.0993,0.0010,-0.1158,0.6595,-0.0508,0.3985,0.1646,0.3942,1.0678,0.8020,-0.2600,0.0099,0.8020,-0.2600,0.2299,False,0.0413,0.0510,0.0263,0.0548,0.0201,-0.0311,-1.3608,grasp,0.8020,-0.2600,0.0099,0.0000,0.0000,0.0000,False,,0.0500,0.0000,False
982,0.0,1.3984,-0.0406,False,False,False,-3.2887,2.9864,0.7960,-2.2560,1.5606,1.3495,0.0449,0.0657,-0.0991,0.0381,-0.4304,-0.0962,0.4510,0.1630,0.3940,1.0680,0.8020,-0.2600,0.0099,0.8020,-0.2600,0.2299,False,0.0208,-0.0120,-0.0521,-0.0371,-0.0524,-0.0516,1.2014,grasp,0.8020,-0.2600,0.0099,0.0000,0.0000,0.0000,False,,0.0500,0.0000,False
983,0.0,1.3988,-0.0471,False,False,False,-3.2881,2.9888,0.7939,-2.2571,1.5627,1.3488,-0.0100,0.1088,-0.0694,-0.1425,0.5272,0.0685,0.4986,0.1622,0.3940,1.0679,0.8020,-0.2600,0.0099,0.8020,-0.2600,0.2299,False,-0.0088,0.0189,-0.0708,0.0707,-0.0486,0.0671,2.0257,grasp,0.8020,-0.2600,0.0099,0.0000,0.0000,0.0000,False,,0.0500,0.0000,True
984,0.0,1.3988,-0.0464,False,False,False,-3.2881,2.9888,0.7939,-2.2571,1.5627,1.3488,-0.0100,0.1088,-0.0694,-0.1425,0.5272,0.0685,0.4986,0.1622,0.3940,1.0679,0.8020,-0.2600,0.0099,0.8020,-0.2600,0.2299,False,0.0320,-0.0382,-0.0436,0.0315,0.0740,0.0530,0.1358,grasp,0.8020,-0.2600,0.0099,0.0000,0.0000,0.0000,False,,0.0500,0.0000,False
985,0.0,1.4002,-0.0474,False,False,False,-3.2881,2.9888,0.7939,-2.2571,1.5627,1.3488,-0.0100,0.1088,-0.0694,-0.1425,0.5272,0.0685,0.4986,0.1594,0.3946,1.0678,0.8020,-0.2600,0.0099,0.8020,-0.2600,0.2299,False,-0.0376,-0.0540,0.0578,-0.0234,-0.0010,-0.0629,-0.1462,grasp,0.8020,-0.2600,0.0099,0.0000,0.0000,0.0000,False,,0.0500,0.0000,False
986,0.0,1.4002,-0.0029,False,False,False,-3.2883,2.9904,0.7926,-2.2579,1.5682,1.3501,-0.0000,-0.0000,-0.0000,-0.0000,-0.0000,-0.0000,0.4812,0.1583,0.3935,1.0678,0.8020,-0.2600,0.0099,0.8020,-0.2600,0.2299,False,0.0553,0.0079,0.0723,0.0755,-0.0469,0.0586,-1.5169,grasp,0.8020,-0.2600,0.0099,0.0000,0.0000,0.0000,False,,0.0500,0.0000,False
987,0.0,1.3989,-0.0291,False,False,False,-3.2856,2.9883,0.7929,-2.2562,1.5688,1.3528,0.1425,-0.1410,-0.0274,0.0622,0.0790,0.1392,0.4205,0.1598,0.3921,1.0678,0.8020,-0.2600,0.0099,0.8020,-0.2600,0.2299,False,0.0754,-0.0740,-0.0137,0.0335,0.0410,0.0738,-0.6996,grasp,0.8020,-0.2600,0.0099,0.0000,0.0000,0.0000,False,,0.0500,0.0000,False
988,0.0,1.4008,-0.0167,False,False,False,-3.2839,2.9881,0.7928,-2.2577,1.5678,1.3541,-0.0741,0.0221,0.0250,-0.0577,0.0563,-0.0716,0.3695,0.1550,0.3916,1.0678,0.8020,-0.2600,0.0099,0.8020,-0.2600,0.2299,False,-0.0678,0.0215,0.0246,-0.0586,0.0547,-0.0696,-2.6815,grasp,0.8020,-0.2600,0.0099,0.0000,0.0000,0.0000,False,,0.0500,0.0000,False
989,0.0,1.4009,-0.0158,False,False,False,-3.2839,2.9881,0.7928,-2.2577,1.5678,1.3541,-0.0741,0.0221,0.0250,-0.0577,0.0563,-0.0716,0.3695,0.1566,0.3936,1.0676,0.8020,-0.2600,0.0099,0.8020,-0.2600,0.2299,False,-0.0658,-0.0354,0.0577,-0.0082,-0.0540,-0.0299,-0.8107,grasp,0.8020,-0.2600,0.0099,0.0000,0.0000,0.0000,False,,0.0500,0.0000,False
990,0.0,1.4008,-0.0285,False,False,False,-3.2852,2.9885,0.7932,-2.2588,1.5688,1.3527,-0.1369,0.0420,0.0475,-0.1097,0.1070,-0.1360,0.3495,0.1573,0.3942,1.0675,0.8020,-0.2600,0.0099,0.8020,-0.2600,0.2299,False,-0.0688,0.0514,0.0791,-0.0413,-0.0618,0.0489,-0.2456,grasp,0.8020,-0.2600,0.0099,0.0000,0.0000,0.0000,False,,0.0500,0.0000,False
991,0.0,1.4019,-0.0196,False,False,False,-3.2860,2.9889,0.7940,-2.2592,1.5682,1.3532,-0.0656,0.0509,0.0786,-0.0402,-0.0629,0.0502,0.3532,0.1541,0.3933,1.0675,0.8020,-0.2600,0.0099,0.8020,-0.2600,0.2299,False,-0.0581,0.0240,-0.0144,0.0290,0.0499,-0.0758,0.4596,grasp,0.8020,-0.2600,0.0099,0.0000,0.0000,0.0000,False,,0.0500,0.0000,False
992,0.0,1.4038,-0.0227,False,False,False,-3.2841,2.9905,0.7934,-2.2594,1.5667,1.3535,0.1319,0.1112,-0.0393,-0.0133,-0.0999,0.0164,0.4236,0.1527,0.3961,1.0675,0.8020,-0.2600,0.0099,0.8020,-0.2600,0.2299,False,0.0692,0.0584,-0.0207,-0.0070,-0.0526,0.0086,2.2343,grasp,0.8020,-0.2600,0.0099,0.0000,0.0000,0.0000,False,,0.0500,0.0000,True
993,0.0,1.4043,-0.0016,False,False,False,-3.2819,2.9922,0.7929,-2.2596,1.5653,1.3537,-0.0000,-0.0000,-0.0000,-0.0000,0.0000,-0.0000,0.4630,0.1525,0.3970,1.0675,0.8020,-0.2600,0.0099,0.8020,-0.2600,0.2299,False,-0.0514,-0.0410,0.0659,-0.0698,-0.0294,-0.0641,1.8837,grasp,0.8020,-0.2600,0.0099,0.0000,0.0000,0.0000,False,,0.0500,0.0000,True
994,0.0,1.4043,-0.0156,False,False,False,-3.2824,2.9918,0.7935,-2.2603,1.5650,1.3531,-0.0568,-0.0436,0.0664,-0.0696,-0.0279,-0.0643,0.4807,0.1548,0.3993,1.0674,0.8020,-0.2600,0.0099,0.8020,-0.2600,0.2299,False,0.0540,0.0041,0.0702,0.0026,0.0422,0.0698,-2.1884,grasp,0.8020,-0.2600,0.0099,0.0000,0.0000,0.0000,False,,0.0500,0.0000,False
995,0.0,0.0417,14.9889,True,False,False,2.9812,3.7513,-0.8118,-1.3524,1.5791,-4.9047,0.0545,0.0297,-0.0297,0.0350,-0.0401,0.0352,0.0400,0.8165,-0.2766,0.0447,0.8018,-0.2588,0.0100,0.8018,-0.2588,0.2300,True,0.0551,0.0296,-0.0298,0.0350,-0.0398,0.0343,2.8442,grasp,0.8018,-0.2588,0.0100,0.0000,0.0000,0.0000,False,,0.0500,0.0000,True
996,0.0,0.0288,14.9882,True,False,False,-3.2987,3.0264,0.7584,-2.1986,1.5650,-4.8780,0.0743,-0.0444,-0.0387,0.0380,-0.0124,0.0123,0.0396,0.8250,-0.2442,0.0356,0.8020,-0.2600,0.0283,0.8020,-0.2600,0.2483,False,0.0736,-0.0448,-0.0385,0.0378,-0.0121,0.0111,2.0525,grasp,0.8020,-0.2600,0.0283,0.0000,0.0000,0.0000,False,,0.0500,0.0000,True
997,0.0,1.3744,-0.0141,False,False,False,-0.4521,4.7562,-0.2254,-1.2842,-0.1041,1.4758,-0.0775,0.0612,0.0165,0.0152,0.0005,0.0537,0.0304,0.1657,0.3734,1.0690,0.8020,-0.2600,0.0283,0.8020,-0.2600,0.2483,False,-0.0775,0.0612,0.0165,0.0152,0.0005,0.0537,-1.8854,grasp,0.8020,-0.2600,0.0283,0.0000,0.0000,0.0000,False,,0.0500,0.0000,False
998,0.0,1.3754,-0.0228,False,False,False,-0.4535,4.7574,-0.2251,-1.2840,-0.1041,1.4769,-0.1472,0.1170,0.0313,0.0288,0.0009,0.1020,0.0433,0.1660,0.3759,1.0690,0.8020,-0.2600,0.0283,0.8020,-0.2600,0.2483,False,0.0642,0.0040,0.0679,-0.0144,-0.0671,-0.0323,-2.8690,grasp,0.8020,-0.2600,0.0283,0.0000,0.0000,0.0000,False,,0.0500,0.0000,False
999,0.0,1.3779,-0.0445,False,False,False,-0.4469,4.7591,-0.2193,-1.2797,-0.1057,1.4784,0.2527,0.0552,0.2214,0.1636,-0.0613,0.0571,0.0313,0.1648,0.3801,1.0689,0.8020,-0.2600,0.0283,0.8020,-0.2600,0.2483,False,0.0735,0.0163,0.0644,0.0476,-0.0178,0.0166,-3.0220,grasp,0.8020,-0.2600,0.0283,0.0000,0.0000,0.0000,False,,0.0500,0.0000,False
1000,0.0,1.3783,-0.0184,False,False,False,-0.4445,4.7593,-0.2170,-1.2783,-0.1071,1.4798,-0.0657,-0.0784,-0.0349,-0.0561,-0.0692,0.0714,0.0517,0.1671,0.3834,1.0689,0.8020,-0.2600,0.0283,0.8020,-0.2600,0.2483,False,-0.0627,-0.0757,-0.0322,-0.0541,-0.0699,0.0721,-1.9999,grasp,0.8020,-0.2600,0.0283,0.0000,0.0000,0.0000,False,,0.0500,0.0000,False
1001,0.0,1.3764,-0.0352,False,False,False,-0.4458,4.7578,-0.2177,-1.2793,-0.1084,1.4811,-0.1248,-0.1475,-0.0663,-0.1065,-0.1314,0.1357,0.0611,0.1708,0.3827,1.0690,0.8020,-0.2600,0.0283,0.8020,-0.2600,0.2483,False,0.0331,0.0613,-0.0006,-0.0716,-0.0522,-0.0551,-0.4259,grasp,0.8020,-0.2600,0.0283,0.0000,0.0000,0.0000,False,,0.0500,0.0000,False
1002,0.0,1.3760,-0.0244,False,False,False,-0.4414,4.7559,-0.2179,-1.2780,-0.1074,1.4791,0.2110,-0.0772,-0.0105,0.0658,0.0478,-0.0989,0.1597,0.1729,0.3838,1.0691,0.8020,-0.2600,0.0283,0.8020,-0.2600,0.2483,False,0.0778,-0.0287,-0.0039,0.0243,0.0176,-0.0365,2.6170,grasp,0.8020,-0.2600,0.0283,0.0000,0.0000,0.0000,False,,0.0500,0.0000,True
1003,0.0,1.3772,-0.0152,False,False,False,-0.4349,4.7533,-0.2188,-1.2754,-0.1066,1.4760,0.0658,-0.0092,-0.0629,0.0703,-0.0449,-0.0278,0.2130,0.1732,0.3865,1.0691,0.8020,-0.2600,0.0283,0.8020,-0.2600,0.2483,False,0.0690,-0.0141,-0.0630,0.0713,-0.0442,-0.0293,-2.0877,grasp,0.8020,-0.2600,0.0283,0.0000,0.0000,0.0000,False,,0.0500,0.0000,False
1004,0.0,1.3772,-0.0262,False,False,False,-0.4337,4.7531,-0.2200,-1.2741,-0.1074,1.4755,0.1250,-0.0213,-0.1194,0.1336,-0.0853,-0.0528,0.2051,0.1753,0.3887,1.0691,0.8020,-0.2600,0.0283,0.8020,-0.2600,0.2483,False,0.0311,0.0128,0.0689,-0.0035,0.0394,-0.0541,-2.7178,grasp,0.8020,-0.2600,0.0283,0.0000,0.0000,0.0000,False,,0.0500,0.0000,False
1005,0.0,1.3775,-0.0184,False,False,False,-0.4329,4.7534,-0.2193,-1.2723,-0.1076,1.4742,0.0497,0.0248,0.0492,0.1192,-0.0122,-0.0885,0.1834,0.1752,0.3891,1.0691,0.8020,-0.2600,0.0283,0.8020,-0.2600,0.2483,False,0.0262,0.0130,0.0259,0.0627,-0.0064,-0.0466,-1.8412,grasp,0.8020,-0.2600,0.0283,0.0000,0.0000,0.0000,False,,0.0500,0.0000,False
1006,0.0,1.3788,-0.0141,False,False,False,-0.4306,4.7542,-0.2168,-1.2655,-0.1088,1.4686,-0.0342,-0.0655,-0.0182,0.0332,-0.0492,-0.0773,0.1495,0.1727,0.3896,1.0691,0.8020,-0.2600,0.0283,0.8020,-0.2600,0.2483,False,-0.0331,-0.0642,-0.0172,0.0358,-0.0495,-0.0792,-2.9412,grasp,0.8020,-0.2600,0.0283,0.0000,0.0000,0.0000,False,,0.0500,0.0000,False
1007,0.0,1.3804,-0.0307,False,False,False,-0.4312,4.7530,-0.2171,-1.2649,-0.1097,1.4671,-0.0650,-0.1240,-0.0347,0.0630,-0.0935,-0.1469,0.1371,0.1713,0.3921,1.0688,0.8020,-0.2600,0.0283,0.8020,-0.2600,0.2483,False,0.0079,-0.0116,-0.0355,0.0061,-0.0383,-0.0400,-0.5946,grasp,0.8020,-0.2600,0.0283,0.0000,0.0000,0.0000,False,,0.0500,0.0000,False
1008,0.0,1.3803,-0.0106,False,False,False,-0.4315,4.7529,-0.2166,-1.2646,-0.1101,1.4674,-0.0249,0.0067,0.0551,0.0255,-0.0361,0.0300,0.1549,0.1705,0.3912,1.0687,0.8020,-0.2600,0.0283,0.8020,-0.2600,0.2483,False,-0.0249,0.0066,0.0551,0.0255,-0.0361,0.0300,-1.9549,grasp,0.8020,-0.2600,0.0283,0.0000,0.0000,0.0000,False,,0.0500,0.0000,False
1009,0.0,1.3810,-0.0147,False,False,False,-0.4319,4.7535,-0.2142,-1.2642,-0.1113,1.4692,0.0732,0.0167,-0.0163,-0.0730,0.0443,0.0362,0.1271,0.1691,0.3914,1.0687,0.8020,-0.2600,0.0283,0.8020,-0.2600,0.2483,False,0.0725,0.0179,-0.0148,-0.0723,0.0433,0.0370,-3.0502,grasp,0.8020,-0.2600,0.0283,0.0000,0.0000,0.0000,False,,0.0500,0.0000,False
1010,0.0,1.3810,-0.0036,False,False,False,-0.4285,4.7543,-0.2150,-1.2676,-0.1092,1.4709,0.0000,-0.0000,-0.0000,0.0000,-0.0000,0.0000,0.1252,0.1687,0.3913,1.0686,0.8020,-0.2600,0.0283,0.8020,-0.2600,0.2483,False,0.0769,-0.0166,0.0740,0.0527,0.0020,-0.0680,2.1103,grasp,0.8020,-0.2600,0.0283,0.0000,0.0000,0.0000,False,,0.0500,0.0000,True
1011,0.0,1.3809,-0.0153,False,False,False,-0.4277,4.7541,-0.2142,-1.2670,-0.1092,1.4702,0.0749,-0.0171,0.0744,0.0547,0.0008,-0.0690,0.1451,0.1687,0.3911,1.0685,0.8020,-0.2600,0.0283,0.8020,-0.2600,0.2483,False,0.0516,0.0506,0.0756,0.0274,0.0758,-0.0446,-2.5799,grasp,0.8020,-0.2600,0.0283,0.0000,0.0000,0.0000,False,,0.0500,0.0000,False
1012,0.0,1.3812,-0.0228,False,False,False,-0.4251,4.7542,-0.2130,-1.2645,-0.1101,1.4695,0.1380,-0.0254,0.0315,0.1466,-0.1076,-0.0168,0.2447,0.1673,0.3903,1.0685,0.8020,-0.2600,0.0283,0.8020,-0.2600,0.2483,False,0.0731,-0.0127,0.0173,0.0774,-0.0559,-0.0093,0.6035,grasp,0.8020,-0.2600,0.0283,0.0000,0.0000,0.0000,False,,0.0500,0.0000,True
1013,0.0,1.3822,-0.0135,False,False,False,-0.4226,4.7533,-0.2125,-1.2628,-0.1110,1.4694,0.0530,-0.0669,0.0051,-0.0354,0.0639,0.0145,0.3041,0.1659,0.3912,1.0684,0.8020,-0.2600,0.0283,0.8020,-0.2600,0.2483,False,0.0549,-0.0673,0.0056,-0.0333,0.0623,0.0142,1.6781,grasp,0.8020,-0.2600,0.0283,0.0000,0.0000,0.0000,False,,0.0500,0.0000,True
1014,0.0,1.3828,-0.0255,False,False,False,-0.4216,4.7520,-0.2124,-1.2634,-0.1098,1.4697,0.1006,-0.1277,0.0097,-0.0672,0.1214,0.0275,0.3235,0.1653,0.3918,1.0685,0.8020,-0.2600,0.0283,0.8020,-0.2600,0.2483,False,0.0082,0.0717,-0.0624,-0.0226,-0.0679,0.0492,2.7944,grasp,0.8020,-0.2600,0.0283,0.0000,0.0000,0.0000,False,,0.0500,0.0000,True
1015,0.0,1.3835,-0.0321,False,False,False,-0.4216,4.7487,-0.2096,-1.2685,-0.1069,1.4730,-0.0674,-0.0479,0.1290,-0.1980,0.0579,0.1408,0.3758,0.1657,0.3938,1.0684,0.8020,-0.2600,0.0283,0.8020,-0.2600,0.2483,False,-0.0249,-0.0182,0.0476,-0.0731,0.0214,0.0519,-0.1150,grasp,0.8020,-0.2600,0.0283,0.0000,0.0000,0.0000,False,,0.0500,0.0000,False
1016,0.0,1.3888,-0.0152,False,False,False,-0.4228,4.7478,-0.2077,-1.2711,-0.1060,1.4740,-0.0404,-0.0241,0.0270,-0.0047,0.0148,-0.0707,0.3593,0.1580,0.3991,1.0673,0.8020,-0.2600,0.0283,0.8020,-0.2600,0.2483,False,-0.0412,-0.0247,0.0286,-0.0072,0.0156,-0.0689,-0.9056,grasp,0.8020,-0.2600,0.0283,0.0000,0.0000,0.0000,False,,0.0500,0.0000,False
1017,0.0,1.3889,-0.0183,False,False,False,-0.4236,4.7474,-0.2072,-1.2712,-0.1057,1.4727,-0.0767,-0.0458,0.0513,-0.0090,0.0282,-0.1343,0.3518,0.1567,0.3981,1.0673,0.8020,-0.2600,0.0283,0.8020,-0.2600,0.2483,False,-0.0541,-0.0199,0.0555,-0.0496,0.0762,-0.0618,-1.3700,grasp,0.8020,-0.2600,0.0283,0.0000,0.0000,0.0000,False,,0.0500,0.0000,False
1018,0.0,1.3889,-0.0212,False,False,False,-0.4240,4.7493,-0.2067,-1.2712,-0.1040,1.4688,-0.0173,0.0929,0.0235,-0.0024,0.0810,-0.1890,0.4192,0.1567,0.3981,1.0673,0.8020,-0.2600,0.0283,0.8020,-0.2600,0.2483,False,-0.0064,0.0343,0.0087,-0.0009,0.0299,-0.0697,2.3493,grasp,0.8020,-0.2600,0.0283,0.0000,0.0000,0.0000,False,,0.0500,0.0000,True
1019,0.0,1.3858,-0.0188,False,False,False,-0.4229,4.7490,-0.2050,-1.2728,-0.1036,1.4669,0.0873,-0.1065,0.0924,-0.1043,-0.0426,0.0367,0.4427,0.1627,0.3971,1.0676,0.8020,-0.2600,0.0283,0.8020,-0.2600,0.2483,False,0.0457,-0.0539,0.0489,-0.0549,-0.0214,0.0169,0.3697,grasp,0.8020,-0.2600,0.0283,0.0000,0.0000,0.0000,False,,0.0500,0.0000,False
1020,0.0,1.3841,-0.0343,False,False,False,-0.4216,4.7475,-0.2036,-1.2743,-0.1043,1.4675,0.1245,-0.1510,0.1318,-0.1487,-0.0608,0.0523,0.4431,0.1655,0.3959,1.0677,0.8020,-0.2600,0.0283,0.8020,-0.2600,0.2483,False,0.0695,-0.0354,0.0044,-0.0294,-0.0573,0.0470,2.6788,grasp,0.8020,-0.2600,0.0283,0.0000,0.0000,0.0000,False,,0.0500,0.0000,True
1021,0.0,1.3846,-0.0328,False,False,False,-0.4252,4.7515,-0.2023,-1.2736,-0.1057,1.4648,-0.1735,0.2098,0.0646,0.0357,-0.0691,-0.1311,0.5431,0.1648,0.3962,1.0678,0.8020,-0.2600,0.0283,0.8020,-0.2600,0.2483,False,-0.0640,0.0766,0.0238,0.0132,-0.0255,-0.0484,-1.0989,grasp,0.8020,-0.2600,0.0283,0.0000,0.0000,0.0000,False,,0.0500,0.0000,False
1022,0.0,1.3830,-0.0412,False,False,False,-0.4274,4.7541,-0.2015,-1.2731,-0.1066,1.4631,-0.2202,0.2662,0.0820,0.0453,-0.0877,-0.1663,0.5630,0.1649,0.3928,1.0678,0.8020,-0.2600,0.0283,0.8020,-0.2600,0.2483,False,0.0052,0.0406,0.0393,0.0367,-0.0569,0.0255,2.7116,grasp,0.8020,-0.2600,0.0283,0.0000,0.0000,0.0000,False,,0.0500,0.0000,True
1023,0.0,1.3828,-0.0027,False,False,False,-0.4273,4.7559,-0.2011,-1.2728,-0.1071,1.4634,-0.0000,-0.0000,-0.0000,0.0000,-0.0000,0.0000,0.6043,0.1665,0.3940,1.0678,0.8020,-0.2600,0.0283,0.8020,-0.2600,0.2483,False,-0.0255,-0.0348,0.0236,-0.0760,0.0145,0.0367,2.1448,grasp,0.8020,-0.2600,0.0283,0.0000,0.0000,0.0000,False,,0.0500,0.0000,False
1024,0.0,1.3822,-0.0088,False,False,False,-0.4276,4.7555,-0.2009,-1.2735,-0.1070,1.4637,-0.0255,-0.0351,0.0232,-0.0763,0.0151,0.0365,0.6112,0.1676,0.3941,1.0677,0.8020,-0.2600,0.0283,0.8020,-0.2600,0.2483,False,0.0582,0.0135,-0.0232,-0.0697,0.0432,-0.0593,1.0880,grasp,0.8020,-0.2600,0.0283,0.0000,0.0000,0.0000,False,,0.0500,0.0000,False
1025,0.0,1.3816,-0.0308,False,False,False,-0.4268,4.7586,-0.2022,-1.2695,-0.1068,1.4593,0.0392,0.1496,-0.0624,0.1940,0.0103,-0.2123,0.5239,0.1701,0.3955,1.0675,0.8020,-0.2600,0.0283,0.8020,-0.2600,0.2483,False,0.0145,0.0551,-0.0230,0.0716,0.0038,-0.0783,-1.8684,grasp,0.8020,-0.2600,0.0283,0.0000,0.0000,0.0000,False,,0.0500,0.0000,False
1026,0.0,1.3812,-0.0254,False,False,False,-0.4270,4.7585,-0.2033,-1.2683,-0.1053,1.4585,-0.0483,-0.1563,-0.0258,-0.0835,0.0857,0.1186,0.4896,0.1708,0.3954,1.0674,0.8020,-0.2600,0.0283,0.8020,-0.2600,0.2483,False,-0.0249,-0.0785,-0.0144,-0.0415,0.0453,0.0597,0.4024,grasp,0.8020,-0.2600,0.0283,0.0000,0.0000,0.0000,False,,0.0500,0.0000,False
1027,0.0,1.3808,-0.0351,False,False,False,-0.4277,4.7563,-0.2037,-1.2695,-0.1041,1.4601,-0.0690,-0.2216,-0.0368,-0.1191,0.1223,0.1692,0.4858,0.1715,0.3955,1.0672,0.8020,-0.2600,0.0283,0.8020,-0.2600,0.2483,False,-0.0770,-0.0227,0.0108,0.0609,-0.0329,0.0555,2.8268,grasp,0.8020,-0.2600,0.0283,0.0000,0.0000,0.0000,False,,0.0500,0.0000,True
1028,0.0,1.3804,-0.0431,False,False,False,-0.4317,4.7561,-0.2079,-1.2731,-0.1017,1.4636,-0.1919,0.0226,-0.2006,-0.1721,0.1151,0.1670,0.5302,0.1718,0.3949,1.0673,0.8020,-0.2600,0.0283,0.8020,-0.2600,0.2483,False,-0.0708,0.0076,-0.0740,-0.0635,0.0425,0.0616,1.0750,grasp,0.8020,-0.2600,0.0283,0.0000,0.0000,0.0000,False,,0.0500,0.0000,False
1029,0.0,1.3773,-0.0396,False,False,False,-0.4317,4.7561,-0.2079,-1.2731,-0.1017,1.4636,-0.1919,0.0226,-0.2006,-0.1721,0.1151,0.1670,0.5302,0.1765,0.3921,1.0677,0.8020,-0.2600,0.0283,0.8020,-0.2600,0.2483,False,-0.0672,-0.0768,-0.0206,0.0558,0.0602,-0.0660,1.7932,grasp,0.8020,-0.2600,0.0283,0.0000,0.0000,0.0000,False,,0.0500,0.0000,False
1030,0.0,1.3748,0.0008,False,False,False,-0.4341,4.7564,-0.2104,-1.2753,-0.1003,1.4657,-0.0000,-0.0000,-0.0000,0.0000,-0.0000,0.0000,0.5436,0.1807,0.3907,1.0679,0.8020,-0.2600,0.0283,0.8020,-0.2600,0.2483,False,-0.0439,0.0411,-0.0148,-0.0696,-0.0447,0.0386,1.3381,grasp,0.8020,-0.2600,0.0283,0.0000,0.0000,0.0000,False,,0.0500,0.0000,False
1031,0.0,1.3746,-0.0256,False,False,False,-0.4354,4.7576,-0.2108,-1.2773,-0.1016,1.4668,-0.0834,0.0782,-0.0281,-0.1322,-0.0850,0.0733,0.5487,0.1812,0.3907,1.0680,0.8020,-0.2600,0.0283,0.8020,-0.2600,0.2483,False,-0.0621,-0.0721,0.0729,0.0581,-0.0295,0.0709,-1.2423,grasp,0.8020,-0.2600,0.0283,0.0000,0.0000,0.0000,False,,0.0500,0.0000,False
1032,0.0,1.3747,-0.0381,False,False,False,-0.4389,4.7590,-0.2108,-1.2810,-0.0972,1.4697,-0.1706,0.0674,0.0005,-0.1811,0.2082,0.1357,0.4487,0.1806,0.3901,1.0681,0.8020,-0.2600,0.0283,0.8020,-0.2600,0.2483,False,-0.0630,0.0249,0.0002,-0.0668,0.0768,0.0501,-2.0101,grasp,0.8020,-0.2600,0.0283,0.0000,0.0000,0.0000,False,,0.0500,0.0000,False
1033,0.0,1.3740,-0.0150,False,False,False,-0.4405,4.7600,-0.2101,-1.2840,-0.0952,1.4710,0.0635,0.0055,0.0723,-0.0694,-0.0552,-0.0366,0.4612,0.1810,0.3890,1.0682,0.8020,-0.2600,0.0283,0.8020,-0.2600,0.2483,False,0.0614,0.0075,0.0723,-0.0717,-0.0526,-0.0349,1.5697,grasp,0.8020,-0.2600,0.0283,0.0000,0.0000,0.0000,False,,0.0500,0.0000,True
1034,0.0,1.3737,-0.0038,False,False,False,-0.4392,4.7602,-0.2087,-1.2853,-0.0962,1.4703,0.0000,-0.0000,-0.0000,0.0000,-0.0000,0.0000,0.4902,0.1813,0.3885,1.0682,0.8020,-0.2600,0.0283,0.8020,-0.2600,0.2483,False,0.0063,0.0379,-0.0768,-0.0610,-0.0418,0.0752,1.7814,grasp,0.8020,-0.2600,0.0283,0.0000,0.0000,0.0000,False,,0.0500,0.0000,True
1035,0.0,1.3733,-0.0316,False,False,False,-0.4353,4.7612,-0.2130,-1.2860,-0.0983,1.4743,0.1879,0.0307,-0.1686,-0.0035,-0.0827,0.1560,0.5005,0.1825,0.3888,1.0681,0.8020,-0.2600,0.0283,0.8020,-0.2600,0.2483,False,0.0694,0.0117,-0.0630,-0.0019,-0.0309,0.0583,0.7373,grasp,0.8020,-0.2600,0.0283,0.0000,0.0000,0.0000,False,,0.0500,0.0000,False
1036,0.0,1.3719,-0.0127,False,False,False,-0.4322,4.7610,-0.2149,-1.2862,-0.0996,1.4757,0.0752,-0.0502,0.0260,-0.0133,-0.0182,-0.0568,0.4598,0.1848,0.3884,1.0678,0.8020,-0.2600,0.0283,0.8020,-0.2600,0.2483,False,0.0776,-0.0506,0.0239,-0.0133,-0.0193,-0.0548,-2.6053,grasp,0.8020,-0.2600,0.0283,0.0000,0.0000,0.0000,False,,0.0500,0.0000,False
1037,0.0,1.3703,-0.0021,False,False,False,-0.4307,4.7600,-0.2144,-1.2864,-0.0999,1.4746,-0.0000,-0.0000,-0.0000,0.0000,-0.0000,0.0000,0.4198,0.1868,0.3874,1.0677,0.8020,-0.2600,0.0283,0.8020,-0.2600,0.2483,False,0.0277,0.0431,-0.0356,0.0516,0.0251,-0.0452,-2.6367,grasp,0.8020,-0.2600,0.0283,0.0000,0.0000,0.0000,False,,0.0500,0.0000,False
1038,0.0,1.3703,-0.0028,False,False,False,-0.4305,4.7604,-0.2147,-1.2859,-0.0996,1.4742,0.0000,-0.0000,-0.0000,0.0000,-0.0000,0.0000,0.3798,0.1868,0.3874,1.0677,0.8020,-0.2600,0.0283,0.8020,-0.2600,0.2483,False,0.0152,0.0734,-0.0064,-0.0270,-0.0130,-0.0678,-2.9019,grasp,0.8020,-0.2600,0.0283,0.0000,0.0000,0.0000,False,,0.0500,0.0000,False
1039,0.0,1.3692,-0.0009,False,False,False,-0.4300,4.7626,-0.2149,-1.2867,-0.1000,1.4722,-0.0000,-0.0000,-0.0000,0.0000,-0.0000,0.0000,0.3198,0.1893,0.3872,1.0678,0.8020,-0.2600,0.0283,0.8020,-0.2600,0.2483,False,-0.0505,0.0403,0.0630,-0.0653,-0.0179,0.0097,-2.3098,grasp,0.8020,-0.2600,0.0283,0.0000,0.0000,0.0000,False,,0.0500,0.0000,False
1040,0.0,1.3680,-0.0113,False,False,False,-0.4303,4.7629,-0.2151,-1.2879,-0.1008,1.4726,0.0272,-0.0107,-0.0771,-0.0535,-0.0596,0.0204,0.3394,0.1915,0.3865,1.0679,0.8020,-0.2600,0.0283,0.8020,-0.2600,0.2483,False,0.0267,-0.0100,-0.0764,-0.0541,-0.0597,0.0205,2.1021,grasp,0.8020,-0.2600,0.0283,0.0000,0.0000,0.0000,False,,0.0500,0.0000,True
1041,0.0,1.3676,-0.0011,False,False,False,-0.4298,4.7627,-0.2165,-1.2889,-0.1019,1.4729,0.0000,-0.0000,-0.0000,0.0000,-0.0000,0.0000,0.3791,0.1921,0.3863,1.0679,0.8020,-0.2600,0.0283,0.8020,-0.2600,0.2483,False,0.0221,0.0430,-0.0455,-0.0403,-0.0314,-0.0655,-2.6744,grasp,0.8020,-0.2600,0.0283,0.0000,0.0000,0.0000,False,,0.0500,0.0000,False
1042,0.0,1.3644,-0.0301,False,False,False,-0.4315,4.7613,-0.2209,-1.2881,-0.0998,1.4747,-0.0955,-0.0869,-0.1912,0.0571,0.1180,0.1152,0.4561,0.1964,0.3834,1.0680,0.8020,-0.2600,0.0283,0.8020,-0.2600,0.2483,False,-0.0350,-0.0315,-0.0710,0.0207,0.0432,0.0419,1.2907,grasp,0.8020,-0.2600,0.0283,0.0000,0.0000,0.0000,False,,0.0500,0.0000,False
1043,0.0,1.3630,-0.0123,False,False,False,-0.4320,4.7595,-0.2233,-1.2877,-0.0990,1.4754,0.0693,-0.0293,-0.0004,-0.0342,-0.0672,-0.0685,0.4269,0.1974,0.3816,1.0679,0.8020,-0.2600,0.0283,0.8020,-0.2600,0.2483,False,0.0681,-0.0351,-0.0029,-0.0335,-0.0657,-0.0670,-1.2752,grasp,0.8020,-0.2600,0.0283,0.0000,0.0000,0.0000,False,,0.0500,0.0000,False
1044,0.0,1.3631,-0.0017,False,False,False,-0.4307,4.7588,-0.2234,-1.2884,-0.1002,1.4741,-0.0000,-0.0000,-0.0000,0.0000,-0.0000,0.0000,0.3880,0.1970,0.3813,1.0679,0.8020,-0.2600,0.0283,0.8020,-0.2600,0.2483,False,-0.0611,0.0551,0.0568,0.0772,0.0721,0.0326,-1.5346,grasp,0.8020,-0.2600,0.0283,0.0000,0.0000,0.0000,False,,0.0500,0.0000,False
1045,0.0,1.3632,-0.0349,False,False,False,-0.4337,4.7606,-0.2237,-1.2842,-0.0962,1.4773,-0.1147,0.0595,-0.0437,0.1630,0.1589,0.1374,0.3337,0.1978,0.3820,1.0681,0.8020,-0.2600,0.0283,0.8020,-0.2600,0.2483,False,-0.0429,0.0227,-0.0156,0.0609,0.0594,0.0510,-1.0591,grasp,0.8020,-0.2600,0.0283,0.0000,0.0000,0.0000,False,,0.0500,0.0000,False
1046,0.0,1.3630,-0.0093,False,False,False,-0.4354,4.7614,-0.2248,-1.2817,-0.0939,1.4793,-0.0200,-0.0021,-0.0540,0.0471,0.0278,0.0210,0.3664,0.1978,0.3814,1.0682,0.8020,-0.2600,0.0283,0.8020,-0.2600,0.2483,False,-0.0215,-0.0006,-0.0546,0.0491,0.0299,0.0227,2.3894,grasp,0.8020,-0.2600,0.0283,0.0000,0.0000,0.0000,False,,0.0500,0.0000,True
