Global_Step,Curriculum_Lvl,Dist_to_Target,Reward,Terminated,Table_Collision,Self_Collision,J1_Pos,J2_Pos,J3_Pos,J4_Pos,J5_Pos,J6_Pos,J1_Vel,J2_Vel,J3_Vel,J4_Vel,J5_Vel,J6_Vel,Gripper_Pos,EE_X,EE_Y,EE_Z,Target_X,Target_Y,Target_Z,Handoff_X,Handoff_Y,Handoff_Z,Handoff_OK,Act_J1,Act_J2,Act_J3,Act_J4,Act_J5,Act_J6,Act_Gripper,Phase,Goal_X,Goal_Y,Goal_Z,Transport_X,Transport_Y,Transport_Z,Transport_OK,Placement_Error_M,Standoff_M,Spawn_Radius_M,Contact_Detected
1,0.0,0.0439,15.6582,True,False,False,-0.4512,4.7553,-0.2262,-1.2849,-0.1041,1.4752,0.0103,-0.0425,-0.0624,-0.0519,0.0046,-0.0125,0.0397,0.8081,-0.2798,0.0488,0.8020,-0.2600,0.0100,0.8020,-0.2600,0.2300,False,0.0103,-0.0425,-0.0624,-0.0519,0.0046,-0.0125,0.8025,grasp,0.8020,-0.2600,0.0100,0.0000,0.0000,0.0000,False,,0.0500,0.0000,True
2,0.0,0.0574,-0.0306,False,False,False,2.9842,3.0173,0.7650,-2.2543,1.5973,1.4618,0.0026,-0.0276,-0.1502,-0.1114,0.1327,-0.1742,0.0993,0.7946,-0.2560,0.0668,0.8020,-0.2600,0.0100,0.8020,-0.2600,0.2300,True,0.0023,-0.0087,-0.0433,-0.0327,0.0392,-0.0507,0.5269,grasp,0.8020,-0.2600,0.0100,0.0000,0.0000,0.0000,False,,0.0500,0.0000,True
3,0.0,0.0490,-0.0207,False,False,False,2.9842,3.0173,0.7650,-2.2543,1.5973,1.4618,0.0026,-0.0276,-0.1502,-0.1114,0.1327,-0.1742,0.0993,0.7938,-0.2533,0.0579,0.8020,-0.2600,0.0100,0.8020,-0.2600,0.2300,True,0.0243,-0.0261,0.0178,0.0587,0.0790,0.0547,-1.7853,grasp,0.8020,-0.2600,0.0100,0.0000,0.0000,0.0000,False,,0.0500,0.0000,False
4,0.0,0.0449,14.9906,True,False,False,2.9836,3.0165,0.7638,-2.2550,1.5985,1.4591,-0.0753,-0.0239,0.0649,0.0649,-0.0309,-0.0609,0.1592,0.7932,-0.2534,0.0535,0.8020,-0.2600,0.0100,0.8020,-0.2600,0.2300,True,-0.0753,-0.0265,0.0631,0.0636,-0.0293,-0.0630,0.2235,grasp,0.8020,-0.2600,0.0100,0.0000,0.0000,0.0000,False,,0.0500,0.0000,True
5,0.0,0.0400,-0.0043,False,False,False,-0.4738,5.6605,0.8369,-1.7593,4.7249,1.0796,-0.0003,0.0129,0.0151,-0.0068,0.0688,-0.0056,0.0000,0.7929,-0.2531,0.0482,0.8020,-0.2600,0.0099,0.8020,-0.2600,0.2299,True,-0.0507,0.0309,0.0250,0.0056,-0.0497,-0.0230,-2.8683,grasp,0.8020,-0.2600,0.0099,0.0000,0.0000,0.0000,False,,0.0500,0.0000,False
6,0.0,0.0392,-0.0124,False,False,False,-0.4738,5.6600,0.8368,-1.7589,4.7242,1.0803,0.0018,-0.0587,-0.0041,0.0405,-0.0755,0.0678,0.0175,0.7928,-0.2531,0.0474,0.8020,-0.2600,0.0099,0.8020,-0.2600,0.2299,True,0.0018,-0.0587,-0.0041,0.0405,-0.0755,0.0678,-2.5360,grasp,0.8020,-0.2600,0.0099,0.0000,0.0000,0.0000,False,,0.0500,0.0000,False
7,0.0,0.0813,-0.0506,False,False,False,-0.4727,5.6015,0.8331,-1.7190,4.6497,1.1476,-0.0797,-0.0297,0.0375,-0.0175,0.0313,0.0208,0.1171,0.8002,-0.2661,0.0910,0.8020,-0.2600,0.0099,0.8020,-0.2600,0.2299,True,-0.0797,-0.0297,0.0375,-0.0175,0.0313,0.0208,1.7947,grasp,0.8020,-0.2600,0.0099,0.0000,0.0000,0.0000,False,,0.0500,0.0000,True
8,0.0,0.0634,0.0149,False,False,False,-0.5516,5.5721,0.8702,-1.7363,4.6807,1.1681,-0.0000,0.0000,0.0000,0.0000,0.0000,-0.0000,0.6186,0.8131,-0.2328,0.0661,0.8020,-0.2600,0.0099,0.8020,-0.2600,0.2299,True,-0.0620,-0.0793,0.0545,0.0706,0.0145,0.0103,1.0134,grasp,0.8020,-0.2600,0.0099,0.0000,0.0000,0.0000,False,,0.0500,0.0000,False
9,0.0,0.0596,-0.0120,False,False,False,-0.5523,5.5714,0.8708,-1.7356,4.6808,1.1682,-0.0620,-0.0793,0.0545,0.0706,0.0145,0.0103,0.6096,0.8126,-0.2348,0.0628,0.8020,-0.2600,0.0099,0.8020,-0.2600,0.2299,True,0.0177,-0.0635,-0.0376,-0.0052,-0.0225,0.0419,0.7706,grasp,0.8020,-0.2600,0.0099,0.0000,0.0000,0.0000,False,,0.0500,0.0000,False
10,0.0,0.0596,-0.0135,False,False,False,-0.5528,5.5721,0.8708,-1.7363,4.6815,1.1686,-0.0504,0.0696,0.0031,-0.0760,0.0658,0.0344,0.5658,0.8126,-0.2348,0.0628,0.8020,-0.2600,0.0099,0.8020,-0.2600,0.2299,True,-0.0504,0.0696,0.0031,-0.0760,0.0658,0.0344,0.2076,grasp,0.8020,-0.2600,0.0099,0.0000,0.0000,0.0000,False,,0.0500,0.0000,False
11,0.0,0.0596,-0.0127,False,False,False,-0.5540,5.5730,0.8705,-1.7383,4.6826,1.1685,-0.0232,-0.0758,-0.0313,-0.0516,-0.0184,-0.0661,0.5188,0.8126,-0.2348,0.0628,0.8020,-0.2600,0.0099,0.8020,-0.2600,0.2299,True,-0.0248,-0.0716,-0.0312,-0.0531,-0.0172,-0.0655,-0.1748,grasp,0.8020,-0.2600,0.0099,0.0000,0.0000,0.0000,False,,0.0500,0.0000,False
12,0.0,1.4803,-1.4464,False,False,False,-0.5795,5.5015,0.8404,-1.7905,4.6624,1.1043,-0.1375,0.0401,0.0460,-0.0880,-0.1321,0.0609,0.3182,-0.0752,0.4372,0.9772,0.8020,-0.2600,0.0099,0.8020,-0.2600,0.2299,True,-0.0722,0.0210,0.0242,-0.0464,-0.0695,0.0320,-2.8885,grasp,0.8020,-0.2600,0.0099,0.0000,0.0000,0.0000,False,,0.0500,0.0000,False
13,0.0,1.4852,-0.0312,False,False,False,-0.5795,5.5015,0.8404,-1.7905,4.6624,1.1043,-0.1375,0.0401,0.0460,-0.0880,-0.1321,0.0609,0.3182,-0.0883,0.4188,0.9858,0.8020,-0.2600,0.0099,0.8020,-0.2600,0.2299,True,-0.0424,-0.0624,0.0489,-0.0568,-0.0646,0.0603,0.2180,grasp,0.8020,-0.2600,0.0099,0.0000,0.0000,0.0000,False,,0.0500,0.0000,False
14,0.0,1.4836,-0.0081,False,False,False,-0.5818,5.5015,0.8412,-1.7916,4.6612,1.1049,-0.0037,-0.0739,0.0145,0.0176,0.0696,-0.0348,0.3380,-0.0853,0.4158,0.9882,0.8020,-0.2600,0.0099,0.8020,-0.2600,0.2299,True,-0.0094,-0.0724,0.0151,0.0164,0.0677,-0.0339,1.9249,grasp,0.8020,-0.2600,0.0099,0.0000,0.0000,0.0000,False,,0.0500,0.0000,True
15,0.0,1.4836,-0.0176,False,False,False,-0.5816,5.5008,0.8408,-1.7917,4.6633,1.1050,0.0371,0.0758,-0.0714,-0.0426,0.0727,0.0771,0.3376,-0.0853,0.4158,0.9882,0.8020,-0.2600,0.0099,0.8020,-0.2600,0.2299,True,0.0370,0.0735,-0.0711,-0.0422,0.0740,0.0765,-1.4207,grasp,0.8020,-0.2600,0.0099,0.0000,0.0000,0.0000,False,,0.0500,0.0000,False
16,0.0,1.4830,-0.0179,False,False,False,-0.5816,5.5008,0.8408,-1.7917,4.6633,1.1050,0.0371,0.0758,-0.0714,-0.0426,0.0727,0.0771,0.3376,-0.0826,0.4157,0.9898,0.8020,-0.2600,0.0099,0.8020,-0.2600,0.2299,True,0.0771,0.0029,0.0274,0.0759,0.0583,-0.0493,-2.7606,grasp,0.8020,-0.2600,0.0099,0.0000,0.0000,0.0000,False,,0.0500,0.0000,False
17,0.0,1.4830,-0.0096,False,False,False,-0.5807,5.5027,0.8389,-1.7925,4.6642,1.1063,0.0187,0.0394,-0.0548,-0.0050,-0.0484,-0.0099,0.3657,-0.0821,0.4168,0.9896,0.8020,-0.2600,0.0099,0.8020,-0.2600,0.2299,True,0.0196,0.0417,-0.0561,-0.0059,-0.0470,-0.0085,1.9757,grasp,0.8020,-0.2600,0.0099,0.0000,0.0000,0.0000,False,,0.0500,0.0000,True
18,0.0,1.4875,-0.0057,False,False,False,-0.5803,5.5034,0.8378,-1.7926,4.6632,1.1061,0.0000,0.0000,0.0000,0.0000,0.0000,0.0000,0.4057,-0.0885,0.4194,0.9887,0.8020,-0.2600,0.0099,0.8020,-0.2600,0.2299,True,-0.0127,0.0778,0.0292,0.0207,-0.0749,-0.0127,-0.1023,grasp,0.8020,-0.2600,0.0099,0.0000,0.0000,0.0000,False,,0.0500,0.0000,False
19,0.0,1.4904,-0.0068,False,False,False,-0.5804,5.5043,0.8381,-1.7924,4.6625,1.1060,0.0000,0.0000,0.0000,0.0000,0.0000,0.0000,0.4231,-0.0934,0.4254,0.9845,0.8020,-0.2600,0.0099,0.8020,-0.2600,0.2299,True,-0.0724,0.0034,0.0566,0.0331,0.0583,0.0270,1.2404,grasp,0.8020,-0.2600,0.0099,0.0000,0.0000,0.0000,False,,0.0500,0.0000,True
20,0.0,1.4904,-0.0149,False,False,False,-0.5805,5.5046,0.8392,-1.7926,4.6629,1.1070,0.0715,0.0260,0.0493,-0.0485,-0.0205,0.0745,0.4242,-0.0934,0.4254,0.9845,0.8020,-0.2600,0.0099,0.8020,-0.2600,0.2299,True,0.0706,0.0260,0.0499,-0.0482,-0.0200,0.0748,-0.2255,grasp,0.8020,-0.2600,0.0099,0.0000,0.0000,0.0000,False,,0.0500,0.0000,False
21,0.0,1.4947,-0.0196,False,False,False,-0.5805,5.5046,0.8392,-1.7926,4.6629,1.1070,0.0715,0.0260,0.0493,-0.0485,-0.0205,0.0745,0.4242,-0.1013,0.4244,0.9845,0.8020,-0.2600,0.0099,0.8020,-0.2600,0.2299,True,-0.0659,0.0020,0.0263,0.0119,-0.0095,0.0224,0.0506,grasp,0.8020,-0.2600,0.0099,0.0000,0.0000,0.0000,False,,0.0500,0.0000,False
22,0.0,1.4963,-0.0134,False,False,False,-0.5785,5.5048,0.8398,-1.7939,4.6622,1.1089,0.0524,-0.0346,-0.0336,-0.0357,-0.0332,0.0499,0.4042,-0.1032,0.4276,0.9829,0.8020,-0.2600,0.0099,0.8020,-0.2600,0.2299,True,0.0551,-0.0333,-0.0326,-0.0366,-0.0336,0.0513,-0.4605,grasp,0.8020,-0.2600,0.0099,0.0000,0.0000,0.0000,False,,0.0500,0.0000,False
23,0.0,1.4968,-0.0139,False,False,False,-0.5785,5.5048,0.8398,-1.7939,4.6622,1.1089,0.0524,-0.0346,-0.0336,-0.0357,-0.0332,0.0499,0.4042,-0.1039,0.4299,0.9815,0.8020,-0.2600,0.0099,0.8020,-0.2600,0.2299,True,-0.0697,-0.0190,-0.0387,-0.0774,0.0184,0.0508,-2.8761,grasp,0.8020,-0.2600,0.0099,0.0000,0.0000,0.0000,False,,0.0500,0.0000,False
24,0.0,1.4971,-0.0243,False,False,False,-0.5788,5.5035,0.8375,-1.7958,4.6600,1.1091,-0.0905,-0.0443,-0.1084,-0.0826,-0.0978,-0.0508,0.4179,-0.1077,0.4213,0.9844,0.8020,-0.2600,0.0099,0.8020,-0.2600,0.2299,True,-0.0463,-0.0241,-0.0577,-0.0441,-0.0521,-0.0258,0.5624,grasp,0.8020,-0.2600,0.0099,0.0000,0.0000,0.0000,False,,0.0500,0.0000,False
25,0.0,1.4965,-0.0106,False,False,False,-0.5800,5.5032,0.8354,-1.7976,4.6583,1.1086,0.0212,0.0399,-0.0496,-0.0643,-0.0294,0.0232,0.3925,-0.1064,0.4243,0.9826,0.8020,-0.2600,0.0099,0.8020,-0.2600,0.2299,True,0.0186,0.0382,-0.0511,-0.0655,-0.0308,0.0225,-1.0892,grasp,0.8020,-0.2600,0.0099,0.0000,0.0000,0.0000,False,,0.0500,0.0000,False
26,0.0,1.4974,-0.0125,False,False,False,-0.5800,5.5032,0.8354,-1.7976,4.6583,1.1086,0.0212,0.0399,-0.0496,-0.0643,-0.0294,0.0232,0.3925,-0.1094,0.4248,0.9808,0.8020,-0.2600,0.0099,0.8020,-0.2600,0.2299,True,-0.0143,-0.0706,-0.0229,-0.0308,-0.0623,-0.0515,-1.9379,grasp,0.8020,-0.2600,0.0099,0.0000,0.0000,0.0000,False,,0.0500,0.0000,False
27,0.0,1.4969,-0.0027,False,False,False,-0.5796,5.5039,0.8345,-1.7988,4.6578,1.1091,0.0000,0.0000,0.0000,0.0000,0.0000,0.0000,0.3994,-0.1099,0.4278,0.9774,0.8020,-0.2600,0.0099,0.8020,-0.2600,0.2299,True,0.0629,0.0170,-0.0457,-0.0795,-0.0555,-0.0728,1.6812,grasp,0.8020,-0.2600,0.0099,0.0000,0.0000,0.0000,False,,0.0500,0.0000,True
28,0.0,1.4965,-0.0181,False,False,False,-0.5790,5.5041,0.8340,-1.7996,4.6572,1.1083,0.0625,0.0163,-0.0447,-0.0782,-0.0550,-0.0733,0.4193,-0.1067,0.4337,0.9756,0.8020,-0.2600,0.0099,0.8020,-0.2600,0.2299,True,0.0764,0.0216,-0.0273,0.0509,-0.0607,-0.0319,-2.7911,grasp,0.8020,-0.2600,0.0099,0.0000,0.0000,0.0000,False,,0.0500,0.0000,False
29,0.0,1.4987,-0.0332,False,False,False,-0.5805,5.5039,0.8361,-1.7974,4.6550,1.1095,-0.1045,-0.0117,0.1316,0.1453,-0.1439,0.0734,0.4993,-0.1123,0.4233,0.9812,0.8020,-0.2600,0.0099,0.8020,-0.2600,0.2299,True,-0.0549,-0.0062,0.0693,0.0765,-0.0758,0.0387,2.8477,grasp,0.8020,-0.2600,0.0099,0.0000,0.0000,0.0000,False,,0.0500,0.0000,True
30,0.0,1.4946,0.0020,False,False,False,-0.5822,5.5038,0.8379,-1.7953,4.6530,1.1105,-0.0000,0.0000,0.0000,0.0000,-0.0000,0.0000,0.5032,-0.1030,0.4307,0.9782,0.8020,-0.2600,0.0099,0.8020,-0.2600,0.2299,True,0.0591,0.0754,0.0142,0.0595,0.0279,-0.0538,-2.8440,grasp,0.8020,-0.2600,0.0099,0.0000,0.0000,0.0000,False,,0.0500,0.0000,False
31,0.0,1.4986,-0.0185,False,False,False,-0.5816,5.5046,0.8381,-1.7948,4.6533,1.1100,0.0624,0.0747,0.0124,0.0575,0.0299,-0.0549,0.4832,-0.1066,0.4448,0.9708,0.8020,-0.2600,0.0099,0.8020,-0.2600,0.2299,True,-0.0711,-0.0048,0.0042,-0.0251,0.0198,-0.0186,0.7652,grasp,0.8020,-0.2600,0.0099,0.0000,0.0000,0.0000,False,,0.0500,0.0000,False
32,0.0,1.5009,-0.0175,False,False,False,-0.5816,5.5046,0.8381,-1.7948,4.6533,1.1100,0.0624,0.0747,0.0124,0.0575,0.0299,-0.0549,0.4832,-0.1123,0.4458,0.9683,0.8020,-0.2600,0.0099,0.8020,-0.2600,0.2299,True,0.0089,0.0273,-0.0187,0.0649,0.0355,-0.0779,0.4852,grasp,0.8020,-0.2600,0.0099,0.0000,0.0000,0.0000,False,,0.0500,0.0000,False
33,0.0,1.5017,-0.0095,False,False,False,-0.5800,5.5063,0.8379,-1.7943,4.6539,1.1091,0.0330,-0.0107,-0.0386,-0.0617,0.0065,0.0142,0.4633,-0.1134,0.4473,0.9673,0.8020,-0.2600,0.0099,0.8020,-0.2600,0.2299,True,0.0351,-0.0054,-0.0383,-0.0606,0.0071,0.0131,0.5004,grasp,0.8020,-0.2600,0.0099,0.0000,0.0000,0.0000,False,,0.0500,0.0000,False
34,0.0,1.4995,-0.0052,False,False,False,-0.5789,5.5062,0.8370,-1.7955,4.6539,1.1098,0.0480,0.0077,-0.0136,-0.0034,-0.0189,0.0489,0.4233,-0.1121,0.4461,0.9660,0.8020,-0.2600,0.0099,0.8020,-0.2600,0.2299,True,0.0489,0.0075,-0.0143,-0.0046,-0.0188,0.0492,-2.2815,grasp,0.8020,-0.2600,0.0099,0.0000,0.0000,0.0000,False,,0.0500,0.0000,False
35,0.0,1.4970,-0.0056,False,False,False,-0.5789,5.5062,0.8370,-1.7955,4.6539,1.1098,0.0480,0.0077,-0.0136,-0.0034,-0.0189,0.0489,0.4233,-0.1057,0.4507,0.9649,0.8020,-0.2600,0.0099,0.8020,-0.2600,0.2299,True,0.0524,-0.0647,0.0232,0.0792,-0.0014,-0.0243,0.5672,grasp,0.8020,-0.2600,0.0099,0.0000,0.0000,0.0000,False,,0.0500,0.0000,False
36,0.0,1.5007,-0.0349,False,False,False,-0.5758,5.5084,0.8366,-1.7937,4.6521,1.1120,0.1420,0.1410,-0.0139,0.1179,-0.0929,0.0826,0.4410,-0.1119,0.4533,0.9629,0.8020,-0.2600,0.0099,0.8020,-0.2600,0.2299,True,0.0757,0.0742,-0.0076,0.0620,-0.0492,0.0444,1.1190,grasp,0.8020,-0.2600,0.0099,0.0000,0.0000,0.0000,False,,0.0500,0.0000,False
37,0.0,1.5009,-0.0305,False,False,False,-0.5758,5.5084,0.8366,-1.7937,4.6521,1.1120,0.1420,0.1410,-0.0139,0.1179,-0.0929,0.0826,0.4410,-0.1129,0.4389,0.9728,0.8020,-0.2600,0.0099,0.8020,-0.2600,0.2299,True,-0.0157,-0.0440,0.0133,-0.0324,0.0165,-0.0691,0.3757,grasp,0.8020,-0.2600,0.0099,0.0000,0.0000,0.0000,False,,0.0500,0.0000,False
38,0.0,1.4988,-0.0079,False,False,False,-0.5733,5.5110,0.8367,-1.7924,4.6511,1.1139,0.0145,-0.0096,0.0343,-0.0355,0.0332,0.0717,0.4295,-0.1075,0.4483,0.9676,0.8020,-0.2600,0.0099,0.8020,-0.2600,0.2299,True,0.0199,-0.0012,0.0341,-0.0338,0.0319,0.0728,-0.4933,grasp,0.8020,-0.2600,0.0099,0.0000,0.0000,0.0000,False,,0.0500,0.0000,False
39,0.0,1.4946,-0.0062,False,False,False,-0.5727,5.5107,0.8375,-1.7934,4.6514,1.1159,0.0257,-0.0129,0.0179,-0.0308,-0.0268,0.0600,0.4532,-0.1035,0.4428,0.9690,0.8020,-0.2600,0.0099,0.8020,-0.2600,0.2299,True,0.0260,-0.0131,0.0185,-0.0315,-0.0262,0.0614,1.5214,grasp,0.8020,-0.2600,0.0099,0.0000,0.0000,0.0000,False,,0.0500,0.0000,True
40,0.0,1.4964,-0.0114,False,False,False,-0.5727,5.5107,0.8375,-1.7934,4.6514,1.1159,0.0257,-0.0129,0.0179,-0.0308,-0.0268,0.0600,0.4532,-0.1020,0.4532,0.9656,0.8020,-0.2600,0.0099,0.8020,-0.2600,0.2299,True,-0.0402,0.0058,0.0470,0.0159,-0.0218,-0.0664,-2.9353,grasp,0.8020,-0.2600,0.0099,0.0000,0.0000,0.0000,False,,0.0500,0.0000,False
41,0.0,1.4979,-0.0226,False,False,False,-0.5719,5.5115,0.8396,-1.7931,4.6501,1.1189,0.0193,0.0679,0.1108,0.0597,-0.0520,0.1239,0.4073,-0.1044,0.4521,0.9665,0.8020,-0.2600,0.0099,0.8020,-0.2600,0.2299,True,0.0107,0.0355,0.0586,0.0308,-0.0279,0.0664,-1.5896,grasp,0.8020,-0.2600,0.0099,0.0000,0.0000,0.0000,False,,0.0500,0.0000,False
42,0.0,1.4955,-0.0108,False,False,False,-0.5720,5.5123,0.8415,-1.7929,4.6494,1.1204,-0.0286,-0.0696,0.0374,-0.0721,0.0040,-0.0220,0.3683,-0.1034,0.4447,0.9691,0.8020,-0.2600,0.0099,0.8020,-0.2600,0.2299,True,-0.0283,-0.0640,0.0390,-0.0712,0.0033,-0.0203,-0.8847,grasp,0.8020,-0.2600,0.0099,0.0000,0.0000,0.0000,False,,0.0500,0.0000,False
43,0.0,1.4982,-0.0164,False,False,False,-0.5720,5.5123,0.8415,-1.7929,4.6494,1.1204,-0.0286,-0.0696,0.0374,-0.0721,0.0040,-0.0220,0.3683,-0.1072,0.4441,0.9703,0.8020,-0.2600,0.0099,0.8020,-0.2600,0.2299,True,-0.0335,-0.0603,0.0367,-0.0687,0.0535,0.0680,-3.0649,grasp,0.8020,-0.2600,0.0099,0.0000,0.0000,0.0000,False,,0.0500,0.0000,False
44,0.0,1.5012,-0.0169,False,False,False,-0.5721,5.5110,0.8418,-1.7950,4.6499,1.1194,0.0374,0.0028,-0.0457,-0.0687,0.0353,-0.0637,0.3739,-0.1092,0.4457,0.9718,0.8020,-0.2600,0.0099,0.8020,-0.2600,0.2299,True,0.0368,0.0010,-0.0450,-0.0700,0.0354,-0.0641,0.2541,grasp,0.8020,-0.2600,0.0099,0.0000,0.0000,0.0000,False,,0.0500,0.0000,False
45,0.0,1.5018,-0.0144,False,False,False,-0.5721,5.5110,0.8418,-1.7950,4.6499,1.1194,0.0374,0.0028,-0.0457,-0.0687,0.0353,-0.0637,0.3739,-0.1109,0.4463,0.9708,0.8020,-0.2600,0.0099,0.8020,-0.2600,0.2299,True,-0.0028,-0.0208,0.0595,-0.0212,-0.0540,0.0749,0.2736,grasp,0.8020,-0.2600,0.0099,0.0000,0.0000,0.0000,False,,0.0500,0.0000,False
46,0.0,1.5015,-0.0149,False,False,False,-0.5724,5.5121,0.8408,-1.7953,4.6524,1.1183,-0.0653,0.0668,-0.0045,0.0675,0.1208,0.0109,0.4397,-0.1120,0.4461,0.9694,0.8020,-0.2600,0.0099,0.8020,-0.2600,0.2299,True,-0.0335,0.0352,-0.0032,0.0342,0.0642,0.0045,2.4723,grasp,0.8020,-0.2600,0.0099,0.0000,0.0000,0.0000,False,,0.0500,0.0000,True
47,0.0,1.5061,-0.0152,False,False,False,-0.5732,5.5135,0.8409,-1.7950,4.6543,1.1178,0.0194,0.0342,0.0090,-0.0669,0.0159,-0.0663,0.4608,-0.1191,0.4552,0.9630,0.8020,-0.2600,0.0099,0.8020,-0.2600,0.2299,True,0.0181,0.0368,0.0089,-0.0660,0.0176,-0.0662,0.3628,grasp,0.8020,-0.2600,0.0099,0.0000,0.0000,0.0000,False,,0.0500,0.0000,False
48,0.0,1.5002,-0.0036,False,False,False,-0.5732,5.5135,0.8409,-1.7950,4.6543,1.1178,0.0194,0.0342,0.0090,-0.0669,0.0159,-0.0663,0.4608,-0.1119,0.4507,0.9639,0.8020,-0.2600,0.0099,0.8020,-0.2600,0.2299,True,-0.0560,-0.0449,0.0629,-0.0323,-0.0684,0.0217,0.7546,grasp,0.8020,-0.2600,0.0099,0.0000,0.0000,0.0000,False,,0.0500,0.0000,False
49,0.0,1.5009,-0.0101,False,False,False,-0.5732,5.5135,0.8409,-1.7950,4.6543,1.1178,0.0194,0.0342,0.0090,-0.0669,0.0159,-0.0663,0.4608,-0.1122,0.4539,0.9624,0.8020,-0.2600,0.0099,0.8020,-0.2600,0.2299,True,-0.0031,0.0544,-0.0578,-0.0579,-0.0410,-0.0457,1.8539,grasp,0.8020,-0.2600,0.0099,0.0000,0.0000,0.0000,False,,0.0500,0.0000,True
50,0.0,1.5039,-0.0116,False,False,False,-0.5723,5.5139,0.8413,-1.7960,4.6542,1.1165,0.0551,-0.0332,0.0250,0.0301,-0.0352,-0.0087,0.4302,-0.1138,0.4702,0.9532,0.8020,-0.2600,0.0099,0.8020,-0.2600,0.2299,True,0.0555,-0.0320,0.0252,0.0289,-0.0349,-0.0100,-0.7381,grasp,0.8020,-0.2600,0.0099,0.0000,0.0000,0.0000,False,,0.0500,0.0000,False
51,0.0,1.5030,-0.0114,False,False,False,-0.5706,5.5139,0.8414,-1.7954,4.6542,1.1166,0.0606,0.0608,-0.0414,-0.0043,0.0659,0.0288,0.4573,-0.1139,0.4665,0.9545,0.8020,-0.2600,0.0099,0.8020,-0.2600,0.2299,True,0.0624,0.0602,-0.0409,-0.0038,0.0653,0.0287,2.4891,grasp,0.8020,-0.2600,0.0099,0.0000,0.0000,0.0000,False,,0.0500,0.0000,True
52,0.0,1.5020,-0.0124,False,False,False,-0.5706,5.5139,0.8414,-1.7954,4.6542,1.1166,0.0606,0.0608,-0.0414,-0.0043,0.0659,0.0288,0.4573,-0.1129,0.4686,0.9522,0.8020,-0.2600,0.0099,0.8020,-0.2600,0.2299,True,-0.0412,-0.0546,0.0485,-0.0705,0.0636,0.0773,2.5862,grasp,0.8020,-0.2600,0.0099,0.0000,0.0000,0.0000,False,,0.0500,0.0000,True
53,0.0,1.5023,-0.0262,False,False,False,-0.5694,5.5151,0.8406,-1.7955,4.6555,1.1172,0.1161,0.1155,-0.0787,-0.0083,0.1253,0.0548,0.4768,-0.1143,0.4695,0.9506,0.8020,-0.2600,0.0099,0.8020,-0.2600,0.2299,True,0.0170,0.0421,-0.0301,-0.0624,0.0525,0.0278,1.5600,grasp,0.8020,-0.2600,0.0099,0.0000,0.0000,0.0000,False,,0.0500,0.0000,False
54,0.0,1.4962,-0.0104,False,False,False,-0.5698,5.5145,0.8407,-1.7954,4.6562,1.1177,-0.0545,-0.0728,0.0089,0.0093,0.0691,0.0513,0.5368,-0.1067,0.4534,0.9606,0.8020,-0.2600,0.0099,0.8020,-0.2600,0.2299,True,-0.0544,-0.0727,0.0089,0.0093,0.0691,0.0513,1.2336,grasp,0.8020,-0.2600,0.0099,0.0000,0.0000,0.0000,False,,0.0500,0.0000,False
55,0.0,1.4836,-0.0013,False,False,False,-0.4513,4.7557,-0.2256,-1.2844,-0.1041,1.4753,0.0000,-0.0000,-0.0000,0.0000,0.0000,0.0000,0.0000,-0.1010,0.3829,0.9960,0.8020,-0.2600,0.0100,0.8020,-0.2600,0.2300,False,-0.0412,0.0378,0.0369,0.0535,0.0750,0.0534,0.1510,grasp,0.8020,-0.2600,0.0100,0.0000,0.0000,0.0000,False,,0.0500,0.0000,True
56,0.0,1.4836,-0.0021,False,False,False,-0.4513,4.7557,-0.2256,-1.2844,-0.1041,1.4753,0.0000,-0.0000,-0.0000,0.0000,-0.0000,0.0000,0.0200,-0.1028,0.3806,0.9959,0.8020,-0.2600,0.0100,0.8020,-0.2600,0.2300,False,-0.0553,-0.0536,-0.0268,0.0508,-0.0403,-0.0221,-1.4599,grasp,0.8020,-0.2600,0.0100,0.0000,0.0000,0.0000,False,,0.0500,0.0000,False
57,0.0,1.4815,-0.0113,False,False,False,-0.4529,4.7545,-0.2264,-1.2824,-0.1046,1.4739,0.0045,0.0435,-0.0013,0.0552,0.0681,-0.0750,0.1133,-0.1003,0.3790,0.9960,0.8020,-0.2600,0.0100,0.8020,-0.2600,0.2300,False,0.0029,0.0410,-0.0021,0.0566,0.0669,-0.0756,2.9306,grasp,0.8020,-0.2600,0.0100,0.0000,0.0000,0.0000,False,,0.0500,0.0000,True
58,0.0,1.4821,-0.0431,False,False,False,-0.4525,4.7579,-0.2265,-1.2779,-0.0991,1.4679,0.0155,0.1470,-0.0046,0.1898,0.2341,-0.2579,0.1732,-0.1023,0.3764,0.9967,0.8020,-0.2600,0.0100,0.8020,-0.2600,0.2300,False,-0.0073,0.0647,0.0222,-0.0587,-0.0702,-0.0683,1.6788,grasp,0.8020,-0.2600,0.0100,0.0000,0.0000,0.0000,False,,0.0500,0.0000,True
59,0.0,1.4775,0.0016,False,False,False,-0.4525,4.7582,-0.2265,-1.2779,-0.0991,1.4679,0.0000,-0.0000,-0.0000,0.0000,-0.0000,0.0000,0.1928,-0.1001,0.3641,0.9998,0.8020,-0.2600,0.0100,0.8020,-0.2600,0.2300,False,-0.0625,-0.0655,-0.0784,-0.0626,0.0243,0.0291,2.9878,grasp,0.8020,-0.2600,0.0100,0.0000,0.0000,0.0000,False,,0.0500,0.0000,True
60,0.0,1.4782,-0.0495,False,False,False,-0.4541,4.7523,-0.2273,-1.2840,-0.0938,1.4616,-0.0600,-0.2546,-0.0405,-0.2069,0.2292,-0.2131,0.3105,-0.1000,0.3694,0.9976,0.8020,-0.2600,0.0100,0.8020,-0.2600,0.2300,False,-0.0175,-0.0730,-0.0115,-0.0608,0.0659,-0.0626,1.4990,grasp,0.8020,-0.2600,0.0100,0.0000,0.0000,0.0000,False,,0.0500,0.0000,True
61,0.0,1.4801,-0.0110,False,False,False,-0.4547,4.7478,-0.2276,-1.2859,-0.0907,1.4597,0.0145,0.0020,0.0219,0.0581,0.0422,0.0667,0.3701,-0.1012,0.3760,0.9951,0.8020,-0.2600,0.0100,0.8020,-0.2600,0.2300,False,0.0138,-0.0158,0.0214,0.0557,0.0449,0.0642,1.7299,grasp,0.8020,-0.2600,0.0100,0.0000,0.0000,0.0000,False,,0.0500,0.0000,True
62,0.0,1.2849,0.1781,False,False,False,-0.4410,4.7371,-0.2065,-1.2289,-0.0489,1.5261,-0.0661,0.0644,-0.0561,-0.0550,0.0041,0.0394,0.6498,0.2347,0.1661,1.0812,0.8020,-0.2600,0.0100,0.8020,-0.2600,0.2300,False,-0.0661,0.0644,-0.0561,-0.0550,0.0041,0.0394,2.9548,grasp,0.8020,-0.2600,0.0100,0.0000,0.0000,0.0000,False,,0.0500,0.0000,False
63,0.0,1.2841,-0.0019,False,False,False,-0.4423,4.7384,-0.2076,-1.2300,-0.0488,1.5269,-0.0000,-0.0000,-0.0000,0.0000,-0.0000,0.0000,0.6425,0.2452,0.1834,1.0787,0.8020,-0.2600,0.0100,0.8020,-0.2600,0.2300,False,0.0656,-0.0606,-0.0039,0.0660,-0.0709,0.0501,-0.5117,grasp,0.8020,-0.2600,0.0100,0.0000,0.0000,0.0000,False,,0.0500,0.0000,False
64,0.0,1.2841,-0.0266,False,False,False,-0.4439,4.7413,-0.2068,-1.2327,-0.0491,1.5278,-0.1093,0.1761,0.0407,-0.1658,0.0213,0.0204,0.6414,0.2452,0.1834,1.0787,0.8020,-0.2600,0.0100,0.8020,-0.2600,0.2300,False,-0.0397,0.0640,0.0150,-0.0605,0.0071,0.0080,2.1800,grasp,0.8020,-0.2600,0.0100,0.0000,0.0000,0.0000,False,,0.0500,0.0000,False
65,0.0,1.2810,-0.0115,False,False,False,-0.4448,4.7435,-0.2056,-1.2341,-0.0489,1.5274,0.0465,-0.0864,0.0620,0.0683,-0.0044,-0.0623,0.6725,0.2521,0.1818,1.0792,0.8020,-0.2600,0.0100,0.8020,-0.2600,0.2300,False,0.0451,-0.0755,0.0625,0.0662,-0.0041,-0.0620,3.0594,grasp,0.8020,-0.2600,0.0100,0.0000,0.0000,0.0000,False,,0.0500,0.0000,False
66,0.0,1.2810,-0.0020,False,False,False,-0.4439,4.7418,-0.2044,-1.2328,-0.0489,1.5263,-0.0000,-0.0000,-0.0000,0.0000,-0.0000,0.0000,0.6860,0.2521,0.1818,1.0792,0.8020,-0.2600,0.0100,0.8020,-0.2600,0.2300,False,0.0708,0.0579,0.0260,-0.0197,0.0142,-0.0674,2.3743,grasp,0.8020,-0.2600,0.0100,0.0000,0.0000,0.0000,False,,0.0500,0.0000,False
67,0.0,1.2786,-0.0369,False,False,False,-0.4405,4.7426,-0.2084,-1.2309,-0.0459,1.5295,0.1318,0.0077,-0.2021,0.1028,0.1402,0.1871,0.6076,0.2551,0.1801,1.0786,0.8020,-0.2600,0.0100,0.8020,-0.2600,0.2300,False,0.0494,0.0035,-0.0743,0.0377,0.0519,0.0684,-1.8623,grasp,0.8020,-0.2600,0.0100,0.0000,0.0000,0.0000,False,,0.0500,0.0000,False
68,0.0,1.2800,-0.0143,False,False,False,-0.4381,4.7419,-0.2109,-1.2298,-0.0434,1.5319,0.0744,-0.0746,0.0061,-0.0150,0.0676,0.0101,0.6020,0.2562,0.1830,1.0796,0.8020,-0.2600,0.0100,0.8020,-0.2600,0.2300,False,0.0760,-0.0762,0.0036,-0.0137,0.0694,0.0125,2.0686,grasp,0.8020,-0.2600,0.0100,0.0000,0.0000,0.0000,False,,0.0500,0.0000,False
69,0.0,1.2800,-0.0019,False,False,False,-0.4367,4.7401,-0.2108,-1.2301,-0.0422,1.5321,-0.0000,-0.0000,-0.0000,0.0000,-0.0000,0.0000,0.5882,0.2562,0.1830,1.0796,0.8020,-0.2600,0.0100,0.8020,-0.2600,0.2300,False,-0.0437,0.0176,0.0524,-0.0787,0.0670,-0.0170,-1.0672,grasp,0.8020,-0.2600,0.0100,0.0000,0.0000,0.0000,False,,0.0500,0.0000,False
70,0.0,1.2790,-0.0276,False,False,False,-0.4350,4.7418,-0.2104,-1.2350,-0.0429,1.5296,0.1038,0.0690,-0.0086,-0.2005,-0.0683,-0.1159,0.5942,0.2579,0.1826,1.0795,0.8020,-0.2600,0.0100,0.8020,-0.2600,0.2300,False,0.0379,0.0257,-0.0026,-0.0748,-0.0245,-0.0430,1.9153,grasp,0.8020,-0.2600,0.0100,0.0000,0.0000,0.0000,False,,0.0500,0.0000,False
71,0.0,1.2785,-0.0109,False,False,False,-0.4339,4.7431,-0.2111,-1.2375,-0.0435,1.5288,-0.0210,0.0424,-0.0546,-0.0016,0.0292,0.0691,0.5592,0.2581,0.1821,1.0792,0.8020,-0.2600,0.0100,0.8020,-0.2600,0.2300,False,-0.0197,0.0434,-0.0547,-0.0042,0.0283,0.0676,-0.8869,grasp,0.8020,-0.2600,0.0100,0.0000,0.0000,0.0000,False,,0.0500,0.0000,False
72,0.0,1.2785,-0.0014,False,False,False,-0.4343,4.7439,-0.2121,-1.2376,-0.0429,1.5301,-0.0000,-0.0000,-0.0000,0.0000,-0.0000,0.0000,0.5192,0.2581,0.1821,1.0792,0.8020,-0.2600,0.0100,0.8020,-0.2600,0.2300,False,-0.0498,-0.0253,0.0157,-0.0773,0.0088,-0.0539,-2.2849,grasp,0.8020,-0.2600,0.0100,0.0000,0.0000,0.0000,False,,0.0500,0.0000,False
73,0.0,1.2756,-0.0097,False,False,False,-0.4340,4.7430,-0.2100,-1.2387,-0.0430,1.5298,0.0508,-0.0417,0.1271,-0.0242,-0.0109,0.0151,0.4741,0.2617,0.1794,1.0787,0.8020,-0.2600,0.0100,0.8020,-0.2600,0.2300,False,0.0262,-0.0222,0.0671,-0.0135,-0.0056,0.0074,0.0531,grasp,0.8020,-0.2600,0.0100,0.0000,0.0000,0.0000,False,,0.0500,0.0000,False
74,0.0,1.2746,-0.0159,False,False,False,-0.4327,4.7443,-0.2069,-1.2395,-0.0420,1.5301,0.0360,0.1292,0.0837,-0.0295,0.0798,0.0062,0.4074,0.2636,0.1808,1.0779,0.8020,-0.2600,0.0100,0.8020,-0.2600,0.2300,False,0.0197,0.0671,0.0459,-0.0159,0.0418,0.0035,-2.5610,grasp,0.8020,-0.2600,0.0100,0.0000,0.0000,0.0000,False,,0.0500,0.0000,False
75,0.0,1.2746,-0.0020,False,False,False,-0.4322,4.7467,-0.2057,-1.2399,-0.0408,1.5302,0.0000,-0.0000,-0.0000,0.0000,-0.0000,0.0000,0.4067,0.2636,0.1808,1.0779,0.8020,-0.2600,0.0100,0.8020,-0.2600,0.2300,False,-0.0128,0.0238,-0.0581,-0.0731,-0.0328,-0.0272,2.9057,grasp,0.8020,-0.2600,0.0100,0.0000,0.0000,0.0000,False,,0.0500,0.0000,True
76,0.0,1.2736,-0.0250,False,False,False,-0.4302,4.7477,-0.2080,-1.2398,-0.0394,1.5289,0.1384,0.0573,-0.1125,0.0553,0.1123,-0.0636,0.3946,0.2652,0.1811,1.0774,0.8020,-0.2600,0.0100,0.8020,-0.2600,0.2300,False,0.0727,0.0303,-0.0598,0.0284,0.0588,-0.0338,-2.1134,grasp,0.8020,-0.2600,0.0100,0.0000,0.0000,0.0000,False,,0.0500,0.0000,False
77,0.0,1.2790,-0.0257,False,False,False,-0.4269,4.7469,-0.2095,-1.2400,-0.0374,1.5259,0.0843,-0.1129,0.0108,-0.0606,0.0275,-0.1356,0.3198,0.2585,0.1855,1.0786,0.8020,-0.2600,0.0100,0.8020,-0.2600,0.2300,False,0.0464,-0.0584,0.0041,-0.0311,0.0161,-0.0723,-1.7977,grasp,0.8020,-0.2600,0.0100,0.0000,0.0000,0.0000,False,,0.0500,0.0000,False
78,0.0,1.2790,-0.0022,False,False,False,-0.4257,4.7449,-0.2093,-1.2408,-0.0370,1.5240,-0.0000,-0.0000,-0.0000,0.0000,-0.0000,0.0000,0.2849,0.2585,0.1855,1.0786,0.8020,-0.2600,0.0100,0.8020,-0.2600,0.2300,False,0.0362,0.0374,-0.0531,-0.0242,0.0556,0.0467,-2.9562,grasp,0.8020,-0.2600,0.0100,0.0000,0.0000,0.0000,False,,0.0500,0.0000,False
79,0.0,1.2755,-0.0163,False,False,False,-0.4244,4.7438,-0.2096,-1.2405,-0.0343,1.5238,0.0682,-0.1008,0.0195,0.0390,0.1401,-0.0468,0.3239,0.2636,0.1835,1.0778,0.8020,-0.2600,0.0100,0.8020,-0.2600,0.2300,False,0.0362,-0.0525,0.0097,0.0203,0.0743,-0.0241,1.2578,grasp,0.8020,-0.2600,0.0100,0.0000,0.0000,0.0000,False,,0.0500,0.0000,True
80,0.0,1.2795,-0.0246,False,False,False,-0.4236,4.7422,-0.2086,-1.2414,-0.0339,1.5209,-0.0143,0.0027,0.0434,-0.0965,-0.1046,-0.1432,0.3873,0.2581,0.1874,1.0781,0.8020,-0.2600,0.0100,0.8020,-0.2600,0.2300,False,-0.0065,-0.0013,0.0231,-0.0503,-0.0531,-0.0760,0.8291,grasp,0.8020,-0.2600,0.0100,0.0000,0.0000,0.0000,False,,0.0500,0.0000,False
81,0.0,1.2795,-0.0010,False,False,False,-0.4238,4.7422,-0.2080,-1.2428,-0.0354,1.5189,-0.0000,-0.0000,-0.0000,0.0000,-0.0000,0.0000,0.3791,0.2581,0.1874,1.0781,0.8020,-0.2600,0.0100,0.8020,-0.2600,0.2300,False,0.0263,0.0746,0.0706,-0.0118,0.0747,0.0753,-1.8033,grasp,0.8020,-0.2600,0.0100,0.0000,0.0000,0.0000,False,,0.0500,0.0000,False
82,0.0,1.2782,-0.0102,False,False,False,-0.4242,4.7428,-0.2075,-1.2424,-0.0345,1.5197,-0.0621,-0.0147,-0.0178,0.0451,0.0170,0.0052,0.3191,0.2593,0.1860,1.0778,0.8020,-0.2600,0.0100,0.8020,-0.2600,0.2300,False,-0.0618,-0.0131,-0.0171,0.0450,0.0177,0.0059,-2.1446,grasp,0.8020,-0.2600,0.0100,0.0000,0.0000,0.0000,False,,0.0500,0.0000,False
83,0.0,1.2778,-0.0144,False,False,False,-0.4264,4.7416,-0.2086,-1.2409,-0.0333,1.5193,0.0572,-0.0633,-0.0279,-0.0560,0.0441,-0.0615,0.3219,0.2578,0.1851,1.0770,0.8020,-0.2600,0.0100,0.8020,-0.2600,0.2300,False,0.0555,-0.0637,-0.0284,-0.0547,0.0445,-0.0614,1.0852,grasp,0.8020,-0.2600,0.0100,0.0000,0.0000,0.0000,False,,0.0500,0.0000,True
84,0.0,1.2778,-0.0094,False,False,False,-0.4248,4.7403,-0.2097,-1.2421,-0.0322,1.5186,0.0535,0.0176,-0.0558,-0.0197,0.0205,0.0416,0.3808,0.2578,0.1851,1.0770,0.8020,-0.2600,0.0100,0.8020,-0.2600,0.2300,False,0.0546,0.0129,-0.0564,-0.0208,0.0213,0.0404,2.7110,grasp,0.8020,-0.2600,0.0100,0.0000,0.0000,0.0000,False,,0.0500,0.0000,True
85,0.0,1.2792,-0.0042,False,False,False,-0.4238,4.7406,-0.2107,-1.2425,-0.0318,1.5194,-0.0000,-0.0000,-0.0000,0.0000,-0.0000,0.0000,0.4203,0.2568,0.1873,1.0772,0.8020,-0.2600,0.0100,0.8020,-0.2600,0.2300,False,-0.0335,0.0609,-0.0071,-0.0207,-0.0501,0.0736,2.0995,grasp,0.8020,-0.2600,0.0100,0.0000,0.0000,0.0000,False,,0.0500,0.0000,True
86,0.0,1.2801,-0.0032,False,False,False,-0.4248,4.7424,-0.2109,-1.2431,-0.0333,1.5215,-0.0000,-0.0000,-0.0000,0.0000,-0.0000,0.0000,0.4433,0.2536,0.1872,1.0766,0.8020,-0.2600,0.0100,0.8020,-0.2600,0.2300,False,-0.0749,0.0129,-0.0624,-0.0231,0.0119,0.0489,-2.8065,grasp,0.8020,-0.2600,0.0100,0.0000,0.0000,0.0000,False,,0.0500,0.0000,False
87,0.0,1.2801,-0.0039,False,False,False,-0.4268,4.7432,-0.2123,-1.2436,-0.0335,1.5231,0.0125,0.0494,0.0404,0.0145,-0.0605,0.0262,0.4369,0.2536,0.1872,1.0766,0.8020,-0.2600,0.0100,0.8020,-0.2600,0.2300,False,0.0111,0.0496,0.0392,0.0141,-0.0602,0.0272,1.4152,grasp,0.8020,-0.2600,0.0100,0.0000,0.0000,0.0000,False,,0.0500,0.0000,True
88,0.0,1.2778,-0.0235,False,False,False,-0.4263,4.7455,-0.2104,-1.2430,-0.0363,1.5243,0.0338,0.1344,0.1096,0.0394,-0.1639,0.0711,0.4642,0.2575,0.1863,1.0763,0.8020,-0.2600,0.0100,0.8020,-0.2600,0.2300,False,0.0708,-0.0416,0.0665,0.0496,-0.0437,0.0364,-2.3666,grasp,0.8020,-0.2600,0.0100,0.0000,0.0000,0.0000,False,,0.0500,0.0000,False
89,0.0,1.2774,-0.0145,False,False,False,-0.4239,4.7471,-0.2120,-1.2406,-0.0372,1.5257,0.1067,0.1131,-0.1441,0.1196,-0.0275,0.0676,0.4841,0.2592,0.1869,1.0764,0.8020,-0.2600,0.0100,0.8020,-0.2600,0.2300,False,0.0568,0.0591,-0.0752,0.0634,-0.0149,0.0360,2.3196,grasp,0.8020,-0.2600,0.0100,0.0000,0.0000,0.0000,False,,0.0500,0.0000,True
90,0.0,1.2774,-0.0026,False,False,False,-0.4205,4.7508,-0.2166,-1.2368,-0.0381,1.5279,-0.0000,-0.0000,-0.0000,0.0000,-0.0000,0.0000,0.5397,0.2592,0.1869,1.0764,0.8020,-0.2600,0.0100,0.8020,-0.2600,0.2300,False,0.0107,0.0656,-0.0483,-0.0174,0.0228,0.0648,2.2551,grasp,0.8020,-0.2600,0.0100,0.0000,0.0000,0.0000,False,,0.0500,0.0000,True
91,0.0,1.2751,0.0001,False,False,False,-0.4202,4.7527,-0.2180,-1.2373,-0.0374,1.5298,-0.0000,-0.0000,-0.0000,0.0000,-0.0000,0.0000,0.5477,0.2611,0.1834,1.0761,0.8020,-0.2600,0.0100,0.8020,-0.2600,0.2300,False,-0.0300,-0.0633,0.0587,0.0277,0.0314,-0.0022,-2.6707,grasp,0.8020,-0.2600,0.0100,0.0000,0.0000,0.0000,False,,0.0500,0.0000,False
92,0.0,1.2748,-0.0152,False,False,False,-0.4214,4.7502,-0.2168,-1.2364,-0.0371,1.5301,-0.0270,-0.0639,-0.0527,0.0149,-0.0613,0.0478,0.4677,0.2632,0.1839,1.0766,0.8020,-0.2600,0.0100,0.8020,-0.2600,0.2300,False,-0.0276,-0.0654,-0.0516,0.0154,-0.0607,0.0477,-1.7733,grasp,0.8020,-0.2600,0.0100,0.0000,0.0000,0.0000,False,,0.0500,0.0000,False
93,0.0,1.2748,-0.0138,False,False,False,-0.4221,4.7469,-0.2186,-1.2349,-0.0405,1.5330,0.0484,0.0195,0.0582,0.0760,-0.0571,0.0661,0.4230,0.2632,0.1839,1.0766,0.8020,-0.2600,0.0100,0.8020,-0.2600,0.2300,False,0.0477,0.0119,0.0568,0.0764,-0.0588,0.0673,0.0213,grasp,0.8020,-0.2600,0.0100,0.0000,0.0000,0.0000,False,,0.0500,0.0000,False
94,0.0,1.2748,-0.0157,False,False,False,-0.4212,4.7472,-0.2175,-1.2335,-0.0416,1.5343,0.0920,0.0312,0.1106,0.1444,-0.1086,0.1255,0.4209,0.2632,0.1839,1.0766,0.8020,-0.2600,0.0100,0.8020,-0.2600,0.2300,False,0.0018,-0.0571,-0.0395,-0.0657,-0.0153,-0.0716,2.8380,grasp,0.8020,-0.2600,0.0100,0.0000,0.0000,0.0000,False,,0.0500,0.0000,True
95,0.0,1.2745,-0.0136,False,False,False,-0.4218,4.7464,-0.2172,-1.2337,-0.0421,1.5339,-0.0642,-0.0243,0.0698,0.0484,-0.0413,0.0388,0.4443,0.2653,0.1842,1.0772,0.8020,-0.2600,0.0100,0.8020,-0.2600,0.2300,False,-0.0642,-0.0254,0.0694,0.0478,-0.0414,0.0381,-1.2651,grasp,0.8020,-0.2600,0.0100,0.0000,0.0000,0.0000,False,,0.0500,0.0000,False
96,0.0,1.2742,-0.0138,False,False,False,-0.4254,4.7451,-0.2144,-1.2322,-0.0434,1.5350,-0.0588,-0.0162,-0.0399,-0.0739,0.0661,-0.0725,0.3784,0.2653,0.1841,1.0769,0.8020,-0.2600,0.0100,0.8020,-0.2600,0.2300,False,-0.0605,-0.0167,-0.0380,-0.0726,0.0650,-0.0715,-1.0834,grasp,0.8020,-0.2600,0.0100,0.0000,0.0000,0.0000,False,,0.0500,0.0000,False
97,0.0,1.2742,-0.0022,False,False,False,-0.4281,4.7443,-0.2162,-1.2356,-0.0403,1.5316,0.0000,-0.0000,-0.0000,0.0000,-0.0000,0.0000,0.3472,0.2653,0.1841,1.0769,0.8020,-0.2600,0.0100,0.8020,-0.2600,0.2300,False,0.0613,0.0674,-0.0738,0.0688,0.0674,-0.0087,-1.0602,grasp,0.8020,-0.2600,0.0100,0.0000,0.0000,0.0000,False,,0.0500,0.0000,False
98,0.0,1.2742,-0.0026,False,False,False,-0.4263,4.7463,-0.2183,-1.2335,-0.0384,1.5314,0.0000,-0.0000,-0.0000,0.0000,-0.0000,0.0000,0.3514,0.2664,0.1854,1.0769,0.8020,-0.2600,0.0100,0.8020,-0.2600,0.2300,False,0.0491,0.0368,0.0612,-0.0380,-0.0245,-0.0529,2.5349,grasp,0.8020,-0.2600,0.0100,0.0000,0.0000,0.0000,False,,0.0500,0.0000,True
99,0.0,1.2759,-0.0366,False,False,False,-0.4236,4.7485,-0.2148,-1.2357,-0.0399,1.5285,0.0000,-0.0000,-0.0000,0.0000,-0.0000,0.0000,0.4306,0.2650,0.1872,1.0775,0.8020,-0.2600,0.0100,0.8020,-0.2600,0.2300,False,0.0510,0.0108,-0.0060,0.0104,0.0259,-0.0251,2.6048,grasp,0.8020,-0.2600,0.0100,0.0000,0.0000,0.0000,False,,0.0500,0.0000,True
100,0.0,1.2759,-0.0075,False,False,False,-0.4231,4.7486,-0.2149,-1.2356,-0.0396,1.5283,0.0488,0.0069,-0.0089,0.0122,0.0271,-0.0227,0.4503,0.2650,0.1872,1.0775,0.8020,-0.2600,0.0100,0.8020,-0.2600,0.2300,False,-0.0434,-0.0650,0.0604,-0.0584,-0.0500,-0.0207,1.6795,grasp,0.8020,-0.2600,0.0100,0.0000,0.0000,0.0000,False,,0.0500,0.0000,True
101,0.0,1.2759,-0.0146,False,False,False,-0.4229,4.7483,-0.2149,-1.2348,-0.0392,1.5273,-0.0764,-0.0418,0.0148,0.0573,-0.0131,-0.0551,0.4841,0.2658,0.1874,1.0778,0.8020,-0.2600,0.0100,0.8020,-0.2600,0.2300,False,-0.0764,-0.0418,0.0148,0.0573,-0.0131,-0.0551,0.5702,grasp,0.8020,-0.2600,0.0100,0.0000,0.0000,0.0000,False,,0.0500,0.0000,False
102,0.0,1.2758,-0.0037,False,False,False,-0.4265,4.7464,-0.2143,-1.2322,-0.0398,1.5247,-0.0000,-0.0000,-0.0000,0.0000,-0.0000,0.0000,0.4619,0.2659,0.1870,1.0779,0.8020,-0.2600,0.0100,0.8020,-0.2600,0.2300,False,-0.0289,0.0179,-0.0397,-0.0568,0.0318,0.0768,-2.8324,grasp,0.8020,-0.2600,0.0100,0.0000,0.0000,0.0000,False,,0.0500,0.0000,False
103,0.0,1.2758,-0.0092,False,False,False,-0.4267,4.7469,-0.2152,-1.2332,-0.0396,1.5258,0.0021,0.0317,-0.0510,-0.0477,-0.0048,0.0255,0.4541,0.2659,0.1870,1.0779,0.8020,-0.2600,0.0100,0.8020,-0.2600,0.2300,False,0.0018,0.0319,-0.0514,-0.0483,-0.0045,0.0263,0.8344,grasp,0.8020,-0.2600,0.0100,0.0000,0.0000,0.0000,False,,0.0500,0.0000,False
104,0.0,1.2775,-0.0109,False,False,False,-0.4259,4.7471,-0.2166,-1.2338,-0.0398,1.5262,0.0775,-0.0466,-0.0439,0.0358,-0.0206,-0.0018,0.4988,0.2618,0.1881,1.0774,0.8020,-0.2600,0.0100,0.8020,-0.2600,0.2300,False,0.0775,-0.0460,-0.0449,0.0349,-0.0207,-0.0013,2.1901,grasp,0.8020,-0.2600,0.0100,0.0000,0.0000,0.0000,False,,0.0500,0.0000,True
105,0.0,1.2813,-0.0025,False,False,False,-0.4513,4.7557,-0.2256,-1.2844,-0.1041,1.4753,-0.0000,0.0000,0.0000,-0.0000,-0.0000,-0.0000,0.0000,0.2759,0.1893,1.0884,0.8020,-0.2600,0.0100,0.8020,-0.2600,0.2300,False,0.0352,-0.0497,-0.0787,0.0474,-0.0411,-0.0310,-0.7086,grasp,0.8020,-0.2600,0.0100,0.0000,0.0000,0.0000,False,,0.0500,0.0000,False
106,0.0,1.2813,-0.0280,False,False,False,-0.4493,4.7560,-0.2246,-1.2854,-0.1076,1.4789,0.0960,0.0144,0.0505,-0.0471,-0.1677,0.1756,0.1000,0.2759,0.1893,1.0884,0.8020,-0.2600,0.0100,0.8020,-0.2600,0.2300,False,0.0354,0.0053,0.0186,-0.0174,-0.0619,0.0648,1.7889,grasp,0.8020,-0.2600,0.0100,0.0000,0.0000,0.0000,False,,0.0500,0.0000,True
107,0.0,1.2792,-0.0085,False,False,False,-0.4485,4.7568,-0.2238,-1.2861,-0.1091,1.4810,-0.0359,0.0716,0.0141,-0.0124,0.0580,-0.0177,0.1595,0.2772,0.1865,1.0878,0.8020,-0.2600,0.0100,0.8020,-0.2600,0.2300,False,-0.0347,0.0718,0.0147,-0.0130,0.0559,-0.0155,2.2369,grasp,0.8020,-0.2600,0.0100,0.0000,0.0000,0.0000,False,,0.0500,0.0000,True
108,0.0,1.2792,-0.0086,False,False,False,-0.4488,4.7583,-0.2232,-1.2861,-0.1087,1.4804,0.0302,-0.0153,0.0304,0.0197,-0.0669,-0.0232,0.2188,0.2772,0.1865,1.0878,0.8020,-0.2600,0.0100,0.8020,-0.2600,0.2300,False,0.0295,-0.0111,0.0306,0.0195,-0.0658,-0.0236,2.6353,grasp,0.8020,-0.2600,0.0100,0.0000,0.0000,0.0000,False,,0.0500,0.0000,True
109,0.0,1.2771,-0.0137,False,False,False,-0.4480,4.7565,-0.2215,-1.2842,-0.1096,1.4801,0.0188,-0.0973,0.0764,0.1048,0.0233,0.0079,0.2979,0.2812,0.1859,1.0874,0.8020,-0.2600,0.0100,0.8020,-0.2600,0.2300,False,0.0105,-0.0515,0.0408,0.0555,0.0110,0.0037,1.0565,grasp,0.8020,-0.2600,0.0100,0.0000,0.0000,0.0000,False,,0.0500,0.0000,True
110,0.0,1.2785,-0.0025,False,False,False,-0.4474,4.7532,-0.2190,-1.2808,-0.1088,1.4804,0.0000,-0.0000,-0.0000,0.0000,-0.0000,0.0000,0.3574,0.2789,0.1875,1.0873,0.8020,-0.2600,0.0100,0.8020,-0.2600,0.2300,False,-0.0156,-0.0603,0.0532,-0.0006,-0.0630,0.0429,0.1879,grasp,0.8020,-0.2600,0.0100,0.0000,0.0000,0.0000,False,,0.0500,0.0000,False
111,0.0,1.2785,-0.0302,False,False,False,-0.4483,4.7500,-0.2161,-1.2809,-0.1124,1.4828,-0.0432,-0.1573,0.1406,-0.0067,-0.1718,0.1159,0.3765,0.2789,0.1875,1.0873,0.8020,-0.2600,0.0100,0.8020,-0.2600,0.2300,False,0.0394,0.0058,0.0577,0.0200,0.0124,0.0455,1.0521,grasp,0.8020,-0.2600,0.0100,0.0000,0.0000,0.0000,False,,0.0500,0.0000,True
112,0.0,1.3534,-0.0865,False,False,False,-0.4089,4.7587,-0.1606,-1.2607,-0.0978,1.5265,-0.0795,0.0225,0.0157,0.0091,-0.0718,0.0240,0.5619,0.2081,0.3409,1.0673,0.8020,-0.2600,0.0100,0.8020,-0.2600,0.2300,False,-0.0795,0.0225,0.0157,0.0091,-0.0718,0.0240,2.2086,grasp,0.8020,-0.2600,0.0100,0.0000,0.0000,0.0000,False,,0.0500,0.0000,False
113,0.0,1.3534,-0.0217,False,False,False,-0.4082,4.7595,-0.1592,-1.2594,-0.1001,1.5263,0.1470,0.0178,0.0705,0.0745,-0.0636,-0.0459,0.5945,0.2081,0.3409,1.0673,0.8020,-0.2600,0.0100,0.8020,-0.2600,0.2300,False,0.0759,0.0101,0.0374,0.0394,-0.0348,-0.0237,1.9632,grasp,0.8020,-0.2600,0.0100,0.0000,0.0000,0.0000,False,,0.0500,0.0000,False
114,0.0,1.3530,-0.0133,False,False,False,-0.4068,4.7600,-0.1586,-1.2580,-0.1018,1.5261,-0.0727,0.0261,-0.0361,0.0392,-0.0771,0.0483,0.5600,0.2099,0.3418,1.0674,0.8020,-0.2600,0.0100,0.8020,-0.2600,0.2300,False,-0.0706,0.0264,-0.0351,0.0403,-0.0780,0.0477,-0.4038,grasp,0.8020,-0.2600,0.0100,0.0000,0.0000,0.0000,False,,0.0500,0.0000,False
115,0.0,1.3535,-0.0291,False,False,False,-0.4082,4.7605,-0.1593,-1.2572,-0.1033,1.5270,-0.1382,0.0496,-0.0686,0.0745,-0.1465,0.0918,0.5400,0.2105,0.3436,1.0672,0.8020,-0.2600,0.0100,0.8020,-0.2600,0.2300,False,0.0209,0.0008,0.0454,-0.0388,-0.0602,0.0614,2.8910,grasp,0.8020,-0.2600,0.0100,0.0000,0.0000,0.0000,False,,0.0500,0.0000,True
116,0.0,1.3535,-0.0304,False,False,False,-0.4090,4.7622,-0.1564,-1.2605,-0.1072,1.5296,-0.0977,0.1181,0.0984,-0.1390,-0.1445,0.0565,0.5883,0.2105,0.3436,1.0672,0.8020,-0.2600,0.0100,0.8020,-0.2600,0.2300,False,-0.0510,0.0617,0.0527,-0.0739,-0.0772,0.0309,1.2488,grasp,0.8020,-0.2600,0.0100,0.0000,0.0000,0.0000,False,,0.0500,0.0000,False
117,0.0,1.3554,-0.0173,False,False,False,-0.4099,4.7643,-0.1544,-1.2618,-0.1085,1.5306,0.0492,-0.0280,0.0640,0.0654,0.0714,0.0144,0.5572,0.2114,0.3485,1.0675,0.8020,-0.2600,0.0100,0.8020,-0.2600,0.2300,False,0.0478,-0.0184,0.0654,0.0634,0.0693,0.0152,0.2918,grasp,0.8020,-0.2600,0.0100,0.0000,0.0000,0.0000,False,,0.0500,0.0000,False
118,0.0,1.3545,-0.0097,False,False,False,-0.4086,4.7646,-0.1528,-1.2606,-0.1074,1.5312,0.0340,0.0757,0.0343,-0.0028,-0.0220,0.0311,0.5829,0.2160,0.3510,1.0674,0.8020,-0.2600,0.0100,0.8020,-0.2600,0.2300,False,0.0349,0.0752,0.0355,-0.0015,-0.0207,0.0314,2.6972,grasp,0.8020,-0.2600,0.0100,0.0000,0.0000,0.0000,False,,0.0500,0.0000,True
119,0.0,1.3545,-0.0157,False,False,False,-0.4076,4.7674,-0.1514,-1.2601,-0.1076,1.5307,0.0253,0.0733,0.0500,0.0362,0.0153,-0.0686,0.6311,0.2160,0.3510,1.0674,0.8020,-0.2600,0.0100,0.8020,-0.2600,0.2300,False,0.0140,0.0414,0.0269,0.0190,0.0076,-0.0355,2.4954,grasp,0.8020,-0.2600,0.0100,0.0000,0.0000,0.0000,False,,0.0500,0.0000,False
120,0.0,1.3545,-0.0132,False,False,False,-0.4079,4.7687,-0.1513,-1.2591,-0.1077,1.5303,-0.0667,0.0047,-0.0598,0.0471,-0.0345,0.0578,0.6290,0.2176,0.3532,1.0670,0.8020,-0.2600,0.0100,0.8020,-0.2600,0.2300,False,-0.0664,0.0077,-0.0591,0.0476,-0.0343,0.0568,1.4359,grasp,0.8020,-0.2600,0.0100,0.0000,0.0000,0.0000,False,,0.0500,0.0000,False
121,0.0,1.3551,-0.0152,False,False,False,-0.4079,4.7687,-0.1513,-1.2591,-0.1077,1.5303,-0.0667,0.0047,-0.0598,0.0471,-0.0345,0.0578,0.6290,0.2193,0.3561,1.0670,0.8020,-0.2600,0.0100,0.8020,-0.2600,0.2300,False,0.0585,0.0789,0.0565,-0.0293,0.0128,-0.0296,1.8139,grasp,0.8020,-0.2600,0.0100,0.0000,0.0000,0.0000,False,,0.0500,0.0000,False
122,0.0,1.3551,-0.0098,False,False,False,-0.4097,4.7681,-0.1523,-1.2583,-0.1082,1.5310,-0.0563,-0.0658,0.0154,-0.0030,0.0203,-0.0469,0.5881,0.2193,0.3561,1.0670,0.8020,-0.2600,0.0100,0.8020,-0.2600,0.2300,False,-0.0563,-0.0658,0.0154,-0.0030,0.0203,-0.0469,0.2400,grasp,0.8020,-0.2600,0.0100,0.0000,0.0000,0.0000,False,,0.0500,0.0000,False
123,0.0,1.3551,-0.0274,False,False,False,-0.4143,4.7629,-0.1510,-1.2585,-0.1065,1.5272,-0.1935,-0.2265,0.0531,-0.0103,0.0698,-0.1612,0.5454,0.2193,0.3561,1.0670,0.8020,-0.2600,0.0100,0.8020,-0.2600,0.2300,False,-0.0562,0.0637,0.0002,-0.0296,0.0386,-0.0735,-2.9212,grasp,0.8020,-0.2600,0.0100,0.0000,0.0000,0.0000,False,,0.0500,0.0000,False
124,0.0,1.3536,-0.0014,False,False,False,-0.4148,4.7632,-0.1510,-1.2588,-0.1062,1.5265,0.0000,0.0000,-0.0000,0.0000,-0.0000,0.0000,0.5252,0.2205,0.3540,1.0669,0.8020,-0.2600,0.0100,0.8020,-0.2600,0.2300,False,-0.0069,0.0503,0.0363,-0.0772,0.0027,0.0262,2.8721,grasp,0.8020,-0.2600,0.0100,0.0000,0.0000,0.0000,False,,0.0500,0.0000,True
125,0.0,1.3566,-0.0168,False,False,False,-0.4154,4.7631,-0.1508,-1.2590,-0.1054,1.5273,-0.0471,-0.0633,-0.0172,0.0515,0.0716,0.0552,0.5759,0.2159,0.3558,1.0673,0.8020,-0.2600,0.0100,0.8020,-0.2600,0.2300,False,-0.0472,-0.0625,-0.0168,0.0508,0.0716,0.0554,2.4068,grasp,0.8020,-0.2600,0.0100,0.0000,0.0000,0.0000,False,,0.0500,0.0000,True
126,0.0,1.3566,-0.0020,False,False,False,-0.4175,4.7599,-0.1516,-1.2567,-0.1021,1.5298,-0.0000,0.0000,-0.0000,0.0000,-0.0000,0.0000,0.5886,0.2159,0.3558,1.0673,0.8020,-0.2600,0.0100,0.8020,-0.2600,0.2300,False,-0.0410,-0.0439,0.0476,0.0303,0.0359,-0.0451,0.6272,grasp,0.8020,-0.2600,0.0100,0.0000,0.0000,0.0000,False,,0.0500,0.0000,False
127,0.0,1.3566,-0.0179,False,False,False,-0.4191,4.7590,-0.1508,-1.2553,-0.1005,1.5291,-0.0421,0.0269,-0.0583,0.0543,0.0692,0.0657,0.6048,0.2159,0.3558,1.0673,0.8020,-0.2600,0.0100,0.8020,-0.2600,0.2300,False,-0.0428,0.0262,-0.0574,0.0548,0.0699,0.0648,2.8429,grasp,0.8020,-0.2600,0.0100,0.0000,0.0000,0.0000,False,,0.0500,0.0000,True
128,0.0,1.3623,-0.0614,False,False,False,-0.4225,4.7612,-0.1555,-1.2510,-0.0949,1.5344,-0.1447,0.0926,-0.2006,0.1867,0.2381,0.2261,0.6474,0.2081,0.3598,1.0678,0.8020,-0.2600,0.0100,0.8020,-0.2600,0.2300,False,0.0606,-0.0192,-0.0654,-0.0485,-0.0496,-0.0739,-2.2439,grasp,0.8020,-0.2600,0.0100,0.0000,0.0000,0.0000,False,,0.0500,0.0000,False
129,0.0,1.3623,-0.0128,False,False,False,-0.4221,4.7604,-0.1554,-1.2510,-0.0949,1.5334,-0.0241,-0.0531,0.0712,0.0429,0.0597,-0.0214,0.5674,0.2081,0.3598,1.0678,0.8020,-0.2600,0.0100,0.8020,-0.2600,0.2300,False,-0.0234,-0.0535,0.0706,0.0424,0.0591,-0.0222,-2.3432,grasp,0.8020,-0.2600,0.0100,0.0000,0.0000,0.0000,False,,0.0500,0.0000,False
130,0.0,1.3623,-0.0081,False,False,False,-0.4246,4.7559,-0.1499,-1.2475,-0.0898,1.5315,-0.0636,-0.0186,-0.0212,0.0113,0.0285,-0.0158,0.5021,0.2081,0.3598,1.0678,0.8020,-0.2600,0.0100,0.8020,-0.2600,0.2300,False,-0.0651,-0.0221,-0.0169,0.0139,0.0322,-0.0171,0.6223,grasp,0.8020,-0.2600,0.0100,0.0000,0.0000,0.0000,False,,0.0500,0.0000,False
131,0.0,1.3683,-0.0248,False,False,False,-0.4258,4.7556,-0.1503,-1.2473,-0.0892,1.5312,-0.1208,-0.0356,-0.0403,0.0214,0.0542,-0.0300,0.4998,0.1976,0.3630,1.0678,0.8020,-0.2600,0.0100,0.8020,-0.2600,0.2300,False,0.0585,-0.0399,-0.0522,-0.0420,-0.0563,0.0161,1.6474,grasp,0.8020,-0.2600,0.0100,0.0000,0.0000,0.0000,False,,0.0500,0.0000,False
132,0.0,1.3683,-0.0115,False,False,False,-0.4264,4.7551,-0.1512,-1.2472,-0.0895,1.5303,0.0548,0.0493,0.0171,0.0133,-0.0484,-0.0704,0.4790,0.1976,0.3630,1.0678,0.8020,-0.2600,0.0100,0.8020,-0.2600,0.2300,False,0.0554,0.0485,0.0166,0.0129,-0.0490,-0.0702,-1.7194,grasp,0.8020,-0.2600,0.0100,0.0000,0.0000,0.0000,False,,0.0500,0.0000,False
133,0.0,1.3683,-0.0351,False,False,False,-0.4239,4.7574,-0.1504,-1.2466,-0.0917,1.5270,0.1484,0.1330,0.0463,0.0361,-0.1312,-0.1907,0.4390,0.1976,0.3630,1.0678,0.8020,-0.2600,0.0100,0.8020,-0.2600,0.2300,False,0.0287,0.0796,-0.0333,0.0610,-0.0407,0.0704,1.8000,grasp,0.8020,-0.2600,0.0100,0.0000,0.0000,0.0000,False,,0.0500,0.0000,True
134,0.0,1.3746,-0.0164,False,False,False,-0.4252,4.7596,-0.1506,-1.2457,-0.0928,1.5272,-0.0864,0.1382,-0.0098,0.0605,-0.0688,0.0098,0.3980,0.1903,0.3704,1.0673,0.8020,-0.2600,0.0100,0.8020,-0.2600,0.2300,False,-0.0455,0.0726,-0.0052,0.0319,-0.0362,0.0052,-1.7867,grasp,0.8020,-0.2600,0.0100,0.0000,0.0000,0.0000,False,,0.0500,0.0000,False
135,0.0,1.3746,-0.0147,False,False,False,-0.4276,4.7652,-0.1502,-1.2445,-0.0957,1.5272,0.0384,0.0156,0.0726,-0.0727,-0.0716,-0.0305,0.3192,0.1903,0.3704,1.0673,0.8020,-0.2600,0.0100,0.8020,-0.2600,0.2300,False,0.0369,0.0283,0.0725,-0.0716,-0.0729,-0.0304,-1.9611,grasp,0.8020,-0.2600,0.0100,0.0000,0.0000,0.0000,False,,0.0500,0.0000,False
136,0.0,1.3746,-0.0407,False,False,False,-0.4259,4.7662,-0.1468,-1.2478,-0.0990,1.5258,0.1041,0.0618,0.1969,-0.1970,-0.1941,-0.0828,0.2871,0.1903,0.3704,1.0673,0.8020,-0.2600,0.0100,0.8020,-0.2600,0.2300,False,-0.0749,0.0253,-0.0172,-0.0740,0.0617,0.0404,2.6187,grasp,0.8020,-0.2600,0.0100,0.0000,0.0000,0.0000,False,,0.0500,0.0000,True
137,0.0,1.3794,-0.0324,False,False,False,-0.4240,4.7647,-0.1479,-1.2489,-0.0971,1.5259,0.1188,-0.1155,-0.0691,-0.0719,0.1298,0.0068,0.3369,0.1861,0.3775,1.0669,0.8020,-0.2600,0.0100,0.8020,-0.2600,0.2300,False,0.0625,-0.0602,-0.0364,-0.0378,0.0683,0.0036,-0.1547,grasp,0.8020,-0.2600,0.0100,0.0000,0.0000,0.0000,False,,0.0500,0.0000,False
138,0.0,1.3794,-0.0111,False,False,False,-0.4197,4.7594,-0.1507,-1.2514,-0.0925,1.5259,0.0506,-0.0489,-0.0553,-0.0153,0.0359,-0.0215,0.3728,0.1861,0.3775,1.0669,0.8020,-0.2600,0.0100,0.8020,-0.2600,0.2300,False,0.0527,-0.0638,-0.0565,-0.0166,0.0383,-0.0214,0.7115,grasp,0.8020,-0.2600,0.0100,0.0000,0.0000,0.0000,False,,0.0500,0.0000,False
139,0.0,1.3794,-0.0332,False,False,False,-0.4174,4.7569,-0.1532,-1.2521,-0.0908,1.5249,0.1370,-0.1581,-0.1498,-0.0415,0.0973,-0.0582,0.3952,0.1861,0.3775,1.0669,0.8020,-0.2600,0.0100,0.8020,-0.2600,0.2300,False,-0.0763,0.0684,-0.0134,-0.0433,0.0686,-0.0178,1.5926,grasp,0.8020,-0.2600,0.0100,0.0000,0.0000,0.0000,False,,0.0500,0.0000,True
140,0.0,1.3838,-0.0210,False,False,False,-0.4197,4.7548,-0.1535,-1.2521,-0.0898,1.5248,-0.1514,-0.0840,-0.0179,-0.0023,0.0710,-0.0078,0.3552,0.1809,0.3831,1.0662,0.8020,-0.2600,0.0100,0.8020,-0.2600,0.2300,False,-0.0797,-0.0450,-0.0094,-0.0012,0.0374,-0.0041,-2.8430,grasp,0.8020,-0.2600,0.0100,0.0000,0.0000,0.0000,False,,0.0500,0.0000,False
141,0.0,1.3838,-0.0024,False,False,False,-0.4278,4.7500,-0.1545,-1.2523,-0.0859,1.5243,0.0000,-0.0000,-0.0000,0.0000,-0.0000,0.0000,0.3152,0.1809,0.3831,1.0662,0.8020,-0.2600,0.0100,0.8020,-0.2600,0.2300,False,-0.0304,0.0609,-0.0196,-0.0330,-0.0209,0.0548,2.9391,grasp,0.8020,-0.2600,0.0100,0.0000,0.0000,0.0000,False,,0.0500,0.0000,True
142,0.0,1.3838,-0.0206,False,False,False,-0.4286,4.7518,-0.1550,-1.2532,-0.0866,1.5259,-0.0515,0.1216,-0.0366,-0.0626,-0.0427,0.1044,0.3551,0.1809,0.3831,1.0662,0.8020,-0.2600,0.0100,0.8020,-0.2600,0.2300,False,-0.0673,-0.0646,-0.0154,-0.0081,0.0128,-0.0473,-0.2221,grasp,0.8020,-0.2600,0.0100,0.0000,0.0000,0.0000,False,,0.0500,0.0000,False
143,0.0,1.3821,-0.0279,False,False,False,-0.4306,4.7537,-0.1562,-1.2521,-0.0848,1.5272,-0.1265,0.1188,-0.0770,0.0743,0.1149,0.0815,0.4180,0.1815,0.3806,1.0659,0.8020,-0.2600,0.0100,0.8020,-0.2600,0.2300,False,-0.0666,0.0625,-0.0405,0.0391,0.0605,0.0429,2.0378,grasp,0.8020,-0.2600,0.0100,0.0000,0.0000,0.0000,False,,0.0500,0.0000,True
144,0.0,1.3820,-0.0066,False,False,False,-0.4347,4.7579,-0.1592,-1.2499,-0.0811,1.5295,-0.0013,-0.0108,-0.0486,-0.0256,-0.0041,-0.0345,0.4792,0.1832,0.3826,1.0655,0.8020,-0.2600,0.0100,0.8020,-0.2600,0.2300,False,-0.0036,-0.0039,-0.0500,-0.0242,-0.0021,-0.0331,1.3156,grasp,0.8020,-0.2600,0.0100,0.0000,0.0000,0.0000,False,,0.0500,0.0000,False
145,0.0,1.3820,-0.0144,False,False,False,-0.4347,4.7576,-0.1614,-1.2511,-0.0813,1.5279,-0.0035,-0.0201,-0.1317,-0.0693,-0.0112,-0.0936,0.4960,0.1832,0.3826,1.0655,0.8020,-0.2600,0.0100,0.8020,-0.2600,0.2300,False,-0.0041,-0.0197,0.0528,0.0774,0.0309,0.0400,-2.3870,grasp,0.8020,-0.2600,0.0100,0.0000,0.0000,0.0000,False,,0.0500,0.0000,False
146,0.0,1.3840,-0.0285,False,False,False,-0.4341,4.7537,-0.1632,-1.2522,-0.0782,1.5235,0.0280,-0.1905,-0.0850,-0.0530,0.1512,-0.2115,0.5468,0.1799,0.3845,1.0650,0.8020,-0.2600,0.0100,0.8020,-0.2600,0.2300,False,0.0103,-0.0699,-0.0314,-0.0196,0.0558,-0.0781,2.2348,grasp,0.8020,-0.2600,0.0100,0.0000,0.0000,0.0000,False,,0.0500,0.0000,True
147,0.0,1.3883,-0.0590,False,False,False,-0.4334,4.7485,-0.1655,-1.2537,-0.0740,1.5176,0.0423,-0.2877,-0.1284,-0.0801,0.2285,-0.3196,0.5730,0.1751,0.3892,1.0649,0.8020,-0.2600,0.0100,0.8020,-0.2600,0.2300,False,0.0088,0.0141,-0.0588,0.0579,-0.0659,0.0697,0.0490,grasp,0.8020,-0.2600,0.0100,0.0000,0.0000,0.0000,False,,0.0500,0.0000,False
148,0.0,1.3883,-0.0279,False,False,False,-0.4331,4.7476,-0.1672,-1.2520,-0.0760,1.5197,0.0159,0.0481,-0.1093,0.1114,-0.1295,0.1385,0.5278,0.1751,0.3892,1.0649,0.8020,-0.2600,0.0100,0.8020,-0.2600,0.2300,False,0.0553,0.0744,0.0463,0.0450,0.0247,0.0119,-2.5725,grasp,0.8020,-0.2600,0.0100,0.0000,0.0000,0.0000,False,,0.0500,0.0000,False
149,0.0,1.3913,-0.0326,False,False,False,-0.4343,4.7465,-0.1658,-1.2535,-0.0744,1.5218,-0.0761,-0.0708,0.0906,-0.0974,0.1030,0.1361,0.5317,0.1705,0.3913,1.0648,0.8020,-0.2600,0.0100,0.8020,-0.2600,0.2300,False,-0.0400,-0.0373,0.0477,-0.0513,0.0542,0.0716,1.5399,grasp,0.8020,-0.2600,0.0100,0.0000,0.0000,0.0000,False,,0.0500,0.0000,False
150,0.0,1.3878,0.0013,False,False,False,-0.4367,4.7442,-0.1629,-1.2566,-0.0711,1.5262,-0.0000,-0.0000,-0.0000,0.0000,-0.0000,0.0000,0.5239,0.1746,0.3877,1.0649,0.8020,-0.2600,0.0100,0.8020,-0.2600,0.2300,False,-0.0616,-0.0572,-0.0466,0.0661,0.0713,-0.0099,-1.5062,grasp,0.8020,-0.2600,0.0100,0.0000,0.0000,0.0000,False,,0.0500,0.0000,False
151,0.0,1.3878,-0.0026,False,False,False,-0.4385,4.7424,-0.1643,-1.2547,-0.0691,1.5259,-0.0000,-0.0000,-0.0000,0.0000,-0.0000,0.0000,0.4639,0.1746,0.3877,1.0649,0.8020,-0.2600,0.0100,0.8020,-0.2600,0.2300,False,-0.0541,-0.0272,-0.0688,-0.0306,-0.0787,-0.0014,-1.9254,grasp,0.8020,-0.2600,0.0100,0.0000,0.0000,0.0000,False,,0.0500,0.0000,False
152,0.0,1.3877,-0.0027,False,False,False,-0.4390,4.7422,-0.1650,-1.2550,-0.0699,1.5258,0.0000,-0.0000,-0.0000,0.0000,-0.0000,0.0000,0.4331,0.1725,0.3858,1.0648,0.8020,-0.2600,0.0100,0.8020,-0.2600,0.2300,False,-0.0174,-0.0295,-0.0639,0.0362,-0.0279,-0.0285,-0.5050,grasp,0.8020,-0.2600,0.0100,0.0000,0.0000,0.0000,False,,0.0500,0.0000,False
153,0.0,1.3866,-0.0052,False,False,False,-0.4395,4.7412,-0.1673,-1.2541,-0.0706,1.5258,0.0045,-0.0104,-0.0480,-0.0210,0.0069,0.0776,0.4180,0.1712,0.3821,1.0647,0.8020,-0.2600,0.0100,0.8020,-0.2600,0.2300,False,0.0042,-0.0119,-0.0492,-0.0204,0.0064,0.0771,0.2565,grasp,0.8020,-0.2600,0.0100,0.0000,0.0000,0.0000,False,,0.0500,0.0000,False
154,0.0,1.3866,-0.0277,False,False,False,-0.4391,4.7403,-0.1711,-1.2558,-0.0700,1.5320,0.0155,-0.0384,-0.1650,-0.0724,0.0236,0.2668,0.4220,0.1712,0.3821,1.0647,0.8020,-0.2600,0.0100,0.8020,-0.2600,0.2300,False,0.0237,0.0352,0.0564,-0.0761,0.0015,-0.0168,-2.4675,grasp,0.8020,-0.2600,0.0100,0.0000,0.0000,0.0000,False,,0.0500,0.0000,False
155,0.0,1.3460,-0.0117,False,False,False,-0.4518,4.7556,-0.2260,-1.2840,-0.1038,1.4758,-0.0493,-0.0135,-0.0370,0.0386,0.0311,0.0470,0.0399,0.2273,0.3487,1.0640,0.8020,-0.2600,0.0099,0.8020,-0.2600,0.2299,False,-0.0493,-0.0135,-0.0370,0.0386,0.0311,0.0470,1.7626,grasp,0.8020,-0.2600,0.0099,0.0000,0.0000,0.0000,False,,0.0500,0.0000,True
156,0.0,1.3460,-0.0086,False,False,False,-0.4531,4.7553,-0.2265,-1.2837,-0.1037,1.4763,-0.0330,-0.0023,0.0170,-0.0374,-0.0459,-0.0398,0.0998,0.2273,0.3487,1.0640,0.8020,-0.2600,0.0099,0.8020,-0.2600,0.2299,False,-0.0339,-0.0026,0.0163,-0.0367,-0.0453,-0.0389,0.3230,grasp,0.8020,-0.2600,0.0099,0.0000,0.0000,0.0000,False,,0.0500,0.0000,True
157,0.0,1.3449,-0.0250,False,False,False,-0.4531,4.7535,-0.2268,-1.2860,-0.1024,1.4770,0.0372,-0.1215,-0.0417,-0.1086,0.1408,0.1002,0.1782,0.2274,0.3460,1.0640,0.8020,-0.2600,0.0099,0.8020,-0.2600,0.2299,False,0.0190,-0.0637,-0.0216,-0.0579,0.0732,0.0520,0.2162,grasp,0.8020,-0.2600,0.0099,0.0000,0.0000,0.0000,False,,0.0500,0.0000,True
158,0.0,1.3449,-0.0109,False,False,False,-0.4529,4.7510,-0.2281,-1.2874,-0.1007,1.4777,-0.0352,-0.0123,-0.0640,0.0206,-0.0311,-0.0798,0.2049,0.2274,0.3460,1.0640,0.8020,-0.2600,0.0099,0.8020,-0.2600,0.2299,False,-0.0347,-0.0202,-0.0646,0.0190,-0.0291,-0.0784,-2.7118,grasp,0.8020,-0.2600,0.0099,0.0000,0.0000,0.0000,False,,0.0500,0.0000,False
159,0.0,1.3448,-0.0196,False,False,False,-0.4530,4.7502,-0.2285,-1.2866,-0.1019,1.4756,0.0604,-0.0502,0.0742,0.0360,-0.0653,-0.0592,0.2179,0.2259,0.3448,1.0638,0.8020,-0.2600,0.0099,0.8020,-0.2600,0.2299,False,0.0597,-0.0508,0.0730,0.0364,-0.0659,-0.0607,-0.4925,grasp,0.8020,-0.2600,0.0099,0.0000,0.0000,0.0000,False,,0.0500,0.0000,False
160,0.0,1.3453,-0.0193,False,False,False,-0.4508,4.7501,-0.2272,-1.2861,-0.1020,1.4766,0.0713,0.0579,-0.0026,-0.0103,0.0794,0.1400,0.2431,0.2252,0.3461,1.0633,0.8020,-0.2600,0.0099,0.8020,-0.2600,0.2299,False,0.0387,0.0294,0.0000,-0.0047,0.0406,0.0725,-0.9535,grasp,0.8020,-0.2600,0.0099,0.0000,0.0000,0.0000,False,,0.0500,0.0000,False
161,0.0,1.3453,-0.0140,False,False,False,-0.4493,4.7517,-0.2279,-1.2861,-0.1001,1.4788,0.0477,0.0755,-0.0746,0.0130,0.0678,0.0212,0.2604,0.2252,0.3461,1.0633,0.8020,-0.2600,0.0099,0.8020,-0.2600,0.2299,False,0.0487,0.0766,-0.0746,0.0128,0.0689,0.0232,-0.6329,grasp,0.8020,-0.2600,0.0099,0.0000,0.0000,0.0000,False,,0.0500,0.0000,False
162,0.0,0.0546,1.2722,False,False,False,-0.4016,4.8273,-0.3023,-1.2740,-0.0333,1.4991,0.0441,0.0571,-0.0533,-0.0749,-0.0291,-0.0734,0.3594,0.7965,-0.2425,0.0613,0.8020,-0.2600,0.0099,0.8020,-0.2600,0.2299,False,0.0441,0.0571,-0.0533,-0.0749,-0.0291,-0.0734,1.3122,grasp,0.8020,-0.2600,0.0099,0.0000,0.0000,0.0000,False,,0.0500,0.0000,True
163,0.0,0.0539,-0.0281,False,False,False,-0.4008,4.8284,-0.3033,-1.2755,-0.0339,1.4977,0.0839,0.1085,-0.1013,-0.1423,-0.0553,-0.1394,0.3794,0.7970,-0.2437,0.0610,0.8020,-0.2600,0.0099,0.8020,-0.2600,0.2299,False,-0.0205,-0.0724,-0.0582,-0.0165,0.0593,0.0652,2.2272,grasp,0.8020,-0.2600,0.0099,0.0000,0.0000,0.0000,False,,0.0500,0.0000,True
164,0.0,0.0539,-0.0423,False,False,False,-0.4037,4.8233,-0.3006,-1.2783,-0.0366,1.5041,-0.1093,-0.1959,0.1022,-0.1079,-0.1013,0.2450,0.3306,0.7970,-0.2437,0.0610,0.8020,-0.2600,0.0099,0.8020,-0.2600,0.2299,False,-0.0318,-0.0569,0.0297,-0.0314,-0.0294,0.0712,-1.3219,grasp,0.8020,-0.2600,0.0099,0.0000,0.0000,0.0000,False,,0.0500,0.0000,False
165,0.0,0.0497,14.9891,True,False,False,-0.4048,4.8212,-0.3000,-1.2789,-0.0385,1.5076,0.0209,0.0550,-0.0563,0.0693,-0.0733,0.0542,0.3607,0.7968,-0.2468,0.0575,0.8020,-0.2600,0.0099,0.8020,-0.2600,0.2299,False,0.0196,0.0496,-0.0550,0.0681,-0.0745,0.0571,2.8885,grasp,0.8020,-0.2600,0.0099,0.0000,0.0000,0.0000,False,,0.0500,0.0000,True
166,0.0,1.3884,-0.0025,False,False,False,-0.4513,4.7557,-0.2256,-1.2844,-0.1041,1.4753,0.0000,-0.0000,-0.0000,0.0000,-0.0000,0.0000,0.0200,0.1657,0.3734,1.0690,0.8020,-0.2600,0.0100,0.8020,-0.2600,0.2300,False,0.0171,-0.0549,0.0244,0.0623,-0.0709,0.0020,-0.5972,grasp,0.8020,-0.2600,0.0100,0.0000,0.0000,0.0000,False,,0.0500,0.0000,False
167,0.0,1.3884,-0.0324,False,False,False,-0.4484,4.7542,-0.2229,-1.2817,-0.1030,1.4714,0.1322,-0.0461,0.1207,0.0985,0.0853,-0.1893,0.1195,0.1688,0.3767,1.0690,0.8020,-0.2600,0.0100,0.8020,-0.2600,0.2300,False,0.0490,-0.0176,0.0448,0.0370,0.0308,-0.0698,2.2549,grasp,0.8020,-0.2600,0.0100,0.0000,0.0000,0.0000,False,,0.0500,0.0000,True
168,0.0,1.3884,-0.0076,False,False,False,-0.4468,4.7535,-0.2218,-1.2800,-0.1023,1.4689,-0.0064,-0.0116,-0.0489,0.0529,-0.0344,-0.0128,0.1792,0.1688,0.3767,1.0690,0.8020,-0.2600,0.0100,0.8020,-0.2600,0.2300,False,-0.0048,-0.0122,-0.0474,0.0542,-0.0333,-0.0152,1.8215,grasp,0.8020,-0.2600,0.0100,0.0000,0.0000,0.0000,False,,0.0500,0.0000,True
169,0.0,1.3888,-0.0030,False,False,False,-0.4469,4.7533,-0.2227,-1.2790,-0.1030,1.4686,-0.0000,-0.0000,-0.0000,0.0000,-0.0000,0.0000,0.2190,0.1717,0.3803,1.0690,0.8020,-0.2600,0.0100,0.8020,-0.2600,0.2300,False,-0.0503,-0.0242,-0.0284,-0.0215,0.0719,0.0249,-1.5078,grasp,0.8020,-0.2600,0.0100,0.0000,0.0000,0.0000,False,,0.0500,0.0000,False
170,0.0,1.3873,-0.0285,False,False,False,-0.4479,4.7553,-0.2212,-1.2759,-0.0988,1.4679,-0.0262,0.1141,0.0900,0.1607,0.1641,-0.0460,0.2996,0.1776,0.3828,1.0691,0.8020,-0.2600,0.0100,0.8020,-0.2600,0.2300,False,-0.0102,0.0417,0.0329,0.0591,0.0613,-0.0167,2.7565,grasp,0.8020,-0.2600,0.0100,0.0000,0.0000,0.0000,False,,0.0500,0.0000,True
171,0.0,1.3873,-0.0124,False,False,False,-0.4480,4.7578,-0.2206,-1.2741,-0.0968,1.4667,0.0262,0.0555,-0.0597,-0.0315,-0.0094,-0.0651,0.2835,0.1776,0.3828,1.0691,0.8020,-0.2600,0.0100,0.8020,-0.2600,0.2300,False,0.0259,0.0619,-0.0586,-0.0295,-0.0073,-0.0657,-2.6064,grasp,0.8020,-0.2600,0.0100,0.0000,0.0000,0.0000,False,,0.0500,0.0000,False
172,0.0,1.3873,-0.0025,False,False,False,-0.4475,4.7589,-0.2217,-1.2747,-0.0970,1.4655,0.0000,-0.0000,-0.0000,0.0000,-0.0000,0.0000,0.2475,0.1776,0.3828,1.0691,0.8020,-0.2600,0.0100,0.8020,-0.2600,0.2300,False,-0.0743,-0.0700,0.0424,-0.0257,-0.0408,-0.0709,-2.3289,grasp,0.8020,-0.2600,0.0100,0.0000,0.0000,0.0000,False,,0.0500,0.0000,False
173,0.0,1.3881,-0.0255,False,False,False,-0.4460,4.7570,-0.2201,-1.2732,-0.0981,1.4655,0.1506,-0.0806,0.0817,0.1136,-0.0426,0.0487,0.2091,0.1780,0.3852,1.0689,0.8020,-0.2600,0.0100,0.8020,-0.2600,0.2300,False,0.0785,-0.0432,0.0434,0.0596,-0.0228,0.0249,-2.0065,grasp,0.8020,-0.2600,0.0100,0.0000,0.0000,0.0000,False,,0.0500,0.0000,False
174,0.0,1.3878,-0.0013,False,False,False,-0.4411,4.7542,-0.2174,-1.2696,-0.0995,1.4671,0.0000,-0.0000,-0.0000,0.0000,-0.0000,0.0000,0.2168,0.1767,0.3829,1.0691,0.8020,-0.2600,0.0100,0.8020,-0.2600,0.2300,False,0.0392,-0.0561,-0.0471,0.0594,0.0451,0.0244,1.0813,grasp,0.8020,-0.2600,0.0100,0.0000,0.0000,0.0000,False,,0.0500,0.0000,True
175,0.0,1.3878,-0.0018,False,False,False,-0.4400,4.7525,-0.2188,-1.2679,-0.0981,1.4678,0.0000,-0.0000,-0.0000,0.0000,-0.0000,0.0000,0.2759,0.1767,0.3829,1.0691,0.8020,-0.2600,0.0100,0.8020,-0.2600,0.2300,False,0.0132,0.0611,0.0048,-0.0477,0.0748,0.0167,-1.3553,grasp,0.8020,-0.2600,0.0100,0.0000,0.0000,0.0000,False,,0.0500,0.0000,False
176,0.0,1.3834,-0.0108,False,False,False,-0.4407,4.7526,-0.2184,-1.2690,-0.0975,1.4684,-0.0783,-0.0554,0.0376,-0.0614,-0.0159,0.0486,0.3356,0.1834,0.3803,1.0688,0.8020,-0.2600,0.0100,0.8020,-0.2600,0.2300,False,-0.0781,-0.0545,0.0377,-0.0619,-0.0151,0.0487,1.1047,grasp,0.8020,-0.2600,0.0100,0.0000,0.0000,0.0000,False,,0.0500,0.0000,True
177,0.0,1.3839,-0.0150,False,False,False,-0.4455,4.7482,-0.2175,-1.2699,-0.0963,1.4722,-0.0791,-0.1197,-0.0559,0.1265,0.1270,0.1018,0.4179,0.1801,0.3785,1.0686,0.8020,-0.2600,0.0100,0.8020,-0.2600,0.2300,False,-0.0438,-0.0646,-0.0284,0.0649,0.0664,0.0549,1.0640,grasp,0.8020,-0.2600,0.0100,0.0000,0.0000,0.0000,False,,0.0500,0.0000,True
178,0.0,1.3839,-0.0008,False,False,False,-0.4466,4.7461,-0.2183,-1.2681,-0.0945,1.4737,0.0000,-0.0000,-0.0000,0.0000,-0.0000,0.0000,0.4496,0.1801,0.3785,1.0686,0.8020,-0.2600,0.0100,0.8020,-0.2600,0.2300,False,-0.0757,0.0377,0.0273,-0.0658,0.0715,0.0484,3.0095,grasp,0.8020,-0.2600,0.0100,0.0000,0.0000,0.0000,False,,0.0500,0.0000,True
179,0.0,1.3829,-0.0300,False,False,False,-0.4457,4.7454,-0.2196,-1.2676,-0.0958,1.4759,0.1099,-0.0771,-0.1006,0.0773,-0.1265,0.1160,0.4134,0.1830,0.3796,1.0684,0.8020,-0.2600,0.0100,0.8020,-0.2600,0.2300,False,0.0571,-0.0399,-0.0527,0.0400,-0.0659,0.0615,-1.7500,grasp,0.8020,-0.2600,0.0100,0.0000,0.0000,0.0000,False,,0.0500,0.0000,False
180,0.0,1.3818,-0.0098,False,False,False,-0.4419,4.7425,-0.2224,-1.2651,-0.0991,1.4801,0.0265,0.0294,0.0390,0.0019,0.0781,0.0416,0.3501,0.1860,0.3805,1.0682,0.8020,-0.2600,0.0100,0.8020,-0.2600,0.2300,False,0.0285,0.0207,0.0371,0.0033,0.0758,0.0437,-1.1721,grasp,0.8020,-0.2600,0.0100,0.0000,0.0000,0.0000,False,,0.0500,0.0000,False
181,0.0,1.3818,-0.0022,False,False,False,-0.4414,4.7431,-0.2217,-1.2650,-0.0976,1.4809,-0.0000,-0.0000,-0.0000,0.0000,-0.0000,0.0000,0.3243,0.1860,0.3805,1.0682,0.8020,-0.2600,0.0100,0.8020,-0.2600,0.2300,False,0.0402,-0.0771,-0.0597,-0.0282,0.0342,0.0733,-1.7165,grasp,0.8020,-0.2600,0.0100,0.0000,0.0000,0.0000,False,,0.0500,0.0000,False
182,0.0,1.3840,-0.0184,False,False,False,-0.4393,4.7418,-0.2224,-1.2675,-0.0973,1.4807,0.1133,-0.0341,-0.0062,-0.1406,-0.0048,-0.0583,0.3693,0.1834,0.3828,1.0682,0.8020,-0.2600,0.0100,0.8020,-0.2600,0.2300,False,0.0600,-0.0192,-0.0039,-0.0743,-0.0022,-0.0300,1.8553,grasp,0.8020,-0.2600,0.0100,0.0000,0.0000,0.0000,False,,0.0500,0.0000,True
183,0.0,1.3840,-0.0058,False,False,False,-0.4356,4.7409,-0.2228,-1.2721,-0.0978,1.4789,-0.0061,0.0410,-0.0221,-0.0124,-0.0259,0.0139,0.4486,0.1853,0.3844,1.0683,0.8020,-0.2600,0.0100,0.8020,-0.2600,0.2300,False,-0.0041,0.0389,-0.0222,-0.0150,-0.0260,0.0128,-2.6544,grasp,0.8020,-0.2600,0.0100,0.0000,0.0000,0.0000,False,,0.0500,0.0000,False
184,0.0,1.3840,-0.0038,False,False,False,-0.4358,4.7417,-0.2232,-1.2724,-0.0982,1.4792,-0.0000,-0.0000,-0.0000,0.0000,-0.0000,0.0000,0.4521,0.1853,0.3844,1.0683,0.8020,-0.2600,0.0100,0.8020,-0.2600,0.2300,False,-0.0524,-0.0694,-0.0183,0.0374,0.0779,0.0599,-2.9854,grasp,0.8020,-0.2600,0.0100,0.0000,0.0000,0.0000,False,,0.0500,0.0000,False
185,0.0,1.3839,-0.0155,False,False,False,-0.4371,4.7416,-0.2221,-1.2735,-0.0976,1.4804,-0.0540,0.0372,0.0853,-0.1015,-0.0079,0.0410,0.3721,0.1836,0.3828,1.0681,0.8020,-0.2600,0.0100,0.8020,-0.2600,0.2300,False,-0.0289,0.0187,0.0447,-0.0530,-0.0034,0.0222,-1.8017,grasp,0.8020,-0.2600,0.0100,0.0000,0.0000,0.0000,False,,0.0500,0.0000,False
186,0.0,1.3867,-0.0279,False,False,False,-0.4364,4.7410,-0.2223,-1.2757,-0.0987,1.4821,0.0949,-0.0867,-0.0902,-0.0485,-0.0669,0.0737,0.3295,0.1786,0.3844,1.0678,0.8020,-0.2600,0.0100,0.8020,-0.2600,0.2300,False,0.0492,-0.0442,-0.0463,-0.0270,-0.0353,0.0394,-1.0301,grasp,0.8020,-0.2600,0.0100,0.0000,0.0000,0.0000,False,,0.0500,0.0000,False
187,0.0,1.3867,-0.0030,False,False,False,-0.4351,4.7393,-0.2236,-1.2764,-0.0997,1.4832,0.0000,-0.0000,-0.0000,0.0000,-0.0000,0.0000,0.3202,0.1786,0.3844,1.0678,0.8020,-0.2600,0.0100,0.8020,-0.2600,0.2300,False,-0.0572,0.0309,-0.0297,-0.0656,0.0173,-0.0235,-0.8582,grasp,0.8020,-0.2600,0.0100,0.0000,0.0000,0.0000,False,,0.0500,0.0000,False
188,0.0,1.3887,-0.0263,False,False,False,-0.4337,4.7405,-0.2235,-1.2777,-0.1014,1.4809,0.1315,0.0548,0.0250,-0.0396,-0.1282,-0.1319,0.3259,0.1760,0.3867,1.0675,0.8020,-0.2600,0.0100,0.8020,-0.2600,0.2300,False,0.0686,0.0292,0.0129,-0.0215,-0.0673,-0.0697,-0.3990,grasp,0.8020,-0.2600,0.0100,0.0000,0.0000,0.0000,False,,0.0500,0.0000,False
189,0.0,1.3889,-0.0292,False,False,False,-0.4299,4.7392,-0.2235,-1.2805,-0.1012,1.4786,0.1231,-0.1467,-0.0283,-0.1453,0.1355,-0.0283,0.3136,0.1736,0.3844,1.0678,0.8020,-0.2600,0.0100,0.8020,-0.2600,0.2300,False,0.0667,-0.0758,-0.0145,-0.0770,0.0695,-0.0168,-0.9877,grasp,0.8020,-0.2600,0.0100,0.0000,0.0000,0.0000,False,,0.0500,0.0000,False
190,0.0,1.3889,-0.0025,False,False,False,-0.4281,4.7362,-0.2239,-1.2825,-0.0993,1.4782,0.0000,-0.0000,-0.0000,0.0000,-0.0000,0.0000,0.3097,0.1736,0.3844,1.0678,0.8020,-0.2600,0.0100,0.8020,-0.2600,0.2300,False,0.0315,-0.0592,0.0323,-0.0426,0.0604,0.0640,-0.7055,grasp,0.8020,-0.2600,0.0100,0.0000,0.0000,0.0000,False,,0.0500,0.0000,False
191,0.0,1.3936,-0.0258,False,False,False,-0.4299,4.7366,-0.2246,-1.2829,-0.0984,1.4808,-0.1363,0.0554,-0.0657,0.0004,0.0169,0.1295,0.3698,0.1682,0.3891,1.0678,0.8020,-0.2600,0.0100,0.8020,-0.2600,0.2300,False,-0.0714,0.0286,-0.0342,-0.0002,0.0095,0.0688,1.2962,grasp,0.8020,-0.2600,0.0100,0.0000,0.0000,0.0000,False,,0.0500,0.0000,True
192,0.0,1.3948,-0.0295,False,False,False,-0.4336,4.7394,-0.2262,-1.2806,-0.0966,1.4828,-0.1145,0.1359,-0.0419,0.1514,0.1058,0.0074,0.4241,0.1662,0.3902,1.0676,0.8020,-0.2600,0.0100,0.8020,-0.2600,0.2300,False,-0.0622,0.0723,-0.0230,0.0797,0.0559,0.0057,0.9104,grasp,0.8020,-0.2600,0.0100,0.0000,0.0000,0.0000,False,,0.0500,0.0000,False
193,0.0,1.3959,-0.0031,False,False,False,-0.4353,4.7418,-0.2268,-1.2785,-0.0951,1.4829,-0.0000,-0.0000,-0.0000,0.0000,-0.0000,0.0000,0.4133,0.1663,0.3925,1.0676,0.8020,-0.2600,0.0100,0.8020,-0.2600,0.2300,False,-0.0464,-0.0410,0.0752,0.0754,0.0308,-0.0520,-2.4070,grasp,0.8020,-0.2600,0.0100,0.0000,0.0000,0.0000,False,,0.0500,0.0000,False
194,0.0,1.3971,-0.0201,False,False,False,-0.4351,4.7416,-0.2246,-1.2773,-0.0966,1.4805,0.0360,0.0187,0.0939,0.0270,-0.1200,-0.1256,0.4533,0.1659,0.3948,1.0676,0.8020,-0.2600,0.0100,0.8020,-0.2600,0.2300,False,0.0185,0.0094,0.0502,0.0149,-0.0629,-0.0666,2.6864,grasp,0.8020,-0.2600,0.0100,0.0000,0.0000,0.0000,False,,0.0500,0.0000,True
195,0.0,1.3971,-0.0095,False,False,False,-0.4341,4.7418,-0.2230,-1.2763,-0.0987,1.4786,0.0557,-0.0146,0.0306,0.0583,-0.0348,-0.0104,0.4415,0.1659,0.3948,1.0676,0.8020,-0.2600,0.0100,0.8020,-0.2600,0.2300,False,0.0562,-0.0138,0.0319,0.0587,-0.0365,-0.0122,-0.8538,grasp,0.8020,-0.2600,0.0100,0.0000,0.0000,0.0000,False,,0.0500,0.0000,False
196,0.0,1.3966,-0.0140,False,False,False,-0.4337,4.7410,-0.2223,-1.2751,-0.0986,1.4776,-0.0653,-0.0474,0.0025,0.0170,0.0707,-0.0743,0.3899,0.1665,0.3941,1.0677,0.8020,-0.2600,0.0100,0.8020,-0.2600,0.2300,False,-0.0642,-0.0477,0.0031,0.0181,0.0701,-0.0745,-1.3069,grasp,0.8020,-0.2600,0.0100,0.0000,0.0000,0.0000,False,,0.0500,0.0000,False
197,0.0,1.3966,-0.0188,False,False,False,-0.4370,4.7409,-0.2236,-1.2747,-0.0976,1.4773,-0.1383,0.0531,-0.0857,0.0047,-0.0240,0.0705,0.4342,0.1665,0.3941,1.0677,0.8020,-0.2600,0.0100,0.8020,-0.2600,0.2300,False,-0.0740,0.0269,-0.0451,0.0028,-0.0113,0.0357,2.3877,grasp,0.8020,-0.2600,0.0100,0.0000,0.0000,0.0000,False,,0.0500,0.0000,True
198,0.0,1.3965,-0.0089,False,False,False,-0.4389,4.7412,-0.2250,-1.2749,-0.0981,1.4785,0.0085,-0.0535,-0.0130,-0.0312,-0.0153,0.0244,0.4493,0.1652,0.3926,1.0678,0.8020,-0.2600,0.0100,0.8020,-0.2600,0.2300,False,0.0065,-0.0525,-0.0142,-0.0311,-0.0156,0.0254,0.1621,grasp,0.8020,-0.2600,0.0100,0.0000,0.0000,0.0000,False,,0.0500,0.0000,False
199,0.0,1.3965,-0.0122,False,False,False,-0.4394,4.7407,-0.2252,-1.2759,-0.0990,1.4791,-0.0609,0.0749,-0.0018,-0.0338,-0.0525,0.0076,0.4065,0.1652,0.3926,1.0678,0.8020,-0.2600,0.0100,0.8020,-0.2600,0.2300,False,-0.0607,0.0723,-0.0020,-0.0343,-0.0528,0.0080,-1.5233,grasp,0.8020,-0.2600,0.0100,0.0000,0.0000,0.0000,False,,0.0500,0.0000,False
200,0.0,1.3946,-0.0138,False,False,False,-0.4394,4.7419,-0.2251,-1.2759,-0.1016,1.4779,0.0724,-0.0318,0.0131,0.0393,-0.1092,-0.0852,0.4373,0.1655,0.3892,1.0675,0.8020,-0.2600,0.0100,0.8020,-0.2600,0.2300,False,0.0369,-0.0140,0.0069,0.0200,-0.0584,-0.0447,1.3675,grasp,0.8020,-0.2600,0.0100,0.0000,0.0000,0.0000,False,,0.0500,0.0000,True
201,0.0,1.3928,-0.0129,False,False,False,-0.4377,4.7407,-0.2249,-1.2746,-0.1036,1.4760,0.0688,-0.0734,-0.0020,0.0687,-0.0439,-0.0732,0.4906,0.1674,0.3869,1.0676,0.8020,-0.2600,0.0100,0.8020,-0.2600,0.2300,False,0.0699,-0.0740,-0.0019,0.0693,-0.0455,-0.0744,2.6747,grasp,0.8020,-0.2600,0.0100,0.0000,0.0000,0.0000,False,,0.0500,0.0000,True
202,0.0,1.3928,-0.0170,False,False,False,-0.4369,4.7389,-0.2257,-1.2727,-0.1050,1.4753,-0.0548,-0.0252,-0.0749,0.0628,-0.0566,0.0728,0.5311,0.1674,0.3869,1.0676,0.8020,-0.2600,0.0100,0.8020,-0.2600,0.2300,False,-0.0535,-0.0295,-0.0749,0.0641,-0.0574,0.0714,0.9273,grasp,0.8020,-0.2600,0.0100,0.0000,0.0000,0.0000,False,,0.0500,0.0000,False
203,0.0,1.3954,-0.0168,False,False,False,-0.4366,4.7392,-0.2270,-1.2732,-0.1059,1.4768,0.0931,0.0597,0.0088,-0.1105,0.0123,0.0081,0.5618,0.1649,0.3898,1.0678,0.8020,-0.2600,0.0100,0.8020,-0.2600,0.2300,False,0.0480,0.0306,0.0032,-0.0569,0.0054,0.0056,1.9476,grasp,0.8020,-0.2600,0.0100,0.0000,0.0000,0.0000,False,,0.0500,0.0000,False
204,0.0,1.3954,-0.0088,False,False,False,-0.4345,4.7405,-0.2268,-1.2748,-0.1057,1.4767,0.0765,0.0428,0.0014,-0.0038,0.0049,-0.0261,0.5753,0.1665,0.3917,1.0676,0.8020,-0.2600,0.0100,0.8020,-0.2600,0.2300,False,0.0778,0.0439,0.0015,-0.0054,0.0050,-0.0260,1.5411,grasp,0.8020,-0.2600,0.0100,0.0000,0.0000,0.0000,False,,0.0500,0.0000,False
205,0.0,1.3954,-0.0142,False,False,False,-0.4323,4.7411,-0.2267,-1.2756,-0.1052,1.4767,0.0689,-0.0244,0.0100,-0.0682,0.0369,0.0521,0.5902,0.1665,0.3917,1.0676,0.8020,-0.2600,0.0100,0.8020,-0.2600,0.2300,False,0.0704,-0.0233,0.0100,-0.0683,0.0370,0.0516,1.9230,grasp,0.8020,-0.2600,0.0100,0.0000,0.0000,0.0000,False,,0.0500,0.0000,False
206,0.0,1.3932,-0.0096,False,False,False,-0.4312,4.7400,-0.2270,-1.2771,-0.1040,1.4777,-0.0147,-0.0708,-0.0487,-0.0244,0.0521,0.0031,0.6211,0.1697,0.3905,1.0674,0.8020,-0.2600,0.0100,0.8020,-0.2600,0.2300,False,-0.0134,-0.0717,-0.0486,-0.0257,0.0528,0.0041,2.5858,grasp,0.8020,-0.2600,0.0100,0.0000,0.0000,0.0000,False,,0.0500,0.0000,False
207,0.0,1.3939,-0.0125,False,False,False,-0.4312,4.7364,-0.2284,-1.2783,-0.1021,1.4781,0.0603,0.0520,0.0807,-0.0090,-0.0536,0.0242,0.6016,0.1701,0.3923,1.0673,0.8020,-0.2600,0.0100,0.8020,-0.2600,0.2300,False,0.0599,0.0418,0.0794,-0.0097,-0.0522,0.0243,-0.7948,grasp,0.8020,-0.2600,0.0100,0.0000,0.0000,0.0000,False,,0.0500,0.0000,False
208,0.0,1.3939,-0.0090,False,False,False,-0.4304,4.7379,-0.2267,-1.2787,-0.1035,1.4778,-0.0348,0.0393,0.0241,-0.0161,-0.0353,-0.0753,0.6010,0.1701,0.3923,1.0673,0.8020,-0.2600,0.0100,0.8020,-0.2600,0.2300,False,-0.0336,0.0423,0.0256,-0.0163,-0.0364,-0.0748,2.2258,grasp,0.8020,-0.2600,0.0100,0.0000,0.0000,0.0000,False,,0.0500,0.0000,False
209,0.0,1.3947,-0.0265,False,False,False,-0.4331,4.7365,-0.2275,-1.2780,-0.1032,1.4770,-0.1288,-0.1532,-0.0825,0.0647,0.0619,0.0403,0.5492,0.1689,0.3927,1.0675,0.8020,-0.2600,0.0100,0.8020,-0.2600,0.2300,False,-0.0685,-0.0790,-0.0430,0.0338,0.0319,0.0198,-1.5548,grasp,0.8020,-0.2600,0.0100,0.0000,0.0000,0.0000,False,,0.0500,0.0000,False
210,0.0,1.3954,-0.0170,False,False,False,-0.4350,4.7338,-0.2280,-1.2763,-0.1016,1.4770,-0.0084,0.0186,0.0691,0.0714,0.0741,-0.0534,0.5013,0.1680,0.3938,1.0673,0.8020,-0.2600,0.0100,0.8020,-0.2600,0.2300,False,-0.0102,0.0093,0.0680,0.0723,0.0750,-0.0528,-0.1383,grasp,0.8020,-0.2600,0.0100,0.0000,0.0000,0.0000,False,,0.0500,0.0000,False
211,0.0,1.3954,-0.0119,False,False,False,-0.4347,4.7339,-0.2262,-1.2748,-0.0995,1.4766,0.0483,-0.0258,0.0463,0.0179,0.0729,0.0542,0.4494,0.1680,0.3938,1.0673,0.8020,-0.2600,0.0100,0.8020,-0.2600,0.2300,False,0.0481,-0.0248,0.0476,0.0192,0.0743,0.0532,-2.1670,grasp,0.8020,-0.2600,0.0100,0.0000,0.0000,0.0000,False,,0.0500,0.0000,False
212,0.0,1.3938,-0.0087,False,False,False,-0.4341,4.7335,-0.2257,-1.2740,-0.0984,1.4782,-0.0336,0.0004,-0.0451,0.0510,-0.0346,0.0637,0.3894,0.1710,0.3931,1.0674,0.8020,-0.2600,0.0100,0.8020,-0.2600,0.2300,False,-0.0327,-0.0001,-0.0442,0.0513,-0.0332,0.0648,-2.2473,grasp,0.8020,-0.2600,0.0100,0.0000,0.0000,0.0000,False,,0.0500,0.0000,False
213,0.0,1.3936,-0.0115,False,False,False,-0.4361,4.7336,-0.2270,-1.2711,-0.1000,1.4807,-0.0480,0.0143,0.0788,0.0476,-0.0002,-0.0459,0.3094,0.1718,0.3933,1.0675,0.8020,-0.2600,0.0100,0.8020,-0.2600,0.2300,False,-0.0489,0.0143,0.0776,0.0489,-0.0011,-0.0442,-2.8487,grasp,0.8020,-0.2600,0.0100,0.0000,0.0000,0.0000,False,,0.0500,0.0000,False
214,0.0,1.3936,-0.0106,False,False,False,-0.4377,4.7343,-0.2256,-1.2706,-0.0998,1.4798,-0.0728,0.0298,-0.0070,-0.0340,0.0239,-0.0086,0.3264,0.1718,0.3933,1.0675,0.8020,-0.2600,0.0100,0.8020,-0.2600,0.2300,False,-0.0737,0.0314,-0.0055,-0.0331,0.0239,-0.0095,0.6610,grasp,0.8020,-0.2600,0.0100,0.0000,0.0000,0.0000,False,,0.0500,0.0000,True
215,0.0,1.3897,-0.0119,False,False,False,-0.4399,4.7353,-0.2256,-1.2705,-0.0988,1.4801,-0.0780,0.0450,0.0125,0.0712,0.0574,0.0481,0.3754,0.1752,0.3886,1.0673,0.8020,-0.2600,0.0100,0.8020,-0.2600,0.2300,False,-0.0794,0.0460,0.0123,0.0705,0.0579,0.0479,0.9188,grasp,0.8020,-0.2600,0.0100,0.0000,0.0000,0.0000,False,,0.0500,0.0000,True
216,0.0,0.0511,-0.0010,False,False,False,-3.3033,3.0094,0.7616,-2.2372,1.5301,1.4551,-0.0000,-0.0000,0.0000,-0.0000,0.0000,-0.0000,0.0000,0.7937,-0.2760,0.0577,0.8020,-0.2600,0.0099,0.8020,-0.2600,0.2299,True,-0.0584,-0.0427,-0.0456,0.0067,0.0401,-0.0535,-0.7845,grasp,0.8020,-0.2600,0.0099,0.0000,0.0000,0.0000,False,,0.0500,0.0000,False
217,0.0,0.0470,-0.0175,False,False,False,-3.3046,3.0075,0.7626,-2.2389,1.5307,1.4552,-0.0846,-0.1249,0.0654,-0.1130,0.0398,0.0054,0.0584,0.7925,-0.2768,0.0527,0.8020,-0.2600,0.0099,0.8020,-0.2600,0.2299,True,-0.0445,-0.0657,0.0344,-0.0595,0.0209,0.0028,-1.3880,grasp,0.8020,-0.2600,0.0099,0.0000,0.0000,0.0000,False,,0.0500,0.0000,False
218,0.0,0.0470,-0.0321,False,False,False,-3.3058,3.0057,0.7635,-2.2406,1.5313,1.4553,-0.1207,-0.1782,0.0933,-0.1612,0.0567,0.0077,0.0749,0.7925,-0.2768,0.0527,0.8020,-0.2600,0.0099,0.8020,-0.2600,0.2299,True,0.0347,0.0150,-0.0394,-0.0001,-0.0721,0.0367,-3.0499,grasp,0.8020,-0.2600,0.0099,0.0000,0.0000,0.0000,False,,0.0500,0.0000,False
219,0.0,0.0455,14.9695,True,False,False,-3.3060,3.0053,0.7635,-2.2406,1.5313,1.4553,-0.0000,-0.0000,-0.0000,-0.0000,0.0000,-0.0000,0.0686,0.7916,-0.2776,0.0505,0.8020,-0.2600,0.0099,0.8020,-0.2600,0.2299,True,-0.0036,0.0285,0.0684,-0.0702,0.0011,0.0644,1.3289,grasp,0.8020,-0.2600,0.0099,0.0000,0.0000,0.0000,False,,0.0500,0.0000,True
220,0.0,1.3749,-0.0016,False,False,False,-0.4513,4.7557,-0.2256,-1.2844,-0.1041,1.4753,0.0000,0.0000,-0.0000,0.0000,-0.0000,0.0000,0.0000,0.1657,0.3734,1.0690,0.8020,-0.2600,0.0277,0.8020,-0.2600,0.2477,False,0.0188,0.0225,0.0006,0.0231,-0.0355,-0.0447,2.7777,grasp,0.8020,-0.2600,0.0277,0.0000,0.0000,0.0000,False,,0.0500,0.0000,True
221,0.0,1.3761,-0.0451,False,False,False,-0.4465,4.7543,-0.2185,-1.2892,-0.0993,1.4749,0.1826,-0.0536,0.2688,-0.1823,0.1813,-0.0145,0.1194,0.1678,0.3778,1.0691,0.8020,-0.2600,0.0277,0.8020,-0.2600,0.2477,False,0.0531,-0.0156,0.0782,-0.0530,0.0527,-0.0042,2.7206,grasp,0.8020,-0.2600,0.0277,0.0000,0.0000,0.0000,False,,0.0500,0.0000,True
222,0.0,1.3783,-0.0149,False,False,False,-0.4449,4.7541,-0.2154,-1.2920,-0.0972,1.4753,-0.0609,0.0477,-0.0082,-0.0583,0.0014,0.0572,0.1793,0.1684,0.3824,1.0696,0.8020,-0.2600,0.0277,0.8020,-0.2600,0.2477,False,-0.0588,0.0471,-0.0050,-0.0605,0.0036,0.0570,-2.6886,grasp,0.8020,-0.2600,0.0277,0.0000,0.0000,0.0000,False,,0.0500,0.0000,False
223,0.0,1.3777,-0.0212,False,False,False,-0.4461,4.7550,-0.2156,-1.2931,-0.0971,1.4764,-0.1158,0.0908,-0.0156,-0.1108,0.0027,0.1087,0.1992,0.1709,0.3834,1.0697,0.8020,-0.2600,0.0277,0.8020,-0.2600,0.2477,False,0.0101,-0.0539,-0.0742,-0.0220,-0.0436,-0.0385,-1.9292,grasp,0.8020,-0.2600,0.0277,0.0000,0.0000,0.0000,False,,0.0500,0.0000,False
224,0.0,1.3788,-0.0488,False,False,False,-0.4508,4.7489,-0.2140,-1.2912,-0.1010,1.4827,-0.1771,-0.2358,0.0596,0.0697,-0.1462,0.2387,0.2516,0.1708,0.3861,1.0695,0.8020,-0.2600,0.0277,0.8020,-0.2600,0.2477,False,-0.0515,-0.0684,0.0173,0.0203,-0.0425,0.0694,-0.5443,grasp,0.8020,-0.2600,0.0277,0.0000,0.0000,0.0000,False,,0.0500,0.0000,False
225,0.0,1.3797,-0.0110,False,False,False,-0.4522,4.7451,-0.2132,-1.2899,-0.1028,1.4859,0.0651,-0.0553,0.0109,0.0457,-0.0083,0.0419,0.2233,0.1685,0.3858,1.0693,0.8020,-0.2600,0.0277,0.8020,-0.2600,0.2477,False,0.0630,-0.0635,0.0116,0.0466,-0.0100,0.0447,-2.5986,grasp,0.8020,-0.2600,0.0277,0.0000,0.0000,0.0000,False,,0.0500,0.0000,False
226,0.0,1.3803,-0.0213,False,False,False,-0.4510,4.7440,-0.2130,-1.2891,-0.1030,1.4867,0.1236,-0.1107,0.0206,0.0869,-0.0157,0.0796,0.2079,0.1669,0.3857,1.0693,0.8020,-0.2600,0.0277,0.8020,-0.2600,0.2477,False,-0.0621,0.0380,0.0578,0.0067,0.0775,-0.0121,2.0541,grasp,0.8020,-0.2600,0.0277,0.0000,0.0000,0.0000,False,,0.0500,0.0000,True
227,0.0,1.3842,-0.0474,False,False,False,-0.4534,4.7373,-0.2188,-1.2875,-0.1082,1.4879,-0.0936,-0.2558,-0.2229,0.0596,-0.1977,0.0444,0.2904,0.1632,0.3914,1.0687,0.8020,-0.2600,0.0277,0.8020,-0.2600,0.2477,False,-0.0272,-0.0740,-0.0648,0.0173,-0.0575,0.0129,-0.2366,grasp,0.8020,-0.2600,0.0277,0.0000,0.0000,0.0000,False,,0.0500,0.0000,False
228,0.0,1.3867,-0.0172,False,False,False,-0.4545,4.7330,-0.2220,-1.2873,-0.1100,1.4879,0.0020,0.0949,-0.0537,-0.0538,0.0539,-0.0566,0.2739,0.1589,0.3927,1.0684,0.8020,-0.2600,0.0277,0.8020,-0.2600,0.2477,False,0.0009,0.0712,-0.0564,-0.0531,0.0516,-0.0561,-1.8068,grasp,0.8020,-0.2600,0.0277,0.0000,0.0000,0.0000,False,,0.0500,0.0000,False
229,0.0,1.3863,-0.0288,False,False,False,-0.4545,4.7346,-0.2231,-1.2884,-0.1089,1.4868,0.0038,0.1614,-0.1021,-0.1022,0.1024,-0.1076,0.2635,0.1591,0.3921,1.0685,0.8020,-0.2600,0.0277,0.8020,-0.2600,0.2477,False,0.0048,-0.0292,0.0397,-0.0455,0.0006,-0.0456,-0.3670,grasp,0.8020,-0.2600,0.0277,0.0000,0.0000,0.0000,False,,0.0500,0.0000,False
230,0.0,1.3885,-0.0401,False,False,False,-0.4496,4.7330,-0.2256,-1.2838,-0.1130,1.4891,0.1841,-0.0655,-0.0968,0.1732,-0.1545,0.0861,0.3716,0.1584,0.3967,1.0680,0.8020,-0.2600,0.0277,0.8020,-0.2600,0.2477,False,0.0535,-0.0189,-0.0282,0.0504,-0.0449,0.0250,2.9201,grasp,0.8020,-0.2600,0.0277,0.0000,0.0000,0.0000,False,,0.0500,0.0000,True
231,0.0,1.3902,-0.0153,False,False,False,-0.4469,4.7314,-0.2275,-1.2820,-0.1142,1.4901,0.0533,-0.0658,-0.0773,-0.0240,0.0634,0.0042,0.3984,0.1561,0.3986,1.0678,0.8020,-0.2600,0.0277,0.8020,-0.2600,0.2477,False,0.0555,-0.0693,-0.0784,-0.0219,0.0616,0.0052,-1.1604,grasp,0.8020,-0.2600,0.0277,0.0000,0.0000,0.0000,False,,0.0500,0.0000,False
232,0.0,1.3918,-0.0294,False,False,False,-0.4459,4.7303,-0.2290,-1.2824,-0.1130,1.4902,0.1012,-0.1289,-0.1468,-0.0455,0.1205,0.0080,0.3838,0.1535,0.3993,1.0678,0.8020,-0.2600,0.0277,0.8020,-0.2600,0.2477,False,-0.0452,0.0061,0.0515,-0.0420,-0.0229,0.0355,0.2378,grasp,0.8020,-0.2600,0.0277,0.0000,0.0000,0.0000,False,,0.0500,0.0000,False
233,0.0,1.3956,-0.0405,False,False,False,-0.4416,4.7279,-0.2296,-1.2811,-0.1081,1.4837,0.1631,-0.0658,-0.0239,0.0510,0.1857,-0.2480,0.4811,0.1499,0.4039,1.0677,0.8020,-0.2600,0.0277,0.8020,-0.2600,0.2477,False,0.0474,-0.0197,-0.0069,0.0148,0.0540,-0.0721,1.7692,grasp,0.8020,-0.2600,0.0277,0.0000,0.0000,0.0000,False,,0.0500,0.0000,True
234,0.0,1.3973,-0.0134,False,False,False,-0.4398,4.7271,-0.2306,-1.2810,-0.1065,1.4805,-0.0137,0.0127,-0.0731,-0.0555,-0.0604,-0.0230,0.5312,0.1481,0.4058,1.0676,0.8020,-0.2600,0.0277,0.8020,-0.2600,0.2477,False,-0.0117,0.0101,-0.0734,-0.0549,-0.0582,-0.0260,2.2228,grasp,0.8020,-0.2600,0.0277,0.0000,0.0000,0.0000,False,,0.0500,0.0000,True
235,0.0,1.3973,-0.0226,False,False,False,-0.4401,4.7273,-0.2320,-1.2821,-0.1077,1.4801,-0.0260,0.0224,-0.1389,-0.1055,-0.1148,-0.0437,0.5464,0.1481,0.4060,1.0676,0.8020,-0.2600,0.0277,0.8020,-0.2600,0.2477,False,-0.0085,0.0660,0.0033,0.0303,0.0779,0.0013,-1.7476,grasp,0.8020,-0.2600,0.0277,0.0000,0.0000,0.0000,False,,0.0500,0.0000,False
236,0.0,1.3969,-0.0501,False,False,False,-0.4463,4.7301,-0.2371,-1.2876,-0.1049,1.4759,-0.2351,0.1052,-0.1933,-0.2093,0.1048,-0.1601,0.4264,0.1478,0.4046,1.0677,0.8020,-0.2600,0.0277,0.8020,-0.2600,0.2477,False,-0.0684,0.0306,-0.0562,-0.0609,0.0305,-0.0466,-1.3639,grasp,0.8020,-0.2600,0.0277,0.0000,0.0000,0.0000,False,,0.0500,0.0000,False
237,0.0,1.3961,-0.0107,False,False,False,-0.4491,4.7311,-0.2399,-1.2906,-0.1045,1.4734,-0.0025,-0.0332,-0.0488,-0.0475,-0.0788,-0.0576,0.4137,0.1483,0.4032,1.0678,0.8020,-0.2600,0.0277,0.8020,-0.2600,0.2477,False,-0.0053,-0.0317,-0.0511,-0.0499,-0.0776,-0.0595,0.3533,grasp,0.8020,-0.2600,0.0277,0.0000,0.0000,0.0000,False,,0.0500,0.0000,False
238,0.0,1.3964,-0.0272,False,False,False,-0.4491,4.7304,-0.2408,-1.2915,-0.1060,1.4723,-0.0048,-0.0630,-0.0927,-0.0902,-0.1498,-0.1094,0.4168,0.1478,0.4036,1.0677,0.8020,-0.2600,0.0277,0.8020,-0.2600,0.2477,False,0.0406,-0.0509,0.0062,-0.0485,-0.0613,0.0565,0.3728,grasp,0.8020,-0.2600,0.0277,0.0000,0.0000,0.0000,False,,0.0500,0.0000,False
239,0.0,1.3982,-0.0338,False,False,False,-0.4460,4.7268,-0.2422,-1.2928,-0.1073,1.4698,0.1524,-0.1772,-0.0680,-0.0669,-0.0639,-0.1204,0.4987,0.1462,0.4059,1.0676,0.8020,-0.2600,0.0277,0.8020,-0.2600,0.2477,False,0.0562,-0.0651,-0.0251,-0.0247,-0.0236,-0.0444,2.8627,grasp,0.8020,-0.2600,0.0277,0.0000,0.0000,0.0000,False,,0.0500,0.0000,True
240,0.0,1.4016,-0.0341,False,False,False,-0.4462,4.7250,-0.2422,-1.2927,-0.1101,1.4671,-0.1431,0.1091,0.0562,0.0623,-0.1292,-0.0744,0.5783,0.1416,0.4088,1.0674,0.8020,-0.2600,0.0277,0.8020,-0.2600,0.2477,False,-0.0734,0.0491,0.0287,0.0319,-0.0688,-0.0407,2.6643,grasp,0.8020,-0.2600,0.0277,0.0000,0.0000,0.0000,False,,0.0500,0.0000,True
241,0.0,1.3983,-0.0361,False,False,False,-0.4483,4.7265,-0.2414,-1.2919,-0.1119,1.4661,-0.2041,0.1500,0.0802,0.0888,-0.1843,-0.1061,0.5983,0.1473,0.4074,1.0674,0.8020,-0.2600,0.0277,0.8020,-0.2600,0.2477,False,-0.0014,-0.0143,-0.0443,-0.0474,0.0238,0.0324,2.8758,grasp,0.8020,-0.2600,0.0277,0.0000,0.0000,0.0000,False,,0.0500,0.0000,True
242,0.0,1.3965,-0.0351,False,False,False,-0.4490,4.7310,-0.2444,-1.2961,-0.1139,1.4679,-0.0364,0.1876,-0.1446,-0.2025,-0.0984,0.0905,0.6714,0.1504,0.4064,1.0676,0.8020,-0.2600,0.0277,0.8020,-0.2600,0.2477,False,-0.0134,0.0698,-0.0534,-0.0747,-0.0363,0.0334,2.9933,grasp,0.8020,-0.2600,0.0277,0.0000,0.0000,0.0000,False,,0.0500,0.0000,False
243,0.0,1.3944,-0.0110,False,False,False,-0.4492,4.7362,-0.2482,-1.3010,-0.1170,1.4705,0.0786,-0.0431,0.0245,0.0643,-0.0363,0.0060,0.6538,0.1534,0.4048,1.0678,0.8020,-0.2600,0.0277,0.8020,-0.2600,0.2477,False,0.0780,-0.0360,0.0223,0.0613,-0.0378,0.0074,0.6834,grasp,0.8020,-0.2600,0.0277,0.0000,0.0000,0.0000,False,,0.0500,0.0000,False
244,0.0,1.3948,-0.0255,False,False,False,-0.4478,4.7354,-0.2477,-1.2998,-0.1177,1.4706,0.1493,-0.0778,0.0465,0.1222,-0.0690,0.0114,0.6371,0.1526,0.4050,1.0677,0.8020,-0.2600,0.0277,0.8020,-0.2600,0.2477,False,-0.0287,0.0402,-0.0581,-0.0607,-0.0654,0.0452,-0.2501,grasp,0.8020,-0.2600,0.0277,0.0000,0.0000,0.0000,False,,0.0500,0.0000,False
245,0.0,1.3965,-0.0247,False,False,False,-0.4469,4.7345,-0.2489,-1.3020,-0.1153,1.4692,0.0420,-0.0436,-0.0545,-0.1070,0.1151,-0.0702,0.5863,0.1499,0.4058,1.0677,0.8020,-0.2600,0.0277,0.8020,-0.2600,0.2477,False,0.0155,-0.0161,-0.0201,-0.0395,0.0425,-0.0259,0.9277,grasp,0.8020,-0.2600,0.0277,0.0000,0.0000,0.0000,False,,0.0500,0.0000,False
246,0.0,1.3990,-0.0162,False,False,False,-0.4450,4.7331,-0.2498,-1.3057,-0.1118,1.4668,0.0720,-0.0014,0.0547,-0.0709,0.0375,-0.0389,0.5631,0.1462,0.4073,1.0678,0.8020,-0.2600,0.0277,0.8020,-0.2600,0.2477,False,0.0731,-0.0043,0.0532,-0.0739,0.0407,-0.0409,0.9374,grasp,0.8020,-0.2600,0.0277,0.0000,0.0000,0.0000,False,,0.0500,0.0000,False
247,0.0,1.3994,-0.0233,False,False,False,-0.4436,4.7330,-0.2488,-1.3071,-0.1111,1.4661,0.1367,-0.0043,0.1039,-0.1348,0.0712,-0.0739,0.5587,0.1457,0.4074,1.0679,0.8020,-0.2600,0.0277,0.8020,-0.2600,0.2477,False,-0.0346,0.0735,-0.0583,-0.0708,-0.0057,0.0264,2.1341,grasp,0.8020,-0.2600,0.0277,0.0000,0.0000,0.0000,False,,0.0500,0.0000,False
248,0.0,1.3974,-0.0225,False,False,False,-0.4447,4.7350,-0.2479,-1.3098,-0.1143,1.4656,-0.0515,0.0960,0.0424,-0.1323,-0.1556,-0.0242,0.5781,0.1488,0.4062,1.0681,0.8020,-0.2600,0.0277,0.8020,-0.2600,0.2477,False,-0.0190,0.0354,0.0157,-0.0488,-0.0574,-0.0089,1.7470,grasp,0.8020,-0.2600,0.0277,0.0000,0.0000,0.0000,False,,0.0500,0.0000,False
249,0.0,1.3957,-0.0121,False,False,False,-0.4458,4.7369,-0.2468,-1.3110,-0.1155,1.4656,-0.0458,0.0445,0.0624,0.0449,0.0788,0.0273,0.6022,0.1517,0.4051,1.0683,0.8020,-0.2600,0.0277,0.8020,-0.2600,0.2477,False,-0.0465,0.0484,0.0630,0.0432,0.0769,0.0270,2.2481,grasp,0.8020,-0.2600,0.0277,0.0000,0.0000,0.0000,False,,0.0500,0.0000,False
250,0.0,1.3948,-0.0018,False,False,False,-0.4467,4.7379,-0.2456,-1.3102,-0.1140,1.4661,-0.0000,-0.0000,-0.0000,0.0000,-0.0000,0.0000,0.5906,0.1531,0.4044,1.0683,0.8020,-0.2600,0.0277,0.8020,-0.2600,0.2477,False,-0.0204,0.0386,-0.0283,-0.0649,-0.0486,-0.0397,-1.0418,grasp,0.8020,-0.2600,0.0277,0.0000,0.0000,0.0000,False,,0.0500,0.0000,False
251,0.0,1.3950,-0.0337,False,False,False,-0.4501,4.7347,-0.2443,-1.3082,-0.1139,1.4634,-0.1550,-0.1745,0.0773,0.1276,0.0257,-0.1113,0.5160,0.1519,0.4039,1.0682,0.8020,-0.2600,0.0277,0.8020,-0.2600,0.2477,False,-0.0574,-0.0640,0.0282,0.0464,0.0090,-0.0415,0.0924,grasp,0.8020,-0.2600,0.0277,0.0000,0.0000,0.0000,False,,0.0500,0.0000,False
252,0.0,1.3952,-0.0105,False,False,False,-0.4514,4.7326,-0.2432,-1.3069,-0.1140,1.4618,0.0615,0.0315,0.0065,-0.0304,-0.0368,-0.0129,0.4656,0.1507,0.4033,1.0681,0.8020,-0.2600,0.0277,0.8020,-0.2600,0.2477,False,0.0595,0.0270,0.0074,-0.0288,-0.0365,-0.0143,-1.4123,grasp,0.8020,-0.2600,0.0277,0.0000,0.0000,0.0000,False,,0.0500,0.0000,False
253,0.0,1.3951,-0.0035,False,False,False,-0.4503,4.7332,-0.2431,-1.3075,-0.1147,1.4616,0.0000,-0.0000,-0.0000,0.0000,0.0000,0.0000,0.4606,0.1509,0.4031,1.0682,0.8020,-0.2600,0.0277,0.8020,-0.2600,0.2477,False,0.0244,-0.0614,-0.0764,0.0031,-0.0539,-0.0140,1.5416,grasp,0.8020,-0.2600,0.0277,0.0000,0.0000,0.0000,False,,0.0500,0.0000,True
254,0.0,1.3918,-0.0292,False,False,False,-0.4529,4.7357,-0.2423,-1.3071,-0.1180,1.4583,-0.1378,0.1611,0.0775,0.0145,-0.1327,-0.1537,0.3942,0.1542,0.3994,1.0683,0.8020,-0.2600,0.0277,0.8020,-0.2600,0.2477,False,-0.0506,0.0582,0.0278,0.0054,-0.0495,-0.0569,-1.6186,grasp,0.8020,-0.2600,0.0277,0.0000,0.0000,0.0000,False,,0.0500,0.0000,False
255,0.0,1.3893,-0.0146,False,False,False,-0.4545,4.7379,-0.2407,-1.3076,-0.1201,1.4570,0.0104,-0.0881,0.0618,-0.0616,-0.0482,0.0668,0.3650,0.1574,0.3969,1.0684,0.8020,-0.2600,0.0277,0.8020,-0.2600,0.2477,False,0.0086,-0.0759,0.0628,-0.0614,-0.0499,0.0648,-0.5818,grasp,0.8020,-0.2600,0.0277,0.0000,0.0000,0.0000,False,,0.0500,0.0000,False
256,0.0,1.3899,-0.0025,False,False,False,-0.4543,4.7362,-0.2395,-1.3087,-0.1210,1.4582,0.0000,-0.0000,-0.0000,0.0000,-0.0000,0.0000,0.3684,0.1566,0.3973,1.0684,0.8020,-0.2600,0.0277,0.8020,-0.2600,0.2477,False,-0.0105,0.0143,0.0569,-0.0621,-0.0104,0.0585,0.2679,grasp,0.8020,-0.2600,0.0277,0.0000,0.0000,0.0000,False,,0.0500,0.0000,False
257,0.0,1.3887,-0.0322,False,False,False,-0.4550,4.7392,-0.2376,-1.3136,-0.1193,1.4549,-0.0285,0.1378,0.0624,-0.2082,0.0904,-0.1893,0.4319,0.1602,0.3977,1.0688,0.8020,-0.2600,0.0277,0.8020,-0.2600,0.2477,False,-0.0106,0.0509,0.0236,-0.0775,0.0332,-0.0693,1.1030,grasp,0.8020,-0.2600,0.0277,0.0000,0.0000,0.0000,False,,0.0500,0.0000,False
258,0.0,1.3872,-0.0138,False,False,False,-0.4548,4.7419,-0.2366,-1.3167,-0.1188,1.4532,0.0593,0.0520,0.0215,-0.0420,-0.0713,0.0739,0.4027,0.1620,0.3960,1.0691,0.8020,-0.2600,0.0277,0.8020,-0.2600,0.2477,False,0.0590,0.0585,0.0223,-0.0447,-0.0702,0.0715,-2.4783,grasp,0.8020,-0.2600,0.0277,0.0000,0.0000,0.0000,False,,0.0500,0.0000,False
259,0.0,1.3865,-0.0010,False,False,False,-0.4537,4.7430,-0.2362,-1.3175,-0.1202,1.4546,0.0000,-0.0000,-0.0000,0.0000,-0.0000,0.0000,0.3671,0.1623,0.3945,1.0691,0.8020,-0.2600,0.0277,0.8020,-0.2600,0.2477,False,0.0507,-0.0013,0.0060,0.0726,0.0219,-0.0696,-1.3670,grasp,0.8020,-0.2600,0.0277,0.0000,0.0000,0.0000,False,,0.0500,0.0000,False
260,0.0,1.3866,-0.0283,False,False,False,-0.4543,4.7449,-0.2400,-1.3187,-0.1186,1.4552,-0.0527,0.0935,-0.1864,-0.0953,0.0634,0.0592,0.3802,0.1621,0.3946,1.0691,0.8020,-0.2600,0.0277,0.8020,-0.2600,0.2477,False,-0.0189,0.0345,-0.0687,-0.0344,0.0236,0.0211,0.2528,grasp,0.8020,-0.2600,0.0277,0.0000,0.0000,0.0000,False,,0.0500,0.0000,False
261,0.0,1.3868,-0.0105,False,False,False,-0.4550,4.7455,-0.2431,-1.3198,-0.1175,1.4555,-0.0108,-0.0647,-0.0707,0.0125,0.0290,-0.0434,0.3469,0.1618,0.3948,1.0691,0.8020,-0.2600,0.0277,0.8020,-0.2600,0.2477,False,-0.0114,-0.0635,-0.0730,0.0113,0.0298,-0.0427,-1.7218,grasp,0.8020,-0.2600,0.0277,0.0000,0.0000,0.0000,False,,0.0500,0.0000,False
262,0.0,1.3882,-0.0046,False,False,False,-0.4552,4.7440,-0.2444,-1.3196,-0.1170,1.4546,0.0000,-0.0000,-0.0000,0.0000,0.0000,0.0000,0.3503,0.1588,0.3950,1.0690,0.8020,-0.2600,0.0277,0.8020,-0.2600,0.2477,False,0.0557,-0.0346,-0.0231,0.0023,0.0461,0.0122,2.6308,grasp,0.8020,-0.2600,0.0277,0.0000,0.0000,0.0000,False,,0.0500,0.0000,True
263,0.0,1.3890,-0.0453,False,False,False,-0.4586,4.7479,-0.2467,-1.3237,-0.1149,1.4523,-0.1905,0.2079,-0.0997,-0.2015,0.0804,-0.1191,0.4499,0.1585,0.3966,1.0689,0.8020,-0.2600,0.0277,0.8020,-0.2600,0.2477,False,-0.0697,0.0761,-0.0370,-0.0743,0.0301,-0.0438,0.8711,grasp,0.8020,-0.2600,0.0277,0.0000,0.0000,0.0000,False,,0.0500,0.0000,False
264,0.0,1.3873,-0.0082,False,False,False,-0.4611,4.7507,-0.2477,-1.3267,-0.1133,1.4506,-0.0041,-0.0474,0.0236,-0.0378,0.0565,-0.0237,0.5082,0.1631,0.3971,1.0691,0.8020,-0.2600,0.0277,0.8020,-0.2600,0.2477,False,-0.0065,-0.0378,0.0223,-0.0404,0.0575,-0.0252,2.6278,grasp,0.8020,-0.2600,0.0277,0.0000,0.0000,0.0000,False,,0.0500,0.0000,True
265,0.0,1.3862,-0.0005,False,False,False,-0.4612,4.7499,-0.2473,-1.3274,-0.1122,1.4501,0.0000,-0.0000,-0.0000,0.0000,-0.0000,0.0000,0.5478,0.1660,0.3973,1.0693,0.8020,-0.2600,0.0277,0.8020,-0.2600,0.2477,False,0.0765,-0.0684,-0.0741,-0.0757,-0.0430,-0.0223,-0.7732,grasp,0.8020,-0.2600,0.0277,0.0000,0.0000,0.0000,False,,0.0500,0.0000,False
266,0.0,1.4583,-0.0746,False,False,False,-0.3846,4.6823,-0.3219,-1.4024,-0.1563,1.4283,0.0000,-0.0000,-0.0000,-0.0000,-0.0000,-0.0000,0.3016,0.0457,0.4367,1.0618,0.8020,-0.2600,0.0277,0.8020,-0.2600,0.2477,False,0.0123,0.0301,-0.0680,0.0280,0.0341,0.0629,0.2353,grasp,0.8020,-0.2600,0.0277,0.0000,0.0000,0.0000,False,,0.0500,0.0000,False
267,0.0,1.4590,-0.0258,False,False,False,-0.3858,4.6810,-0.3224,-1.4034,-0.1579,1.4268,-0.0813,-0.0861,-0.0350,-0.0652,-0.1052,-0.0985,0.3742,0.0466,0.4392,1.0618,0.8020,-0.2600,0.0277,0.8020,-0.2600,0.2477,False,-0.0428,-0.0453,-0.0184,-0.0343,-0.0554,-0.0519,2.1411,grasp,0.8020,-0.2600,0.0277,0.0000,0.0000,0.0000,False,,0.0500,0.0000,True
268,0.0,1.4600,-0.0030,False,False,False,-0.3884,4.6779,-0.3236,-1.4055,-0.1613,1.4236,-0.0000,-0.0000,-0.0000,-0.0000,0.0000,0.0000,0.3977,0.0457,0.4405,1.0615,0.8020,-0.2600,0.0277,0.8020,-0.2600,0.2477,False,0.0401,0.0563,0.0012,-0.0565,-0.0583,-0.0707,-2.5369,grasp,0.8020,-0.2600,0.0277,0.0000,0.0000,0.0000,False,,0.0500,0.0000,False
269,0.0,1.4591,-0.0019,False,False,False,-0.3872,4.6797,-0.3235,-1.4071,-0.1630,1.4216,0.0000,-0.0000,-0.0000,-0.0000,0.0000,0.0000,0.3450,0.0461,0.4387,1.0618,0.8020,-0.2600,0.0277,0.8020,-0.2600,0.2477,False,0.0254,0.0427,-0.0668,0.0261,0.0194,-0.0375,-1.3330,grasp,0.8020,-0.2600,0.0277,0.0000,0.0000,0.0000,False,,0.0500,0.0000,False
270,0.0,1.3803,-0.0148,False,False,False,-3.2095,3.5301,0.9614,3.5414,1.3197,-3.0528,-0.0472,0.0591,-0.0147,-0.0548,0.0526,-0.0729,0.0160,0.1986,0.3842,1.0711,0.8020,-0.2600,0.0100,0.8020,-0.2600,0.2300,False,-0.0472,0.0591,-0.0147,-0.0548,0.0526,-0.0729,-2.4813,grasp,0.8020,-0.2600,0.0100,0.0000,0.0000,0.0000,False,,0.0500,0.0000,False
271,0.0,1.3803,-0.0202,False,False,False,-3.2098,3.5319,0.9618,3.5410,1.3214,-3.0546,0.0604,0.0696,0.0670,0.0653,0.0754,-0.0437,0.0628,0.1986,0.3842,1.0711,0.8020,-0.2600,0.0100,0.8020,-0.2600,0.2300,False,0.0592,0.0712,0.0668,0.0643,0.0764,-0.0450,2.9472,grasp,0.8020,-0.2600,0.0100,0.0000,0.0000,0.0000,False,,0.0500,0.0000,True
272,0.0,1.3836,-0.0174,False,False,False,-3.2093,3.5337,0.9634,3.5425,1.3233,-3.0562,-0.0653,0.0377,0.0353,0.0195,0.0394,-0.0680,0.1228,0.1947,0.3870,1.0715,0.8020,-0.2600,0.0100,0.8020,-0.2600,0.2300,False,-0.0638,0.0409,0.0366,0.0207,0.0408,-0.0688,0.6543,grasp,0.8020,-0.2600,0.0100,0.0000,0.0000,0.0000,False,,0.0500,0.0000,True
273,0.0,1.3819,-0.0225,False,False,False,-3.2106,3.5344,0.9640,3.5428,1.3240,-3.0574,-0.1238,0.0739,0.0671,0.0370,0.0749,-0.1292,0.1428,0.1971,0.3861,1.0713,0.8020,-0.2600,0.0100,0.8020,-0.2600,0.2300,False,0.0625,0.0463,0.0700,-0.0204,0.0376,0.0322,-2.1966,grasp,0.8020,-0.2600,0.0100,0.0000,0.0000,0.0000,False,,0.0500,0.0000,False
274,0.0,1.3835,-0.0268,False,False,False,-3.2106,3.5344,0.9640,3.5428,1.3240,-3.0574,-0.1238,0.0739,0.0671,0.0370,0.0749,-0.1292,0.1428,0.1943,0.3865,1.0715,0.8020,-0.2600,0.0100,0.8020,-0.2600,0.2300,False,0.0633,0.0158,-0.0717,-0.0340,-0.0566,-0.0667,-0.9668,grasp,0.8020,-0.2600,0.0100,0.0000,0.0000,0.0000,False,,0.0500,0.0000,False
275,0.0,1.3835,-0.0309,False,False,False,-3.2138,3.5368,0.9673,3.5396,1.3270,-3.0541,-0.1515,0.1171,0.1547,-0.1567,0.1445,0.1590,0.1314,0.1943,0.3865,1.0715,0.8020,-0.2600,0.0100,0.8020,-0.2600,0.2300,False,-0.0560,0.0430,0.0571,-0.0578,0.0533,0.0587,-2.2472,grasp,0.8020,-0.2600,0.0100,0.0000,0.0000,0.0000,False,,0.0500,0.0000,False
276,0.0,1.3834,-0.0558,False,False,False,-3.2157,3.5382,0.9692,3.5376,1.3288,-3.0521,-0.1923,0.1486,0.1963,-0.1988,0.1833,0.2018,0.1296,0.1951,0.3874,1.0712,0.8020,-0.2600,0.0100,0.8020,-0.2600,0.2300,False,0.0067,-0.0141,0.0646,-0.0321,0.0139,-0.0285,2.8901,grasp,0.8020,-0.2600,0.0100,0.0000,0.0000,0.0000,False,,0.0500,0.0000,True
277,0.0,1.3811,-0.0089,False,False,False,-3.2179,3.5404,0.9720,3.5355,1.3313,-3.0490,0.0433,-0.0123,0.0492,0.0250,0.0277,0.0726,0.1680,0.1988,0.3859,1.0713,0.8020,-0.2600,0.0100,0.8020,-0.2600,0.2300,False,0.0377,-0.0052,0.0515,0.0226,0.0298,0.0750,1.0471,grasp,0.8020,-0.2600,0.0100,0.0000,0.0000,0.0000,False,,0.0500,0.0000,True
278,0.0,1.3811,-0.0233,False,False,False,-3.2171,3.5402,0.9730,3.5359,1.3318,-3.0476,0.0789,-0.0181,0.0935,0.0474,0.0525,0.1380,0.1880,0.1988,0.3859,1.0713,0.8020,-0.2600,0.0100,0.8020,-0.2600,0.2300,False,0.0535,0.0770,-0.0533,-0.0203,0.0340,0.0587,-2.3561,grasp,0.8020,-0.2600,0.0100,0.0000,0.0000,0.0000,False,,0.0500,0.0000,False
279,0.0,1.3803,-0.0219,False,False,False,-3.2171,3.5402,0.9730,3.5359,1.3318,-3.0476,0.0789,-0.0181,0.0935,0.0474,0.0525,0.1380,0.1880,0.1990,0.3851,1.0709,0.8020,-0.2600,0.0100,0.8020,-0.2600,0.2300,False,0.0444,-0.0506,-0.0377,0.0689,-0.0152,-0.0602,0.8695,grasp,0.8020,-0.2600,0.0100,0.0000,0.0000,0.0000,False,,0.0500,0.0000,True
280,0.0,1.3812,-0.0497,False,False,False,-3.2179,3.5469,0.9706,3.5311,1.3280,-3.0409,-0.0321,0.2600,-0.0889,-0.1861,-0.1464,0.2543,0.2752,0.1980,0.3859,1.0710,0.8020,-0.2600,0.0100,0.8020,-0.2600,0.2300,False,-0.0093,0.0754,-0.0259,-0.0541,-0.0426,0.0740,0.2251,grasp,0.8020,-0.2600,0.0100,0.0000,0.0000,0.0000,False,,0.0500,0.0000,True
281,0.0,1.3812,-0.0573,False,False,False,-3.2183,3.5500,0.9696,3.5288,1.3262,-3.0379,-0.0383,0.3096,-0.1059,-0.2216,-0.1744,0.3029,0.2906,0.1980,0.3859,1.0710,0.8020,-0.2600,0.0100,0.8020,-0.2600,0.2300,False,0.0746,-0.0206,-0.0389,-0.0350,0.0370,-0.0429,-0.1599,grasp,0.8020,-0.2600,0.0100,0.0000,0.0000,0.0000,False,,0.0500,0.0000,False
282,0.0,1.3796,-0.0102,False,False,False,-3.2176,3.5503,0.9692,3.5285,1.3266,-3.0384,0.0750,-0.0289,-0.0378,-0.0328,0.0387,-0.0459,0.3075,0.1991,0.3835,1.0710,0.8020,-0.2600,0.0100,0.8020,-0.2600,0.2300,False,-0.0114,-0.0263,-0.0531,0.0676,-0.0746,0.0252,1.2994,grasp,0.8020,-0.2600,0.0100,0.0000,0.0000,0.0000,False,,0.0500,0.0000,True
283,0.0,1.3799,-0.0249,False,False,False,-3.2161,3.5498,0.9685,3.5279,1.3274,-3.0392,0.1427,-0.0497,-0.0719,-0.0622,0.0735,-0.0873,0.3147,0.1986,0.3837,1.0709,0.8020,-0.2600,0.0100,0.8020,-0.2600,0.2300,False,-0.0589,0.0676,0.0691,-0.0588,0.0206,0.0429,-1.5127,grasp,0.8020,-0.2600,0.0100,0.0000,0.0000,0.0000,False,,0.0500,0.0000,False
284,0.0,1.3799,-0.0035,False,False,False,-3.2160,3.5497,0.9685,3.5279,1.3274,-3.0392,0.0000,-0.0000,-0.0000,-0.0000,0.0000,0.0000,0.3072,0.1986,0.3837,1.0709,0.8020,-0.2600,0.0100,0.8020,-0.2600,0.2300,False,0.0517,0.0213,0.0573,0.0440,0.0603,-0.0136,-0.5005,grasp,0.8020,-0.2600,0.0100,0.0000,0.0000,0.0000,False,,0.0500,0.0000,False
285,0.0,1.3807,-0.0343,False,False,False,-3.2147,3.5516,0.9705,3.5262,1.3259,-3.0413,0.0556,0.1249,0.0975,-0.1417,-0.1366,-0.1265,0.2630,0.1962,0.3836,1.0707,0.8020,-0.2600,0.0100,0.8020,-0.2600,0.2300,False,0.0298,0.0656,0.0519,-0.0742,-0.0713,-0.0667,-2.0710,grasp,0.8020,-0.2600,0.0100,0.0000,0.0000,0.0000,False,,0.0500,0.0000,False
286,0.0,1.3816,-0.0167,False,False,False,-3.2132,3.5530,0.9714,3.5240,1.3240,-3.0423,0.0737,-0.0796,-0.0497,-0.0150,0.0051,0.0793,0.2623,0.1941,0.3833,1.0709,0.8020,-0.2600,0.0100,0.8020,-0.2600,0.2300,False,0.0745,-0.0747,-0.0483,-0.0170,0.0032,0.0775,-0.6810,grasp,0.8020,-0.2600,0.0100,0.0000,0.0000,0.0000,False,,0.0500,0.0000,False
287,0.0,1.3816,-0.0176,False,False,False,-3.2132,3.5530,0.9714,3.5240,1.3240,-3.0423,0.0737,-0.0796,-0.0497,-0.0150,0.0051,0.0793,0.2623,0.1941,0.3833,1.0709,0.8020,-0.2600,0.0100,0.8020,-0.2600,0.2300,False,-0.0750,0.0618,-0.0168,-0.0101,0.0270,-0.0429,1.7655,grasp,0.8020,-0.2600,0.0100,0.0000,0.0000,0.0000,False,,0.0500,0.0000,True
288,0.0,1.3795,-0.0265,False,False,False,-3.2118,3.5515,0.9705,3.5237,1.3241,-3.0408,0.1402,-0.1486,-0.0945,-0.0285,0.0098,0.1507,0.2674,0.1947,0.3792,1.0709,0.8020,-0.2600,0.0100,0.8020,-0.2600,0.2300,False,-0.0750,0.0171,0.0250,-0.0741,0.0724,-0.0531,-0.0283,grasp,0.8020,-0.2600,0.0100,0.0000,0.0000,0.0000,False,,0.0500,0.0000,False
289,0.0,1.3794,-0.0015,False,False,False,-3.2117,3.5509,0.9705,3.5237,1.3241,-3.0408,-0.0000,-0.0000,-0.0000,-0.0000,0.0000,0.0000,0.2988,0.1922,0.3767,1.0708,0.8020,-0.2600,0.0100,0.8020,-0.2600,0.2300,False,0.0139,-0.0709,0.0734,0.0627,-0.0514,0.0444,0.0105,grasp,0.8020,-0.2600,0.0100,0.0000,0.0000,0.0000,False,,0.0500,0.0000,False
290,0.0,1.3794,-0.0028,False,False,False,-3.2109,3.5468,0.9746,3.5272,1.3212,-3.0383,0.0000,-0.0000,-0.0000,-0.0000,0.0000,0.0000,0.3398,0.1922,0.3767,1.0708,0.8020,-0.2600,0.0100,0.8020,-0.2600,0.2300,False,0.0077,0.0182,0.0513,0.0471,0.0177,0.0065,0.4623,grasp,0.8020,-0.2600,0.0100,0.0000,0.0000,0.0000,False,,0.0500,0.0000,False
291,0.0,1.3790,-0.0148,False,False,False,-3.2105,3.5475,0.9744,3.5282,1.3211,-3.0389,0.0307,0.0410,-0.0662,0.0556,-0.0298,-0.0636,0.3836,0.1896,0.3737,1.0707,0.8020,-0.2600,0.0100,0.8020,-0.2600,0.2300,False,0.0307,0.0412,-0.0657,0.0561,-0.0296,-0.0635,0.9366,grasp,0.8020,-0.2600,0.0100,0.0000,0.0000,0.0000,False,,0.0500,0.0000,True
292,0.0,1.3813,-0.0282,False,False,False,-3.2099,3.5482,0.9732,3.5293,1.3205,-3.0401,0.0583,0.0779,-0.1258,0.1057,-0.0565,-0.1207,0.3971,0.1898,0.3788,1.0707,0.8020,-0.2600,0.0100,0.8020,-0.2600,0.2300,False,0.0726,0.0080,0.0121,-0.0399,0.0644,-0.0616,-0.3544,grasp,0.8020,-0.2600,0.0100,0.0000,0.0000,0.0000,False,,0.0500,0.0000,False
293,0.0,1.3813,-0.0277,False,False,False,-3.2099,3.5482,0.9732,3.5293,1.3205,-3.0401,0.0583,0.0779,-0.1258,0.1057,-0.0565,-0.1207,0.3971,0.1898,0.3788,1.0707,0.8020,-0.2600,0.0100,0.8020,-0.2600,0.2300,False,0.0413,0.0223,0.0602,-0.0148,-0.0457,0.0323,0.3307,grasp,0.8020,-0.2600,0.0100,0.0000,0.0000,0.0000,False,,0.0500,0.0000,False
294,0.0,1.3785,-0.0425,False,False,False,-3.2135,3.5524,0.9713,3.5257,1.3218,-3.0365,-0.1706,0.2080,-0.0916,-0.1722,0.0625,0.1763,0.3138,0.1967,0.3802,1.0702,0.8020,-0.2600,0.0100,0.8020,-0.2600,0.2300,False,-0.0630,0.0765,-0.0338,-0.0636,0.0231,0.0651,-2.1298,grasp,0.8020,-0.2600,0.0100,0.0000,0.0000,0.0000,False,,0.0500,0.0000,False
295,0.0,1.3783,-0.0563,False,False,False,-3.2156,3.5550,0.9701,3.5235,1.3226,-3.0342,-0.2165,0.2639,-0.1162,-0.2186,0.0794,0.2237,0.2954,0.1962,0.3792,1.0703,0.8020,-0.2600,0.0100,0.8020,-0.2600,0.2300,False,0.0427,-0.0042,0.0298,-0.0363,-0.0187,-0.0054,1.6492,grasp,0.8020,-0.2600,0.0100,0.0000,0.0000,0.0000,False,,0.0500,0.0000,True
296,0.0,1.3783,-0.0172,False,False,False,-3.2189,3.5579,0.9692,3.5203,1.3243,-3.0318,-0.0255,-0.0788,0.0447,-0.0671,0.0698,-0.0259,0.3184,0.1962,0.3792,1.0703,0.8020,-0.2600,0.0100,0.8020,-0.2600,0.2300,False,-0.0321,-0.0703,0.0434,-0.0697,0.0707,-0.0233,0.8050,grasp,0.8020,-0.2600,0.0100,0.0000,0.0000,0.0000,False,,0.0500,0.0000,True
297,0.0,1.3831,-0.0341,False,False,False,-3.2194,3.5565,0.9700,3.5190,1.3256,-3.0323,-0.0525,-0.1444,0.0850,-0.1275,0.1326,-0.0493,0.3370,0.1913,0.3840,1.0708,0.8020,-0.2600,0.0100,0.8020,-0.2600,0.2300,False,0.0526,0.0101,-0.0770,-0.0017,0.0643,-0.0618,0.9289,grasp,0.8020,-0.2600,0.0100,0.0000,0.0000,0.0000,False,,0.0500,0.0000,True
298,0.0,1.3830,-0.0022,False,False,False,-3.2194,3.5563,0.9700,3.5190,1.3256,-3.0323,-0.0000,-0.0000,-0.0000,-0.0000,0.0000,0.0000,0.3551,0.1884,0.3812,1.0707,0.8020,-0.2600,0.0100,0.8020,-0.2600,0.2300,False,-0.0614,0.0086,0.0324,0.0765,-0.0157,0.0607,1.6245,grasp,0.8020,-0.2600,0.0100,0.0000,0.0000,0.0000,False,,0.0500,0.0000,True
299,0.0,1.3830,-0.0171,False,False,False,-3.2192,3.5571,0.9698,3.5194,1.3260,-3.0315,0.0792,0.0650,-0.0540,-0.0335,0.0560,0.0248,0.4351,0.1884,0.3812,1.0707,0.8020,-0.2600,0.0100,0.8020,-0.2600,0.2300,False,0.0786,0.0651,-0.0537,-0.0327,0.0559,0.0254,1.7901,grasp,0.8020,-0.2600,0.0100,0.0000,0.0000,0.0000,False,,0.0500,0.0000,True
300,0.0,1.3841,-0.0297,False,False,False,-3.2181,3.5566,0.9677,3.5209,1.3251,-3.0292,-0.0305,-0.1158,-0.0699,0.1399,-0.1293,0.1188,0.3986,0.1875,0.3833,1.0704,0.8020,-0.2600,0.0100,0.8020,-0.2600,0.2300,False,-0.0142,-0.0596,-0.0378,0.0730,-0.0670,0.0630,-2.2464,grasp,0.8020,-0.2600,0.0100,0.0000,0.0000,0.0000,False,,0.0500,0.0000,False
301,0.0,1.3835,-0.0279,False,False,False,-3.2181,3.5566,0.9677,3.5209,1.3251,-3.0292,-0.0305,-0.1158,-0.0699,0.1399,-0.1293,0.1188,0.3986,0.1890,0.3835,1.0703,0.8020,-0.2600,0.0100,0.8020,-0.2600,0.2300,False,-0.0732,-0.0693,0.0745,0.0766,-0.0315,-0.0177,2.6578,grasp,0.8020,-0.2600,0.0100,0.0000,0.0000,0.0000,False,,0.0500,0.0000,True
302,0.0,1.3835,-0.0454,False,False,False,-3.2185,3.5549,0.9667,3.5229,1.3232,-3.0275,-0.0432,-0.1651,-0.0998,0.1996,-0.1844,0.1694,0.3786,0.1890,0.3835,1.0703,0.8020,-0.2600,0.0100,0.8020,-0.2600,0.2300,False,-0.0204,0.0333,-0.0518,0.0393,0.0218,-0.0145,-0.8256,grasp,0.8020,-0.2600,0.0100,0.0000,0.0000,0.0000,False,,0.0500,0.0000,False
303,0.0,1.3835,-0.0017,False,False,False,-3.2185,3.5544,0.9667,3.5229,1.3232,-3.0275,0.0000,-0.0000,-0.0000,-0.0000,0.0000,0.0000,0.3903,0.1890,0.3835,1.0703,0.8020,-0.2600,0.0100,0.8020,-0.2600,0.2300,False,-0.0655,-0.0551,0.0230,0.0488,0.0280,0.0462,1.8995,grasp,0.8020,-0.2600,0.0100,0.0000,0.0000,0.0000,False,,0.0500,0.0000,True
304,0.0,1.3844,-0.0166,False,False,False,-3.2188,3.5541,0.9674,3.5228,1.3229,-3.0277,0.0388,0.0300,0.0428,-0.0602,-0.0575,-0.0685,0.4500,0.1835,0.3798,1.0704,0.8020,-0.2600,0.0100,0.8020,-0.2600,0.2300,False,0.0381,0.0294,0.0430,-0.0597,-0.0572,-0.0681,-2.5521,grasp,0.8020,-0.2600,0.0100,0.0000,0.0000,0.0000,False,,0.0500,0.0000,False
305,0.0,1.3844,-0.0271,False,False,False,-3.2199,3.5568,0.9673,3.5214,1.3223,-3.0312,-0.1187,0.1432,-0.0588,-0.0195,0.0310,-0.1448,0.4442,0.1835,0.3798,1.0704,0.8020,-0.2600,0.0100,0.8020,-0.2600,0.2300,False,-0.0617,0.0758,-0.0301,-0.0114,0.0152,-0.0775,-0.2598,grasp,0.8020,-0.2600,0.0100,0.0000,0.0000,0.0000,False,,0.0500,0.0000,False
306,0.0,1.3844,-0.0242,False,False,False,-3.2199,3.5568,0.9673,3.5214,1.3223,-3.0312,-0.1187,0.1432,-0.0588,-0.0195,0.0310,-0.1448,0.4442,0.1835,0.3798,1.0704,0.8020,-0.2600,0.0100,0.8020,-0.2600,0.2300,False,-0.0535,-0.0019,-0.0289,0.0623,0.0129,0.0472,1.5321,grasp,0.8020,-0.2600,0.0100,0.0000,0.0000,0.0000,False,,0.0500,0.0000,True
307,0.0,1.3842,-0.0374,False,False,False,-3.2216,3.5588,0.9665,3.5211,1.3228,-3.0333,-0.1693,0.2044,-0.0838,-0.0278,0.0443,-0.2066,0.4365,0.1843,0.3802,1.0705,0.8020,-0.2600,0.0100,0.8020,-0.2600,0.2300,False,0.0285,0.0720,0.0125,-0.0724,-0.0060,0.0486,2.6052,grasp,0.8020,-0.2600,0.0100,0.0000,0.0000,0.0000,False,,0.0500,0.0000,True
308,0.0,1.3805,0.0019,False,False,False,-3.2217,3.5590,0.9665,3.5211,1.3228,-3.0333,0.0000,-0.0000,-0.0000,-0.0000,0.0000,0.0000,0.4763,0.1930,0.3808,1.0703,0.8020,-0.2600,0.0100,0.8020,-0.2600,0.2300,False,0.0349,-0.0305,-0.0471,-0.0124,-0.0205,-0.0275,2.0736,grasp,0.8020,-0.2600,0.0100,0.0000,0.0000,0.0000,False,,0.0500,0.0000,True
309,0.0,1.3805,-0.0120,False,False,False,-3.2211,3.5591,0.9659,3.5203,1.3230,-3.0332,0.0310,0.0397,-0.0052,-0.0617,0.0449,0.0369,0.5077,0.1930,0.3808,1.0703,0.8020,-0.2600,0.0100,0.8020,-0.2600,0.2300,False,0.0314,0.0392,-0.0057,-0.0618,0.0447,0.0367,1.2682,grasp,0.8020,-0.2600,0.0100,0.0000,0.0000,0.0000,False,,0.0500,0.0000,False
310,0.0,1.3784,-0.0189,False,False,False,-3.2183,3.5610,0.9676,3.5191,1.3235,-3.0316,0.1446,0.0800,0.1178,-0.0036,-0.0252,0.0605,0.5718,0.1963,0.3800,1.0700,0.8020,-0.2600,0.0100,0.8020,-0.2600,0.2300,False,0.0767,0.0427,0.0619,-0.0031,-0.0124,0.0326,2.6046,grasp,0.8020,-0.2600,0.0100,0.0000,0.0000,0.0000,False,,0.0500,0.0000,True
311,0.0,1.3752,-0.0283,False,False,False,-3.2162,3.5622,0.9693,3.5191,1.3231,-3.0307,0.2063,0.1142,0.1680,-0.0052,-0.0360,0.0863,0.5877,0.2009,0.3775,1.0699,0.8020,-0.2600,0.0100,0.8020,-0.2600,0.2300,False,-0.0292,0.0690,0.0783,0.0376,0.0695,0.0264,0.1873,grasp,0.8020,-0.2600,0.0100,0.0000,0.0000,0.0000,False,,0.0500,0.0000,False
312,0.0,1.3752,-0.0304,False,False,False,-3.2162,3.5622,0.9693,3.5191,1.3231,-3.0307,0.2063,0.1142,0.1680,-0.0052,-0.0360,0.0863,0.5877,0.2009,0.3775,1.0699,0.8020,-0.2600,0.0100,0.8020,-0.2600,0.2300,False,-0.0746,-0.0131,0.0133,0.0284,-0.0018,-0.0519,2.4027,grasp,0.8020,-0.2600,0.0100,0.0000,0.0000,0.0000,False,,0.0500,0.0000,False
313,0.0,1.3734,-0.0457,False,False,False,-3.2122,3.5585,0.9722,3.5151,1.3229,-3.0341,0.1863,-0.1833,0.1407,-0.1940,-0.0083,-0.1659,0.6041,0.2010,0.3735,1.0701,0.8020,-0.2600,0.0100,0.8020,-0.2600,0.2300,False,0.0689,-0.0675,0.0519,-0.0716,-0.0031,-0.0612,2.0935,grasp,0.8020,-0.2600,0.0100,0.0000,0.0000,0.0000,False,,0.0500,0.0000,False
314,0.0,1.3818,-0.0110,False,False,False,-3.2095,3.5557,0.9740,3.5126,1.3228,-3.0362,-0.0000,-0.0000,-0.0000,-0.0000,0.0000,0.0000,0.5964,0.1918,0.3821,1.0706,0.8020,-0.2600,0.0100,0.8020,-0.2600,0.2300,False,0.0356,0.0730,-0.0733,0.0126,0.0506,0.0461,0.5581,grasp,0.8020,-0.2600,0.0100,0.0000,0.0000,0.0000,False,,0.0500,0.0000,False
315,0.0,1.3818,-0.0137,False,False,False,-3.2092,3.5564,0.9733,3.5127,1.3233,-3.0357,0.0303,0.0807,-0.0751,0.0150,0.0507,0.0483,0.5839,0.1918,0.3821,1.0706,0.8020,-0.2600,0.0100,0.8020,-0.2600,0.2300,False,-0.0542,0.0760,0.0504,0.0768,-0.0718,0.0286,3.0242,grasp,0.8020,-0.2600,0.0100,0.0000,0.0000,0.0000,False,,0.0500,0.0000,True
316,0.0,0.0379,-3.6696,True,False,False,-3.2637,3.6322,1.0243,3.5891,1.2523,-3.0072,-0.0269,-0.0240,0.0631,-0.0489,0.0756,-0.0049,0.6752,0.8127,-0.2670,0.0456,0.8020,-0.2600,0.0100,0.8020,-0.2600,0.2300,False,-0.0269,-0.0240,0.0631,-0.0489,0.0756,-0.0049,1.2825,grasp,0.8020,-0.2600,0.0100,0.0000,0.0000,0.0000,False,,0.0500,0.0000,False
317,0.0,0.0389,16.1571,True,False,False,-0.4528,4.7545,-0.2276,-1.2861,-0.1057,1.4755,-0.0991,-0.0832,-0.1343,-0.1091,-0.1060,0.0136,0.0599,0.8065,-0.2627,0.0788,0.8020,-0.2600,0.0403,0.8020,-0.2600,0.2603,False,-0.0522,-0.0436,-0.0707,-0.0574,-0.0558,0.0072,0.6980,grasp,0.8020,-0.2600,0.0403,0.0000,0.0000,0.0000,False,,0.0500,0.0000,True
318,0.0,0.0473,-0.0039,False,False,False,5.8152,5.6796,0.7782,4.5642,-1.5648,-5.1566,0.0000,0.0000,0.0000,0.0000,0.0000,-0.0000,0.0200,0.8003,-0.2540,0.0568,0.8020,-0.2600,0.0099,0.8020,-0.2600,0.2299,True,0.0075,0.0238,0.0714,-0.0295,0.0752,0.0278,-0.5223,grasp,0.8020,-0.2600,0.0099,0.0000,0.0000,0.0000,False,,0.0500,0.0000,False
319,0.0,0.0443,-0.0071,False,False,False,5.8153,5.6799,0.7790,4.5639,-1.5641,-5.1563,0.0062,0.0237,0.0712,-0.0302,0.0754,0.0287,0.0395,0.8002,-0.2529,0.0536,0.8020,-0.2600,0.0099,0.8020,-0.2600,0.2299,True,-0.0777,-0.0396,-0.0448,-0.0101,0.0437,0.0375,-1.6664,grasp,0.8020,-0.2600,0.0099,0.0000,0.0000,0.0000,False,,0.0500,0.0000,False
320,0.0,0.1072,-0.0658,False,False,False,5.7376,5.6402,0.7341,4.5538,-1.5204,-5.1188,0.0000,0.0000,0.0000,0.0000,0.0000,0.0000,0.2078,0.8028,-0.3145,0.1022,0.8020,-0.2600,0.0099,0.8020,-0.2600,0.2299,True,-0.0388,-0.0099,-0.0113,-0.0323,0.0141,-0.0259,2.9844,grasp,0.8020,-0.2600,0.0099,0.0000,0.0000,0.0000,False,,0.0500,0.0000,True
321,0.0,0.1064,-0.0006,False,False,False,5.7376,5.6402,0.7341,4.5538,-1.5204,-5.1188,0.0000,0.0000,0.0000,0.0000,0.0000,0.0000,0.2078,0.8029,-0.3145,0.1012,0.8020,-0.2600,0.0099,0.8020,-0.2600,0.2299,True,-0.0003,-0.0295,-0.0316,-0.0233,0.0005,-0.0788,-0.5797,grasp,0.8020,-0.2600,0.0099,0.0000,0.0000,0.0000,False,,0.0500,0.0000,False
322,0.0,0.1055,-0.0095,False,False,False,5.7376,5.6404,0.7334,4.5536,-1.5200,-5.1195,0.0420,0.0256,-0.0575,0.0060,0.0223,-0.0482,0.2418,0.8031,-0.3149,0.1000,0.8020,-0.2600,0.0099,0.8020,-0.2600,0.2299,True,0.0416,0.0255,-0.0577,0.0057,0.0224,-0.0485,-1.1267,grasp,0.8020,-0.2600,0.0099,0.0000,0.0000,0.0000,False,,0.0500,0.0000,False
323,0.0,0.1053,-0.0099,False,False,False,5.7382,5.6425,0.7311,4.5548,-1.5193,-5.1191,-0.0163,0.1077,-0.0846,0.0738,0.0217,0.0862,0.3032,0.8034,-0.3145,0.0999,0.8020,-0.2600,0.0099,0.8020,-0.2600,0.2299,True,-0.0076,0.0572,-0.0456,0.0390,0.0119,0.0444,2.9885,grasp,0.8020,-0.2600,0.0099,0.0000,0.0000,0.0000,False,,0.0500,0.0000,True
324,0.0,0.1022,-0.0178,False,False,False,5.7382,5.6425,0.7311,4.5548,-1.5193,-5.1191,-0.0163,0.1077,-0.0846,0.0738,0.0217,0.0862,0.3032,0.8041,-0.3140,0.0966,0.8020,-0.2600,0.0099,0.8020,-0.2600,0.2299,True,-0.0484,0.0002,0.0645,-0.0645,-0.0717,0.0141,-1.4612,grasp,0.8020,-0.2600,0.0099,0.0000,0.0000,0.0000,False,,0.0500,0.0000,False
325,0.0,0.1001,-0.0014,False,False,False,5.7380,5.6443,0.7299,4.5558,-1.5190,-5.1179,-0.0000,0.0000,0.0000,0.0000,-0.0000,0.0000,0.3431,0.8042,-0.3141,0.0942,0.8020,-0.2600,0.0099,0.8020,-0.2600,0.2299,True,0.0491,0.0608,0.0527,-0.0210,-0.0150,0.0533,2.1986,grasp,0.8020,-0.2600,0.0099,0.0000,0.0000,0.0000,False,,0.0500,0.0000,True
326,0.0,0.1001,-0.0132,False,False,False,5.7384,5.6448,0.7304,4.5556,-1.5191,-5.1174,0.0494,0.0572,0.0539,-0.0221,-0.0153,0.0521,0.3627,0.8042,-0.3141,0.0942,0.8020,-0.2600,0.0099,0.8020,-0.2600,0.2299,True,-0.0253,0.0330,-0.0051,-0.0647,0.0089,0.0599,2.1269,grasp,0.8020,-0.2600,0.0099,0.0000,0.0000,0.0000,False,,0.0500,0.0000,True
327,0.0,0.0980,-0.0097,False,False,False,5.7389,5.6444,0.7302,4.5560,-1.5188,-5.1175,0.0504,-0.0609,-0.0183,0.0386,0.0270,-0.0143,0.3966,0.8045,-0.3131,0.0921,0.8020,-0.2600,0.0099,0.8020,-0.2600,0.2299,True,0.0504,-0.0609,-0.0183,0.0386,0.0270,-0.0143,-0.6563,grasp,0.8020,-0.2600,0.0099,0.0000,0.0000,0.0000,False,,0.0500,0.0000,False
328,0.0,0.0991,-0.0138,False,False,False,5.7405,5.6433,0.7294,4.5560,-1.5176,-5.1181,0.0517,0.0112,-0.0449,-0.0781,0.0701,-0.0306,0.3509,0.8048,-0.3122,0.0941,0.8020,-0.2600,0.0099,0.8020,-0.2600,0.2299,True,0.0535,0.0091,-0.0453,-0.0774,0.0706,-0.0309,-1.6498,grasp,0.8020,-0.2600,0.0099,0.0000,0.0000,0.0000,False,,0.0500,0.0000,False
329,0.0,0.0997,-0.0083,False,False,False,5.7413,5.6429,0.7283,4.5548,-1.5161,-5.1186,-0.0230,-0.0634,-0.0251,0.0306,0.0205,0.0064,0.3654,0.8053,-0.3118,0.0950,0.8020,-0.2600,0.0099,0.8020,-0.2600,0.2299,True,-0.0212,-0.0632,-0.0259,0.0291,0.0218,0.0058,0.7521,grasp,0.8020,-0.2600,0.0099,0.0000,0.0000,0.0000,False,,0.0500,0.0000,True
330,0.0,0.0998,-0.0074,False,False,False,5.7413,5.6429,0.7283,4.5548,-1.5161,-5.1186,-0.0230,-0.0634,-0.0251,0.0306,0.0205,0.0064,0.3654,0.8065,-0.3111,0.0955,0.8020,-0.2600,0.0099,0.8020,-0.2600,0.2299,True,0.0259,-0.0279,0.0722,0.0332,-0.0530,0.0451,-2.4838,grasp,0.8020,-0.2600,0.0099,0.0000,0.0000,0.0000,False,,0.0500,0.0000,False
331,0.0,0.1006,-0.0225,False,False,False,5.7392,5.6424,0.7274,4.5559,-1.5145,-5.1163,-0.1111,0.0482,-0.0254,0.0349,0.0789,0.1425,0.3235,0.8065,-0.3114,0.0963,0.8020,-0.2600,0.0099,0.8020,-0.2600,0.2299,True,-0.0588,0.0237,-0.0139,0.0189,0.0419,0.0751,-1.7673,grasp,0.8020,-0.2600,0.0099,0.0000,0.0000,0.0000,False,,0.0500,0.0000,False
332,0.0,0.1024,-0.0315,False,False,False,5.7376,5.6431,0.7271,4.5564,-1.5134,-5.1143,-0.1584,0.0683,-0.0363,0.0497,0.1126,0.2033,0.3087,0.8059,-0.3124,0.0978,0.8020,-0.2600,0.0099,0.8020,-0.2600,0.2299,True,0.0553,-0.0729,-0.0210,-0.0695,0.0547,0.0655,-1.9662,grasp,0.8020,-0.2600,0.0099,0.0000,0.0000,0.0000,False,,0.0500,0.0000,False
333,0.0,0.1045,-0.0180,False,False,False,5.7380,5.6425,0.7269,4.5557,-1.5128,-5.1136,0.0592,-0.0741,-0.0206,-0.0700,0.0535,0.0634,0.2785,0.8058,-0.3131,0.0998,0.8020,-0.2600,0.0099,0.8020,-0.2600,0.2299,True,0.0140,-0.0021,-0.0066,0.0710,0.0659,-0.0346,0.1384,grasp,0.8020,-0.2600,0.0099,0.0000,0.0000,0.0000,False,,0.0500,0.0000,True
334,0.0,0.1074,-0.0139,False,False,False,5.7395,5.6413,0.7261,4.5541,-1.5124,-5.1129,0.0331,0.0321,-0.0347,-0.0223,-0.0540,-0.0515,0.2256,0.8068,-0.3122,0.1036,0.8020,-0.2600,0.0099,0.8020,-0.2600,0.2299,True,0.0353,0.0289,-0.0351,-0.0236,-0.0529,-0.0503,-2.8220,grasp,0.8020,-0.2600,0.0099,0.0000,0.0000,0.0000,False,,0.0500,0.0000,False
335,0.0,0.1080,-0.0230,False,False,False,5.7401,5.6419,0.7255,4.5537,-1.5134,-5.1139,0.0639,0.0591,-0.0659,-0.0424,-0.1025,-0.0978,0.2071,0.8070,-0.3121,0.1044,0.8020,-0.2600,0.0099,0.8020,-0.2600,0.2299,True,0.0193,0.0025,0.0468,0.0069,0.0538,0.0051,-0.3853,grasp,0.8020,-0.2600,0.0099,0.0000,0.0000,0.0000,False,,0.0500,0.0000,False
336,0.0,0.1075,-0.0143,False,False,False,5.7407,5.6425,0.7250,4.5532,-1.5130,-5.1144,0.0599,0.0615,-0.0507,-0.0476,0.0340,-0.0507,0.2097,0.8075,-0.3117,0.1040,0.8020,-0.2600,0.0099,0.8020,-0.2600,0.2299,True,0.0599,0.0615,-0.0507,-0.0476,0.0340,-0.0507,-1.8888,grasp,0.8020,-0.2600,0.0099,0.0000,0.0000,0.0000,False,,0.0500,0.0000,False
337,0.0,0.1070,-0.0139,False,False,False,5.7417,5.6439,0.7248,4.5531,-1.5131,-5.1154,-0.0278,0.0090,0.0794,0.0749,-0.0710,-0.0050,0.1936,0.8083,-0.3108,0.1039,0.8020,-0.2600,0.0099,0.8020,-0.2600,0.2299,True,-0.0257,0.0108,0.0785,0.0740,-0.0703,-0.0060,-1.9916,grasp,0.8020,-0.2600,0.0099,0.0000,0.0000,0.0000,False,,0.0500,0.0000,False
338,0.0,0.1070,-0.0018,False,False,False,5.7412,5.6442,0.7263,4.5545,-1.5145,-5.1155,0.0000,0.0000,0.0000,0.0000,0.0000,0.0000,0.2089,0.8077,-0.3109,0.1038,0.8020,-0.2600,0.0099,0.8020,-0.2600,0.2299,True,-0.0205,-0.0375,0.0031,0.0346,0.0665,0.0716,1.2980,grasp,0.8020,-0.2600,0.0099,0.0000,0.0000,0.0000,False,,0.0500,0.0000,True
339,0.0,0.1047,-0.0111,False,False,False,5.7410,5.6438,0.7263,4.5548,-1.5138,-5.1148,-0.0199,-0.0390,0.0016,0.0332,0.0679,0.0717,0.2289,0.8067,-0.3112,0.1012,0.8020,-0.2600,0.0099,0.8020,-0.2600,0.2299,True,-0.0434,-0.0272,0.0256,-0.0172,-0.0190,0.0401,-2.0035,grasp,0.8020,-0.2600,0.0099,0.0000,0.0000,0.0000,False,,0.0500,0.0000,False
340,0.0,0.1047,-0.0111,False,False,False,5.7409,5.6428,0.7264,4.5549,-1.5129,-5.1127,0.0264,-0.0286,0.0066,-0.0606,-0.0457,0.0720,0.2459,0.8067,-0.3112,0.1012,0.8020,-0.2600,0.0099,0.8020,-0.2600,0.2299,True,0.0261,-0.0295,0.0067,-0.0600,-0.0445,0.0733,-1.3928,grasp,0.8020,-0.2600,0.0099,0.0000,0.0000,0.0000,False,,0.0500,0.0000,False
341,0.0,0.1053,-0.0229,False,False,False,5.7414,5.6422,0.7265,4.5537,-1.5138,-5.1114,0.0503,-0.0546,0.0126,-0.1151,-0.0869,0.1367,0.2436,0.8072,-0.3110,0.1019,0.8020,-0.2600,0.0099,0.8020,-0.2600,0.2299,True,-0.0727,0.0734,0.0163,-0.0352,-0.0549,0.0021,-0.5866,grasp,0.8020,-0.2600,0.0099,0.0000,0.0000,0.0000,False,,0.0500,0.0000,False
342,0.0,0.1050,-0.0015,False,False,False,5.7421,5.6414,0.7267,4.5521,-1.5151,-5.1094,0.0000,0.0000,0.0000,0.0000,0.0000,0.0000,0.2699,0.8077,-0.3109,0.1015,0.8020,-0.2600,0.0099,0.8020,-0.2600,0.2299,True,0.0593,0.0774,-0.0190,-0.0531,0.0522,0.0766,1.9296,grasp,0.8020,-0.2600,0.0099,0.0000,0.0000,0.0000,False,,0.0500,0.0000,True
343,0.0,0.1020,-0.0060,False,False,False,5.7426,5.6426,0.7268,4.5510,-1.5146,-5.1088,-0.0111,0.0372,0.0295,-0.0528,-0.0069,-0.0169,0.3294,0.8083,-0.3105,0.0982,0.8020,-0.2600,0.0099,0.8020,-0.2600,0.2299,True,-0.0104,0.0386,0.0293,-0.0533,-0.0064,-0.0162,1.4872,grasp,0.8020,-0.2600,0.0099,0.0000,0.0000,0.0000,False,,0.0500,0.0000,True
344,0.0,0.1020,-0.0086,False,False,False,5.7426,5.6426,0.7268,4.5510,-1.5146,-5.1088,-0.0111,0.0372,0.0295,-0.0528,-0.0069,-0.0169,0.3294,0.8083,-0.3105,0.0982,0.8020,-0.2600,0.0099,0.8020,-0.2600,0.2299,True,0.0251,-0.0742,-0.0575,-0.0351,0.0366,0.0592,2.2937,grasp,0.8020,-0.2600,0.0099,0.0000,0.0000,0.0000,False,,0.0500,0.0000,True
345,0.0,0.1013,-0.0188,False,False,False,5.7421,5.6444,0.7287,4.5499,-1.5161,-5.1083,-0.0148,0.0634,0.0837,-0.0056,-0.0875,0.0580,0.2932,0.8075,-0.3111,0.0972,0.8020,-0.2600,0.0099,0.8020,-0.2600,0.2299,True,-0.0080,0.0347,0.0446,-0.0040,-0.0462,0.0302,-2.5539,grasp,0.8020,-0.2600,0.0099,0.0000,0.0000,0.0000,False,,0.0500,0.0000,False
346,0.0,0.1013,-0.0135,False,False,False,5.7414,5.6464,0.7300,4.5506,-1.5170,-5.1072,-0.0556,0.0726,0.0094,0.0757,0.0326,0.0286,0.2893,0.8075,-0.3111,0.0972,0.8020,-0.2600,0.0099,0.8020,-0.2600,0.2299,True,-0.0558,0.0771,0.0106,0.0756,0.0314,0.0294,-0.3316,grasp,0.8020,-0.2600,0.0099,0.0000,0.0000,0.0000,False,,0.0500,0.0000,False
347,0.0,0.0996,-0.0252,False,False,False,5.7403,5.6478,0.7301,4.5521,-1.5164,-5.1066,-0.1058,0.1418,0.0179,0.1438,0.0620,0.0543,0.2961,0.8065,-0.3115,0.0950,0.8020,-0.2600,0.0099,0.8020,-0.2600,0.2299,True,0.0678,0.0649,0.0079,-0.0768,0.0493,0.0327,0.1899,grasp,0.8020,-0.2600,0.0099,0.0000,0.0000,0.0000,False,,0.0500,0.0000,False
348,0.0,0.0965,-0.0126,False,False,False,5.7409,5.6489,0.7302,4.5513,-1.5159,-5.1063,0.0698,0.0587,0.0077,-0.0783,0.0487,0.0322,0.3205,0.8062,-0.3114,0.0915,0.8020,-0.2600,0.0099,0.8020,-0.2600,0.2299,True,-0.0443,0.0694,0.0449,-0.0524,0.0433,0.0307,-1.3330,grasp,0.8020,-0.2600,0.0099,0.0000,0.0000,0.0000,False,,0.0500,0.0000,False
349,0.0,0.0965,-0.0321,False,False,False,5.7422,5.6500,0.7304,4.5498,-1.5149,-5.1057,0.1319,0.1164,0.0147,-0.1487,0.0925,0.0611,0.3308,0.8062,-0.3114,0.0915,0.8020,-0.2600,0.0099,0.8020,-0.2600,0.2299,True,0.0162,-0.0458,-0.0190,0.0541,0.0587,0.0642,-1.2118,grasp,0.8020,-0.2600,0.0099,0.0000,0.0000,0.0000,False,,0.0500,0.0000,False
350,0.0,0.0954,-0.0009,False,False,False,5.7425,5.6498,0.7302,4.5503,-1.5144,-5.1051,0.0000,0.0000,0.0000,0.0000,-0.0000,0.0000,0.3154,0.8071,-0.3098,0.0911,0.8020,-0.2600,0.0099,0.8020,-0.2600,0.2299,True,-0.0288,0.0231,-0.0630,-0.0468,-0.0513,0.0747,-0.6092,grasp,0.8020,-0.2600,0.0099,0.0000,0.0000,0.0000,False,,0.0500,0.0000,False
351,0.0,0.0936,-0.0145,False,False,False,5.7427,5.6507,0.7301,4.5495,-1.5151,-5.1037,0.0448,0.0780,0.0601,-0.0409,-0.0246,0.0643,0.3557,0.8074,-0.3100,0.0889,0.8020,-0.2600,0.0099,0.8020,-0.2600,0.2299,True,0.0445,0.0782,0.0595,-0.0414,-0.0251,0.0650,1.5702,grasp,0.8020,-0.2600,0.0099,0.0000,0.0000,0.0000,False,,0.0500,0.0000,True
352,0.0,0.0892,-0.0064,False,False,False,5.7438,5.6534,0.7310,4.5494,-1.5154,-5.1024,0.0222,0.0547,-0.0300,0.0737,0.0239,0.0043,0.4150,0.8074,-0.3089,0.0843,0.8020,-0.2600,0.0099,0.8020,-0.2600,0.2299,True,0.0235,0.0629,-0.0288,0.0730,0.0234,0.0055,2.8999,grasp,0.8020,-0.2600,0.0099,0.0000,0.0000,0.0000,False,,0.0500,0.0000,True
353,0.0,0.0892,-0.0117,False,False,False,5.7438,5.6534,0.7310,4.5494,-1.5154,-5.1024,0.0222,0.0547,-0.0300,0.0737,0.0239,0.0043,0.4150,0.8074,-0.3089,0.0843,0.8020,-0.2600,0.0099,0.8020,-0.2600,0.2299,True,-0.0706,0.0235,-0.0498,0.0184,-0.0668,0.0433,-1.2076,grasp,0.8020,-0.2600,0.0099,0.0000,0.0000,0.0000,False,,0.0500,0.0000,False
354,0.0,0.0872,-0.0180,False,False,False,5.7447,5.6550,0.7323,4.5527,-1.5152,-5.1037,0.0331,0.0238,0.1228,0.1251,-0.0187,-0.0916,0.4935,0.8074,-0.3082,0.0824,0.8020,-0.2600,0.0099,0.8020,-0.2600,0.2299,True,0.0179,0.0143,0.0640,0.0673,-0.0094,-0.0481,2.1132,grasp,0.8020,-0.2600,0.0099,0.0000,0.0000,0.0000,False,,0.0500,0.0000,True
355,0.0,0.0847,-0.0131,False,False,False,5.7458,5.6563,0.7332,4.5541,-1.5158,-5.1047,0.0600,0.0716,-0.0811,-0.0390,-0.0353,0.0326,0.5127,0.8066,-0.3072,0.0800,0.8020,-0.2600,0.0099,0.8020,-0.2600,0.2299,True,0.0606,0.0742,-0.0794,-0.0372,-0.0355,0.0313,0.9387,grasp,0.8020,-0.2600,0.0099,0.0000,0.0000,0.0000,False,,0.0500,0.0000,False
356,0.0,0.0823,-0.0134,False,False,False,5.7458,5.6563,0.7332,4.5541,-1.5158,-5.1047,0.0600,0.0716,-0.0811,-0.0390,-0.0353,0.0326,0.5127,0.8061,-0.3061,0.0779,0.8020,-0.2600,0.0099,0.8020,-0.2600,0.2299,True,0.0715,-0.0325,0.0336,0.0504,-0.0173,0.0669,1.7971,grasp,0.8020,-0.2600,0.0099,0.0000,0.0000,0.0000,False,,0.0500,0.0000,False
357,0.0,0.0821,-0.0138,False,False,False,5.7464,5.6574,0.7309,4.5538,-1.5172,-5.1042,-0.0640,-0.0406,-0.0746,0.0464,-0.0664,-0.0158,0.5485,0.8068,-0.3063,0.0775,0.8020,-0.2600,0.0099,0.8020,-0.2600,0.2299,True,-0.0620,-0.0386,-0.0761,0.0456,-0.0670,-0.0152,2.3420,grasp,0.8020,-0.2600,0.0099,0.0000,0.0000,0.0000,False,,0.0500,0.0000,True
358,0.0,0.0821,-0.0069,False,False,False,5.7451,5.6566,0.7301,4.5551,-1.5183,-5.1050,0.0062,0.0003,0.0601,0.0409,0.0128,-0.0438,0.6022,0.8068,-0.3063,0.0775,0.8020,-0.2600,0.0099,0.8020,-0.2600,0.2299,True,0.0037,-0.0015,0.0587,0.0417,0.0116,-0.0441,2.9498,grasp,0.8020,-0.2600,0.0099,0.0000,0.0000,0.0000,False,,0.0500,0.0000,True
359,0.0,0.0830,-0.0106,False,False,False,5.7451,5.6566,0.7301,4.5551,-1.5183,-5.1050,0.0062,0.0003,0.0601,0.0409,0.0128,-0.0438,0.6022,0.8063,-0.3076,0.0778,0.8020,-0.2600,0.0099,0.8020,-0.2600,0.2299,True,0.0246,-0.0593,0.0049,-0.0178,0.0415,-0.0755,-2.7901,grasp,0.8020,-0.2600,0.0099,0.0000,0.0000,0.0000,False,,0.0500,0.0000,False
360,0.0,0.0832,-0.0241,False,False,False,5.7453,5.6574,0.7302,4.5539,-1.5199,-5.1070,0.0004,0.0497,-0.0690,-0.1344,-0.1234,-0.0792,0.5595,0.8063,-0.3081,0.0777,0.8020,-0.2600,0.0099,0.8020,-0.2600,0.2299,True,0.0003,0.0263,-0.0352,-0.0700,-0.0647,-0.0425,-2.8304,grasp,0.8020,-0.2600,0.0099,0.0000,0.0000,0.0000,False,,0.0500,0.0000,False
361,0.0,0.0841,-0.0097,False,False,False,5.7454,5.6585,0.7298,4.5516,-1.5211,-5.1081,0.0090,0.0460,0.0534,-0.0299,0.0597,0.0008,0.5394,0.8067,-0.3090,0.0781,0.8020,-0.2600,0.0099,0.8020,-0.2600,0.2299,True,0.0090,0.0467,0.0524,-0.0318,0.0579,-0.0004,1.0911,grasp,0.8020,-0.2600,0.0099,0.0000,0.0000,0.0000,False,,0.0500,0.0000,False
362,0.0,0.0834,-0.0081,False,False,False,5.7454,5.6585,0.7298,4.5516,-1.5211,-5.1081,0.0090,0.0460,0.0534,-0.0299,0.0597,0.0008,0.5394,0.8067,-0.3087,0.0775,0.8020,-0.2600,0.0099,0.8020,-0.2600,0.2299,True,-0.0306,-0.0747,-0.0064,0.0215,-0.0263,0.0525,2.8950,grasp,0.8020,-0.2600,0.0099,0.0000,0.0000,0.0000,False,,0.0500,0.0000,True
363,0.0,0.0823,-0.0088,False,False,False,5.7461,5.6593,0.7310,4.5514,-1.5195,-5.1082,0.0650,-0.0336,0.0255,0.0357,0.0432,-0.0046,0.4994,0.8067,-0.3074,0.0769,0.8020,-0.2600,0.0099,0.8020,-0.2600,0.2299,True,0.0652,-0.0298,0.0265,0.0351,0.0443,-0.0046,-2.0795,grasp,0.8020,-0.2600,0.0099,0.0000,0.0000,0.0000,False,,0.0500,0.0000,False
364,0.0,0.0823,-0.0189,False,False,False,5.7481,5.6591,0.7321,4.5498,-1.5202,-5.1087,0.0368,0.0232,0.0413,-0.1492,-0.0995,-0.0298,0.5394,0.8067,-0.3074,0.0769,0.8020,-0.2600,0.0099,0.8020,-0.2600,0.2299,True,0.0213,0.0116,0.0222,-0.0778,-0.0516,-0.0158,2.3793,grasp,0.8020,-0.2600,0.0099,0.0000,0.0000,0.0000,False,,0.0500,0.0000,True
365,0.0,0.0808,-0.0167,False,False,False,5.7481,5.6591,0.7321,4.5498,-1.5202,-5.1087,0.0368,0.0232,0.0413,-0.1492,-0.0995,-0.0298,0.5394,0.8074,-0.3061,0.0760,0.8020,-0.2600,0.0099,0.8020,-0.2600,0.2299,True,0.0274,-0.0234,-0.0240,0.0757,-0.0551,0.0780,2.3151,grasp,0.8020,-0.2600,0.0099,0.0000,0.0000,0.0000,False,,0.0500,0.0000,True
366,0.0,0.0808,-0.0165,False,False,False,5.7484,5.6589,0.7320,4.5483,-1.5210,-5.1085,-0.0200,-0.0731,-0.0743,0.0587,0.0631,0.0637,0.5861,0.8079,-0.3063,0.0758,0.8020,-0.2600,0.0099,0.8020,-0.2600,0.2299,True,-0.0194,-0.0725,-0.0737,0.0565,0.0617,0.0633,2.3349,grasp,0.8020,-0.2600,0.0099,0.0000,0.0000,0.0000,False,,0.0500,0.0000,False
367,0.0,0.0808,-0.0320,False,False,False,5.7480,5.6576,0.7306,4.5494,-1.5198,-5.1073,-0.0380,-0.1403,-0.1412,0.1115,0.1199,0.1211,0.5972,0.8079,-0.3063,0.0758,0.8020,-0.2600,0.0099,0.8020,-0.2600,0.2299,True,-0.0002,-0.0225,-0.0358,0.0055,-0.0179,-0.0029,3.1252,grasp,0.8020,-0.2600,0.0099,0.0000,0.0000,0.0000,False,,0.0500,0.0000,True
368,0.0,0.0447,14.9943,True,False,False,2.9758,3.7252,-0.7037,4.7888,-4.6743,-4.8446,0.0190,-0.0044,-0.0048,0.0149,-0.0668,-0.0102,0.0001,0.7999,-0.2583,0.0694,0.8012,-0.2595,0.0247,0.8012,-0.2595,0.2447,True,-0.0756,-0.0670,0.0288,-0.0482,-0.0023,0.0358,0.5080,grasp,0.8012,-0.2595,0.0247,0.0000,0.0000,0.0000,False,,0.0500,0.0000,True
369,0.0,0.0407,15.2020,True,False,False,-0.4502,4.7561,-0.2279,-1.2834,-0.1040,1.4772,0.0745,0.0246,-0.1506,0.0621,0.0082,0.1233,0.0595,0.7866,-0.2625,0.0652,0.8020,-0.2600,0.0277,0.8020,-0.2600,0.2477,False,0.0392,0.0130,-0.0793,0.0327,0.0043,0.0649,0.5742,grasp,0.8020,-0.2600,0.0277,0.0000,0.0000,0.0000,False,,0.0500,0.0000,True
370,0.0,0.0383,-0.0016,False,False,False,-3.2920,2.9541,0.8475,-2.2447,1.5880,1.4312,0.0000,-0.0000,-0.0000,-0.0000,0.0000,-0.0000,0.0129,0.7950,-0.2500,0.0463,0.8020,-0.2600,0.0100,0.8020,-0.2600,0.2300,True,-0.0483,-0.0018,0.0310,0.0687,0.0127,0.0182,-2.1283,grasp,0.8020,-0.2600,0.0100,0.0000,0.0000,0.0000,False,,0.0500,0.0000,False
371,0.0,0.0488,-0.0194,False,False,False,-3.3393,2.9529,0.8788,-2.1751,1.6001,1.4498,0.0201,0.0082,0.0640,0.0520,-0.0073,0.0413,0.1690,0.7941,-0.2645,0.0579,0.8020,-0.2600,0.0100,0.8020,-0.2600,0.2300,True,0.0201,0.0082,0.0640,0.0520,-0.0073,0.0413,-0.1928,grasp,0.8020,-0.2600,0.0100,0.0000,0.0000,0.0000,False,,0.0500,0.0000,False
372,0.0,0.0457,14.9942,True,False,False,-3.3393,2.9529,0.8788,-2.1751,1.6001,1.4498,0.0201,0.0082,0.0640,0.0520,-0.0073,0.0413,0.1690,0.7927,-0.2651,0.0545,0.8020,-0.2600,0.0100,0.8020,-0.2600,0.2300,True,0.0251,-0.0310,-0.0598,0.0703,0.0525,0.0030,2.4701,grasp,0.8020,-0.2600,0.0100,0.0000,0.0000,0.0000,False,,0.0500,0.0000,True
373,0.0,0.0469,14.9926,True,False,False,2.9683,3.7219,-0.7144,-1.4638,-4.6614,1.4497,0.0526,-0.0159,-0.0075,-0.0028,-0.0701,-0.0004,0.0000,0.8031,-0.2619,0.0646,0.8019,-0.2627,0.0177,0.8019,-0.2627,0.2377,True,-0.0440,0.0069,0.0413,0.0597,-0.0168,0.0514,1.3593,grasp,0.8019,-0.2627,0.0177,0.0000,0.0000,0.0000,False,,0.0500,0.0000,True
374,0.0,1.3892,-0.0031,False,False,False,-0.4513,4.7557,-0.2256,-1.2844,-0.1042,1.4753,-0.0000,0.0000,0.0000,0.0000,0.0007,0.0000,0.0000,0.1657,0.3734,1.0690,0.8014,-0.2625,0.0100,0.8014,-0.2625,0.2300,False,-0.0238,-0.0166,-0.0527,-0.0600,0.0723,-0.0759,2.8153,grasp,0.8014,-0.2625,0.0100,0.0000,0.0000,0.0000,False,,0.0500,0.0000,True
375,0.0,1.3892,-0.0270,False,False,False,-0.4511,4.7568,-0.2237,-1.2866,-0.1058,1.4734,0.0110,0.0748,0.1238,-0.1414,-0.1072,-0.1239,0.0800,0.1657,0.3734,1.0690,0.8014,-0.2625,0.0100,0.8014,-0.2625,0.2300,False,0.0058,0.0392,0.0652,-0.0744,-0.0564,-0.0652,1.0468,grasp,0.8014,-0.2625,0.0100,0.0000,0.0000,0.0000,False,,0.0500,0.0000,True
376,0.0,1.3877,-0.0098,False,False,False,-0.4507,4.7593,-0.2189,-1.2907,-0.1093,1.4689,0.0096,-0.0436,0.0762,0.0478,-0.0071,-0.0458,0.1348,0.1725,0.3767,1.0691,0.8014,-0.2625,0.0100,0.8014,-0.2625,0.2300,False,0.0098,-0.0362,0.0785,0.0452,-0.0090,-0.0480,-1.6056,grasp,0.8014,-0.2625,0.0100,0.0000,0.0000,0.0000,False,,0.0500,0.0000,False
377,0.0,1.3862,-0.0306,False,False,False,-0.4502,4.7575,-0.2154,-1.2885,-0.1097,1.4668,0.0259,-0.1066,0.2066,0.1296,-0.0192,-0.1241,0.1464,0.1764,0.3772,1.0692,0.8014,-0.2625,0.0100,0.8014,-0.2625,0.2300,False,0.0039,-0.0081,0.0779,0.0653,0.0593,0.0715,-2.4115,grasp,0.8014,-0.2625,0.0100,0.0000,0.0000,0.0000,False,,0.0500,0.0000,False
378,0.0,1.3862,-0.0311,False,False,False,-0.4502,4.7575,-0.2154,-1.2885,-0.1097,1.4668,0.0259,-0.1066,0.2066,0.1296,-0.0192,-0.1241,0.1464,0.1767,0.3774,1.0692,0.8014,-0.2625,0.0100,0.8014,-0.2625,0.2300,False,-0.0555,-0.0308,0.0685,-0.0374,0.0113,0.0065,-2.6649,grasp,0.8014,-0.2625,0.0100,0.0000,0.0000,0.0000,False,,0.0500,0.0000,False
379,0.0,1.3862,-0.0170,False,False,False,-0.4492,4.7588,-0.2153,-1.2882,-0.1080,1.4658,0.0668,0.0826,0.0090,0.0139,0.1095,-0.0645,0.1672,0.1776,0.3782,1.0692,0.8014,-0.2625,0.0100,0.8014,-0.2625,0.2300,False,0.0352,0.0434,0.0047,0.0073,0.0576,-0.0339,-1.1070,grasp,0.8014,-0.2625,0.0100,0.0000,0.0000,0.0000,False,,0.0500,0.0000,False
380,0.0,1.3887,-0.0362,False,False,False,-0.4465,4.7580,-0.2169,-1.2865,-0.1051,1.4633,0.1158,-0.1516,-0.1115,0.0981,0.0865,-0.1076,0.2347,0.1763,0.3824,1.0692,0.8014,-0.2625,0.0100,0.8014,-0.2625,0.2300,False,0.0619,-0.0774,-0.0585,0.0518,0.0471,-0.0576,1.7558,grasp,0.8014,-0.2625,0.0100,0.0000,0.0000,0.0000,False,,0.0500,0.0000,True
381,0.0,1.3909,-0.0501,False,False,False,-0.4448,4.7559,-0.2185,-1.2851,-0.1039,1.4617,0.1652,-0.2161,-0.1590,0.1399,0.1234,-0.1535,0.2540,0.1736,0.3847,1.0691,0.8014,-0.2625,0.0100,0.8014,-0.2625,0.2300,False,-0.0020,-0.0096,-0.0705,0.0099,0.0358,0.0270,-0.1811,grasp,0.8014,-0.2625,0.0100,0.0000,0.0000,0.0000,False,,0.0500,0.0000,False
382,0.0,1.3949,-0.0440,False,False,False,-0.4407,4.7505,-0.2157,-1.2863,-0.1008,1.4630,0.1985,-0.2037,0.1342,-0.0576,0.1463,0.0600,0.2583,0.1680,0.3876,1.0692,0.8014,-0.2625,0.0100,0.8014,-0.2625,0.2300,False,0.0732,-0.0762,0.0495,-0.0212,0.0540,0.0221,-1.9349,grasp,0.8014,-0.2625,0.0100,0.0000,0.0000,0.0000,False,,0.0500,0.0000,False
383,0.0,1.3968,-0.0243,False,False,False,-0.4405,4.7463,-0.2125,-1.2875,-0.1007,1.4635,-0.1523,-0.0632,0.0979,-0.0259,-0.1145,-0.0136,0.3074,0.1668,0.3904,1.0693,0.8014,-0.2625,0.0100,0.8014,-0.2625,0.2300,False,-0.0776,-0.0393,0.0532,-0.0144,-0.0584,-0.0064,1.8281,grasp,0.8014,-0.2625,0.0100,0.0000,0.0000,0.0000,False,,0.0500,0.0000,True
384,0.0,1.3962,-0.0348,False,False,False,-0.4427,4.7453,-0.2111,-1.2878,-0.1024,1.4633,-0.2172,-0.0936,0.1396,-0.0370,-0.1634,-0.0194,0.3274,0.1682,0.3905,1.0693,0.8014,-0.2625,0.0100,0.8014,-0.2625,0.2300,False,-0.0635,-0.0182,-0.0728,0.0748,-0.0779,-0.0221,-0.0891,grasp,0.8014,-0.2625,0.0100,0.0000,0.0000,0.0000,False,,0.0500,0.0000,False
385,0.0,1.3970,-0.0320,False,False,False,-0.4456,4.7439,-0.2137,-1.2852,-0.1034,1.4608,-0.1390,-0.0714,-0.1288,0.1269,-0.0478,-0.1223,0.4136,0.1689,0.3933,1.0690,0.8014,-0.2625,0.0100,0.8014,-0.2625,0.2300,False,-0.0513,-0.0263,-0.0475,0.0468,-0.0177,-0.0451,3.0515,grasp,0.8014,-0.2625,0.0100,0.0000,0.0000,0.0000,False,,0.0500,0.0000,True
386,0.0,1.3969,-0.0122,False,False,False,-0.4480,4.7435,-0.2155,-1.2841,-0.1039,1.4585,-0.0658,0.0708,-0.0115,-0.0468,0.0100,-0.0722,0.4342,0.1693,0.3938,1.0689,0.8014,-0.2625,0.0100,0.8014,-0.2625,0.2300,False,-0.0676,0.0683,-0.0132,-0.0452,0.0094,-0.0738,0.2219,grasp,0.8014,-0.2625,0.0100,0.0000,0.0000,0.0000,False,,0.0500,0.0000,False
387,0.0,1.3960,-0.0014,False,False,False,-0.4493,4.7450,-0.2157,-1.2850,-0.1037,1.4572,0.0000,-0.0000,-0.0000,0.0000,-0.0000,0.0000,0.4397,0.1709,0.3932,1.0689,0.8014,-0.2625,0.0100,0.8014,-0.2625,0.2300,False,0.0234,0.0540,0.0018,-0.0638,-0.0788,0.0045,0.7446,grasp,0.8014,-0.2625,0.0100,0.0000,0.0000,0.0000,False,,0.0500,0.0000,False
388,0.0,1.3956,-0.0349,False,False,False,-0.4488,4.7426,-0.2123,-1.2811,-0.1035,1.4603,0.0103,-0.1370,0.1655,0.2175,0.0486,0.1466,0.3652,0.1707,0.3922,1.0689,0.8014,-0.2625,0.0100,0.8014,-0.2625,0.2300,False,0.0041,-0.0500,0.0611,0.0796,0.0172,0.0541,-1.8572,grasp,0.8014,-0.2625,0.0100,0.0000,0.0000,0.0000,False,,0.0500,0.0000,False
389,0.0,1.3960,-0.0135,False,False,False,-0.4487,4.7404,-0.2110,-1.2785,-0.1023,1.4628,0.0002,-0.0528,-0.0786,-0.0190,0.0499,0.0673,0.3847,0.1686,0.3911,1.0688,0.8014,-0.2625,0.0100,0.8014,-0.2625,0.2300,False,0.0004,-0.0550,-0.0765,-0.0162,0.0506,0.0692,2.9234,grasp,0.8014,-0.2625,0.0100,0.0000,0.0000,0.0000,False,,0.0500,0.0000,True
390,0.0,1.3983,-0.0056,False,False,False,-0.4487,4.7391,-0.2124,-1.2789,-0.1014,1.4641,0.0000,-0.0000,-0.0000,0.0000,-0.0000,0.0000,0.4242,0.1670,0.3947,1.0688,0.8014,-0.2625,0.0100,0.8014,-0.2625,0.2300,False,-0.0679,0.0311,-0.0421,0.0015,-0.0155,0.0511,0.3349,grasp,0.8014,-0.2625,0.0100,0.0000,0.0000,0.0000,False,,0.0500,0.0000,False
391,0.0,1.3979,-0.0308,False,False,False,-0.4473,4.7410,-0.2153,-1.2755,-0.1012,1.4675,0.0963,0.0764,-0.1199,0.1613,0.0179,0.1407,0.3677,0.1671,0.3941,1.0687,0.8014,-0.2625,0.0100,0.8014,-0.2625,0.2300,False,0.0349,0.0285,-0.0447,0.0595,0.0064,0.0524,-2.2225,grasp,0.8014,-0.2625,0.0100,0.0000,0.0000,0.0000,False,,0.0500,0.0000,False
392,0.0,1.3982,-0.0109,False,False,False,-0.4464,4.7417,-0.2172,-1.2741,-0.1011,1.4688,-0.0285,-0.0322,-0.0333,-0.0633,-0.0132,-0.0489,0.3875,0.1660,0.3939,1.0685,0.8014,-0.2625,0.0100,0.8014,-0.2625,0.2300,False,-0.0273,-0.0313,-0.0348,-0.0612,-0.0130,-0.0472,1.4644,grasp,0.8014,-0.2625,0.0100,0.0000,0.0000,0.0000,False,,0.0500,0.0000,True
393,0.0,1.3989,-0.0040,False,False,False,-0.4470,4.7410,-0.2178,-1.2753,-0.1013,1.4679,0.0000,-0.0000,-0.0000,0.0000,-0.0000,0.0000,0.4273,0.1659,0.3952,1.0685,0.8014,-0.2625,0.0100,0.8014,-0.2625,0.2300,False,-0.0096,-0.0203,0.0262,0.0435,-0.0170,-0.0380,-2.1895,grasp,0.8014,-0.2625,0.0100,0.0000,0.0000,0.0000,False,,0.0500,0.0000,False
394,0.0,1.3989,-0.0235,False,False,False,-0.4469,4.7438,-0.2188,-1.2760,-0.1020,1.4709,0.0071,0.1464,-0.0580,-0.0568,-0.0223,0.1629,0.4375,0.1663,0.3956,1.0685,0.8014,-0.2625,0.0100,0.8014,-0.2625,0.2300,False,0.0025,0.0538,-0.0211,-0.0205,-0.0084,0.0597,0.1099,grasp,0.8014,-0.2625,0.0100,0.0000,0.0000,0.0000,False,,0.0500,0.0000,False
395,0.0,1.3976,-0.0086,False,False,False,-0.4466,4.7454,-0.2197,-1.2767,-0.1020,1.4725,0.0207,-0.0556,-0.0211,0.0004,0.0234,-0.0407,0.4317,0.1680,0.3945,1.0685,0.8014,-0.2625,0.0100,0.8014,-0.2625,0.2300,False,0.0208,-0.0511,-0.0218,-0.0003,0.0231,-0.0386,0.1359,grasp,0.8014,-0.2625,0.0100,0.0000,0.0000,0.0000,False,,0.0500,0.0000,False
396,0.0,1.3971,-0.0026,False,False,False,-0.4462,4.7442,-0.2201,-1.2767,-0.1016,1.4717,0.0000,-0.0000,-0.0000,0.0000,-0.0000,0.0000,0.4331,0.1687,0.3940,1.0685,0.8014,-0.2625,0.0100,0.8014,-0.2625,0.2300,False,-0.0604,-0.0465,-0.0667,-0.0546,0.0419,-0.0161,0.4593,grasp,0.8014,-0.2625,0.0100,0.0000,0.0000,0.0000,False,,0.0500,0.0000,False
397,0.0,1.3980,-0.0438,False,False,False,-0.4426,4.7428,-0.2232,-1.2805,-0.0981,1.4754,0.2019,-0.0501,-0.1184,-0.1542,0.1501,0.1862,0.4979,0.1673,0.3947,1.0685,0.8014,-0.2625,0.0100,0.8014,-0.2625,0.2300,False,0.0739,-0.0189,-0.0443,-0.0574,0.0558,0.0686,1.7006,grasp,0.8014,-0.2625,0.0100,0.0000,0.0000,0.0000,False,,0.0500,0.0000,False
398,0.0,1.4019,-0.0139,False,False,False,-0.4404,4.7413,-0.2240,-1.2828,-0.0966,1.4782,-0.0331,-0.0451,0.0673,-0.0350,-0.0458,0.0372,0.4716,0.1629,0.3985,1.0686,0.8014,-0.2625,0.0100,0.8014,-0.2625,0.2300,False,-0.0305,-0.0501,0.0658,-0.0369,-0.0439,0.0396,-0.7172,grasp,0.8014,-0.2625,0.0100,0.0000,0.0000,0.0000,False,,0.0500,0.0000,False
399,0.0,1.4039,-0.0036,False,False,False,-0.4410,4.7404,-0.2228,-1.2834,-0.0975,1.4789,0.0000,-0.0000,-0.0000,0.0000,0.0000,0.0000,0.4753,0.1596,0.3995,1.0687,0.8014,-0.2625,0.0100,0.8014,-0.2625,0.2300,False,-0.0769,0.0766,0.0453,-0.0445,0.0536,-0.0342,2.6472,grasp,0.8014,-0.2625,0.0100,0.0000,0.0000,0.0000,False,,0.0500,0.0000,True
400,0.0,1.4038,-0.0415,False,False,False,-0.4405,4.7372,-0.2241,-1.2798,-0.0927,1.4797,0.0641,-0.1982,-0.0844,0.1993,0.2029,0.0541,0.5643,0.1599,0.3994,1.0687,0.8014,-0.2625,0.0100,0.8014,-0.2625,0.2300,False,0.0229,-0.0717,-0.0307,0.0731,0.0754,0.0196,2.3460,grasp,0.8014,-0.2625,0.0100,0.0000,0.0000,0.0000,False,,0.0500,0.0000,True
401,0.0,1.4069,-0.0164,False,False,False,-0.4390,4.7337,-0.2253,-1.2777,-0.0909,1.4804,0.0652,0.0213,-0.0172,-0.0444,-0.0778,0.0103,0.5378,0.1564,0.4030,1.0686,0.8014,-0.2625,0.0100,0.8014,-0.2625,0.2300,False,0.0660,0.0061,-0.0183,-0.0419,-0.0753,0.0110,-2.3371,grasp,0.8014,-0.2625,0.0100,0.0000,0.0000,0.0000,False,,0.0500,0.0000,False
402,0.0,1.4096,-0.0049,False,False,False,-0.4378,4.7340,-0.2256,-1.2785,-0.0924,1.4806,0.0000,-0.0000,-0.0000,0.0000,0.0000,0.0000,0.5378,0.1519,0.4046,1.0684,0.8014,-0.2625,0.0100,0.8014,-0.2625,0.2300,False,0.0631,-0.0786,-0.0600,-0.0548,0.0019,-0.0133,2.6192,grasp,0.8014,-0.2625,0.0100,0.0000,0.0000,0.0000,False,,0.0500,0.0000,True
403,0.0,1.4096,-0.0204,False,False,False,-0.4364,4.7342,-0.2288,-1.2792,-0.0897,1.4792,0.0345,0.0510,-0.1224,-0.0050,0.1283,-0.0632,0.4769,0.1518,0.4046,1.0683,0.8014,-0.2625,0.0100,0.8014,-0.2625,0.2300,False,0.0134,0.0177,-0.0458,-0.0024,0.0474,-0.0234,-1.8825,grasp,0.8014,-0.2625,0.0100,0.0000,0.0000,0.0000,False,,0.0500,0.0000,False
404,0.0,1.4111,-0.0130,False,False,False,-0.4366,4.7352,-0.2301,-1.2787,-0.0887,1.4785,-0.0556,0.0300,0.0223,0.0508,-0.0549,0.0059,0.4797,0.1488,0.4047,1.0683,0.8014,-0.2625,0.0100,0.8014,-0.2625,0.2300,False,-0.0552,0.0307,0.0208,0.0508,-0.0533,0.0051,1.3888,grasp,0.8014,-0.2625,0.0100,0.0000,0.0000,0.0000,False,,0.0500,0.0000,False
405,0.0,1.4111,-0.0021,False,False,False,-0.4376,4.7358,-0.2297,-1.2777,-0.0897,1.4786,-0.0000,-0.0000,-0.0000,0.0000,-0.0000,0.0000,0.4698,0.1488,0.4048,1.0683,0.8014,-0.2625,0.0100,0.8014,-0.2625,0.2300,False,0.0610,-0.0496,0.0536,-0.0655,0.0015,-0.0160,-0.8404,grasp,0.8014,-0.2625,0.0100,0.0000,0.0000,0.0000,False,,0.0500,0.0000,False
406,0.0,1.4100,-0.0272,False,False,False,-0.4356,4.7333,-0.2289,-1.2771,-0.0881,1.4806,0.0912,-0.1383,0.0148,0.0826,0.1026,0.1428,0.5111,0.1502,0.4040,1.0683,0.8014,-0.2625,0.0100,0.8014,-0.2625,0.2300,False,0.0486,-0.0730,0.0083,0.0428,0.0540,0.0750,2.9755,grasp,0.8014,-0.2625,0.0100,0.0000,0.0000,0.0000,False,,0.0500,0.0000,True
407,0.0,1.4121,-0.0214,False,False,False,-0.4350,4.7301,-0.2280,-1.2764,-0.0874,1.4823,-0.0739,-0.0650,0.0717,-0.0387,-0.0732,-0.0316,0.5707,0.1477,0.4060,1.0682,0.8014,-0.2625,0.0100,0.8014,-0.2625,0.2300,False,-0.0726,-0.0725,0.0719,-0.0375,-0.0718,-0.0296,2.3165,grasp,0.8014,-0.2625,0.0100,0.0000,0.0000,0.0000,False,,0.0500,0.0000,False
408,0.0,1.4138,-0.0029,False,False,False,-0.4384,4.7269,-0.2247,-1.2781,-0.0908,1.4808,-0.0000,-0.0000,-0.0000,0.0000,-0.0000,0.0000,0.5939,0.1461,0.4081,1.0681,0.8014,-0.2625,0.0100,0.8014,-0.2625,0.2300,False,0.0144,-0.0597,-0.0192,0.0441,0.0778,0.0792,-1.6129,grasp,0.8014,-0.2625,0.0100,0.0000,0.0000,0.0000,False,,0.0500,0.0000,False
409,0.0,1.4134,-0.0119,False,False,False,-0.4388,4.7260,-0.2253,-1.2773,-0.0907,1.4818,-0.0519,-0.0386,-0.0432,0.0416,-0.0751,0.0172,0.6123,0.1467,0.4079,1.0682,0.8014,-0.2625,0.0100,0.8014,-0.2625,0.2300,False,-0.0517,-0.0395,-0.0434,0.0420,-0.0743,0.0180,2.9424,grasp,0.8014,-0.2625,0.0100,0.0000,0.0000,0.0000,False,,0.0500,0.0000,True
410,0.0,1.4140,-0.0035,False,False,False,-0.4406,4.7246,-0.2280,-1.2760,-0.0940,1.4833,0.0617,0.0599,-0.0678,-0.0696,0.0119,0.0674,0.6031,0.1459,0.4087,1.0679,0.8014,-0.2625,0.0100,0.8014,-0.2625,0.2300,False,0.0603,0.0572,-0.0690,-0.0684,0.0099,0.0678,-2.8532,grasp,0.8014,-0.2625,0.0100,0.0000,0.0000,0.0000,False,,0.0500,0.0000,False
411,0.0,1.4143,-0.0028,False,False,False,-0.4377,4.7273,-0.2311,-1.2793,-0.0935,1.4864,0.0000,-0.0000,-0.0000,0.0000,0.0000,0.0000,0.5831,0.1449,0.4086,1.0678,0.8014,-0.2625,0.0100,0.8014,-0.2625,0.2300,False,0.0775,0.0191,-0.0222,0.0773,-0.0045,0.0721,2.9259,grasp,0.8014,-0.2625,0.0100,0.0000,0.0000,0.0000,False,,0.0500,0.0000,True
412,0.0,1.4146,-0.0112,False,False,False,-0.4373,4.7279,-0.2308,-1.2784,-0.0928,1.4875,-0.0329,0.0427,0.0499,0.0032,0.0765,0.0395,0.5758,0.1445,0.4087,1.0678,0.8014,-0.2625,0.0100,0.8014,-0.2625,0.2300,False,-0.0321,0.0429,0.0497,0.0040,0.0765,0.0402,0.5012,grasp,0.8014,-0.2625,0.0100,0.0000,0.0000,0.0000,False,,0.0500,0.0000,False
413,0.0,1.4138,-0.0341,False,False,False,-0.4371,4.7286,-0.2303,-1.2805,-0.0914,1.4905,0.1101,-0.1154,-0.1143,-0.1437,-0.1402,0.0790,0.4945,0.1456,0.4080,1.0680,0.8014,-0.2625,0.0100,0.8014,-0.2625,0.2300,False,0.0571,-0.0572,-0.0588,-0.0755,-0.0717,0.0427,-2.0472,grasp,0.8014,-0.2625,0.0100,0.0000,0.0000,0.0000,False,,0.0500,0.0000,False
414,0.0,1.4141,-0.0027,False,False,False,-0.4356,4.7261,-0.2319,-1.2825,-0.0934,1.4916,-0.0000,-0.0000,-0.0000,0.0000,-0.0000,0.0000,0.4545,0.1443,0.4072,1.0680,0.8014,-0.2625,0.0100,0.8014,-0.2625,0.2300,False,-0.0051,0.0150,-0.0454,0.0420,0.0141,-0.0039,-2.8144,grasp,0.8014,-0.2625,0.0100,0.0000,0.0000,0.0000,False,,0.0500,0.0000,False
415,0.0,1.4159,-0.0043,False,False,False,-0.4356,4.7264,-0.2323,-1.2821,-0.0932,1.4916,0.0000,-0.0000,-0.0000,0.0000,0.0000,0.0000,0.4545,0.1407,0.4077,1.0679,0.8014,-0.2625,0.0100,0.8014,-0.2625,0.2300,False,0.0520,0.0609,0.0768,0.0267,0.0203,0.0673,2.4682,grasp,0.8014,-0.2625,0.0100,0.0000,0.0000,0.0000,False,,0.0500,0.0000,True
416,0.0,1.4150,-0.0018,False,False,False,-0.4327,4.7303,-0.2280,-1.2806,-0.0921,1.4954,-0.0000,-0.0000,-0.0000,0.0000,-0.0000,0.0000,0.5247,0.1429,0.4077,1.0680,0.8014,-0.2625,0.0100,0.8014,-0.2625,0.2300,False,-0.0095,0.0186,-0.0360,-0.0705,0.0705,-0.0425,1.6238,grasp,0.8014,-0.2625,0.0100,0.0000,0.0000,0.0000,False,,0.0500,0.0000,False
417,0.0,1.4140,-0.0134,False,False,False,-0.4325,4.7312,-0.2294,-1.2833,-0.0895,1.4934,0.0515,0.0513,-0.0241,-0.0655,0.0572,-0.0711,0.5265,0.1451,0.4075,1.0682,0.8014,-0.2625,0.0100,0.8014,-0.2625,0.2300,False,0.0513,0.0515,-0.0248,-0.0669,0.0585,-0.0720,0.5325,grasp,0.8014,-0.2625,0.0100,0.0000,0.0000,0.0000,False,,0.0500,0.0000,False
418,0.0,1.4145,-0.0022,False,False,False,-0.4315,4.7322,-0.2298,-1.2846,-0.0884,1.4920,0.0000,-0.0000,-0.0000,0.0000,-0.0000,0.0000,0.5292,0.1445,0.4077,1.0683,0.8014,-0.2625,0.0100,0.8014,-0.2625,0.2300,False,-0.0731,-0.0472,0.0596,-0.0532,0.0259,-0.0534,1.6196,grasp,0.8014,-0.2625,0.0100,0.0000,0.0000,0.0000,False,,0.0500,0.0000,False
419,0.0,1.4147,-0.0259,False,False,False,-0.4325,4.7288,-0.2301,-1.2860,-0.0868,1.4911,0.0766,-0.1459,-0.1348,0.0050,0.0573,0.0355,0.4839,0.1446,0.4080,1.0685,0.8014,-0.2625,0.0100,0.8014,-0.2625,0.2300,False,0.0389,-0.0770,-0.0698,0.0016,0.0307,0.0177,-0.9383,grasp,0.8014,-0.2625,0.0100,0.0000,0.0000,0.0000,False,,0.0500,0.0000,False
420,0.0,1.4166,-0.0140,False,False,False,-0.4312,4.7260,-0.2314,-1.2865,-0.0858,1.4915,0.0218,0.0556,0.0684,-0.0540,0.0238,-0.0029,0.4689,0.1408,0.4085,1.0683,0.8014,-0.2625,0.0100,0.8014,-0.2625,0.2300,False,0.0229,0.0406,0.0664,-0.0540,0.0246,-0.0024,0.7113,grasp,0.8014,-0.2625,0.0100,0.0000,0.0000,0.0000,False,,0.0500,0.0000,False
421,0.0,1.3921,0.0203,False,False,False,-0.4096,4.7694,-0.1637,-1.3400,-0.0622,1.4887,0.0000,0.0000,-0.0000,0.0000,-0.0000,0.0000,0.4995,0.1836,0.3897,1.0734,0.8014,-0.2625,0.0100,0.8014,-0.2625,0.2300,False,0.0705,0.0688,-0.0575,-0.0065,0.0558,0.0046,1.4147,grasp,0.8014,-0.2625,0.0100,0.0000,0.0000,0.0000,False,,0.0500,0.0000,False
422,0.0,1.3924,-0.0150,False,False,False,-0.4082,4.7710,-0.1650,-1.3406,-0.0612,1.4880,-0.0611,-0.0384,0.0375,-0.0436,-0.0647,-0.0795,0.4866,0.1835,0.3904,1.0734,0.8014,-0.2625,0.0100,0.8014,-0.2625,0.2300,False,-0.0598,-0.0368,0.0364,-0.0438,-0.0636,-0.0794,-0.2655,grasp,0.8014,-0.2625,0.0100,0.0000,0.0000,0.0000,False,,0.0500,0.0000,False
423,0.0,1.3918,-0.0087,False,False,False,-0.4110,4.7695,-0.1633,-1.3430,-0.0648,1.4850,-0.0007,0.0257,-0.0050,-0.0400,-0.0545,0.0688,0.4237,0.1838,0.3893,1.0734,0.8014,-0.2625,0.0100,0.8014,-0.2625,0.2300,False,-0.0024,0.0246,-0.0040,-0.0412,-0.0562,0.0667,-2.9258,grasp,0.8014,-0.2625,0.0100,0.0000,0.0000,0.0000,False,,0.0500,0.0000,False
424,0.0,0.0498,15.0004,True,False,False,-0.4739,5.6739,0.8116,-1.8386,-1.5769,1.1292,0.0000,0.0000,0.0000,0.0000,0.0000,0.0000,0.0200,0.8167,-0.2710,0.0563,0.8020,-0.2600,0.0100,0.8020,-0.2600,0.2300,True,0.0228,-0.0470,-0.0416,-0.0315,0.0634,0.0540,0.8090,grasp,0.8020,-0.2600,0.0100,0.0000,0.0000,0.0000,False,,0.0500,0.0000,True
425,0.0,1.3608,-0.0119,False,False,False,-0.4507,4.7551,-0.2259,-1.2843,-0.1042,1.4759,0.0559,-0.0713,-0.0295,0.0060,-0.0072,0.0614,0.0395,0.1662,0.3759,1.0689,0.8036,-0.2597,0.0483,0.8036,-0.2597,0.2683,False,0.0559,-0.0713,-0.0295,0.0060,-0.0072,0.0614,-0.9040,grasp,0.8036,-0.2597,0.0483,0.0000,0.0000,0.0000,False,,0.0500,0.0000,False
426,0.0,1.3628,-0.0185,False,False,False,-0.4490,4.7531,-0.2258,-1.2848,-0.1048,1.4767,0.0702,-0.0324,0.0607,-0.0617,-0.0506,-0.0330,0.0984,0.1658,0.3798,1.0689,0.8036,-0.2597,0.0483,0.8036,-0.2597,0.2683,False,0.0713,-0.0376,0.0601,-0.0616,-0.0508,-0.0319,-0.9986,grasp,0.8036,-0.2597,0.0483,0.0000,0.0000,0.0000,False,,0.0500,0.0000,False
427,0.0,1.3621,-0.0168,False,False,False,-0.4468,4.7538,-0.2246,-1.2842,-0.1066,1.4759,0.0545,0.0906,0.0062,0.1206,-0.0541,-0.0171,0.0885,0.1663,0.3789,1.0688,0.8036,-0.2597,0.0483,0.8036,-0.2597,0.2683,False,0.0300,0.0469,0.0044,0.0623,-0.0294,-0.0096,-3.0242,grasp,0.8036,-0.2597,0.0483,0.0000,0.0000,0.0000,False,,0.0500,0.0000,False
428,0.0,1.3613,-0.0158,False,False,False,-0.4461,4.7546,-0.2238,-1.2831,-0.1073,1.4749,-0.0092,-0.0611,0.0753,-0.0635,0.0046,-0.0682,0.0796,0.1671,0.3779,1.0688,0.8036,-0.2597,0.0483,0.8036,-0.2597,0.2683,False,-0.0084,-0.0580,0.0754,-0.0617,0.0038,-0.0685,-2.5685,grasp,0.8036,-0.2597,0.0483,0.0000,0.0000,0.0000,False,,0.0500,0.0000,False
429,0.0,1.3620,-0.0170,False,False,False,-0.4468,4.7527,-0.2216,-1.2847,-0.1076,1.4732,-0.0487,-0.0750,0.0764,-0.0440,-0.0306,-0.0388,0.1189,0.1678,0.3800,1.0689,0.8036,-0.2597,0.0483,0.8036,-0.2597,0.2683,False,-0.0489,-0.0764,0.0779,-0.0452,-0.0306,-0.0401,2.3192,grasp,0.8036,-0.2597,0.0483,0.0000,0.0000,0.0000,False,,0.0500,0.0000,True
430,0.0,1.3622,-0.0288,False,False,False,-0.4465,4.7527,-0.2183,-1.2847,-0.1094,1.4705,0.0818,0.1046,0.1193,0.0585,-0.0814,-0.1296,0.1987,0.1683,0.3810,1.0689,0.8036,-0.2597,0.0483,0.8036,-0.2597,0.2683,False,0.0421,0.0531,0.0643,0.0300,-0.0434,-0.0689,1.2567,grasp,0.8036,-0.2597,0.0483,0.0000,0.0000,0.0000,False,,0.0500,0.0000,True
431,0.0,1.3614,-0.0149,False,False,False,-0.4448,4.7552,-0.2163,-1.2834,-0.1111,1.4694,0.0506,0.0518,0.0319,0.0447,-0.0571,0.0690,0.2576,0.1718,0.3826,1.0689,0.8036,-0.2597,0.0483,0.8036,-0.2597,0.2683,False,0.0518,0.0586,0.0336,0.0455,-0.0583,0.0671,0.6158,grasp,0.8036,-0.2597,0.0483,0.0000,0.0000,0.0000,False,,0.0500,0.0000,True
432,0.0,1.3598,-0.0126,False,False,False,-0.4442,4.7557,-0.2157,-1.2818,-0.1123,1.4713,-0.0386,-0.0691,-0.0083,0.0745,-0.0115,0.0604,0.2990,0.1760,0.3835,1.0688,0.8036,-0.2597,0.0483,0.8036,-0.2597,0.2683,False,-0.0376,-0.0666,-0.0077,0.0753,-0.0126,0.0617,-0.0947,grasp,0.8036,-0.2597,0.0483,0.0000,0.0000,0.0000,False,,0.0500,0.0000,False
433,0.0,1.3593,-0.0076,False,False,False,-0.4463,4.7535,-0.2171,-1.2804,-0.1144,1.4733,-0.0851,-0.0509,-0.0791,-0.0027,-0.1237,0.0555,0.2965,0.1777,0.3845,1.0687,0.8036,-0.2597,0.0483,0.8036,-0.2597,0.2683,False,-0.0455,-0.0288,-0.0418,-0.0000,-0.0653,0.0303,-1.0535,grasp,0.8036,-0.2597,0.0483,0.0000,0.0000,0.0000,False,,0.0500,0.0000,False
434,0.0,1.3598,-0.0189,False,False,False,-0.4481,4.7534,-0.2188,-1.2800,-0.1154,1.4740,-0.0650,0.0692,-0.0588,0.0505,0.0743,-0.0059,0.2751,0.1767,0.3848,1.0685,0.8036,-0.2597,0.0483,0.8036,-0.2597,0.2683,False,-0.0662,0.0675,-0.0599,0.0505,0.0725,-0.0051,-1.5929,grasp,0.8036,-0.2597,0.0483,0.0000,0.0000,0.0000,False,,0.0500,0.0000,False
435,0.0,1.3595,-0.0129,False,False,False,-0.4492,4.7551,-0.2196,-1.2797,-0.1145,1.4743,0.0108,0.0307,0.0356,-0.0688,-0.0431,0.0417,0.3071,0.1764,0.3840,1.0684,0.8036,-0.2597,0.0483,0.8036,-0.2597,0.2683,False,0.0095,0.0332,0.0345,-0.0678,-0.0416,0.0416,2.1250,grasp,0.8036,-0.2597,0.0483,0.0000,0.0000,0.0000,False,,0.0500,0.0000,True
436,0.0,1.3589,-0.0127,False,False,False,-0.4490,4.7552,-0.2196,-1.2814,-0.1158,1.4743,-0.0000,-0.0588,-0.0646,-0.0374,-0.0475,-0.0774,0.3663,0.1783,0.3845,1.0684,0.8036,-0.2597,0.0483,0.8036,-0.2597,0.2683,False,0.0002,-0.0576,-0.0639,-0.0387,-0.0483,-0.0766,1.6863,grasp,0.8036,-0.2597,0.0483,0.0000,0.0000,0.0000,False,,0.0500,0.0000,True
437,0.0,1.3599,-0.0030,False,False,False,-0.4490,4.7519,-0.2225,-1.2831,-0.1179,1.4708,0.0000,-0.0000,-0.0000,0.0000,-0.0000,0.0000,0.4257,0.1788,0.3872,1.0684,0.8036,-0.2597,0.0483,0.8036,-0.2597,0.2683,False,0.0727,0.0379,-0.0197,-0.0152,0.0770,0.0697,-2.6585,grasp,0.8036,-0.2597,0.0483,0.0000,0.0000,0.0000,False,,0.0500,0.0000,False
438,0.0,1.3618,-0.0105,False,False,False,-0.4469,4.7528,-0.2230,-1.2828,-0.1155,1.4733,-0.0007,-0.0375,0.0045,0.0720,0.0168,0.0402,0.4275,0.1766,0.3890,1.0684,0.8036,-0.2597,0.0483,0.8036,-0.2597,0.2683,False,0.0007,-0.0366,0.0042,0.0717,0.0183,0.0416,1.5055,grasp,0.8036,-0.2597,0.0483,0.0000,0.0000,0.0000,False,,0.0500,0.0000,True
439,0.0,1.3623,-0.0037,False,False,False,-0.4469,4.7521,-0.2229,-1.2814,-0.1152,1.4740,-0.0000,-0.0000,-0.0000,0.0000,-0.0000,0.0000,0.4240,0.1762,0.3898,1.0684,0.8036,-0.2597,0.0483,0.8036,-0.2597,0.2683,False,-0.0601,-0.0340,-0.0564,-0.0218,-0.0270,0.0018,-2.7106,grasp,0.8036,-0.2597,0.0483,0.0000,0.0000,0.0000,False,,0.0500,0.0000,False
440,0.0,1.3629,-0.0122,False,False,False,-0.4509,4.7494,-0.2259,-1.2825,-0.1172,1.4735,-0.0621,-0.0607,0.0207,0.0234,-0.0431,-0.0618,0.3566,0.1743,0.3893,1.0683,0.8036,-0.2597,0.0483,0.8036,-0.2597,0.2683,False,-0.0637,-0.0634,0.0192,0.0228,-0.0439,-0.0618,-0.5892,grasp,0.8036,-0.2597,0.0483,0.0000,0.0000,0.0000,False,,0.0500,0.0000,False
441,0.0,1.3633,-0.0105,False,False,False,-0.4517,4.7483,-0.2255,-1.2814,-0.1175,1.4719,0.0454,0.0095,-0.0019,0.0652,0.0432,-0.0390,0.3134,0.1730,0.3889,1.0682,0.8036,-0.2597,0.0483,0.8036,-0.2597,0.2683,False,0.0442,0.0078,-0.0015,0.0657,0.0424,-0.0401,-2.6387,grasp,0.8036,-0.2597,0.0483,0.0000,0.0000,0.0000,False,,0.0500,0.0000,False
442,0.0,1.3632,-0.0364,False,False,False,-0.4491,4.7503,-0.2278,-1.2821,-0.1146,1.4697,0.1102,0.1218,-0.1479,-0.1272,0.1406,-0.0936,0.3529,0.1719,0.3878,1.0682,0.8036,-0.2597,0.0483,0.8036,-0.2597,0.2683,False,0.0588,0.0643,-0.0779,-0.0657,0.0748,-0.0500,2.2406,grasp,0.8036,-0.2597,0.0483,0.0000,0.0000,0.0000,False,,0.0500,0.0000,True
443,0.0,1.3643,-0.0170,False,False,False,-0.4468,4.7528,-0.2298,-1.2833,-0.1130,1.4682,0.0768,0.0774,0.0111,0.0654,-0.0468,-0.0161,0.3789,0.1716,0.3896,1.0682,0.8036,-0.2597,0.0483,0.8036,-0.2597,0.2683,False,0.0784,0.0792,0.0090,0.0636,-0.0448,-0.0174,-0.0943,grasp,0.8036,-0.2597,0.0483,0.0000,0.0000,0.0000,False,,0.0500,0.0000,False
444,0.0,1.3646,-0.0115,False,False,False,-0.4454,4.7540,-0.2289,-1.2816,-0.1142,1.4680,-0.0108,-0.0508,0.0695,0.0404,-0.0273,0.0058,0.3844,0.1718,0.3904,1.0683,0.8036,-0.2597,0.0483,0.8036,-0.2597,0.2683,False,-0.0093,-0.0472,0.0697,0.0416,-0.0282,0.0055,0.0309,grasp,0.8036,-0.2597,0.0483,0.0000,0.0000,0.0000,False,,0.0500,0.0000,False
445,0.0,1.3637,-0.0133,False,False,False,-0.4459,4.7525,-0.2277,-1.2803,-0.1155,1.4687,-0.0304,-0.0524,-0.0095,0.0565,-0.0766,0.0629,0.4263,0.1731,0.3899,1.0682,0.8036,-0.2597,0.0483,0.8036,-0.2597,0.2683,False,-0.0306,-0.0534,-0.0082,0.0573,-0.0772,0.0630,2.0070,grasp,0.8036,-0.2597,0.0483,0.0000,0.0000,0.0000,False,,0.0500,0.0000,True
446,0.0,1.3638,-0.0134,False,False,False,-0.4463,4.7508,-0.2271,-1.2786,-0.1165,1.4704,0.0173,-0.0710,0.0752,0.0640,0.0395,0.0515,0.4100,0.1738,0.3909,1.0681,0.8036,-0.2597,0.0483,0.8036,-0.2597,0.2683,False,0.0167,-0.0728,0.0751,0.0651,0.0380,0.0527,-2.6575,grasp,0.8036,-0.2597,0.0483,0.0000,0.0000,0.0000,False,,0.0500,0.0000,False
447,0.0,1.3645,-0.0128,False,False,False,-0.4456,4.7478,-0.2243,-1.2758,-0.1143,1.4723,-0.0072,0.0433,-0.0714,-0.0217,0.0403,-0.0497,0.4100,0.1719,0.3907,1.0680,0.8036,-0.2597,0.0483,0.8036,-0.2597,0.2683,False,-0.0067,0.0401,-0.0694,-0.0200,0.0414,-0.0483,2.4081,grasp,0.8036,-0.2597,0.0483,0.0000,0.0000,0.0000,False,,0.0500,0.0000,True
448,0.0,1.3654,-0.0043,False,False,False,-0.4458,4.7486,-0.2257,-1.2762,-0.1136,1.4714,0.0000,-0.0000,-0.0000,0.0000,-0.0000,0.0000,0.4499,0.1710,0.3918,1.0680,0.8036,-0.2597,0.0483,0.8036,-0.2597,0.2683,False,-0.0639,0.0370,0.0153,0.0695,-0.0433,-0.0151,0.3673,grasp,0.8036,-0.2597,0.0483,0.0000,0.0000,0.0000,False,,0.0500,0.0000,False
449,0.0,1.3652,-0.0147,False,False,False,-0.4480,4.7504,-0.2259,-1.2745,-0.1144,1.4716,-0.0375,0.0656,-0.0714,-0.0306,0.0431,0.0665,0.5286,0.1725,0.3928,1.0680,0.8036,-0.2597,0.0483,0.8036,-0.2597,0.2683,False,-0.0387,0.0676,-0.0711,-0.0293,0.0422,0.0662,2.3944,grasp,0.8036,-0.2597,0.0483,0.0000,0.0000,0.0000,False,,0.0500,0.0000,True
450,0.0,1.3638,-0.0005,False,False,False,-0.4497,4.7535,-0.2292,-1.2759,-0.1124,1.4747,-0.0000,-0.0000,-0.0000,0.0000,-0.0000,0.0000,0.5525,0.1756,0.3930,1.0679,0.8036,-0.2597,0.0483,0.8036,-0.2597,0.2683,False,-0.0780,-0.0621,0.0405,-0.0068,-0.0602,0.0492,-1.7956,grasp,0.8036,-0.2597,0.0483,0.0000,0.0000,0.0000,False,,0.0500,0.0000,False
451,0.0,1.3632,-0.0306,False,False,False,-0.4519,4.7517,-0.2280,-1.2761,-0.1142,1.4761,-0.1463,-0.1226,0.0807,-0.0114,-0.1166,0.0901,0.5125,0.1763,0.3924,1.0680,0.8036,-0.2597,0.0483,0.8036,-0.2597,0.2683,False,-0.0139,-0.0547,-0.0768,-0.0551,-0.0729,0.0037,-0.7909,grasp,0.8036,-0.2597,0.0483,0.0000,0.0000,0.0000,False,,0.0500,0.0000,False
452,0.0,1.3632,-0.0029,False,False,False,-0.4528,4.7498,-0.2309,-1.2784,-0.1159,1.4761,-0.0537,-0.0109,-0.0640,-0.0714,0.0399,-0.0060,0.4728,0.1754,0.3916,1.0679,0.8036,-0.2597,0.0483,0.8036,-0.2597,0.2683,False,-0.0539,-0.0149,-0.0655,-0.0725,0.0385,-0.0060,1.1426,grasp,0.8036,-0.2597,0.0483,0.0000,0.0000,0.0000,False,,0.0500,0.0000,False
453,0.0,1.3648,-0.0138,False,False,False,-0.4546,4.7489,-0.2333,-1.2820,-0.1147,1.4758,0.0747,-0.0222,0.0525,-0.0248,-0.0619,-0.0042,0.5266,0.1732,0.3928,1.0679,0.8036,-0.2597,0.0483,0.8036,-0.2597,0.2683,False,0.0733,-0.0234,0.0507,-0.0268,-0.0608,-0.0043,2.4890,grasp,0.8036,-0.2597,0.0483,0.0000,0.0000,0.0000,False,,0.0500,0.0000,True
454,0.0,1.3658,-0.0136,False,False,False,-0.4546,4.7489,-0.2333,-1.2820,-0.1147,1.4758,0.0747,-0.0222,0.0525,-0.0248,-0.0619,-0.0042,0.5266,0.1726,0.3942,1.0680,0.8036,-0.2597,0.0483,0.8036,-0.2597,0.2683,False,0.0120,-0.0666,-0.0575,0.0355,0.0023,-0.0570,0.8037,grasp,0.8036,-0.2597,0.0483,0.0000,0.0000,0.0000,False,,0.0500,0.0000,False
455,0.0,1.3655,-0.0555,False,False,False,-0.4576,4.7499,-0.2279,-1.2860,-0.1115,1.4715,-0.2149,0.0745,0.2123,-0.1747,0.2105,-0.1995,0.4656,0.1727,0.3936,1.0681,0.8036,-0.2597,0.0483,0.8036,-0.2597,0.2683,False,-0.0779,0.0268,0.0793,-0.0650,0.0765,-0.0737,-2.7327,grasp,0.8036,-0.2597,0.0483,0.0000,0.0000,0.0000,False,,0.0500,0.0000,False
456,0.0,1.3625,-0.0091,False,False,False,-0.4640,4.7526,-0.2223,-1.2915,-0.1055,1.4657,-0.0411,-0.0442,-0.0271,-0.0619,0.0168,-0.0314,0.4645,0.1770,0.3904,1.0687,0.8036,-0.2597,0.0483,0.8036,-0.2597,0.2683,False,-0.0444,-0.0326,-0.0239,-0.0646,0.0200,-0.0344,2.4218,grasp,0.8036,-0.2597,0.0483,0.0000,0.0000,0.0000,False,,0.0500,0.0000,True
457,0.0,1.3614,-0.0306,False,False,False,-0.4659,4.7508,-0.2235,-1.2944,-0.1047,1.4642,-0.1115,-0.0999,-0.0734,-0.1679,0.0455,-0.0851,0.5040,0.1798,0.3902,1.0691,0.8036,-0.2597,0.0483,0.8036,-0.2597,0.2683,False,-0.0748,0.0695,-0.0385,-0.0080,0.0367,0.0060,-1.9021,grasp,0.8036,-0.2597,0.0483,0.0000,0.0000,0.0000,False,,0.0500,0.0000,False
458,0.0,1.3620,-0.0028,False,False,False,-0.4680,4.7524,-0.2252,-1.2941,-0.1043,1.4640,0.0003,-0.0461,-0.0532,0.0419,-0.0653,-0.0399,0.5959,0.1799,0.3915,1.0691,0.8036,-0.2597,0.0483,0.8036,-0.2597,0.2683,False,-0.0011,-0.0430,-0.0539,0.0418,-0.0647,-0.0397,2.6085,grasp,0.8036,-0.2597,0.0483,0.0000,0.0000,0.0000,False,,0.0500,0.0000,True
459,0.0,1.3615,-0.0155,False,False,False,-0.4686,4.7515,-0.2268,-1.2926,-0.1061,1.4626,-0.0617,0.0081,-0.0656,0.0759,-0.0584,-0.0681,0.5824,0.1811,0.3916,1.0691,0.8036,-0.2597,0.0483,0.8036,-0.2597,0.2683,False,-0.0617,0.0055,-0.0666,0.0767,-0.0596,-0.0689,0.5265,grasp,0.8036,-0.2597,0.0483,0.0000,0.0000,0.0000,False,,0.0500,0.0000,False
460,0.0,1.3613,-0.0017,False,False,False,-0.4715,4.7518,-0.2299,-1.2891,-0.1088,1.4595,0.0000,-0.0000,-0.0000,0.0000,-0.0000,0.0000,0.5678,0.1808,0.3914,1.0688,0.8036,-0.2597,0.0483,0.8036,-0.2597,0.2683,False,-0.0106,0.0697,0.0042,-0.0473,0.0447,0.0691,1.8302,grasp,0.8036,-0.2597,0.0483,0.0000,0.0000,0.0000,False,,0.0500,0.0000,False
461,0.0,1.3605,-0.0016,False,False,False,-0.4717,4.7540,-0.2297,-1.2905,-0.1075,1.4615,-0.0000,-0.0000,-0.0000,0.0000,-0.0000,0.0000,0.5602,0.1818,0.3909,1.0686,0.8036,-0.2597,0.0483,0.8036,-0.2597,0.2683,False,0.0727,-0.0570,-0.0745,0.0717,0.0382,-0.0619,-1.6107,grasp,0.8036,-0.2597,0.0483,0.0000,0.0000,0.0000,False,,0.0500,0.0000,False
462,0.0,1.3605,-0.0163,False,False,False,-0.4688,4.7505,-0.2323,-1.2905,-0.1063,1.4597,0.0529,-0.1011,-0.0327,-0.1366,0.0077,0.0030,0.4602,0.1815,0.3905,1.0687,0.8036,-0.2597,0.0483,0.8036,-0.2597,0.2683,False,0.0292,-0.0563,-0.0186,-0.0705,0.0048,0.0004,-0.9488,grasp,0.8036,-0.2597,0.0483,0.0000,0.0000,0.0000,False,,0.0500,0.0000,False
463,0.0,1.3632,-0.0176,False,False,False,-0.4676,4.7482,-0.2335,-1.2925,-0.1069,1.4601,0.0460,-0.0454,-0.0670,-0.0010,-0.0762,0.0358,0.4021,0.1763,0.3914,1.0686,0.8036,-0.2597,0.0483,0.8036,-0.2597,0.2683,False,0.0467,-0.0513,-0.0675,-0.0030,-0.0760,0.0358,-1.5796,grasp,0.8036,-0.2597,0.0483,0.0000,0.0000,0.0000,False,,0.0500,0.0000,False
464,0.0,1.3649,-0.0287,False,False,False,-0.4667,4.7473,-0.2347,-1.2925,-0.1084,1.4608,0.0874,-0.0913,-0.1273,-0.0020,-0.1447,0.0679,0.3821,0.1727,0.3914,1.0686,0.8036,-0.2597,0.0483,0.8036,-0.2597,0.2683,False,0.0137,-0.0027,-0.0677,-0.0742,0.0355,0.0384,-2.7551,grasp,0.8036,-0.2597,0.0483,0.0000,0.0000,0.0000,False,,0.0500,0.0000,False
465,0.0,1.3659,-0.0110,False,False,False,-0.4671,4.7465,-0.2358,-1.2937,-0.1079,1.4616,-0.0491,-0.0655,-0.0388,-0.0489,0.0048,0.0415,0.3140,0.1696,0.3907,1.0685,0.8036,-0.2597,0.0483,0.8036,-0.2597,0.2683,False,-0.0490,-0.0654,-0.0394,-0.0496,0.0052,0.0419,-1.6147,grasp,0.8036,-0.2597,0.0483,0.0000,0.0000,0.0000,False,,0.0500,0.0000,False
466,0.0,1.3668,-0.0350,False,False,False,-0.4693,4.7435,-0.2376,-1.2960,-0.1077,1.4635,-0.1332,-0.1782,-0.1051,-0.1324,0.0130,0.1126,0.2913,0.1673,0.3903,1.0685,0.8036,-0.2597,0.0483,0.8036,-0.2597,0.2683,False,0.0505,0.0582,-0.0249,0.0735,-0.0736,0.0574,-1.0269,grasp,0.8036,-0.2597,0.0483,0.0000,0.0000,0.0000,False,,0.0500,0.0000,False
467,0.0,1.3678,-0.0358,False,False,False,-0.4693,4.7429,-0.2376,-1.2960,-0.1077,1.4635,0.0000,-0.0000,-0.0000,0.0000,-0.0000,0.0000,0.2891,0.1656,0.3908,1.0685,0.8036,-0.2597,0.0483,0.8036,-0.2597,0.2683,False,0.0750,-0.0340,0.0528,-0.0381,0.0740,0.0598,-2.8735,grasp,0.8036,-0.2597,0.0483,0.0000,0.0000,0.0000,False,,0.0500,0.0000,False
468,0.0,1.3677,-0.0126,False,False,False,-0.4675,4.7427,-0.2353,-1.2957,-0.1069,1.4642,0.0714,0.0040,0.1148,0.0439,0.0022,0.0068,0.2080,0.1630,0.3880,1.0686,0.8036,-0.2597,0.0483,0.8036,-0.2597,0.2683,False,0.0383,0.0018,0.0610,0.0227,0.0019,0.0042,-2.3752,grasp,0.8036,-0.2597,0.0483,0.0000,0.0000,0.0000,False,,0.0500,0.0000,False
469,0.0,1.3680,-0.0085,False,False,False,-0.4661,4.7423,-0.2335,-1.2949,-0.1066,1.4648,0.0383,-0.0519,0.0184,0.0140,0.0284,0.0533,0.2365,0.1636,0.3891,1.0686,0.8036,-0.2597,0.0483,0.8036,-0.2597,0.2683,False,0.0393,-0.0516,0.0200,0.0146,0.0284,0.0534,1.7508,grasp,0.8036,-0.2597,0.0483,0.0000,0.0000,0.0000,False,,0.0500,0.0000,True
470,0.0,1.3688,-0.0208,False,False,False,-0.4654,4.7413,-0.2331,-1.2946,-0.1061,1.4659,0.0728,-0.0985,0.0349,0.0266,0.0540,0.1013,0.2561,0.1631,0.3903,1.0686,0.8036,-0.2597,0.0483,0.8036,-0.2597,0.2683,False,-0.0538,-0.0677,0.0584,-0.0196,-0.0264,0.0250,2.2427,grasp,0.8036,-0.2597,0.0483,0.0000,0.0000,0.0000,False,,0.0500,0.0000,True
471,0.0,1.3723,-0.0059,False,False,False,-0.5199,4.6745,-0.1751,-1.3145,-0.1330,1.4899,-0.0000,-0.0000,-0.0000,0.0000,-0.0000,0.0000,0.6656,0.1664,0.4011,1.0684,0.8036,-0.2597,0.0483,0.8036,-0.2597,0.2683,False,-0.0147,0.0155,0.0559,0.0282,-0.0468,-0.0011,-1.8007,grasp,0.8036,-0.2597,0.0483,0.0000,0.0000,0.0000,False,,0.0500,0.0000,False
472,0.0,1.3719,-0.0091,False,False,False,-0.5201,4.6747,-0.1745,-1.3142,-0.1335,1.4899,-0.0147,0.0155,0.0559,0.0282,-0.0468,-0.0011,0.6456,0.1668,0.4007,1.0684,0.8036,-0.2597,0.0483,0.8036,-0.2597,0.2683,False,0.0758,0.0370,0.0511,0.0582,0.0320,-0.0372,-0.2621,grasp,0.8036,-0.2597,0.0483,0.0000,0.0000,0.0000,False,,0.0500,0.0000,False
473,0.0,1.3716,-0.0102,False,False,False,-0.5203,4.6743,-0.1735,-1.3141,-0.1342,1.4892,0.0033,-0.0757,-0.0050,-0.0370,0.0190,-0.0643,0.6174,0.1671,0.4002,1.0684,0.8036,-0.2597,0.0483,0.8036,-0.2597,0.2683,False,0.0033,-0.0756,-0.0050,-0.0370,0.0190,-0.0643,2.1062,grasp,0.8036,-0.2597,0.0483,0.0000,0.0000,0.0000,False,,0.0500,0.0000,False
474,0.0,1.3726,-0.0065,False,False,False,-0.5203,4.6728,-0.1739,-1.3147,-0.1344,1.4881,-0.0038,0.0148,-0.0288,0.0108,-0.0520,0.0075,0.6228,0.1657,0.4011,1.0684,0.8036,-0.2597,0.0483,0.8036,-0.2597,0.2683,False,-0.0037,0.0105,-0.0289,0.0101,-0.0517,0.0063,1.7608,grasp,0.8036,-0.2597,0.0483,0.0000,0.0000,0.0000,False,,0.0500,0.0000,False
475,0.0,0.0515,-0.0022,False,False,False,-3.2779,2.9698,0.8310,-2.1825,1.5540,-4.8240,0.0000,-0.0000,-0.0000,-0.0000,0.0000,0.0000,0.0200,0.8151,-0.2507,0.0589,0.8020,-0.2600,0.0100,0.8020,-0.2600,0.2300,True,-0.0571,-0.0202,-0.0767,-0.0276,-0.0673,0.0468,-1.5343,grasp,0.8020,-0.2600,0.0100,0.0000,0.0000,0.0000,False,,0.0500,0.0000,False
476,0.0,0.0481,14.9894,True,False,False,-3.2785,2.9696,0.8302,-2.1828,1.5534,-4.8235,-0.0565,-0.0199,-0.0768,-0.0275,-0.0676,0.0478,0.0400,0.8147,-0.2517,0.0556,0.8020,-0.2600,0.0100,0.8020,-0.2600,0.2300,True,-0.0777,0.0742,0.0152,0.0280,-0.0119,-0.0584,0.6647,grasp,0.8020,-0.2600,0.0100,0.0000,0.0000,0.0000,False,,0.0500,0.0000,True
477,0.0,1.3895,-0.0156,False,False,False,-0.4508,4.7555,-0.2256,-1.2849,-0.1025,1.4718,0.0352,-0.0133,0.0007,-0.0317,0.1028,-0.1244,0.0596,0.1668,0.3769,1.0690,0.8020,-0.2600,0.0099,0.8020,-0.2600,0.2299,False,0.0185,-0.0070,0.0004,-0.0167,0.0541,-0.0653,2.5376,grasp,0.8020,-0.2600,0.0099,0.0000,0.0000,0.0000,False,,0.0500,0.0000,True
478,0.0,1.3904,-0.0026,False,False,False,-0.4503,4.7553,-0.2256,-1.2853,-0.1011,1.4700,0.0000,-0.0000,-0.0000,0.0000,-0.0000,0.0000,0.0994,0.1673,0.3793,1.0690,0.8020,-0.2600,0.0099,0.8020,-0.2600,0.2299,False,0.0750,0.0564,0.0612,-0.0159,-0.0428,0.0063,0.5858,grasp,0.8020,-0.2600,0.0099,0.0000,0.0000,0.0000,False,,0.0500,0.0000,True
479,0.0,1.3915,-0.0243,False,False,False,-0.4507,4.7537,-0.2240,-1.2861,-0.1013,1.4678,-0.0784,-0.1481,0.0606,-0.0412,0.0152,-0.1493,0.1788,0.1690,0.3832,1.0690,0.8020,-0.2600,0.0099,0.8020,-0.2600,0.2299,False,-0.0405,-0.0771,0.0325,-0.0219,0.0076,-0.0785,0.5941,grasp,0.8020,-0.2600,0.0099,0.0000,0.0000,0.0000,False,,0.0500,0.0000,True
480,0.0,1.3922,-0.0303,False,False,False,-0.4539,4.7525,-0.2225,-1.2881,-0.1021,1.4635,-0.1361,0.0841,0.0466,-0.0943,-0.0711,-0.1404,0.2586,0.1700,0.3859,1.0691,0.8020,-0.2600,0.0099,0.8020,-0.2600,0.2299,False,-0.0727,0.0405,0.0254,-0.0502,-0.0372,-0.0760,-0.9912,grasp,0.8020,-0.2600,0.0099,0.0000,0.0000,0.0000,False,,0.0500,0.0000,False
481,0.0,1.3900,-0.0014,False,False,False,-0.4558,4.7540,-0.2218,-1.2895,-0.1032,1.4615,-0.0000,-0.0000,-0.0000,0.0000,-0.0000,0.0000,0.2849,0.1750,0.3856,1.0691,0.8020,-0.2600,0.0099,0.8020,-0.2600,0.2299,False,0.0554,0.0222,-0.0533,-0.0568,0.0616,0.0147,-0.4999,grasp,0.8020,-0.2600,0.0099,0.0000,0.0000,0.0000,False,,0.0500,0.0000,False
482,0.0,1.3908,-0.0320,False,False,False,-0.4535,4.7557,-0.2236,-1.2918,-0.1004,1.4610,0.1150,0.0975,-0.0829,-0.1156,0.1395,-0.0476,0.3496,0.1751,0.3875,1.0692,0.8020,-0.2600,0.0099,0.8020,-0.2600,0.2299,False,0.0611,0.0515,-0.0442,-0.0614,0.0741,-0.0249,2.1069,grasp,0.8020,-0.2600,0.0099,0.0000,0.0000,0.0000,False,,0.0500,0.0000,True
483,0.0,1.3924,-0.0297,False,False,False,-0.4534,4.7549,-0.2256,-1.2935,-0.0966,1.4624,-0.1019,-0.1531,-0.0500,-0.0009,0.1173,0.1384,0.3594,0.1740,0.3895,1.0694,0.8020,-0.2600,0.0099,0.8020,-0.2600,0.2299,False,-0.0520,-0.0788,-0.0275,-0.0021,0.0637,0.0722,-0.6466,grasp,0.8020,-0.2600,0.0099,0.0000,0.0000,0.0000,False,,0.0500,0.0000,False
484,0.0,1.3950,-0.0056,False,False,False,-0.4549,4.7521,-0.2263,-1.2935,-0.0949,1.4644,0.0000,-0.0000,-0.0000,0.0000,-0.0000,0.0000,0.3752,0.1704,0.3917,1.0693,0.8020,-0.2600,0.0099,0.8020,-0.2600,0.2299,False,0.0327,0.0249,-0.0791,0.0778,-0.0101,0.0593,1.2910,grasp,0.8020,-0.2600,0.0099,0.0000,0.0000,0.0000,False,,0.0500,0.0000,True
485,0.0,1.3951,-0.0282,False,False,False,-0.4533,4.7506,-0.2281,-1.2906,-0.0959,1.4634,0.0832,-0.1224,-0.0696,0.1363,-0.0550,-0.1038,0.4450,0.1706,0.3923,1.0693,0.8020,-0.2600,0.0099,0.8020,-0.2600,0.2299,False,0.0441,-0.0637,-0.0374,0.0725,-0.0290,-0.0540,1.4270,grasp,0.8020,-0.2600,0.0099,0.0000,0.0000,0.0000,False,,0.0500,0.0000,True
486,0.0,1.3982,-0.0200,False,False,False,-0.4522,4.7486,-0.2298,-1.2881,-0.0963,1.4625,-0.0138,0.0338,-0.0724,0.0628,0.0343,0.0600,0.4916,0.1673,0.3962,1.0689,0.8020,-0.2600,0.0099,0.8020,-0.2600,0.2299,False,-0.0126,0.0255,-0.0734,0.0648,0.0335,0.0586,1.8234,grasp,0.8020,-0.2600,0.0099,0.0000,0.0000,0.0000,False,,0.0500,0.0000,True
487,0.0,1.3982,-0.0125,False,False,False,-0.4520,4.7497,-0.2310,-1.2873,-0.0953,1.4633,0.0516,0.0554,0.0186,-0.0442,0.0387,-0.0357,0.4657,0.1673,0.3965,1.0688,0.8020,-0.2600,0.0099,0.8020,-0.2600,0.2299,False,0.0514,0.0560,0.0172,-0.0430,0.0393,-0.0345,-1.0012,grasp,0.8020,-0.2600,0.0099,0.0000,0.0000,0.0000,False,,0.0500,0.0000,False
488,0.0,1.3978,-0.0191,False,False,False,-0.4501,4.7494,-0.2324,-1.2892,-0.0946,1.4635,0.0614,-0.1034,-0.1137,-0.0703,0.0004,0.0597,0.4678,0.1674,0.3954,1.0689,0.8020,-0.2600,0.0099,0.8020,-0.2600,0.2299,False,0.0333,-0.0525,-0.0595,-0.0379,0.0010,0.0307,0.9868,grasp,0.8020,-0.2600,0.0099,0.0000,0.0000,0.0000,False,,0.0500,0.0000,False
489,0.0,1.3994,-0.0108,False,False,False,-0.4491,4.7481,-0.2342,-1.2904,-0.0945,1.4640,0.0056,0.0871,-0.0134,-0.0225,0.0095,-0.0352,0.5136,0.1653,0.3970,1.0689,0.8020,-0.2600,0.0099,0.8020,-0.2600,0.2299,False,0.0065,0.0786,-0.0150,-0.0235,0.0095,-0.0343,2.6946,grasp,0.8020,-0.2600,0.0099,0.0000,0.0000,0.0000,False,,0.0500,0.0000,True
490,0.0,1.4011,-0.0107,False,False,False,-0.4494,4.7505,-0.2348,-1.2911,-0.0943,1.4634,-0.0356,0.0705,-0.0350,-0.0180,-0.0006,0.0047,0.4975,0.1634,0.3989,1.0688,0.8020,-0.2600,0.0099,0.8020,-0.2600,0.2299,False,-0.0355,0.0744,-0.0353,-0.0184,-0.0004,0.0040,-2.5094,grasp,0.8020,-0.2600,0.0099,0.0000,0.0000,0.0000,False,,0.0500,0.0000,False
491,0.0,1.4000,-0.0150,False,False,False,-0.4502,4.7511,-0.2368,-1.2925,-0.0950,1.4642,-0.0077,-0.0606,-0.0900,-0.0730,-0.0475,0.0473,0.5273,0.1650,0.3978,1.0689,0.8020,-0.2600,0.0099,0.8020,-0.2600,0.2299,False,-0.0047,-0.0297,-0.0480,-0.0388,-0.0250,0.0250,2.0537,grasp,0.8020,-0.2600,0.0099,0.0000,0.0000,0.0000,False,,0.0500,0.0000,True
492,0.0,1.4000,-0.0239,False,False,False,-0.4503,4.7503,-0.2381,-1.2935,-0.0957,1.4649,-0.0110,-0.0858,-0.1283,-0.1042,-0.0678,0.0675,0.5407,0.1653,0.3983,1.0688,0.8020,-0.2600,0.0099,0.8020,-0.2600,0.2299,False,0.0315,0.0662,-0.0641,-0.0280,0.0191,0.0211,2.3364,grasp,0.8020,-0.2600,0.0099,0.0000,0.0000,0.0000,False,,0.0500,0.0000,True
493,0.0,1.4009,-0.0042,False,False,False,-0.4494,4.7521,-0.2399,-1.2943,-0.0951,1.4655,-0.0000,-0.0000,-0.0000,0.0000,-0.0000,0.0000,0.5632,0.1644,0.3994,1.0688,0.8020,-0.2600,0.0099,0.8020,-0.2600,0.2299,False,-0.0358,0.0760,0.0628,-0.0483,0.0374,-0.0604,-2.9116,grasp,0.8020,-0.2600,0.0099,0.0000,0.0000,0.0000,False,,0.0500,0.0000,False
494,0.0,1.4003,-0.0301,False,False,False,-0.4504,4.7540,-0.2380,-1.2957,-0.0941,1.4637,-0.0697,0.1415,0.1228,-0.0902,0.0699,-0.1159,0.5232,0.1652,0.3986,1.0688,0.8020,-0.2600,0.0099,0.8020,-0.2600,0.2299,False,-0.0358,0.0483,0.0325,0.0684,-0.0270,-0.0306,-2.0376,grasp,0.8020,-0.2600,0.0099,0.0000,0.0000,0.0000,False,,0.0500,0.0000,False
495,0.0,1.3982,-0.0111,False,False,False,-0.4511,4.7553,-0.2377,-1.2955,-0.0938,1.4629,-0.0312,0.0416,-0.0003,-0.0488,0.0535,-0.0486,0.4432,0.1672,0.3960,1.0690,0.8020,-0.2600,0.0099,0.8020,-0.2600,0.2299,False,-0.0315,0.0423,-0.0000,-0.0481,0.0533,-0.0489,-1.9330,grasp,0.8020,-0.2600,0.0099,0.0000,0.0000,0.0000,False,,0.0500,0.0000,False
496,0.0,1.3971,-0.0009,False,False,False,-0.4536,4.7590,-0.2377,-1.2994,-0.0895,1.4590,0.0000,-0.0000,-0.0000,0.0000,-0.0000,0.0000,0.3652,0.1679,0.3940,1.0692,0.8020,-0.2600,0.0099,0.8020,-0.2600,0.2299,False,0.0080,0.0667,0.0104,-0.0297,-0.0714,0.0749,-1.5497,grasp,0.8020,-0.2600,0.0099,0.0000,0.0000,0.0000,False,,0.0500,0.0000,False
497,0.0,1.3957,-0.0161,False,False,False,-0.4534,4.7602,-0.2367,-1.3007,-0.0909,1.4605,-0.0046,-0.0763,0.0758,-0.0504,0.0722,-0.0740,0.3736,0.1689,0.3916,1.0694,0.8020,-0.2600,0.0099,0.8020,-0.2600,0.2299,False,-0.0045,-0.0732,0.0760,-0.0510,0.0708,-0.0726,2.9459,grasp,0.8020,-0.2600,0.0099,0.0000,0.0000,0.0000,False,,0.0500,0.0000,True
498,0.0,1.3961,-0.0027,False,False,False,-0.4536,4.7565,-0.2332,-1.3031,-0.0876,1.4571,0.0000,-0.0000,-0.0000,0.0000,-0.0000,0.0000,0.4329,0.1696,0.3929,1.0695,0.8020,-0.2600,0.0099,0.8020,-0.2600,0.2299,False,-0.0779,0.0693,-0.0604,-0.0364,0.0037,-0.0299,-2.2444,grasp,0.8020,-0.2600,0.0099,0.0000,0.0000,0.0000,False,,0.0500,0.0000,False
499,0.0,1.3971,-0.0139,False,False,False,-0.4551,4.7587,-0.2356,-1.3044,-0.0880,1.4567,0.0795,-0.0035,-0.0594,-0.0341,-0.0518,0.0378,0.4364,0.1696,0.3948,1.0697,0.8020,-0.2600,0.0099,0.8020,-0.2600,0.2299,False,0.0781,-0.0010,-0.0605,-0.0348,-0.0517,0.0373,-2.5308,grasp,0.8020,-0.2600,0.0099,0.0000,0.0000,0.0000,False,,0.0500,0.0000,False
500,0.0,1.3965,-0.0017,False,False,False,-0.4535,4.7586,-0.2367,-1.3051,-0.0890,1.4574,-0.0000,-0.0000,-0.0000,0.0000,-0.0000,0.0000,0.3964,0.1701,0.3941,1.0696,0.8020,-0.2600,0.0099,0.8020,-0.2600,0.2299,False,-0.0256,0.0499,-0.0011,-0.0434,-0.0528,0.0673,-1.4851,grasp,0.8020,-0.2600,0.0099,0.0000,0.0000,0.0000,False,,0.0500,0.0000,False
501,0.0,1.3956,-0.0213,False,False,False,-0.4543,4.7600,-0.2367,-1.3063,-0.0905,1.4593,-0.0515,0.0957,-0.0000,-0.0812,-0.0984,0.1265,0.3612,0.1697,0.3917,1.0696,0.8020,-0.2600,0.0099,0.8020,-0.2600,0.2299,False,-0.0485,-0.0756,0.0434,-0.0570,-0.0400,-0.0013,-2.2068,grasp,0.8020,-0.2600,0.0099,0.0000,0.0000,0.0000,False,,0.0500,0.0000,False
502,0.0,1.3941,-0.0012,False,False,False,-0.4551,4.7616,-0.2367,-1.3075,-0.0919,1.4611,0.0000,-0.0000,-0.0000,0.0000,-0.0000,0.0000,0.3154,0.1707,0.3894,1.0697,0.8020,-0.2600,0.0099,0.8020,-0.2600,0.2299,False,-0.0280,-0.0696,-0.0712,0.0685,-0.0417,-0.0022,-1.4209,grasp,0.8020,-0.2600,0.0099,0.0000,0.0000,0.0000,False,,0.0500,0.0000,False
503,0.0,1.3958,-0.0398,False,False,False,-0.4566,4.7579,-0.2407,-1.3036,-0.0943,1.4610,-0.0760,-0.1907,-0.1929,0.1856,-0.1130,-0.0060,0.2893,0.1669,0.3901,1.0693,0.8020,-0.2600,0.0099,0.8020,-0.2600,0.2299,False,-0.0677,0.0371,0.0758,0.0046,-0.0432,0.0501,-2.1460,grasp,0.8020,-0.2600,0.0099,0.0000,0.0000,0.0000,False,,0.0500,0.0000,False
504,0.0,1.3959,-0.0120,False,False,False,-0.4569,4.7570,-0.2407,-1.3032,-0.0950,1.4614,0.0447,-0.0598,-0.0784,0.0415,-0.0345,-0.0065,0.2779,0.1663,0.3899,1.0692,0.8020,-0.2600,0.0099,0.8020,-0.2600,0.2299,False,0.0441,-0.0585,-0.0776,0.0415,-0.0349,-0.0060,-0.3081,grasp,0.8020,-0.2600,0.0099,0.0000,0.0000,0.0000,False,,0.0500,0.0000,False
505,0.0,1.3989,-0.0062,False,False,False,-0.4548,4.7535,-0.2443,-1.3013,-0.0966,1.4611,-0.0000,-0.0000,-0.0000,0.0000,-0.0000,0.0000,0.2876,0.1618,0.3924,1.0689,0.8020,-0.2600,0.0099,0.8020,-0.2600,0.2299,False,0.0503,0.0531,-0.0066,-0.0652,0.0297,0.0297,-1.3048,grasp,0.8020,-0.2600,0.0099,0.0000,0.0000,0.0000,False,,0.0500,0.0000,False
506,0.0,1.3987,-0.0022,False,False,False,-0.4534,4.7553,-0.2445,-1.3032,-0.0957,1.4620,0.0000,-0.0000,-0.0000,0.0000,0.0000,0.0000,0.2972,0.1624,0.3925,1.0690,0.8020,-0.2600,0.0099,0.8020,-0.2600,0.2299,False,-0.0327,-0.0216,0.0748,0.0694,0.0425,0.0301,3.0297,grasp,0.8020,-0.2600,0.0099,0.0000,0.0000,0.0000,False,,0.0500,0.0000,True
507,0.0,1.3989,-0.0147,False,False,False,-0.4538,4.7544,-0.2431,-1.3017,-0.0957,1.4628,-0.0086,-0.0700,0.0569,0.0783,-0.0378,0.0508,0.3455,0.1635,0.3940,1.0690,0.8020,-0.2600,0.0099,0.8020,-0.2600,0.2299,False,-0.0089,-0.0703,0.0577,0.0790,-0.0373,0.0511,0.5076,grasp,0.8020,-0.2600,0.0099,0.0000,0.0000,0.0000,False,,0.0500,0.0000,False
508,0.0,1.4006,-0.0237,False,False,False,-0.4517,4.7514,-0.2432,-1.2991,-0.0961,1.4642,0.1489,-0.1134,-0.0772,0.0725,0.0191,0.0289,0.3074,0.1598,0.3941,1.0688,0.8020,-0.2600,0.0099,0.8020,-0.2600,0.2299,False,0.0782,-0.0609,-0.0395,0.0397,0.0093,0.0162,-1.7859,grasp,0.8020,-0.2600,0.0099,0.0000,0.0000,0.0000,False,,0.0500,0.0000,False
509,0.0,1.4027,-0.0129,False,False,False,-0.4489,4.7490,-0.2446,-1.2983,-0.0954,1.4639,0.0675,-0.0024,-0.0221,-0.0248,0.0441,-0.0663,0.2653,0.1552,0.3944,1.0687,0.8020,-0.2600,0.0099,0.8020,-0.2600,0.2299,False,0.0696,-0.0115,-0.0232,-0.0238,0.0444,-0.0659,-2.0147,grasp,0.8020,-0.2600,0.0099,0.0000,0.0000,0.0000,False,,0.0500,0.0000,False
510,0.0,1.4038,-0.0153,False,False,False,-0.4468,4.7492,-0.2455,-1.2984,-0.0943,1.4623,0.0753,0.0277,-0.0514,0.0414,0.0230,-0.0341,0.2929,0.1544,0.3960,1.0686,0.8020,-0.2600,0.0099,0.8020,-0.2600,0.2299,False,0.0765,0.0273,-0.0518,0.0409,0.0239,-0.0354,1.3839,grasp,0.8020,-0.2600,0.0099,0.0000,0.0000,0.0000,False,,0.0500,0.0000,True
511,0.0,1.4046,-0.0197,False,False,False,-0.4460,4.7484,-0.2476,-1.2994,-0.0943,1.4611,-0.0359,-0.0845,-0.0715,-0.1188,-0.0249,-0.0416,0.2964,0.1538,0.3972,1.0686,0.8020,-0.2600,0.0099,0.8020,-0.2600,0.2299,False,-0.0175,-0.0438,-0.0386,-0.0617,-0.0127,-0.0225,-2.2707,grasp,0.8020,-0.2600,0.0099,0.0000,0.0000,0.0000,False,,0.0500,0.0000,False
512,0.0,1.4058,-0.0166,False,False,False,-0.4457,4.7470,-0.2480,-1.3003,-0.0952,1.4608,0.0729,0.0026,0.0621,0.0794,-0.0604,0.0331,0.3178,0.1509,0.3970,1.0685,0.8020,-0.2600,0.0099,0.8020,-0.2600,0.2299,False,0.0723,-0.0017,0.0611,0.0777,-0.0608,0.0325,1.6131,grasp,0.8020,-0.2600,0.0099,0.0000,0.0000,0.0000,False,,0.0500,0.0000,True
513,0.0,1.4060,-0.0158,False,False,False,-0.4449,4.7463,-0.2474,-1.2982,-0.0971,1.4612,-0.0539,-0.0784,-0.0573,0.0651,-0.0703,-0.0196,0.3605,0.1517,0.3983,1.0685,0.8020,-0.2600,0.0099,0.8020,-0.2600,0.2299,False,-0.0525,-0.0784,-0.0561,0.0666,-0.0714,-0.0190,0.4323,grasp,0.8020,-0.2600,0.0099,0.0000,0.0000,0.0000,False,,0.0500,0.0000,False
514,0.0,1.4062,-0.0324,False,False,False,-0.4439,4.7461,-0.2504,-1.2990,-0.1004,1.4604,0.1311,0.1048,-0.1301,-0.1356,-0.1274,-0.0276,0.4120,0.1525,0.3995,1.0684,0.8020,-0.2600,0.0099,0.8020,-0.2600,0.2299,False,0.0680,0.0521,-0.0695,-0.0701,-0.0684,-0.0149,0.9816,grasp,0.8020,-0.2600,0.0099,0.0000,0.0000,0.0000,False,,0.0500,0.0000,False
515,0.0,1.4070,-0.0121,False,False,False,-0.4422,4.7472,-0.2520,-1.3014,-0.1027,1.4603,-0.0191,-0.0405,0.0245,-0.0488,-0.0476,0.0301,0.4230,0.1522,0.4013,1.0682,0.8020,-0.2600,0.0099,0.8020,-0.2600,0.2299,False,-0.0173,-0.0390,0.0226,-0.0508,-0.0494,0.0297,0.1733,grasp,0.8020,-0.2600,0.0099,0.0000,0.0000,0.0000,False,,0.0500,0.0000,False
516,0.0,1.4070,-0.0084,False,False,False,-0.4429,4.7461,-0.2513,-1.3031,-0.1035,1.4604,-0.0275,-0.0341,0.0329,-0.0739,0.0022,-0.0551,0.4496,0.1522,0.4015,1.0682,0.8020,-0.2600,0.0099,0.8020,-0.2600,0.2299,False,-0.0279,-0.0350,0.0334,-0.0748,0.0013,-0.0545,1.2817,grasp,0.8020,-0.2600,0.0099,0.0000,0.0000,0.0000,False,,0.0500,0.0000,False
517,0.0,1.4074,-0.0167,False,False,False,-0.4431,4.7451,-0.2512,-1.3049,-0.1029,1.4587,0.0352,-0.0313,-0.0576,-0.0409,0.0561,-0.0622,0.4209,0.1523,0.4022,1.0682,0.8020,-0.2600,0.0099,0.8020,-0.2600,0.2299,False,0.0347,-0.0320,-0.0570,-0.0423,0.0562,-0.0632,-2.6037,grasp,0.8020,-0.2600,0.0099,0.0000,0.0000,0.0000,False,,0.0500,0.0000,False
518,0.0,1.4080,-0.0104,False,False,False,-0.4423,4.7450,-0.2520,-1.3055,-0.1025,1.4581,0.0092,0.0761,0.0326,0.0156,-0.0617,0.0554,0.3954,0.1509,0.4020,1.0683,0.8020,-0.2600,0.0099,0.8020,-0.2600,0.2299,False,0.0099,0.0738,0.0315,0.0148,-0.0606,0.0542,-0.2208,grasp,0.8020,-0.2600,0.0099,0.0000,0.0000,0.0000,False,,0.0500,0.0000,False
519,0.0,1.4073,-0.0314,False,False,False,-0.4419,4.7484,-0.2505,-1.3048,-0.1053,1.4606,0.0249,0.2043,0.0882,0.0423,-0.1672,0.1502,0.3910,0.1513,0.4009,1.0683,0.8020,-0.2600,0.0099,0.8020,-0.2600,0.2299,False,-0.0790,0.0290,-0.0084,-0.0242,-0.0479,0.0406,-0.3196,grasp,0.8020,-0.2600,0.0099,0.0000,0.0000,0.0000,False,,0.0500,0.0000,False
520,0.0,1.4049,-0.0298,False,False,False,-0.4443,4.7474,-0.2500,-1.3028,-0.1072,1.4595,-0.1099,-0.1311,0.0381,0.1485,-0.0894,-0.0962,0.3249,0.1547,0.3990,1.0684,0.8020,-0.2600,0.0099,0.8020,-0.2600,0.2299,False,-0.0586,-0.0687,0.0199,0.0779,-0.0475,-0.0503,-2.5843,grasp,0.8020,-0.2600,0.0099,0.0000,0.0000,0.0000,False,,0.0500,0.0000,False
521,0.0,1.4046,-0.0029,False,False,False,-0.4459,4.7453,-0.2494,-1.3007,-0.1084,1.4582,0.0000,-0.0000,-0.0000,0.0000,0.0000,0.0000,0.3051,0.1535,0.3973,1.0683,0.8020,-0.2600,0.0099,0.8020,-0.2600,0.2299,False,-0.0470,0.0347,0.0619,-0.0729,-0.0463,0.0766,-0.7305,grasp,0.8020,-0.2600,0.0099,0.0000,0.0000,0.0000,False,,0.0500,0.0000,False
522,0.0,1.4032,-0.0005,False,False,False,-0.4472,4.7466,-0.2477,-1.3028,-0.1097,1.4604,0.0000,-0.0000,-0.0000,0.0000,0.0000,0.0000,0.3251,0.1550,0.3957,1.0684,0.8020,-0.2600,0.0099,0.8020,-0.2600,0.2299,False,0.0324,-0.0601,0.0414,0.0253,-0.0218,-0.0349,1.7371,grasp,0.8020,-0.2600,0.0099,0.0000,0.0000,0.0000,False,,0.0500,0.0000,True
523,0.0,1.4041,-0.0236,False,False,False,-0.4463,4.7448,-0.2465,-1.3021,-0.1104,1.4594,0.0631,-0.1174,0.0764,0.0507,-0.0398,-0.0690,0.3646,0.1552,0.3980,1.0683,0.8020,-0.2600,0.0099,0.8020,-0.2600,0.2299,False,-0.0108,-0.0211,-0.0745,0.0610,0.0424,-0.0002,-1.9669,grasp,0.8020,-0.2600,0.0099,0.0000,0.0000,0.0000,False,,0.0500,0.0000,False
524,0.0,1.4045,-0.0020,False,False,False,-0.4464,4.7445,-0.2472,-1.3014,-0.1099,1.4594,0.0000,-0.0000,-0.0000,0.0000,-0.0000,0.0000,0.3776,0.1549,0.3986,1.0682,0.8020,-0.2600,0.0099,0.8020,-0.2600,0.2299,False,0.0252,0.0326,0.0529,-0.0178,0.0278,-0.0125,0.4840,grasp,0.8020,-0.2600,0.0099,0.0000,0.0000,0.0000,False,,0.0500,0.0000,False
525,0.0,1.4051,-0.0255,False,False,False,-0.4449,4.7436,-0.2486,-1.3013,-0.1115,1.4580,0.0772,-0.0857,-0.1219,0.0248,-0.1233,-0.0830,0.3260,0.1525,0.3977,1.0681,0.8020,-0.2600,0.0099,0.8020,-0.2600,0.2299,False,0.0409,-0.0444,-0.0636,0.0129,-0.0646,-0.0438,-2.6000,grasp,0.8020,-0.2600,0.0099,0.0000,0.0000,0.0000,False,,0.0500,0.0000,False
526,0.0,1.4062,-0.0129,False,False,False,-0.4439,4.7421,-0.2499,-1.3016,-0.1137,1.4574,-0.0078,0.0194,0.0412,-0.0666,-0.0431,0.0622,0.3460,0.1511,0.3990,1.0680,0.8020,-0.2600,0.0099,0.8020,-0.2600,0.2299,False,-0.0067,0.0128,0.0394,-0.0662,-0.0449,0.0610,2.9546,grasp,0.8020,-0.2600,0.0099,0.0000,0.0000,0.0000,False,,0.0500,0.0000,True
527,0.0,0.0517,0.0007,False,False,False,-0.4722,5.6405,0.8509,-1.7949,-1.5688,-5.1441,-0.0000,0.0000,0.0000,-0.0000,-0.0000,-0.0000,0.0000,0.7983,-0.2574,0.0613,0.8020,-0.2600,0.0099,0.8020,-0.2600,0.2299,True,-0.0135,-0.0044,-0.0729,-0.0435,-0.0491,-0.0208,2.3438,grasp,0.8020,-0.2600,0.0099,0.0000,0.0000,0.0000,False,,0.0500,0.0000,True
528,0.0,0.0491,15.0006,True,False,False,-0.4722,5.6405,0.8509,-1.7949,-1.5688,-5.1441,0.0000,0.0000,0.0000,0.0000,0.0000,0.0000,0.0400,0.7983,-0.2574,0.0588,0.8020,-0.2600,0.0099,0.8020,-0.2600,0.2299,True,0.0253,0.0633,0.0004,-0.0489,-0.0574,-0.0401,2.3913,grasp,0.8020,-0.2600,0.0099,0.0000,0.0000,0.0000,False,,0.0500,0.0000,True
529,0.0,1.3744,-0.0028,False,False,False,-0.4513,4.7557,-0.2256,-1.2844,-0.1041,1.4753,0.0000,-0.0000,-0.0000,0.0000,0.0000,0.0000,0.0000,0.1657,0.3734,1.0690,0.8020,-0.2600,0.0283,0.8020,-0.2600,0.2483,False,0.0378,-0.0754,-0.0117,0.0055,0.0561,-0.0216,-1.3865,grasp,0.8020,-0.2600,0.0283,0.0000,0.0000,0.0000,False,,0.0500,0.0000,False
530,0.0,1.3747,-0.0275,False,False,False,-0.4538,4.7556,-0.2265,-1.2779,-0.1043,1.4794,-0.0945,-0.0029,-0.0350,0.2466,-0.0084,0.1576,0.1200,0.1695,0.3782,1.0687,0.8020,-0.2600,0.0283,0.8020,-0.2600,0.2483,False,-0.0275,-0.0009,-0.0102,0.0717,-0.0024,0.0458,-1.6251,grasp,0.8020,-0.2600,0.0283,0.0000,0.0000,0.0000,False,,0.0500,0.0000,False
531,0.0,1.3743,-0.0069,False,False,False,-0.4546,4.7555,-0.2273,-1.2746,-0.1048,1.4810,0.0290,-0.0085,-0.0358,0.0377,-0.0369,-0.0319,0.1791,0.1721,0.3805,1.0684,0.8020,-0.2600,0.0283,0.8020,-0.2600,0.2483,False,0.0279,-0.0085,-0.0362,0.0407,-0.0370,-0.0300,-0.0696,grasp,0.8020,-0.2600,0.0283,0.0000,0.0000,0.0000,False,,0.0500,0.0000,False
532,0.0,1.3749,-0.0171,False,False,False,-0.4541,4.7553,-0.2280,-1.2739,-0.1055,1.4804,0.0552,-0.0161,-0.0680,0.0717,-0.0701,-0.0606,0.1989,0.1726,0.3825,1.0683,0.8020,-0.2600,0.0283,0.8020,-0.2600,0.2483,False,0.0624,0.0246,-0.0483,0.0542,0.0655,0.0017,-0.7860,grasp,0.8020,-0.2600,0.0283,0.0000,0.0000,0.0000,False,,0.0500,0.0000,False
533,0.0,1.3754,-0.0575,False,False,False,-0.4495,4.7522,-0.2220,-1.2788,-0.1098,1.4872,0.1720,-0.1178,0.2261,-0.1878,-0.1645,0.2598,0.3181,0.1739,0.3848,1.0683,0.8020,-0.2600,0.0283,0.8020,-0.2600,0.2483,False,0.0500,-0.0343,0.0658,-0.0546,-0.0478,0.0756,2.0632,grasp,0.8020,-0.2600,0.0283,0.0000,0.0000,0.0000,False,,0.0500,0.0000,True
534,0.0,1.3769,-0.0114,False,False,False,-0.4475,4.7511,-0.2190,-1.2814,-0.1111,1.4903,-0.0020,0.0360,0.0329,-0.0376,0.0654,-0.0008,0.3780,0.1741,0.3879,1.0685,0.8020,-0.2600,0.0283,0.8020,-0.2600,0.2483,False,0.0001,0.0343,0.0356,-0.0399,0.0634,0.0022,-1.0820,grasp,0.8020,-0.2600,0.0283,0.0000,0.0000,0.0000,False,,0.0500,0.0000,False
535,0.0,1.3769,-0.0158,False,False,False,-0.4476,4.7518,-0.2184,-1.2822,-0.1099,1.4903,-0.0038,0.0682,0.0625,-0.0715,0.1242,-0.0016,0.3948,0.1758,0.3892,1.0687,0.8020,-0.2600,0.0283,0.8020,-0.2600,0.2483,False,0.0464,0.0382,0.0638,-0.0359,-0.0167,0.0054,1.4371,grasp,0.8020,-0.2600,0.0283,0.0000,0.0000,0.0000,False,,0.0500,0.0000,True
536,0.0,1.3770,-0.0265,False,False,False,-0.4491,4.7560,-0.2178,-1.2795,-0.1147,1.4896,-0.0602,0.1567,0.0209,0.1000,-0.1818,-0.0262,0.5133,0.1764,0.3901,1.0686,0.8020,-0.2600,0.0283,0.8020,-0.2600,0.2483,False,-0.0175,0.0455,0.0061,0.0291,-0.0529,-0.0076,2.4713,grasp,0.8020,-0.2600,0.0283,0.0000,0.0000,0.0000,False,,0.0500,0.0000,True
537,0.0,1.3732,-0.0096,False,False,False,-0.4494,4.7586,-0.2171,-1.2790,-0.1172,1.4892,0.0498,0.0143,0.0513,-0.0675,-0.0417,-0.0140,0.4960,0.1830,0.3888,1.0684,0.8020,-0.2600,0.0283,0.8020,-0.2600,0.2483,False,0.0491,0.0222,0.0516,-0.0663,-0.0438,-0.0143,-1.6388,grasp,0.8020,-0.2600,0.0283,0.0000,0.0000,0.0000,False,,0.0500,0.0000,False
538,0.0,1.3709,-0.0192,False,False,False,-0.4484,4.7589,-0.2161,-1.2803,-0.1180,1.4889,0.0946,0.0332,0.0976,-0.1283,-0.0791,-0.0266,0.4760,0.1861,0.3868,1.0683,0.8020,-0.2600,0.0283,0.8020,-0.2600,0.2483,False,-0.0452,-0.0635,0.0694,-0.0306,-0.0015,0.0505,2.3264,grasp,0.8020,-0.2600,0.0283,0.0000,0.0000,0.0000,False,,0.0500,0.0000,True
539,0.0,1.3706,-0.0249,False,False,False,-0.4520,4.7619,-0.2157,-1.2771,-0.1164,1.4848,-0.1718,0.1487,0.0172,0.1562,0.0802,-0.1992,0.5678,0.1862,0.3862,1.0684,0.8020,-0.2600,0.0283,0.8020,-0.2600,0.2483,False,-0.0634,0.0546,0.0064,0.0576,0.0296,-0.0735,-1.8002,grasp,0.8020,-0.2600,0.0283,0.0000,0.0000,0.0000,False,,0.0500,0.0000,False
540,0.0,1.3665,-0.0437,False,False,False,-0.4541,4.7638,-0.2155,-1.2751,-0.1154,1.4822,-0.2180,0.1887,0.0219,0.1982,0.1018,-0.2527,0.5478,0.1932,0.3845,1.0682,0.8020,-0.2600,0.0283,0.8020,-0.2600,0.2483,False,0.0651,0.0711,0.0534,-0.0060,0.0241,0.0503,-1.4835,grasp,0.8020,-0.2600,0.0283,0.0000,0.0000,0.0000,False,,0.0500,0.0000,False
541,0.0,1.3636,-0.0013,False,False,False,-0.4561,4.7677,-0.2147,-1.2728,-0.1139,1.4798,0.0000,-0.0000,-0.0000,0.0000,-0.0000,0.0000,0.4770,0.1966,0.3816,1.0681,0.8020,-0.2600,0.0283,0.8020,-0.2600,0.2483,False,-0.0489,0.0289,-0.0503,0.0442,-0.0791,0.0016,-0.1634,grasp,0.8020,-0.2600,0.0283,0.0000,0.0000,0.0000,False,,0.0500,0.0000,False
542,0.0,1.3635,-0.0123,False,False,False,-0.4566,4.7680,-0.2152,-1.2724,-0.1147,1.4798,-0.0000,-0.0000,-0.0000,0.0000,-0.0000,0.0000,0.4472,0.1965,0.3814,1.0681,0.8020,-0.2600,0.0283,0.8020,-0.2600,0.2483,False,0.0616,-0.0614,-0.0595,-0.0710,-0.0006,-0.0664,-2.7418,grasp,0.8020,-0.2600,0.0283,0.0000,0.0000,0.0000,False,,0.0500,0.0000,False
543,0.0,1.3652,-0.0087,False,False,False,-0.4543,4.7659,-0.2168,-1.2750,-0.1145,1.4778,0.0433,0.0012,0.0139,-0.0539,0.0154,-0.0084,0.3672,0.1919,0.3803,1.0683,0.8020,-0.2600,0.0283,0.8020,-0.2600,0.2483,False,0.0445,-0.0045,0.0128,-0.0553,0.0154,-0.0096,-1.9684,grasp,0.8020,-0.2600,0.0283,0.0000,0.0000,0.0000,False,,0.0500,0.0000,False
544,0.0,1.3662,-0.0025,False,False,False,-0.4508,4.7657,-0.2157,-1.2793,-0.1133,1.4771,0.0000,-0.0000,-0.0000,0.0000,-0.0000,0.0000,0.3296,0.1891,0.3794,1.0685,0.8020,-0.2600,0.0283,0.8020,-0.2600,0.2483,False,0.0402,-0.0427,0.0724,0.0474,-0.0242,0.0402,3.0513,grasp,0.8020,-0.2600,0.0283,0.0000,0.0000,0.0000,False,,0.0500,0.0000,True
545,0.0,1.3663,-0.0153,False,False,False,-0.4504,4.7657,-0.2146,-1.2795,-0.1129,1.4782,0.0012,0.0398,0.0354,-0.0738,0.0703,0.0678,0.3895,0.1895,0.3801,1.0685,0.8020,-0.2600,0.0283,0.8020,-0.2600,0.2483,False,0.0016,0.0394,0.0361,-0.0733,0.0701,0.0682,-0.1591,grasp,0.8020,-0.2600,0.0283,0.0000,0.0000,0.0000,False,,0.0500,0.0000,False
546,0.0,1.3662,-0.0138,False,False,False,-0.4498,4.7671,-0.2128,-1.2824,-0.1101,1.4815,0.0576,-0.0610,0.0206,0.0523,-0.0449,0.0235,0.3627,0.1920,0.3816,1.0688,0.8020,-0.2600,0.0283,0.8020,-0.2600,0.2483,False,0.0576,-0.0580,0.0216,0.0503,-0.0430,0.0254,-2.1838,grasp,0.8020,-0.2600,0.0283,0.0000,0.0000,0.0000,False,,0.0500,0.0000,False
547,0.0,1.3672,-0.0358,False,False,False,-0.4472,4.7644,-0.2118,-1.2800,-0.1121,1.4826,0.1561,-0.1621,0.0559,0.1416,-0.1217,0.0637,0.3227,0.1882,0.3805,1.0687,0.8020,-0.2600,0.0283,0.8020,-0.2600,0.2483,False,0.0188,-0.0733,-0.0468,-0.0324,-0.0732,0.0696,2.9452,grasp,0.8020,-0.2600,0.0283,0.0000,0.0000,0.0000,False,,0.0500,0.0000,True
548,0.0,1.3675,-0.0167,False,False,False,-0.4470,4.7634,-0.2123,-1.2804,-0.1129,1.4833,0.0000,-0.0000,-0.0000,0.0000,-0.0000,0.0000,0.3824,0.1884,0.3812,1.0687,0.8020,-0.2600,0.0283,0.8020,-0.2600,0.2483,False,0.0696,-0.0205,-0.0672,0.0620,-0.0052,0.0180,1.9210,grasp,0.8020,-0.2600,0.0283,0.0000,0.0000,0.0000,False,,0.0500,0.0000,True
549,0.0,1.3694,-0.0039,False,False,False,-0.4450,4.7628,-0.2142,-1.2786,-0.1130,1.4838,-0.0000,-0.0000,-0.0000,0.0000,-0.0000,0.0000,0.4053,0.1868,0.3841,1.0685,0.8020,-0.2600,0.0283,0.8020,-0.2600,0.2483,False,0.0375,-0.0384,0.0370,-0.0624,0.0575,0.0490,-1.0989,grasp,0.8020,-0.2600,0.0283,0.0000,0.0000,0.0000,False,,0.0500,0.0000,False
550,0.0,1.3704,-0.0156,False,False,False,-0.4430,4.7612,-0.2138,-1.2809,-0.1124,1.4865,0.0587,-0.0281,-0.0451,-0.0361,-0.0733,0.0849,0.3205,0.1840,0.3831,1.0687,0.8020,-0.2600,0.0283,0.8020,-0.2600,0.2483,False,0.0316,-0.0156,-0.0230,-0.0202,-0.0375,0.0456,-1.8684,grasp,0.8020,-0.2600,0.0283,0.0000,0.0000,0.0000,False,,0.0500,0.0000,False
551,0.0,1.3706,-0.0164,False,False,False,-0.4430,4.7612,-0.2138,-1.2809,-0.1124,1.4865,0.0587,-0.0281,-0.0451,-0.0361,-0.0733,0.0849,0.3205,0.1831,0.3828,1.0687,0.8020,-0.2600,0.0283,0.8020,-0.2600,0.2483,False,-0.0228,0.0504,-0.0260,0.0701,-0.0768,-0.0087,-1.1722,grasp,0.8020,-0.2600,0.0283,0.0000,0.0000,0.0000,False,,0.0500,0.0000,False
552,0.0,1.3704,-0.0110,False,False,False,-0.4419,4.7611,-0.2149,-1.2813,-0.1149,1.4880,0.0499,-0.0193,-0.0166,-0.0566,-0.0689,0.0371,0.2641,0.1815,0.3810,1.0686,0.8020,-0.2600,0.0283,0.8020,-0.2600,0.2483,False,0.0497,-0.0187,-0.0168,-0.0559,-0.0697,0.0370,-2.0816,grasp,0.8020,-0.2600,0.0283,0.0000,0.0000,0.0000,False,,0.0500,0.0000,False
553,0.0,1.3719,-0.0032,False,False,False,-0.4379,4.7594,-0.2162,-1.2859,-0.1205,1.4910,0.0000,-0.0000,-0.0000,0.0000,-0.0000,0.0000,0.2449,0.1785,0.3813,1.0686,0.8020,-0.2600,0.0283,0.8020,-0.2600,0.2483,False,-0.0599,-0.0315,-0.0237,0.0028,-0.0733,0.0582,-0.1077,grasp,0.8020,-0.2600,0.0283,0.0000,0.0000,0.0000,False,,0.0500,0.0000,False
554,0.0,1.3719,-0.0129,False,False,False,-0.4385,4.7591,-0.2164,-1.2858,-0.1212,1.4916,-0.0616,-0.0292,-0.0231,0.0047,-0.0709,0.0570,0.2590,0.1789,0.3817,1.0686,0.8020,-0.2600,0.0283,0.8020,-0.2600,0.2483,False,-0.0558,0.0678,-0.0250,-0.0420,-0.0555,0.0543,-2.3826,grasp,0.8020,-0.2600,0.0283,0.0000,0.0000,0.0000,False,,0.0500,0.0000,False
555,0.0,1.3716,-0.0100,False,False,False,-0.4397,4.7591,-0.2173,-1.2855,-0.1230,1.4930,0.0533,-0.0101,-0.0169,0.0701,0.0089,-0.0205,0.2780,0.1799,0.3821,1.0685,0.8020,-0.2600,0.0283,0.8020,-0.2600,0.2483,False,0.0527,-0.0091,-0.0171,0.0696,0.0083,-0.0200,1.4177,grasp,0.8020,-0.2600,0.0283,0.0000,0.0000,0.0000,False,,0.0500,0.0000,True
556,0.0,1.3730,-0.0167,False,False,False,-0.4380,4.7583,-0.2181,-1.2837,-0.1222,1.4923,0.0699,-0.0675,-0.0473,0.0383,0.0620,-0.0286,0.3369,0.1794,0.3848,1.0684,0.8020,-0.2600,0.0283,0.8020,-0.2600,0.2483,False,0.0710,-0.0678,-0.0476,0.0397,0.0622,-0.0290,1.0828,grasp,0.8020,-0.2600,0.0283,0.0000,0.0000,0.0000,False,,0.0500,0.0000,True
557,0.0,1.3767,-0.0449,False,False,False,-0.4348,4.7543,-0.2203,-1.2820,-0.1193,1.4910,-0.0000,-0.0000,-0.0000,0.0000,-0.0000,0.0000,0.3539,0.1749,0.3884,1.0683,0.8020,-0.2600,0.0283,0.8020,-0.2600,0.2483,False,-0.0128,0.0681,0.0644,-0.0690,0.0004,-0.0023,-3.0751,grasp,0.8020,-0.2600,0.0283,0.0000,0.0000,0.0000,False,,0.0500,0.0000,False
558,0.0,1.3733,-0.0110,False,False,False,-0.4354,4.7589,-0.2161,-1.2864,-0.1199,1.4916,0.0175,-0.0392,0.0489,-0.0476,-0.0450,0.0675,0.3331,0.1786,0.3844,1.0686,0.8020,-0.2600,0.0283,0.8020,-0.2600,0.2483,False,0.0168,-0.0262,0.0520,-0.0509,-0.0450,0.0674,0.8779,grasp,0.8020,-0.2600,0.0283,0.0000,0.0000,0.0000,False,,0.0500,0.0000,True
559,0.0,1.3739,-0.0035,False,False,False,-0.4340,4.7562,-0.2121,-1.2902,-0.1235,1.4970,-0.0000,-0.0000,-0.0000,0.0000,-0.0000,0.0000,0.4001,0.1794,0.3862,1.0687,0.8020,-0.2600,0.0283,0.8020,-0.2600,0.2483,False,0.0668,-0.0371,-0.0702,-0.0368,-0.0484,0.0069,0.9363,grasp,0.8020,-0.2600,0.0283,0.0000,0.0000,0.0000,False,,0.0500,0.0000,False
560,0.0,1.3742,-0.0196,False,False,False,-0.4338,4.7557,-0.2118,-1.2921,-0.1223,1.4960,-0.0280,-0.0142,0.0681,-0.1029,0.1090,-0.0710,0.3520,0.1797,0.3870,1.0687,0.8020,-0.2600,0.0283,0.8020,-0.2600,0.2483,False,-0.0141,-0.0081,0.0351,-0.0545,0.0569,-0.0373,-2.2854,grasp,0.8020,-0.2600,0.0283,0.0000,0.0000,0.0000,False,,0.0500,0.0000,False
561,0.0,1.3747,-0.0313,False,False,False,-0.4347,4.7552,-0.2096,-1.2955,-0.1188,1.4937,-0.0507,-0.0262,0.1233,-0.1863,0.1973,-0.1285,0.3120,0.1775,0.3856,1.0690,0.8020,-0.2600,0.0283,0.8020,-0.2600,0.2483,False,-0.0520,0.0417,-0.0797,-0.0726,-0.0421,0.0160,1.5735,grasp,0.8020,-0.2600,0.0283,0.0000,0.0000,0.0000,False,,0.0500,0.0000,True
562,0.0,1.3749,-0.0163,False,False,False,-0.4352,4.7556,-0.2104,-1.2962,-0.1192,1.4938,-0.0515,0.0420,-0.0809,-0.0707,-0.0441,0.0173,0.3520,0.1780,0.3862,1.0692,0.8020,-0.2600,0.0283,0.8020,-0.2600,0.2483,False,-0.0259,0.0287,-0.0057,0.0077,0.0631,-0.0142,-3.1047,grasp,0.8020,-0.2600,0.0283,0.0000,0.0000,0.0000,False,,0.0500,0.0000,False
563,0.0,1.3750,-0.0023,False,False,False,-0.4352,4.7556,-0.2104,-1.2962,-0.1192,1.4938,0.0000,-0.0000,-0.0000,0.0000,-0.0000,0.0000,0.3558,0.1780,0.3863,1.0692,0.8020,-0.2600,0.0283,0.8020,-0.2600,0.2483,False,-0.0712,0.0353,-0.0491,-0.0462,-0.0489,-0.0276,2.4847,grasp,0.8020,-0.2600,0.0283,0.0000,0.0000,0.0000,False,,0.0500,0.0000,True
564,0.0,1.3739,-0.0339,False,False,False,-0.4338,4.7596,-0.2132,-1.2940,-0.1201,1.4969,0.0996,0.1760,-0.1084,0.1260,-0.0220,0.1600,0.4552,0.1815,0.3879,1.0690,0.8020,-0.2600,0.0283,0.8020,-0.2600,0.2483,False,0.0360,0.0652,-0.0405,0.0460,-0.0086,0.0588,2.4833,grasp,0.8020,-0.2600,0.0283,0.0000,0.0000,0.0000,False,,0.0500,0.0000,True
565,0.0,1.3730,-0.0174,False,False,False,-0.4332,4.7616,-0.2141,-1.2917,-0.1197,1.4985,-0.0658,-0.0480,0.0407,0.0768,0.0754,-0.0432,0.4391,0.1824,0.3870,1.0689,0.8020,-0.2600,0.0283,0.8020,-0.2600,0.2483,False,-0.0646,-0.0431,0.0394,0.0784,0.0751,-0.0412,-2.6660,grasp,0.8020,-0.2600,0.0283,0.0000,0.0000,0.0000,False,,0.0500,0.0000,False
566,0.0,1.3731,-0.0475,False,False,False,-0.4363,4.7595,-0.2123,-1.2881,-0.1162,1.4965,-0.1784,-0.1249,0.1104,0.2081,0.2043,-0.1171,0.3991,0.1815,0.3864,1.0689,0.8020,-0.2600,0.0283,0.8020,-0.2600,0.2483,False,-0.0146,0.0688,0.0150,-0.0299,0.0486,0.0214,-1.4565,grasp,0.8020,-0.2600,0.0283,0.0000,0.0000,0.0000,False,,0.0500,0.0000,False
567,0.0,1.3725,-0.0424,False,False,False,-0.4387,4.7617,-0.2153,-1.2854,-0.1119,1.4937,-0.1165,0.1099,-0.1472,0.1299,0.2091,-0.1325,0.3479,0.1812,0.3848,1.0689,0.8020,-0.2600,0.0283,0.8020,-0.2600,0.2483,False,-0.0430,0.0406,-0.0543,0.0479,0.0771,-0.0489,-0.8996,grasp,0.8020,-0.2600,0.0283,0.0000,0.0000,0.0000,False,,0.0500,0.0000,False
568,0.0,1.3719,-0.0138,False,False,False,-0.4406,4.7631,-0.2166,-1.2846,-0.1098,1.4913,-0.0436,-0.0136,0.0610,-0.0768,-0.0627,-0.0746,0.3222,0.1816,0.3837,1.0689,0.8020,-0.2600,0.0283,0.8020,-0.2600,0.2483,False,-0.0450,-0.0114,0.0592,-0.0751,-0.0600,-0.0763,-1.2644,grasp,0.8020,-0.2600,0.0283,0.0000,0.0000,0.0000,False,,0.0500,0.0000,False
569,0.0,1.3714,-0.0032,False,False,False,-0.4414,4.7628,-0.2154,-1.2860,-0.1110,1.4899,0.0000,-0.0000,-0.0000,0.0000,-0.0000,0.0000,0.3250,0.1825,0.3834,1.0689,0.8020,-0.2600,0.0283,0.8020,-0.2600,0.2483,False,-0.0360,0.0302,0.0135,-0.0440,-0.0580,0.0516,0.1955,grasp,0.8020,-0.2600,0.0283,0.0000,0.0000,0.0000,False,,0.0500,0.0000,False
570,0.0,1.3679,-0.0287,False,False,False,-0.4437,4.7667,-0.2123,-1.2868,-0.1127,1.4933,-0.0912,0.1810,0.1452,-0.0155,-0.0516,0.1396,0.4149,0.1897,0.3831,1.0689,0.8020,-0.2600,0.0283,0.8020,-0.2600,0.2483,False,-0.0340,0.0666,0.0537,-0.0061,-0.0196,0.0520,3.0355,grasp,0.8020,-0.2600,0.0283,0.0000,0.0000,0.0000,False,,0.0500,0.0000,True
571,0.0,1.3650,-0.0049,False,False,False,-0.4440,4.7707,-0.2099,-1.2870,-0.1135,1.4952,0.0780,0.0409,0.0489,-0.0012,-0.0168,0.0148,0.4346,0.1944,0.3814,1.0689,0.8020,-0.2600,0.0283,0.8020,-0.2600,0.2483,False,0.0769,0.0575,0.0508,-0.0014,-0.0175,0.0165,0.2233,grasp,0.8020,-0.2600,0.0283,0.0000,0.0000,0.0000,False,,0.0500,0.0000,False
572,0.0,1.3643,-0.0025,False,False,False,-0.4426,4.7718,-0.2090,-1.2870,-0.1138,1.4955,-0.0000,0.0000,-0.0000,0.0000,-0.0000,0.0000,0.4298,0.1954,0.3808,1.0689,0.8020,-0.2600,0.0283,0.8020,-0.2600,0.2483,False,-0.0746,0.0330,-0.0787,-0.0630,0.0771,-0.0379,-0.0609,grasp,0.8020,-0.2600,0.0283,0.0000,0.0000,0.0000,False,,0.0500,0.0000,False
573,0.0,1.3648,-0.0414,False,False,False,-0.4393,4.7709,-0.2058,-1.2901,-0.1093,1.4964,0.1952,-0.0576,0.1912,-0.1197,0.1820,0.0622,0.4830,0.1953,0.3817,1.0690,0.8020,-0.2600,0.0283,0.8020,-0.2600,0.2483,False,0.0713,-0.0209,0.0698,-0.0448,0.0679,0.0226,1.5048,grasp,0.8020,-0.2600,0.0283,0.0000,0.0000,0.0000,False,,0.0500,0.0000,False
574,0.0,1.3669,-0.0173,False,False,False,-0.4369,4.7708,-0.2033,-1.2923,-0.1066,1.4979,-0.0063,0.0737,0.0072,-0.0690,0.0339,0.0743,0.4539,0.1930,0.3830,1.0695,0.8020,-0.2600,0.0283,0.8020,-0.2600,0.2483,False,-0.0038,0.0730,0.0096,-0.0705,0.0362,0.0751,-3.0856,grasp,0.8020,-0.2600,0.0283,0.0000,0.0000,0.0000,False,,0.0500,0.0000,False
575,0.0,1.3660,-0.0019,False,False,False,-0.4370,4.7724,-0.2032,-1.2936,-0.1060,1.4994,-0.0000,0.0000,-0.0000,0.0000,-0.0000,0.0000,0.4139,0.1936,0.3816,1.0695,0.8020,-0.2600,0.0283,0.8020,-0.2600,0.2483,False,-0.0768,0.0027,-0.0637,-0.0486,0.0144,-0.0744,-3.1200,grasp,0.8020,-0.2600,0.0283,0.0000,0.0000,0.0000,False,,0.0500,0.0000,False
576,0.0,1.3659,-0.0181,False,False,False,-0.4362,4.7719,-0.2029,-1.2959,-0.1068,1.4991,0.1003,-0.0314,0.0629,-0.1207,-0.0640,0.0327,0.3339,0.1932,0.3811,1.0696,0.8020,-0.2600,0.0283,0.8020,-0.2600,0.2483,False,0.0520,-0.0165,0.0325,-0.0640,-0.0335,0.0164,-2.0426,grasp,0.8020,-0.2600,0.0283,0.0000,0.0000,0.0000,False,,0.0500,0.0000,False
577,0.0,1.3660,-0.0237,False,False,False,-0.4366,4.7698,-0.2025,-1.2957,-0.1071,1.4983,-0.1197,-0.1104,-0.0320,0.1267,0.0419,-0.0846,0.2545,0.1917,0.3796,1.0697,0.8020,-0.2600,0.0283,0.8020,-0.2600,0.2483,False,-0.0615,-0.0585,-0.0160,0.0650,0.0211,-0.0440,-2.8852,grasp,0.8020,-0.2600,0.0283,0.0000,0.0000,0.0000,False,,0.0500,0.0000,False
578,0.0,1.3664,-0.0023,False,False,False,-0.4383,4.7680,-0.2029,-1.2939,-0.1065,1.4971,0.0000,-0.0000,-0.0000,0.0000,-0.0000,0.0000,0.2545,0.1887,0.3775,1.0697,0.8020,-0.2600,0.0283,0.8020,-0.2600,0.2483,False,-0.0389,-0.0235,0.0121,0.0162,0.0155,0.0017,0.3619,grasp,0.8020,-0.2600,0.0283,0.0000,0.0000,0.0000,False,,0.0500,0.0000,True
579,0.0,0.2014,-0.0031,False,False,False,-3.0816,3.7645,-0.7473,4.8364,1.5922,-4.7980,-0.0292,0.0147,-0.0009,0.0020,-0.0072,0.0167,0.0001,0.8401,-0.0772,0.0854,0.8020,-0.2600,0.0100,0.8020,-0.2600,0.2300,False,-0.0212,0.0406,-0.0429,0.0262,0.0664,-0.0225,1.0152,grasp,0.8020,-0.2600,0.0100,0.0000,0.0000,0.0000,False,,0.0500,0.0000,True
580,0.0,0.1986,-0.0205,False,False,False,-3.0832,3.7649,-0.7490,4.8360,1.5938,-4.7964,-0.1003,0.0282,-0.1089,-0.0284,0.1046,0.1038,0.0801,0.8393,-0.0779,0.0799,0.8020,-0.2600,0.0100,0.8020,-0.2600,0.2300,False,-0.0527,0.0149,-0.0573,-0.0149,0.0550,0.0546,0.2719,grasp,0.8020,-0.2600,0.0100,0.0000,0.0000,0.0000,False,,0.0500,0.0000,True
581,0.0,0.1972,-0.0099,False,False,False,-3.0853,3.7654,-0.7498,4.8349,1.5953,-4.7950,-0.0583,0.0147,0.0713,-0.0665,-0.0039,-0.0134,0.1225,0.8386,-0.0787,0.0783,0.8020,-0.2600,0.0100,0.8020,-0.2600,0.2300,False,-0.0617,0.0151,0.0698,-0.0670,-0.0024,-0.0119,-1.4270,grasp,0.8020,-0.2600,0.0100,0.0000,0.0000,0.0000,False,,0.0500,0.0000,False
582,0.0,0.1963,-0.0123,False,False,False,-3.0853,3.7654,-0.7498,4.8349,1.5953,-4.7950,-0.0583,0.0147,0.0713,-0.0665,-0.0039,-0.0134,0.1225,0.8385,-0.0793,0.0775,0.8020,-0.2600,0.0100,0.8020,-0.2600,0.2300,False,-0.0122,-0.0163,-0.0689,-0.0671,0.0568,-0.0235,1.1596,grasp,0.8020,-0.2600,0.0100,0.0000,0.0000,0.0000,False,,0.0500,0.0000,True
583,0.0,0.1951,-0.0134,False,False,False,-3.0867,3.7656,-0.7492,4.8330,1.5958,-4.7955,-0.0100,-0.0169,-0.0703,-0.0659,0.0568,-0.0233,0.1721,0.8386,-0.0803,0.0767,0.8020,-0.2600,0.0100,0.8020,-0.2600,0.2300,False,0.0110,0.0405,0.0286,-0.0216,-0.0413,-0.0589,1.3281,grasp,0.8020,-0.2600,0.0100,0.0000,0.0000,0.0000,False,,0.0500,0.0000,True
584,0.0,0.1941,-0.0104,False,False,False,-3.0860,3.7653,-0.7497,4.8334,1.5962,-4.7952,0.0729,-0.0262,-0.0572,0.0372,0.0443,0.0350,0.2141,0.8381,-0.0802,0.0735,0.8020,-0.2600,0.0100,0.8020,-0.2600,0.2300,False,0.0729,-0.0262,-0.0572,0.0372,0.0443,0.0350,-0.7236,grasp,0.8020,-0.2600,0.0100,0.0000,0.0000,0.0000,False,,0.0500,0.0000,False
585,0.0,0.1944,-0.0020,False,False,False,-3.0844,3.7646,-0.7508,4.8341,1.5971,-4.7945,-0.0000,-0.0000,-0.0000,-0.0000,-0.0000,-0.0000,0.2041,0.8380,-0.0795,0.0726,0.8020,-0.2600,0.0100,0.8020,-0.2600,0.2300,False,-0.0549,0.0737,-0.0659,0.0385,-0.0672,-0.0101,-3.0320,grasp,0.8020,-0.2600,0.0100,0.0000,0.0000,0.0000,False,,0.0500,0.0000,False
586,0.0,0.1946,-0.0297,False,False,False,-3.0860,3.7668,-0.7527,4.8352,1.5951,-4.7948,-0.1088,0.1427,-0.1231,0.0717,-0.1293,-0.0205,0.1680,0.8377,-0.0800,0.0748,0.8020,-0.2600,0.0100,0.8020,-0.2600,0.2300,False,0.0382,-0.0385,-0.0507,-0.0664,0.0215,-0.0260,2.7964,grasp,0.8020,-0.2600,0.0100,0.0000,0.0000,0.0000,False,,0.0500,0.0000,True
587,0.0,0.1939,-0.0027,False,False,False,-3.0862,3.7668,-0.7527,4.8352,1.5951,-4.7948,0.0000,-0.0000,-0.0000,-0.0000,0.0000,-0.0000,0.2080,0.8377,-0.0800,0.0729,0.8020,-0.2600,0.0100,0.8020,-0.2600,0.2300,False,0.0246,0.0627,-0.0657,0.0568,-0.0497,-0.0007,2.4380,grasp,0.8020,-0.2600,0.0100,0.0000,0.0000,0.0000,False,,0.0500,0.0000,True
588,0.0,0.1939,-0.0143,False,False,False,-3.0859,3.7674,-0.7534,4.8357,1.5946,-4.7948,0.0248,0.0627,-0.0657,0.0568,-0.0497,-0.0007,0.2280,0.8377,-0.0800,0.0729,0.8020,-0.2600,0.0100,0.8020,-0.2600,0.2300,False,-0.0051,0.0485,-0.0542,-0.0158,-0.0453,-0.0176,-1.5286,grasp,0.8020,-0.2600,0.0100,0.0000,0.0000,0.0000,False,,0.0500,0.0000,False
589,0.0,0.1939,-0.0134,False,False,False,-3.0866,3.7673,-0.7540,4.8361,1.5953,-4.7949,-0.0742,-0.0063,-0.0620,0.0369,0.0724,-0.0111,0.1879,0.8375,-0.0804,0.0738,0.8020,-0.2600,0.0100,0.8020,-0.2600,0.2300,False,-0.0742,-0.0063,-0.0620,0.0369,0.0724,-0.0111,-2.9269,grasp,0.8020,-0.2600,0.0100,0.0000,0.0000,0.0000,False,,0.0500,0.0000,False
590,0.0,0.1939,-0.0235,False,False,False,-3.0878,3.7650,-0.7540,4.8364,1.5979,-4.7935,0.0287,-0.1434,0.0750,-0.0277,0.0819,0.1087,0.2289,0.8375,-0.0804,0.0738,0.8020,-0.2600,0.0100,0.8020,-0.2600,0.2300,False,0.0129,-0.0757,0.0383,-0.0139,0.0445,0.0570,-0.1064,grasp,0.8020,-0.2600,0.0100,0.0000,0.0000,0.0000,False,,0.0500,0.0000,False
591,0.0,0.1925,-0.0217,False,False,False,-3.0874,3.7630,-0.7529,4.8360,1.5991,-4.7919,0.0401,-0.2046,0.1070,-0.0395,0.1168,0.1551,0.2446,0.8372,-0.0805,0.0699,0.8020,-0.2600,0.0100,0.8020,-0.2600,0.2300,False,0.0759,0.0469,-0.0621,-0.0740,-0.0253,-0.0448,-2.7655,grasp,0.8020,-0.2600,0.0100,0.0000,0.0000,0.0000,False,,0.0500,0.0000,False
592,0.0,0.1927,-0.0041,False,False,False,-3.0873,3.7625,-0.7529,4.8360,1.5991,-4.7919,-0.0000,-0.0000,-0.0000,-0.0000,-0.0000,-0.0000,0.2249,0.8373,-0.0798,0.0685,0.8020,-0.2600,0.0100,0.8020,-0.2600,0.2300,False,-0.0671,0.0770,0.0406,0.0647,-0.0359,-0.0002,2.9190,grasp,0.8020,-0.2600,0.0100,0.0000,0.0000,0.0000,False,,0.0500,0.0000,True
593,0.0,0.1933,-0.0158,False,False,False,-3.0866,3.7635,-0.7539,4.8353,1.5996,-4.7932,-0.0003,0.0553,-0.0315,0.0025,0.0795,-0.0769,0.2472,0.8370,-0.0794,0.0693,0.8020,-0.2600,0.0100,0.8020,-0.2600,0.2300,False,0.0007,0.0558,-0.0321,0.0017,0.0793,-0.0774,1.5712,grasp,0.8020,-0.2600,0.0100,0.0000,0.0000,0.0000,False,,0.0500,0.0000,True
594,0.0,0.1935,-0.0268,False,False,False,-3.0866,3.7646,-0.7545,4.8353,1.6011,-4.7946,-0.0002,0.1053,-0.0598,0.0047,0.1511,-0.1461,0.2672,0.8368,-0.0786,0.0675,0.8020,-0.2600,0.0100,0.8020,-0.2600,0.2300,False,0.0586,-0.0151,-0.0276,0.0678,0.0726,-0.0409,-1.9766,grasp,0.8020,-0.2600,0.0100,0.0000,0.0000,0.0000,False,,0.0500,0.0000,False
595,0.0,0.1950,-0.0219,False,False,False,-3.0855,3.7662,-0.7545,4.8355,1.6050,-4.7985,0.0727,0.0041,0.0521,0.0088,0.1079,-0.1171,0.3472,0.8370,-0.0765,0.0658,0.8020,-0.2600,0.0100,0.8020,-0.2600,0.2300,False,0.0383,0.0040,0.0266,0.0047,0.0590,-0.0637,3.0345,grasp,0.8020,-0.2600,0.0100,0.0000,0.0000,0.0000,False,,0.0500,0.0000,True
596,0.0,0.1962,-0.0042,False,False,False,-3.0844,3.7663,-0.7538,4.8357,1.6065,-4.8002,-0.0000,-0.0000,-0.0000,-0.0000,-0.0000,-0.0000,0.3843,0.8373,-0.0750,0.0651,0.8020,-0.2600,0.0100,0.8020,-0.2600,0.2300,False,0.0725,0.0181,-0.0040,-0.0101,0.0519,-0.0495,1.0810,grasp,0.8020,-0.2600,0.0100,0.0000,0.0000,0.0000,False,,0.0500,0.0000,True
597,0.0,0.1962,-0.0107,False,False,False,-3.0837,3.7664,-0.7539,4.8356,1.6070,-4.8006,0.0705,0.0180,-0.0047,-0.0102,0.0504,-0.0478,0.3996,0.8373,-0.0750,0.0651,0.8020,-0.2600,0.0100,0.8020,-0.2600,0.2300,False,-0.0300,-0.0192,0.0450,0.0021,0.0524,-0.0223,0.5427,grasp,0.8020,-0.2600,0.0100,0.0000,0.0000,0.0000,False,,0.0500,0.0000,False
598,0.0,0.1969,-0.0114,False,False,False,-3.0844,3.7667,-0.7535,4.8353,1.6076,-4.8008,-0.0736,0.0218,0.0303,-0.0300,0.0568,-0.0129,0.3669,0.8373,-0.0743,0.0651,0.8020,-0.2600,0.0100,0.8020,-0.2600,0.2300,False,-0.0736,0.0218,0.0303,-0.0300,0.0568,-0.0129,-2.4709,grasp,0.8020,-0.2600,0.0100,0.0000,0.0000,0.0000,False,,0.0500,0.0000,False
599,0.0,0.1968,-0.0019,False,False,False,-3.0859,3.7671,-0.7530,4.8347,1.6086,-4.8010,0.0000,-0.0000,-0.0000,-0.0000,0.0000,-0.0000,0.3273,0.8373,-0.0747,0.0660,0.8020,-0.2600,0.0100,0.8020,-0.2600,0.2300,False,-0.0072,0.0267,-0.0071,-0.0330,-0.0032,0.0118,-2.6839,grasp,0.8020,-0.2600,0.0100,0.0000,0.0000,0.0000,False,,0.0500,0.0000,False
600,0.0,0.1965,-0.0043,False,False,False,-3.0860,3.7673,-0.7531,4.8344,1.6086,-4.8009,-0.0040,0.0262,-0.0077,-0.0324,-0.0043,0.0121,0.3076,0.8372,-0.0758,0.0689,0.8020,-0.2600,0.0100,0.8020,-0.2600,0.2300,False,0.0151,0.0712,-0.0443,0.0776,0.0335,0.0658,2.7697,grasp,0.8020,-0.2600,0.0100,0.0000,0.0000,0.0000,False,,0.0500,0.0000,True
601,0.0,0.1960,-0.0144,False,False,False,-3.0866,3.7681,-0.7527,4.8344,1.6079,-4.8000,-0.0598,0.0310,0.0512,0.0622,-0.0661,0.0665,0.3199,0.8373,-0.0766,0.0692,0.8020,-0.2600,0.0100,0.8020,-0.2600,0.2300,False,-0.0599,0.0315,0.0510,0.0616,-0.0662,0.0667,1.3992,grasp,0.8020,-0.2600,0.0100,0.0000,0.0000,0.0000,False,,0.0500,0.0000,True
602,0.0,0.1950,-0.0316,False,False,False,-3.0877,3.7687,-0.7517,4.8355,1.6066,-4.7987,-0.1138,0.0593,0.0972,0.1182,-0.1256,0.1264,0.3399,0.8380,-0.0778,0.0695,0.8020,-0.2600,0.0100,0.8020,-0.2600,0.2300,False,-0.0647,-0.0179,-0.0739,-0.0071,-0.0651,0.0259,1.8942,grasp,0.8020,-0.2600,0.0100,0.0000,0.0000,0.0000,False,,0.0500,0.0000,True
603,0.0,0.1938,-0.0111,False,False,False,-3.0885,3.7689,-0.7519,4.8360,1.6060,-4.7986,-0.0649,0.0232,-0.0199,0.0489,-0.0627,0.0108,0.3990,0.8380,-0.0785,0.0678,0.8020,-0.2600,0.0100,0.8020,-0.2600,0.2300,False,-0.0650,0.0233,-0.0199,0.0489,-0.0627,0.0108,1.3431,grasp,0.8020,-0.2600,0.0100,0.0000,0.0000,0.0000,False,,0.0500,0.0000,True
604,0.0,0.1931,-0.0164,False,False,False,-3.0892,3.7699,-0.7517,4.8376,1.6042,-4.7978,0.0714,0.0608,0.0614,0.0627,-0.0547,0.0636,0.4277,0.8386,-0.0795,0.0680,0.8020,-0.2600,0.0100,0.8020,-0.2600,0.2300,False,0.0687,0.0612,0.0610,0.0636,-0.0559,0.0638,0.6015,grasp,0.8020,-0.2600,0.0100,0.0000,0.0000,0.0000,False,,0.0500,0.0000,False
605,0.0,0.1931,-0.0132,False,False,False,-3.0878,3.7717,-0.7506,4.8380,1.6025,-4.7967,-0.0114,0.0630,-0.0107,-0.0767,-0.0666,-0.0134,0.4354,0.8386,-0.0795,0.0680,0.8020,-0.2600,0.0100,0.8020,-0.2600,0.2300,False,-0.0086,0.0659,-0.0095,-0.0755,-0.0676,-0.0122,0.3716,grasp,0.8020,-0.2600,0.0100,0.0000,0.0000,0.0000,False,,0.0500,0.0000,False
606,0.0,0.1944,-0.0145,False,False,False,-3.0878,3.7717,-0.7506,4.8380,1.6025,-4.7967,-0.0114,0.0630,-0.0107,-0.0767,-0.0666,-0.0134,0.4354,0.8394,-0.0789,0.0699,0.8020,-0.2600,0.0100,0.8020,-0.2600,0.2300,False,0.0307,0.0425,0.0549,-0.0079,-0.0292,0.0486,0.8139,grasp,0.8020,-0.2600,0.0100,0.0000,0.0000,0.0000,False,,0.0500,0.0000,False
607,0.0,0.1940,-0.0086,False,False,False,-3.0883,3.7724,-0.7506,4.8363,1.6014,-4.7965,-0.0287,-0.0552,0.0236,-0.0242,0.0125,0.0508,0.4035,0.8390,-0.0797,0.0712,0.8020,-0.2600,0.0100,0.8020,-0.2600,0.2300,False,-0.0287,-0.0552,0.0236,-0.0242,0.0125,0.0508,-2.3568,grasp,0.8020,-0.2600,0.0100,0.0000,0.0000,0.0000,False,,0.0500,0.0000,False
608,0.0,0.1940,-0.0140,False,False,False,-3.0884,3.7715,-0.7504,4.8364,1.6024,-4.7961,0.0502,0.0295,-0.0266,0.0503,0.0782,-0.0650,0.3440,0.8390,-0.0797,0.0712,0.8020,-0.2600,0.0100,0.8020,-0.2600,0.2300,False,0.0495,0.0273,-0.0261,0.0498,0.0784,-0.0641,-1.8615,grasp,0.8020,-0.2600,0.0100,0.0000,0.0000,0.0000,False,,0.0500,0.0000,False
609,0.0,0.1946,-0.0153,False,False,False,-3.0884,3.7715,-0.7504,4.8364,1.6024,-4.7961,0.0502,0.0295,-0.0266,0.0503,0.0782,-0.0650,0.3440,0.8389,-0.0795,0.0725,0.8020,-0.2600,0.0100,0.8020,-0.2600,0.2300,False,0.0613,-0.0528,-0.0769,0.0346,0.0080,0.0698,2.1688,grasp,0.8020,-0.2600,0.0100,0.0000,0.0000,0.0000,False,,0.0500,0.0000,True
610,0.0,0.1959,-0.0166,False,False,False,-3.0868,3.7716,-0.7517,4.8377,1.6040,-4.7967,0.0596,-0.0533,-0.0764,0.0336,0.0065,0.0710,0.3655,0.8390,-0.0777,0.0713,0.8020,-0.2600,0.0100,0.8020,-0.2600,0.2300,False,0.0097,0.0066,-0.0669,0.0056,-0.0352,-0.0659,-1.4009,grasp,0.8020,-0.2600,0.0100,0.0000,0.0000,0.0000,False,,0.0500,0.0000,False
611,0.0,0.1959,-0.0131,False,False,False,-3.0868,3.7716,-0.7517,4.8377,1.6040,-4.7967,0.0596,-0.0533,-0.0764,0.0336,0.0065,0.0710,0.3655,0.8390,-0.0777,0.0713,0.8020,-0.2600,0.0100,0.8020,-0.2600,0.2300,False,-0.0550,-0.0439,0.0523,-0.0600,0.0153,0.0419,1.3023,grasp,0.8020,-0.2600,0.0100,0.0000,0.0000,0.0000,False,,0.0500,0.0000,True
612,0.0,0.1950,-0.0166,False,False,False,-3.0876,3.7716,-0.7530,4.8383,1.6052,-4.7958,-0.0590,0.0069,-0.0868,0.0395,0.0828,0.0601,0.3939,0.8386,-0.0780,0.0698,0.8020,-0.2600,0.0100,0.8020,-0.2600,0.2300,False,-0.0310,0.0035,-0.0457,0.0208,0.0436,0.0316,0.8548,grasp,0.8020,-0.2600,0.0100,0.0000,0.0000,0.0000,False,,0.0500,0.0000,False
613,0.0,0.1954,-0.0120,False,False,False,-3.0881,3.7720,-0.7539,4.8394,1.6068,-4.7950,0.0437,0.0416,0.0325,0.0537,0.0396,-0.0075,0.3655,0.8386,-0.0780,0.0708,0.8020,-0.2600,0.0100,0.8020,-0.2600,0.2300,False,0.0425,0.0415,0.0313,0.0543,0.0408,-0.0067,-2.3171,grasp,0.8020,-0.2600,0.0100,0.0000,0.0000,0.0000,False,,0.0500,0.0000,False
614,0.0,0.1954,-0.0098,False,False,False,-3.0867,3.7726,-0.7531,4.8401,1.6074,-4.7944,0.0558,-0.0278,0.0204,-0.0290,-0.0160,0.0718,0.3688,0.8386,-0.0780,0.0708,0.8020,-0.2600,0.0100,0.8020,-0.2600,0.2300,False,0.0570,-0.0264,0.0210,-0.0279,-0.0153,0.0716,0.5279,grasp,0.8020,-0.2600,0.0100,0.0000,0.0000,0.0000,False,,0.0500,0.0000,False
615,0.0,0.1971,-0.0110,False,False,False,-3.0867,3.7726,-0.7531,4.8401,1.6074,-4.7944,0.0558,-0.0278,0.0204,-0.0290,-0.0160,0.0718,0.3688,0.8393,-0.0766,0.0716,0.8020,-0.2600,0.0100,0.8020,-0.2600,0.2300,False,0.0770,-0.0546,0.0439,0.0306,-0.0703,-0.0711,-0.7507,grasp,0.8020,-0.2600,0.0100,0.0000,0.0000,0.0000,False,,0.0500,0.0000,False
616,0.0,0.1978,-0.0260,False,False,False,-3.0877,3.7716,-0.7543,4.8414,1.6061,-4.7920,-0.1459,-0.0275,-0.1038,0.1250,-0.0617,0.0691,0.3538,0.8393,-0.0757,0.0713,0.8020,-0.2600,0.0100,0.8020,-0.2600,0.2300,False,-0.0751,-0.0151,-0.0542,0.0652,-0.0328,0.0377,-0.8874,grasp,0.8020,-0.2600,0.0100,0.0000,0.0000,0.0000,False,,0.0500,0.0000,False
617,0.0,0.1956,0.0003,False,False,False,-3.0902,3.7711,-0.7558,4.8432,1.6053,-4.7910,0.0000,-0.0000,-0.0000,-0.0000,0.0000,0.0000,0.3671,0.8391,-0.0778,0.0709,0.8020,-0.2600,0.0100,0.8020,-0.2600,0.2300,False,-0.0723,0.0675,-0.0264,-0.0086,-0.0542,-0.0305,1.4016,grasp,0.8020,-0.2600,0.0100,0.0000,0.0000,0.0000,False,,0.0500,0.0000,True
618,0.0,0.1922,-0.0083,False,False,False,-3.0908,3.7717,-0.7560,4.8431,1.6047,-4.7913,-0.0657,0.0691,-0.0249,-0.0104,-0.0533,-0.0314,0.3871,0.8388,-0.0808,0.0692,0.8020,-0.2600,0.0100,0.8020,-0.2600,0.2300,False,0.0609,0.0271,-0.0619,0.0572,0.0411,0.0076,-2.4151,grasp,0.8020,-0.2600,0.0100,0.0000,0.0000,0.0000,False,,0.0500,0.0000,False
619,0.0,0.1908,-0.0140,False,False,False,-3.0920,3.7724,-0.7572,4.8424,1.6030,-4.7920,0.0235,-0.0723,-0.0676,-0.0476,-0.0710,-0.0114,0.3664,0.8382,-0.0824,0.0698,0.8020,-0.2600,0.0100,0.8020,-0.2600,0.2300,False,0.0206,-0.0704,-0.0681,-0.0478,-0.0720,-0.0120,-2.3677,grasp,0.8020,-0.2600,0.0100,0.0000,0.0000,0.0000,False,,0.0500,0.0000,False
620,0.0,0.1908,-0.0133,False,False,False,-3.0920,3.7724,-0.7572,4.8424,1.6030,-4.7920,0.0235,-0.0723,-0.0676,-0.0476,-0.0710,-0.0114,0.3664,0.8382,-0.0824,0.0698,0.8020,-0.2600,0.0100,0.8020,-0.2600,0.2300,False,-0.0078,-0.0244,-0.0406,-0.0276,-0.0743,0.0325,2.5345,grasp,0.8020,-0.2600,0.0100,0.0000,0.0000,0.0000,False,,0.0500,0.0000,True
621,0.0,0.1897,-0.0213,False,False,False,-3.0920,3.7691,-0.7577,4.8435,1.6024,-4.7903,-0.0254,-0.0858,0.0463,0.1310,0.0481,0.1276,0.3914,0.8376,-0.0825,0.0668,0.8020,-0.2600,0.0100,0.8020,-0.2600,0.2300,False,-0.0129,-0.0499,0.0231,0.0680,0.0240,0.0669,0.9671,grasp,0.8020,-0.2600,0.0100,0.0000,0.0000,0.0000,False,,0.0500,0.0000,True
622,0.0,0.1896,-0.0327,False,False,False,-3.0924,3.7678,-0.7571,4.8454,1.6031,-4.7885,-0.0362,-0.1258,0.0660,0.1868,0.0687,0.1820,0.4046,0.8380,-0.0825,0.0660,0.8020,-0.2600,0.0100,0.8020,-0.2600,0.2300,False,0.0238,0.0641,-0.0498,0.0406,0.0345,-0.0769,-2.7737,grasp,0.8020,-0.2600,0.0100,0.0000,0.0000,0.0000,False,,0.0500,0.0000,False
623,0.0,0.1900,-0.0149,False,False,False,-3.0921,3.7683,-0.7576,4.8458,1.6034,-4.7893,0.0241,0.0666,-0.0504,0.0387,0.0338,-0.0787,0.3648,0.8386,-0.0823,0.0666,0.8020,-0.2600,0.0100,0.8020,-0.2600,0.2300,False,0.0353,0.0618,-0.0462,-0.0482,0.0204,0.0117,-1.6162,grasp,0.8020,-0.2600,0.0100,0.0000,0.0000,0.0000,False,,0.0500,0.0000,False
624,0.0,0.1908,-0.0098,False,False,False,-3.0918,3.7688,-0.7578,4.8450,1.6033,-4.7892,0.0328,0.0450,-0.0264,-0.0762,-0.0099,0.0051,0.3086,0.8384,-0.0822,0.0687,0.8020,-0.2600,0.0100,0.8020,-0.2600,0.2300,False,0.0328,0.0450,-0.0264,-0.0762,-0.0099,0.0051,-2.0784,grasp,0.8020,-0.2600,0.0100,0.0000,0.0000,0.0000,False,,0.0500,0.0000,False
625,0.0,0.1908,-0.0094,False,False,False,-3.0918,3.7688,-0.7578,4.8450,1.6033,-4.7892,0.0328,0.0450,-0.0264,-0.0762,-0.0099,0.0051,0.3086,0.8384,-0.0822,0.0687,0.8020,-0.2600,0.0100,0.8020,-0.2600,0.2300,False,-0.0047,-0.0013,-0.0650,0.0548,0.0417,0.0736,-2.4171,grasp,0.8020,-0.2600,0.0100,0.0000,0.0000,0.0000,False,,0.0500,0.0000,False
626,0.0,0.1900,-0.0194,False,False,False,-3.0918,3.7691,-0.7596,4.8442,1.6036,-4.7869,-0.0443,-0.0365,-0.0798,0.0422,0.0285,0.1446,0.3513,0.8376,-0.0821,0.0665,0.8020,-0.2600,0.0100,0.8020,-0.2600,0.2300,False,-0.0226,-0.0184,-0.0425,0.0208,0.0148,0.0762,1.1115,grasp,0.8020,-0.2600,0.0100,0.0000,0.0000,0.0000,False,,0.0500,0.0000,True
627,0.0,0.1900,-0.0117,False,False,False,-3.0923,3.7681,-0.7610,4.8456,1.6046,-4.7848,0.0155,-0.0292,-0.0323,0.0776,0.0653,0.0031,0.3305,0.8376,-0.0821,0.0665,0.8020,-0.2600,0.0100,0.8020,-0.2600,0.2300,False,0.0146,-0.0312,-0.0334,0.0782,0.0657,0.0051,-2.3305,grasp,0.8020,-0.2600,0.0100,0.0000,0.0000,0.0000,False,,0.0500,0.0000,False
628,0.0,0.1897,-0.0115,False,False,False,-3.0923,3.7681,-0.7610,4.8456,1.6046,-4.7848,0.0155,-0.0292,-0.0323,0.0776,0.0653,0.0031,0.3305,0.8373,-0.0822,0.0659,0.8020,-0.2600,0.0100,0.8020,-0.2600,0.2300,False,-0.0573,0.0269,0.0126,-0.0782,-0.0010,0.0686,-0.6493,grasp,0.8020,-0.2600,0.0100,0.0000,0.0000,0.0000,False,,0.0500,0.0000,False
629,0.0,1.3885,-0.3644,False,False,False,-0.4516,4.7562,-0.2251,-1.2847,-0.1049,1.4756,-0.0263,0.0559,0.0504,-0.0280,-0.0792,0.0336,0.0249,0.1661,0.3741,1.0690,0.8020,-0.2600,0.0100,0.8020,-0.2600,0.2300,False,-0.0263,0.0559,0.0504,-0.0280,-0.0792,0.0336,-2.1122,grasp,0.8020,-0.2600,0.0100,0.0000,0.0000,0.0000,False,,0.0500,0.0000,False
630,0.0,1.3869,-0.0107,False,False,False,-0.4534,4.7593,-0.2233,-1.2855,-0.1088,1.4776,-0.0625,-0.0014,-0.0508,0.0510,-0.0288,0.0450,0.0844,0.1695,0.3739,1.0690,0.8020,-0.2600,0.0100,0.8020,-0.2600,0.2300,False,-0.0632,0.0065,-0.0494,0.0503,-0.0310,0.0459,1.6697,grasp,0.8020,-0.2600,0.0100,0.0000,0.0000,0.0000,False,,0.0500,0.0000,True
631,0.0,1.3848,-0.0013,False,False,False,-0.4568,4.7599,-0.2249,-1.2830,-0.1096,1.4790,-0.0479,0.0539,0.0678,0.0136,0.0529,-0.0662,0.1640,0.1761,0.3764,1.0687,0.8020,-0.2600,0.0100,0.8020,-0.2600,0.2300,False,-0.0496,0.0540,0.0664,0.0150,0.0521,-0.0650,0.0749,grasp,0.8020,-0.2600,0.0100,0.0000,0.0000,0.0000,False,,0.0500,0.0000,True
632,0.0,1.3838,-0.0001,False,False,False,-0.4590,4.7631,-0.2218,-1.2823,-0.1072,1.4760,-0.0000,-0.0000,-0.0000,0.0000,-0.0000,0.0000,0.1913,0.1799,0.3780,1.0688,0.8020,-0.2600,0.0100,0.8020,-0.2600,0.2300,False,0.0646,-0.0669,-0.0088,-0.0790,0.0775,0.0384,-2.7813,grasp,0.8020,-0.2600,0.0100,0.0000,0.0000,0.0000,False,,0.0500,0.0000,False
633,0.0,1.3821,-0.0245,False,False,False,-0.4565,4.7645,-0.2218,-1.2820,-0.1086,1.4771,0.1187,0.1475,0.0076,0.0753,-0.1442,0.0478,0.1832,0.1829,0.3770,1.0688,0.8020,-0.2600,0.0100,0.8020,-0.2600,0.2300,False,0.0631,0.0763,0.0039,0.0388,-0.0751,0.0256,-1.5675,grasp,0.8020,-0.2600,0.0100,0.0000,0.0000,0.0000,False,,0.0500,0.0000,False
634,0.0,1.3803,-0.0464,False,False,False,-0.4526,4.7692,-0.2216,-1.2796,-0.1133,1.4787,0.2148,0.2663,0.0138,0.1363,-0.2610,0.0865,0.1865,0.1850,0.3755,1.0687,0.8020,-0.2600,0.0100,0.8020,-0.2600,0.2300,False,-0.0704,0.0636,-0.0444,0.0478,-0.0601,0.0239,-1.1145,grasp,0.8020,-0.2600,0.0100,0.0000,0.0000,0.0000,False,,0.0500,0.0000,False
635,0.0,1.3779,0.0003,False,False,False,-0.4534,4.7705,-0.2220,-1.2791,-0.1139,1.4789,0.0000,-0.0000,-0.0000,0.0000,-0.0000,0.0000,0.2200,0.1888,0.3743,1.0684,0.8020,-0.2600,0.0100,0.8020,-0.2600,0.2300,False,-0.0483,0.0483,0.0441,-0.0489,0.0216,0.0358,2.5307,grasp,0.8020,-0.2600,0.0100,0.0000,0.0000,0.0000,False,,0.0500,0.0000,True
636,0.0,1.3777,-0.0119,False,False,False,-0.4539,4.7710,-0.2216,-1.2796,-0.1137,1.4793,-0.0475,0.0477,0.0446,-0.0494,0.0222,0.0355,0.2400,0.1905,0.3755,1.0685,0.8020,-0.2600,0.0100,0.8020,-0.2600,0.2300,False,0.0558,0.0744,0.0269,-0.0204,0.0439,-0.0546,2.0818,grasp,0.8020,-0.2600,0.0100,0.0000,0.0000,0.0000,False,,0.0500,0.0000,True
637,0.0,1.3768,-0.0250,False,False,False,-0.4541,4.7741,-0.2213,-1.2825,-0.1113,1.4808,0.0400,0.1393,-0.0393,-0.1321,0.1301,0.0552,0.2608,0.1929,0.3754,1.0686,0.8020,-0.2600,0.0100,0.8020,-0.2600,0.2300,False,0.0211,0.0734,-0.0207,-0.0695,0.0685,0.0291,-1.7678,grasp,0.8020,-0.2600,0.0100,0.0000,0.0000,0.0000,False,,0.0500,0.0000,False
638,0.0,1.3763,-0.0158,False,False,False,-0.4543,4.7768,-0.2218,-1.2852,-0.1089,1.4822,-0.0690,0.0451,0.0135,-0.0742,0.0534,0.0665,0.2918,0.1949,0.3760,1.0688,0.8020,-0.2600,0.0100,0.8020,-0.2600,0.2300,False,-0.0684,0.0498,0.0130,-0.0760,0.0553,0.0673,2.2933,grasp,0.8020,-0.2600,0.0100,0.0000,0.0000,0.0000,False,,0.0500,0.0000,True
639,0.0,1.3759,-0.0017,False,False,False,-0.4556,4.7778,-0.2215,-1.2866,-0.1079,1.4835,0.0000,0.0000,-0.0000,0.0000,-0.0000,0.0000,0.3312,0.1967,0.3768,1.0689,0.8020,-0.2600,0.0100,0.8020,-0.2600,0.2300,False,-0.0716,-0.0783,0.0692,0.0337,0.0545,-0.0741,1.4914,grasp,0.8020,-0.2600,0.0100,0.0000,0.0000,0.0000,False,,0.0500,0.0000,True
640,0.0,1.3775,-0.0312,False,False,False,-0.4542,4.7748,-0.2193,-1.2884,-0.1073,1.4838,0.1352,-0.1468,0.0981,-0.1457,-0.0008,0.0707,0.3230,0.1943,0.3777,1.0690,0.8020,-0.2600,0.0100,0.8020,-0.2600,0.2300,False,0.0704,-0.0779,0.0523,-0.0764,0.0001,0.0365,-2.1308,grasp,0.8020,-0.2600,0.0100,0.0000,0.0000,0.0000,False,,0.0500,0.0000,False
641,0.0,1.3797,-0.0198,False,False,False,-0.4522,4.7708,-0.2174,-1.2886,-0.1087,1.4845,0.0042,-0.1047,0.0301,0.1271,-0.0915,-0.0223,0.3628,0.1921,0.3802,1.0690,0.8020,-0.2600,0.0100,0.8020,-0.2600,0.2300,False,0.0042,-0.0593,0.0173,0.0648,-0.0482,-0.0107,2.7324,grasp,0.8020,-0.2600,0.0100,0.0000,0.0000,0.0000,False,,0.0500,0.0000,True
642,0.0,1.3801,-0.0029,False,False,False,-0.4522,4.7691,-0.2170,-1.2868,-0.1100,1.4842,-0.0000,0.0000,-0.0000,0.0000,-0.0000,0.0000,0.3810,0.1917,0.3811,1.0689,0.8020,-0.2600,0.0100,0.8020,-0.2600,0.2300,False,0.0385,-0.0338,0.0675,-0.0649,0.0311,-0.0261,-0.4481,grasp,0.8020,-0.2600,0.0100,0.0000,0.0000,0.0000,False,,0.0500,0.0000,False
643,0.0,1.3792,-0.0194,False,False,False,-0.4532,4.7691,-0.2155,-1.2888,-0.1103,1.4857,-0.0927,0.0231,0.0553,-0.0874,-0.0355,0.1171,0.3172,0.1915,0.3787,1.0691,0.8020,-0.2600,0.0100,0.8020,-0.2600,0.2300,False,-0.0484,0.0119,0.0298,-0.0467,-0.0183,0.0614,-2.3444,grasp,0.8020,-0.2600,0.0100,0.0000,0.0000,0.0000,False,,0.0500,0.0000,False
644,0.0,1.3787,-0.0180,False,False,False,-0.4550,4.7698,-0.2159,-1.2903,-0.1093,1.4861,-0.0336,0.0187,-0.0778,-0.0188,0.0985,-0.0815,0.2968,0.1917,0.3777,1.0692,0.8020,-0.2600,0.0100,0.8020,-0.2600,0.2300,False,-0.0190,0.0105,-0.0402,-0.0111,0.0513,-0.0412,-0.8195,grasp,0.8020,-0.2600,0.0100,0.0000,0.0000,0.0000,False,,0.0500,0.0000,False
645,0.0,1.3792,-0.0032,False,False,False,-0.4555,4.7701,-0.2170,-1.2906,-0.1079,1.4850,0.0000,-0.0000,-0.0000,0.0000,-0.0000,0.0000,0.3167,0.1917,0.3786,1.0692,0.8020,-0.2600,0.0100,0.8020,-0.2600,0.2300,False,0.0785,-0.0615,-0.0742,-0.0438,-0.0661,-0.0764,2.7522,grasp,0.8020,-0.2600,0.0100,0.0000,0.0000,0.0000,False,,0.0500,0.0000,True
646,0.0,1.3801,-0.0181,False,False,False,-0.4534,4.7707,-0.2173,-1.2916,-0.1087,1.4863,0.0865,0.0813,0.0312,-0.0398,-0.0097,0.1349,0.3959,0.1915,0.3803,1.0692,0.8020,-0.2600,0.0100,0.8020,-0.2600,0.2300,False,0.0463,0.0417,0.0157,-0.0214,-0.0058,0.0702,1.6540,grasp,0.8020,-0.2600,0.0100,0.0000,0.0000,0.0000,False,,0.0500,0.0000,True
647,0.0,1.3798,-0.0319,False,False,False,-0.4536,4.7701,-0.2190,-1.2938,-0.1086,1.4903,-0.0975,-0.1321,-0.1429,-0.1047,0.0165,0.1376,0.3598,0.1928,0.3810,1.0692,0.8020,-0.2600,0.0100,0.8020,-0.2600,0.2300,False,-0.0501,-0.0673,-0.0748,-0.0557,0.0086,0.0743,-2.0953,grasp,0.8020,-0.2600,0.0100,0.0000,0.0000,0.0000,False,,0.0500,0.0000,False
648,0.0,1.3806,-0.0029,False,False,False,-0.4550,4.7674,-0.2210,-1.2953,-0.1083,1.4923,0.0000,-0.0000,-0.0000,0.0000,-0.0000,0.0000,0.3581,0.1909,0.3807,1.0693,0.8020,-0.2600,0.0100,0.8020,-0.2600,0.2300,False,-0.0457,0.0128,0.0599,-0.0260,-0.0365,-0.0553,0.9620,grasp,0.8020,-0.2600,0.0100,0.0000,0.0000,0.0000,False,,0.0500,0.0000,True
649,0.0,1.3824,-0.0239,False,False,False,-0.4536,4.7681,-0.2226,-1.2946,-0.1078,1.4923,0.1257,0.0284,-0.1414,0.0606,0.0619,0.0428,0.4334,0.1881,0.3820,1.0693,0.8020,-0.2600,0.0100,0.8020,-0.2600,0.2300,False,0.0657,0.0153,-0.0738,0.0316,0.0322,0.0219,1.7916,grasp,0.8020,-0.2600,0.0100,0.0000,0.0000,0.0000,False,,0.0500,0.0000,True
650,0.0,1.3833,-0.0181,False,False,False,-0.4523,4.7678,-0.2252,-1.2930,-0.1061,1.4929,-0.0510,-0.0772,-0.0621,0.0763,0.0785,-0.0013,0.4126,0.1886,0.3843,1.0692,0.8020,-0.2600,0.0100,0.8020,-0.2600,0.2300,False,-0.0492,-0.0772,-0.0641,0.0771,0.0793,-0.0007,-1.9024,grasp,0.8020,-0.2600,0.0100,0.0000,0.0000,0.0000,False,,0.0500,0.0000,False
651,0.0,1.3846,-0.0098,False,False,False,-0.4532,4.7661,-0.2272,-1.2918,-0.1044,1.4925,0.0056,0.0087,-0.0782,-0.0308,0.0160,-0.0377,0.3976,0.1861,0.3850,1.0691,0.8020,-0.2600,0.0100,0.8020,-0.2600,0.2300,False,0.0047,0.0035,-0.0794,-0.0294,0.0175,-0.0377,0.1478,grasp,0.8020,-0.2600,0.0100,0.0000,0.0000,0.0000,False,,0.0500,0.0000,False
652,0.0,1.3860,-0.0032,False,False,False,-0.4531,4.7662,-0.2287,-1.2924,-0.1041,1.4918,-0.0000,-0.0000,-0.0000,0.0000,-0.0000,0.0000,0.3797,0.1836,0.3857,1.0691,0.8020,-0.2600,0.0100,0.8020,-0.2600,0.2300,False,0.0182,-0.0278,0.0789,0.0359,-0.0175,0.0466,-2.3540,grasp,0.8020,-0.2600,0.0100,0.0000,0.0000,0.0000,False,,0.0500,0.0000,False
653,0.0,1.3860,-0.0198,False,False,False,-0.4533,4.7670,-0.2274,-1.2917,-0.1053,1.4911,-0.0474,0.1071,-0.0693,-0.0216,-0.0425,-0.1342,0.3997,0.1823,0.3843,1.0691,0.8020,-0.2600,0.0100,0.8020,-0.2600,0.2300,False,-0.0246,0.0558,-0.0350,-0.0107,-0.0227,-0.0697,2.7154,grasp,0.8020,-0.2600,0.0100,0.0000,0.0000,0.0000,False,,0.0500,0.0000,True
654,0.0,1.3854,-0.0282,False,False,False,-0.4540,4.7685,-0.2284,-1.2920,-0.1059,1.4892,-0.0676,0.1527,-0.0989,-0.0309,-0.0607,-0.1915,0.4197,0.1846,0.3853,1.0691,0.8020,-0.2600,0.0100,0.8020,-0.2600,0.2300,False,0.0460,-0.0363,0.0744,0.0776,0.0488,0.0297,-0.0474,grasp,0.8020,-0.2600,0.0100,0.0000,0.0000,0.0000,False,,0.0500,0.0000,False
655,0.0,1.3847,-0.0302,False,False,False,-0.4526,4.7675,-0.2262,-1.2897,-0.1045,1.4901,0.0887,-0.0732,0.1433,0.1481,0.0939,0.0600,0.4142,0.1860,0.3852,1.0690,0.8020,-0.2600,0.0100,0.8020,-0.2600,0.2300,False,0.0114,0.0428,0.0444,-0.0335,-0.0738,-0.0564,2.6340,grasp,0.8020,-0.2600,0.0100,0.0000,0.0000,0.0000,False,,0.0500,0.0000,True
656,0.0,1.3852,-0.0136,False,False,False,-0.4528,4.7680,-0.2268,-1.2901,-0.1039,1.4906,-0.0206,0.0485,-0.0591,-0.0410,0.0563,0.0406,0.4742,0.1863,0.3867,1.0690,0.8020,-0.2600,0.0100,0.8020,-0.2600,0.2300,False,-0.0206,0.0485,-0.0591,-0.0410,0.0563,0.0406,2.9913,grasp,0.8020,-0.2600,0.0100,0.0000,0.0000,0.0000,False,,0.0500,0.0000,True
657,0.0,1.3853,-0.0097,False,False,False,-0.4539,4.7706,-0.2300,-1.2918,-0.1008,1.4920,-0.0154,0.0354,-0.0502,0.0229,0.0472,-0.0390,0.5208,0.1870,0.3874,1.0691,0.8020,-0.2600,0.0100,0.8020,-0.2600,0.2300,False,-0.0160,0.0370,-0.0518,0.0218,0.0487,-0.0379,1.1753,grasp,0.8020,-0.2600,0.0100,0.0000,0.0000,0.0000,False,,0.0500,0.0000,False
658,0.0,1.3852,-0.0362,False,False,False,-0.4552,4.7735,-0.2341,-1.2900,-0.0970,1.4889,-0.0531,0.1225,-0.1726,0.0789,0.1623,-0.1342,0.5286,0.1873,0.3875,1.0691,0.8020,-0.2600,0.0100,0.8020,-0.2600,0.2300,False,0.0787,0.0466,0.0063,0.0777,0.0084,0.0497,1.5824,grasp,0.8020,-0.2600,0.0100,0.0000,0.0000,0.0000,False,,0.0500,0.0000,False
659,0.0,1.3851,-0.0033,False,False,False,-0.4544,4.7740,-0.2340,-1.2892,-0.0970,1.4894,0.0000,-0.0000,-0.0000,0.0000,-0.0000,0.0000,0.5525,0.1878,0.3878,1.0690,0.8020,-0.2600,0.0100,0.8020,-0.2600,0.2300,False,-0.0707,0.0598,0.0458,-0.0003,-0.0388,0.0554,1.9095,grasp,0.8020,-0.2600,0.0100,0.0000,0.0000,0.0000,False,,0.0500,0.0000,False
660,0.0,1.3812,-0.0051,False,False,False,-0.4599,4.7765,-0.2317,-1.2912,-0.0985,1.4924,-0.0990,-0.0927,-0.0225,-0.1288,0.0432,-0.0089,0.5171,0.1937,0.3852,1.0690,0.8020,-0.2600,0.0100,0.8020,-0.2600,0.2300,False,-0.0540,-0.0433,-0.0106,-0.0678,0.0217,-0.0032,-2.8002,grasp,0.8020,-0.2600,0.0100,0.0000,0.0000,0.0000,False,,0.0500,0.0000,False
661,0.0,1.3814,-0.0285,False,False,False,-0.4613,4.7750,-0.2321,-1.2931,-0.0979,1.4922,0.0000,-0.0000,-0.0000,0.0000,-0.0000,0.0000,0.4955,0.1928,0.3846,1.0691,0.8020,-0.2600,0.0100,0.8020,-0.2600,0.2300,False,0.0271,-0.0318,0.0145,-0.0175,0.0319,-0.0555,0.6375,grasp,0.8020,-0.2600,0.0100,0.0000,0.0000,0.0000,False,,0.0500,0.0000,False
662,0.0,1.3830,-0.0037,False,False,False,-0.4605,4.7742,-0.2316,-1.2935,-0.0970,1.4906,-0.0000,-0.0000,-0.0000,0.0000,-0.0000,0.0000,0.4728,0.1904,0.3854,1.0693,0.8020,-0.2600,0.0100,0.8020,-0.2600,0.2300,False,-0.0015,-0.0314,-0.0304,-0.0426,0.0391,-0.0787,-2.9356,grasp,0.8020,-0.2600,0.0100,0.0000,0.0000,0.0000,False,,0.0500,0.0000,False
663,0.0,1.3838,-0.0030,False,False,False,-0.4606,4.7723,-0.2334,-1.2959,-0.0948,1.4863,0.0000,-0.0000,-0.0000,0.0000,-0.0000,0.0000,0.4223,0.1882,0.3849,1.0693,0.8020,-0.2600,0.0100,0.8020,-0.2600,0.2300,False,-0.0780,-0.0787,0.0717,0.0538,0.0557,0.0072,0.8513,grasp,0.8020,-0.2600,0.0100,0.0000,0.0000,0.0000,False,,0.0500,0.0000,False
664,0.0,1.3849,-0.0333,False,False,False,-0.4628,4.7701,-0.2312,-1.2943,-0.0933,1.4866,-0.1479,-0.1453,0.1390,0.1060,0.1024,0.0205,0.4387,0.1866,0.3857,1.0694,0.8020,-0.2600,0.0100,0.8020,-0.2600,0.2300,False,-0.0705,-0.0276,0.0140,-0.0605,0.0410,-0.0374,2.4621,grasp,0.8020,-0.2600,0.0100,0.0000,0.0000,0.0000,False,,0.0500,0.0000,True
665,0.0,1.3854,-0.0138,False,False,False,-0.4637,4.7703,-0.2303,-1.2953,-0.0926,1.4863,-0.0206,0.0614,0.0781,-0.0368,0.0255,0.0140,0.5186,0.1872,0.3872,1.0695,0.8020,-0.2600,0.0100,0.8020,-0.2600,0.2300,False,-0.0213,0.0612,0.0782,-0.0374,0.0259,0.0137,-2.8654,grasp,0.8020,-0.2600,0.0100,0.0000,0.0000,0.0000,False,,0.0500,0.0000,False
666,0.0,1.3828,-0.0090,False,False,False,-0.4661,4.7764,-0.2235,-1.2987,-0.0902,1.4872,-0.0684,-0.0192,0.0540,-0.0523,0.0377,-0.0295,0.5972,0.1921,0.3860,1.0697,0.8020,-0.2600,0.0100,0.8020,-0.2600,0.2300,False,-0.0696,-0.0009,0.0588,-0.0546,0.0393,-0.0286,2.1586,grasp,0.8020,-0.2600,0.0100,0.0000,0.0000,0.0000,False,,0.0500,0.0000,False
667,0.0,1.3802,-0.0110,False,False,False,-0.4661,4.7764,-0.2235,-1.2987,-0.0902,1.4872,-0.0684,-0.0192,0.0540,-0.0523,0.0377,-0.0295,0.5972,0.1966,0.3843,1.0699,0.8020,-0.2600,0.0100,0.8020,-0.2600,0.2300,False,0.0282,0.0138,-0.0364,-0.0416,-0.0352,0.0635,-0.7798,grasp,0.8020,-0.2600,0.0100,0.0000,0.0000,0.0000,False,,0.0500,0.0000,False
668,0.0,1.3799,-0.0021,False,False,False,-0.4671,4.7763,-0.2229,-1.3001,-0.0898,1.4873,-0.0000,0.0000,-0.0000,0.0000,-0.0000,0.0000,0.5450,0.1966,0.3835,1.0700,0.8020,-0.2600,0.0100,0.8020,-0.2600,0.2300,False,0.0536,-0.0649,-0.0414,0.0180,0.0492,-0.0367,-0.9820,grasp,0.8020,-0.2600,0.0100,0.0000,0.0000,0.0000,False,,0.0500,0.0000,False
669,0.0,1.3819,-0.0043,False,False,False,-0.4655,4.7742,-0.2240,-1.2996,-0.0884,1.4862,0.0000,-0.0000,-0.0000,0.0000,-0.0000,0.0000,0.5049,0.1931,0.3845,1.0700,0.8020,-0.2600,0.0100,0.8020,-0.2600,0.2300,False,0.0634,0.0477,0.0753,0.0575,-0.0661,0.0708,0.8160,grasp,0.8020,-0.2600,0.0100,0.0000,0.0000,0.0000,False,,0.0500,0.0000,False
670,0.0,1.3804,-0.0015,False,False,False,-0.4637,4.7759,-0.2218,-1.2979,-0.0903,1.4882,0.0000,-0.0000,-0.0000,0.0000,-0.0000,0.0000,0.5046,0.1953,0.3834,1.0699,0.8020,-0.2600,0.0100,0.8020,-0.2600,0.2300,False,-0.0366,0.0164,-0.0672,0.0658,-0.0055,0.0053,2.2748,grasp,0.8020,-0.2600,0.0100,0.0000,0.0000,0.0000,False,,0.0500,0.0000,True
671,0.0,1.3805,-0.0173,False,False,False,-0.4641,4.7754,-0.2221,-1.2965,-0.0911,1.4889,0.0016,-0.0620,0.0405,0.0788,-0.0788,0.0575,0.5631,0.1958,0.3842,1.0698,0.8020,-0.2600,0.0100,0.8020,-0.2600,0.2300,False,0.0012,-0.0619,0.0398,0.0794,-0.0788,0.0576,2.8390,grasp,0.8020,-0.2600,0.0100,0.0000,0.0000,0.0000,False,,0.0500,0.0000,True
672,0.0,1.3805,-0.0084,False,False,False,-0.4639,4.7728,-0.2202,-1.2933,-0.0940,1.4917,0.0062,0.0425,0.0099,-0.0407,0.0769,0.0145,0.5608,0.1955,0.3842,1.0696,0.8020,-0.2600,0.0100,0.8020,-0.2600,0.2300,False,0.0063,0.0396,0.0110,-0.0385,0.0748,0.0161,-0.9588,grasp,0.8020,-0.2600,0.0100,0.0000,0.0000,0.0000,False,,0.0500,0.0000,False
673,0.0,1.3800,-0.0136,False,False,False,-0.4645,4.7738,-0.2194,-1.2947,-0.0924,1.4914,-0.0716,0.0116,0.0561,-0.0601,0.0120,-0.0523,0.5575,0.1963,0.3838,1.0698,0.8020,-0.2600,0.0100,0.8020,-0.2600,0.2300,False,-0.0715,0.0130,0.0563,-0.0608,0.0134,-0.0521,1.7968,grasp,0.8020,-0.2600,0.0100,0.0000,0.0000,0.0000,False,,0.0500,0.0000,False
674,0.0,1.3791,-0.0108,False,False,False,-0.4659,4.7746,-0.2182,-1.2960,-0.0917,1.4896,0.0013,0.0536,0.0174,-0.0246,0.0463,-0.0777,0.5384,0.1975,0.3829,1.0699,0.8020,-0.2600,0.0100,0.8020,-0.2600,0.2300,False,-0.0001,0.0545,0.0184,-0.0257,0.0465,-0.0787,0.2079,grasp,0.8020,-0.2600,0.0100,0.0000,0.0000,0.0000,False,,0.0500,0.0000,False
675,0.0,1.3781,-0.0261,False,False,False,-0.4677,4.7756,-0.2162,-1.2943,-0.0892,1.4876,-0.1215,-0.0083,0.1076,0.1446,0.1086,-0.0336,0.5869,0.1998,0.3826,1.0699,0.8020,-0.2600,0.0100,0.8020,-0.2600,0.2300,False,-0.0639,-0.0027,0.0570,0.0756,0.0580,-0.0191,3.1172,grasp,0.8020,-0.2600,0.0100,0.0000,0.0000,0.0000,False,,0.0500,0.0000,True
676,0.0,1.3765,-0.0013,False,False,False,-0.4717,4.7755,-0.2127,-1.2896,-0.0857,1.4866,-0.0000,0.0000,-0.0000,0.0000,-0.0000,0.0000,0.6064,0.2023,0.3816,1.0699,0.8020,-0.2600,0.0100,0.8020,-0.2600,0.2300,False,-0.0099,0.0213,-0.0195,-0.0270,-0.0753,-0.0147,-3.0596,grasp,0.8020,-0.2600,0.0100,0.0000,0.0000,0.0000,False,,0.0500,0.0000,False
677,0.0,1.3757,-0.0151,False,False,False,-0.4724,4.7758,-0.2125,-1.2893,-0.0869,1.4861,-0.0715,0.0176,0.0421,0.0594,-0.0430,-0.0283,0.5722,0.2031,0.3807,1.0699,0.8020,-0.2600,0.0100,0.8020,-0.2600,0.2300,False,-0.0716,0.0178,0.0419,0.0591,-0.0438,-0.0285,0.8785,grasp,0.8020,-0.2600,0.0100,0.0000,0.0000,0.0000,False,,0.0500,0.0000,False
678,0.0,1.3731,-0.0135,False,False,False,-0.4761,4.7762,-0.2099,-1.2872,-0.0894,1.4845,-0.0380,-0.0627,0.0683,-0.0607,-0.0529,-0.0379,0.5569,0.2066,0.3786,1.0698,0.8020,-0.2600,0.0100,0.8020,-0.2600,0.2300,False,-0.0400,-0.0599,0.0695,-0.0591,-0.0541,-0.0387,1.1044,grasp,0.8020,-0.2600,0.0100,0.0000,0.0000,0.0000,False,,0.0500,0.0000,False
679,0.0,0.0436,14.9714,True,False,False,-3.2883,3.0049,0.7536,-2.2191,1.5365,-4.8901,-0.1231,-0.1178,0.0873,-0.0700,0.0771,0.1271,0.0599,0.8031,-0.2615,0.0534,0.8020,-0.2600,0.0099,0.8020,-0.2600,0.2299,True,-0.0651,-0.0623,0.0461,-0.0370,0.0409,0.0659,0.0576,grasp,0.8020,-0.2600,0.0099,0.0000,0.0000,0.0000,False,,0.0500,0.0000,True
680,0.0,1.3896,-0.0457,False,False,False,-0.4480,4.7530,-0.2228,-1.2815,-0.1073,1.4714,0.1587,-0.1322,0.1336,0.1385,-0.1556,-0.1892,0.0717,0.1667,0.3776,1.0688,0.8020,-0.2600,0.0100,0.8020,-0.2600,0.2300,False,0.0586,-0.0488,0.0493,0.0511,-0.0574,-0.0698,-1.4860,grasp,0.8020,-0.2600,0.0100,0.0000,0.0000,0.0000,False,,0.0500,0.0000,False
681,0.0,1.3904,-0.0117,False,False,False,-0.4462,4.7516,-0.2213,-1.2800,-0.1088,1.4683,-0.0209,0.0522,-0.0168,-0.0239,0.0449,-0.0651,0.1256,0.1669,0.3796,1.0686,0.8020,-0.2600,0.0100,0.8020,-0.2600,0.2300,False,-0.0189,0.0490,-0.0151,-0.0221,0.0429,-0.0675,2.8736,grasp,0.8020,-0.2600,0.0100,0.0000,0.0000,0.0000,False,,0.0500,0.0000,True
682,0.0,1.3902,-0.0025,False,False,False,-0.4466,4.7527,-0.2216,-1.2805,-0.1080,1.4671,-0.0000,-0.0000,-0.0000,0.0000,-0.0000,0.0000,0.1368,0.1689,0.3811,1.0687,0.8020,-0.2600,0.0100,0.8020,-0.2600,0.2300,False,-0.0524,0.0527,0.0552,-0.0459,-0.0481,-0.0428,-2.9345,grasp,0.8020,-0.2600,0.0100,0.0000,0.0000,0.0000,False,,0.0500,0.0000,False
683,0.0,1.3894,-0.0321,False,False,False,-0.4450,4.7518,-0.2222,-1.2827,-0.1096,1.4685,0.1391,-0.0976,-0.0711,-0.1187,-0.0741,0.1215,0.1219,0.1692,0.3797,1.0687,0.8020,-0.2600,0.0100,0.8020,-0.2600,0.2300,False,0.0727,-0.0503,-0.0369,-0.0629,-0.0395,0.0635,-2.2652,grasp,0.8020,-0.2600,0.0100,0.0000,0.0000,0.0000,False,,0.0500,0.0000,False
684,0.0,1.3927,-0.0181,False,False,False,-0.4431,4.7516,-0.2229,-1.2856,-0.1102,1.4697,-0.0050,0.1208,0.0188,-0.0783,0.0290,-0.0399,0.1809,0.1658,0.3833,1.0687,0.8020,-0.2600,0.0100,0.8020,-0.2600,0.2300,False,-0.0007,0.0591,0.0089,-0.0429,0.0142,-0.0193,2.7199,grasp,0.8020,-0.2600,0.0100,0.0000,0.0000,0.0000,False,,0.0500,0.0000,True
685,0.0,1.3915,-0.0028,False,False,False,-0.4432,4.7537,-0.2226,-1.2867,-0.1098,1.4691,0.0000,-0.0000,-0.0000,0.0000,-0.0000,0.0000,0.2202,0.1698,0.3846,1.0688,0.8020,-0.2600,0.0100,0.8020,-0.2600,0.2300,False,-0.0102,0.0254,0.0309,-0.0132,0.0592,0.0671,2.9019,grasp,0.8020,-0.2600,0.0100,0.0000,0.0000,0.0000,False,,0.0500,0.0000,True
686,0.0,1.3915,-0.0273,False,False,False,-0.4430,4.7527,-0.2208,-1.2880,-0.1076,1.4718,0.0151,-0.0800,0.1014,-0.0722,0.1078,0.1356,0.2121,0.1698,0.3846,1.0688,0.8020,-0.2600,0.0100,0.8020,-0.2600,0.2300,False,0.0078,-0.0419,0.0537,-0.0381,0.0573,0.0721,-2.1387,grasp,0.8020,-0.2600,0.0100,0.0000,0.0000,0.0000,False,,0.0500,0.0000,False
687,0.0,1.3921,-0.0256,False,False,False,-0.4418,4.7532,-0.2214,-1.2889,-0.1072,1.4728,0.0694,0.1134,-0.1337,0.0054,-0.0770,-0.0632,0.2079,0.1689,0.3847,1.0690,0.8020,-0.2600,0.0100,0.8020,-0.2600,0.2300,False,0.0367,0.0584,-0.0689,0.0018,-0.0390,-0.0313,-1.4188,grasp,0.8020,-0.2600,0.0100,0.0000,0.0000,0.0000,False,,0.0500,0.0000,False
688,0.0,1.3924,-0.0026,False,False,False,-0.4408,4.7549,-0.2233,-1.2888,-0.1083,1.4719,-0.0000,-0.0000,-0.0000,0.0000,-0.0000,0.0000,0.1903,0.1684,0.3847,1.0690,0.8020,-0.2600,0.0100,0.8020,-0.2600,0.2300,False,0.0220,0.0118,-0.0317,-0.0180,0.0513,-0.0240,-2.9738,grasp,0.8020,-0.2600,0.0100,0.0000,0.0000,0.0000,False,,0.0500,0.0000,False
689,0.0,1.3919,-0.0139,False,False,False,-0.4399,4.7550,-0.2229,-1.2898,-0.1071,1.4717,0.0662,-0.0009,0.0675,-0.0742,0.0728,0.0065,0.1934,0.1683,0.3838,1.0690,0.8020,-0.2600,0.0100,0.8020,-0.2600,0.2300,False,0.0664,-0.0008,0.0672,-0.0743,0.0733,0.0063,-0.9524,grasp,0.8020,-0.2600,0.0100,0.0000,0.0000,0.0000,False,,0.0500,0.0000,False
690,0.0,1.3928,-0.0124,False,False,False,-0.4383,4.7553,-0.2212,-1.2911,-0.1051,1.4717,0.0390,0.0314,0.0424,0.0074,0.0537,-0.0192,0.2048,0.1677,0.3847,1.0692,0.8020,-0.2600,0.0100,0.8020,-0.2600,0.2300,False,0.0403,0.0314,0.0436,0.0060,0.0551,-0.0191,-1.4383,grasp,0.8020,-0.2600,0.0100,0.0000,0.0000,0.0000,False,,0.0500,0.0000,False
691,0.0,1.3924,-0.0022,False,False,False,-0.4365,4.7568,-0.2192,-1.2908,-0.1027,1.4708,-0.0000,-0.0000,-0.0000,0.0000,-0.0000,0.0000,0.2044,0.1688,0.3846,1.0693,0.8020,-0.2600,0.0100,0.8020,-0.2600,0.2300,False,0.0634,0.0308,0.0412,-0.0041,0.0438,-0.0434,-1.7245,grasp,0.8020,-0.2600,0.0100,0.0000,0.0000,0.0000,False,,0.0500,0.0000,False
692,0.0,1.3922,-0.0209,False,False,False,-0.4346,4.7577,-0.2181,-1.2909,-0.1014,1.4695,0.1184,0.0556,0.0761,-0.0083,0.0805,-0.0815,0.1999,0.1688,0.3843,1.0694,0.8020,-0.2600,0.0100,0.8020,-0.2600,0.2300,False,0.0626,-0.0403,0.0397,0.0001,-0.0700,0.0365,-0.2254,grasp,0.8020,-0.2600,0.0100,0.0000,0.0000,0.0000,False,,0.0500,0.0000,False
693,0.0,1.3928,-0.0155,False,False,False,-0.4348,4.7574,-0.2188,-1.2901,-0.1012,1.4688,-0.0122,-0.0282,-0.0718,0.0772,0.0192,-0.0782,0.2567,0.1698,0.3866,1.0694,0.8020,-0.2600,0.0100,0.8020,-0.2600,0.2300,False,-0.0122,-0.0282,-0.0718,0.0772,0.0192,-0.0782,0.6811,grasp,0.8020,-0.2600,0.0100,0.0000,0.0000,0.0000,False,,0.0500,0.0000,True
694,0.0,1.3947,-0.0048,False,False,False,-0.4353,4.7559,-0.2221,-1.2865,-0.1004,1.4651,-0.0000,-0.0000,-0.0000,0.0000,-0.0000,0.0000,0.3161,0.1686,0.3898,1.0691,0.8020,-0.2600,0.0100,0.8020,-0.2600,0.2300,False,0.0491,-0.0068,-0.0705,0.0130,0.0477,-0.0661,0.0123,grasp,0.8020,-0.2600,0.0100,0.0000,0.0000,0.0000,False,,0.0500,0.0000,False
695,0.0,1.3960,-0.0044,False,False,False,-0.4339,4.7558,-0.2240,-1.2863,-0.0990,1.4633,-0.0000,-0.0000,-0.0000,0.0000,-0.0000,0.0000,0.3378,0.1672,0.3914,1.0691,0.8020,-0.2600,0.0100,0.8020,-0.2600,0.2300,False,0.0079,-0.0218,0.0763,0.0399,-0.0768,-0.0369,-0.1387,grasp,0.8020,-0.2600,0.0100,0.0000,0.0000,0.0000,False,,0.0500,0.0000,False
696,0.0,1.3961,-0.0284,False,False,False,-0.4339,4.7573,-0.2255,-1.2879,-0.0990,1.4650,-0.0029,0.1183,-0.1435,-0.1353,0.0527,0.1338,0.4023,0.1688,0.3930,1.0691,0.8020,-0.2600,0.0100,0.8020,-0.2600,0.2300,False,-0.0015,0.0620,-0.0747,-0.0708,0.0270,0.0700,1.4922,grasp,0.8020,-0.2600,0.0100,0.0000,0.0000,0.0000,False,,0.0500,0.0000,True
697,0.0,1.3959,-0.0142,False,False,False,-0.4341,4.7595,-0.2280,-1.2891,-0.0978,1.4663,-0.0238,0.0426,-0.0450,0.0728,0.0417,-0.0626,0.4190,0.1694,0.3932,1.0691,0.8020,-0.2600,0.0100,0.8020,-0.2600,0.2300,False,-0.0239,0.0447,-0.0470,0.0708,0.0424,-0.0607,-0.1305,grasp,0.8020,-0.2600,0.0100,0.0000,0.0000,0.0000,False,,0.0500,0.0000,False
698,0.0,1.3958,-0.0133,False,False,False,-0.4349,4.7599,-0.2289,-1.2885,-0.0967,1.4655,-0.0287,-0.0512,-0.0137,-0.0695,0.0303,0.0411,0.3754,0.1687,0.3922,1.0691,0.8020,-0.2600,0.0100,0.8020,-0.2600,0.2300,False,-0.0292,-0.0502,-0.0145,-0.0681,0.0311,0.0399,-2.1420,grasp,0.8020,-0.2600,0.0100,0.0000,0.0000,0.0000,False,,0.0500,0.0000,False
699,0.0,1.3963,-0.0231,False,False,False,-0.4335,4.7584,-0.2314,-1.2909,-0.0970,1.4664,0.1237,-0.0267,-0.1457,-0.0730,-0.0540,0.0080,0.2954,0.1669,0.3915,1.0692,0.8020,-0.2600,0.0100,0.8020,-0.2600,0.2300,False,0.0646,-0.0154,-0.0770,-0.0397,-0.0278,0.0050,-2.5120,grasp,0.8020,-0.2600,0.0100,0.0000,0.0000,0.0000,False,,0.0500,0.0000,False
700,0.0,1.3984,-0.0133,False,False,False,-0.4318,4.7581,-0.2340,-1.2923,-0.0971,1.4669,-0.0064,0.0323,-0.0525,-0.0364,0.0680,0.0371,0.2692,0.1617,0.3911,1.0691,0.8020,-0.2600,0.0100,0.8020,-0.2600,0.2300,False,-0.0047,0.0290,-0.0546,-0.0375,0.0672,0.0373,-1.2354,grasp,0.8020,-0.2600,0.0100,0.0000,0.0000,0.0000,False,,0.0500,0.0000,False
701,0.0,1.3985,-0.0154,False,False,False,-0.4312,4.7589,-0.2357,-1.2926,-0.0963,1.4680,0.0768,0.0230,-0.0667,0.0412,-0.0523,0.0429,0.2266,0.1601,0.3897,1.0691,0.8020,-0.2600,0.0100,0.8020,-0.2600,0.2300,False,0.0767,0.0236,-0.0677,0.0405,-0.0510,0.0436,-3.0697,grasp,0.8020,-0.2600,0.0100,0.0000,0.0000,0.0000,False,,0.0500,0.0000,False
702,0.0,1.3987,-0.0245,False,False,False,-0.4291,4.7578,-0.2373,-1.2907,-0.0995,1.4676,0.0436,-0.1003,-0.0245,0.0741,-0.1439,-0.0850,0.2664,0.1596,0.3899,1.0690,0.8020,-0.2600,0.0100,0.8020,-0.2600,0.2300,False,0.0244,-0.0522,-0.0142,0.0398,-0.0767,-0.0439,0.3689,grasp,0.8020,-0.2600,0.0100,0.0000,0.0000,0.0000,False,,0.0500,0.0000,True
703,0.0,1.3995,-0.0111,False,False,False,-0.4280,4.7558,-0.2371,-1.2893,-0.1015,1.4658,0.0494,-0.0301,0.0570,0.0266,0.0055,-0.0543,0.3243,0.1595,0.3918,1.0688,0.8020,-0.2600,0.0100,0.8020,-0.2600,0.2300,False,0.0500,-0.0346,0.0567,0.0276,0.0035,-0.0555,1.3689,grasp,0.8020,-0.2600,0.0100,0.0000,0.0000,0.0000,False,,0.0500,0.0000,True
704,0.0,1.4007,-0.0086,False,False,False,-0.4271,4.7546,-0.2362,-1.2887,-0.1017,1.4645,-0.0081,-0.0596,-0.0187,0.0122,-0.0342,-0.0291,0.3596,0.1593,0.3943,1.0687,0.8020,-0.2600,0.0100,0.8020,-0.2600,0.2300,False,-0.0072,-0.0602,-0.0176,0.0127,-0.0341,-0.0301,-0.8375,grasp,0.8020,-0.2600,0.0100,0.0000,0.0000,0.0000,False,,0.0500,0.0000,False
705,0.0,1.4014,-0.0150,False,False,False,-0.4273,4.7535,-0.2366,-1.2885,-0.1024,1.4639,-0.0154,-0.1135,-0.0355,0.0233,-0.0650,-0.0553,0.3530,0.1591,0.3957,1.0686,0.8020,-0.2600,0.0100,0.8020,-0.2600,0.2300,False,0.0417,0.0421,-0.0343,0.0753,-0.0785,-0.0705,1.5437,grasp,0.8020,-0.2600,0.0100,0.0000,0.0000,0.0000,False,,0.0500,0.0000,True
706,0.0,1.4015,-0.0031,False,False,False,-0.4260,4.7547,-0.2376,-1.2863,-0.1046,1.4619,-0.0000,-0.0000,-0.0000,0.0000,-0.0000,0.0000,0.3961,0.1599,0.3970,1.0684,0.8020,-0.2600,0.0100,0.8020,-0.2600,0.2300,False,0.0566,0.0687,0.0232,-0.0696,0.0576,0.0069,-1.5777,grasp,0.8020,-0.2600,0.0100,0.0000,0.0000,0.0000,False,,0.0500,0.0000,False
707,0.0,1.4010,-0.0120,False,False,False,-0.4232,4.7593,-0.2361,-1.2907,-0.1008,1.4623,-0.0317,0.0520,0.0171,-0.0427,0.0508,-0.0101,0.3584,0.1597,0.3953,1.0686,0.8020,-0.2600,0.0100,0.8020,-0.2600,0.2300,False,-0.0302,0.0574,0.0177,-0.0446,0.0524,-0.0099,0.1985,grasp,0.8020,-0.2600,0.0100,0.0000,0.0000,0.0000,False,,0.0500,0.0000,False
708,0.0,1.4002,-0.0014,False,False,False,-0.4238,4.7604,-0.2357,-1.2915,-0.0998,1.4621,0.0000,-0.0000,-0.0000,0.0000,-0.0000,0.0000,0.3824,0.1610,0.3948,1.0688,0.8020,-0.2600,0.0100,0.8020,-0.2600,0.2300,False,-0.0295,-0.0742,0.0111,-0.0297,0.0696,0.0172,1.0817,grasp,0.8020,-0.2600,0.0100,0.0000,0.0000,0.0000,False,,0.0500,0.0000,True
709,0.0,1.4013,-0.0235,False,False,False,-0.4247,4.7583,-0.2354,-1.2924,-0.0978,1.4626,-0.0549,-0.1447,0.0205,-0.0548,0.1304,0.0331,0.4119,0.1610,0.3967,1.0690,0.8020,-0.2600,0.0100,0.8020,-0.2600,0.2300,False,0.0715,0.0518,0.0507,0.0742,-0.0619,-0.0783,-3.0901,grasp,0.8020,-0.2600,0.0100,0.0000,0.0000,0.0000,False,,0.0500,0.0000,False
710,0.0,1.4015,-0.0166,False,False,False,-0.4251,4.7575,-0.2353,-1.2931,-0.0986,1.4633,-0.0445,-0.0580,0.0105,-0.0770,-0.0767,0.0722,0.4318,0.1610,0.3973,1.0690,0.8020,-0.2600,0.0100,0.8020,-0.2600,0.2300,False,-0.0445,-0.0582,0.0105,-0.0770,-0.0767,0.0722,1.8363,grasp,0.8020,-0.2600,0.0100,0.0000,0.0000,0.0000,False,,0.0500,0.0000,True
711,0.0,1.4021,-0.0067,False,False,False,-0.4272,4.7546,-0.2348,-1.2967,-0.1021,1.4666,-0.0000,-0.0000,-0.0000,0.0000,-0.0000,0.0000,0.4501,0.1605,0.3980,1.0690,0.8020,-0.2600,0.0100,0.8020,-0.2600,0.2300,False,-0.0395,-0.0427,-0.0020,0.0703,-0.0692,0.0012,-2.1638,grasp,0.8020,-0.2600,0.0100,0.0000,0.0000,0.0000,False,,0.0500,0.0000,False
712,0.0,1.4012,-0.0076,False,False,False,-0.4278,4.7546,-0.2344,-1.2970,-0.1035,1.4657,-0.0184,0.0257,0.0294,-0.0676,-0.0421,-0.0612,0.3701,0.1601,0.3956,1.0690,0.8020,-0.2600,0.0100,0.8020,-0.2600,0.2300,False,-0.0101,0.0131,0.0154,-0.0349,-0.0228,-0.0322,-1.8165,grasp,0.8020,-0.2600,0.0100,0.0000,0.0000,0.0000,False,,0.0500,0.0000,False
713,0.0,1.4007,-0.0134,False,False,False,-0.4279,4.7546,-0.2344,-1.2981,-0.1047,1.4641,0.0185,-0.0523,-0.0429,-0.0178,-0.0651,-0.0675,0.3112,0.1592,0.3937,1.0690,0.8020,-0.2600,0.0100,0.8020,-0.2600,0.2300,False,0.0182,-0.0517,-0.0425,-0.0188,-0.0657,-0.0683,-2.0290,grasp,0.8020,-0.2600,0.0100,0.0000,0.0000,0.0000,False,,0.0500,0.0000,False
714,0.0,1.4009,-0.0109,False,False,False,-0.4279,4.7539,-0.2353,-1.2992,-0.1056,1.4631,-0.0331,0.0516,-0.0093,-0.0730,0.0311,0.0239,0.2561,0.1572,0.3921,1.0690,0.8020,-0.2600,0.0100,0.8020,-0.2600,0.2300,False,-0.0327,0.0484,-0.0101,-0.0733,0.0298,0.0226,-2.4151,grasp,0.8020,-0.2600,0.0100,0.0000,0.0000,0.0000,False,,0.0500,0.0000,False
715,0.0,1.4004,-0.0122,False,False,False,-0.4282,4.7548,-0.2359,-1.3001,-0.1045,1.4633,0.0313,-0.0075,-0.0459,0.0453,0.0583,-0.0208,0.2076,0.1564,0.3901,1.0691,0.8020,-0.2600,0.0100,0.8020,-0.2600,0.2300,False,0.0307,-0.0058,-0.0461,0.0439,0.0589,-0.0204,-2.5849,grasp,0.8020,-0.2600,0.0100,0.0000,0.0000,0.0000,False,,0.0500,0.0000,False
716,0.0,1.4004,-0.0232,False,False,False,-0.4279,4.7527,-0.2351,-1.3007,-0.1020,1.4632,-0.0220,-0.1327,0.1122,-0.0963,0.0890,0.0167,0.1503,0.1564,0.3901,1.0691,0.8020,-0.2600,0.0100,0.8020,-0.2600,0.2300,False,-0.0110,-0.0700,0.0582,-0.0498,0.0479,0.0084,-2.8840,grasp,0.8020,-0.2600,0.0100,0.0000,0.0000,0.0000,False,,0.0500,0.0000,False
717,0.0,1.4034,-0.0172,False,False,False,-0.4277,4.7501,-0.2342,-1.3022,-0.1003,1.4632,0.0549,-0.0545,-0.0701,-0.0118,0.0466,-0.0236,0.1779,0.1511,0.3911,1.0692,0.8020,-0.2600,0.0100,0.8020,-0.2600,0.2300,False,0.0546,-0.0581,-0.0685,-0.0132,0.0479,-0.0234,1.3770,grasp,0.8020,-0.2600,0.0100,0.0000,0.0000,0.0000,False,,0.0500,0.0000,True
718,0.0,1.4049,-0.0149,False,False,False,-0.4270,4.7490,-0.2362,-1.3017,-0.0994,1.4623,-0.0334,0.0303,-0.0649,0.0716,-0.0046,-0.0488,0.2373,0.1495,0.3928,1.0692,0.8020,-0.2600,0.0100,0.8020,-0.2600,0.2300,False,-0.0323,0.0251,-0.0662,0.0714,-0.0037,-0.0492,-0.3393,grasp,0.8020,-0.2600,0.0100,0.0000,0.0000,0.0000,False,,0.0500,0.0000,False
719,0.0,1.4052,-0.0220,False,False,False,-0.4277,4.7475,-0.2379,-1.2997,-0.1004,1.4635,-0.0072,-0.1426,-0.0332,0.0434,-0.0605,0.1406,0.2548,0.1510,0.3952,1.0690,0.8020,-0.2600,0.0100,0.8020,-0.2600,0.2300,False,-0.0044,-0.0742,-0.0187,0.0242,-0.0319,0.0730,-1.2358,grasp,0.8020,-0.2600,0.0100,0.0000,0.0000,0.0000,False,,0.0500,0.0000,False
720,0.0,1.4061,-0.0210,False,False,False,-0.4274,4.7457,-0.2392,-1.2998,-0.1008,1.4649,0.0483,0.0812,-0.0755,-0.0730,0.0478,-0.0623,0.2936,0.1494,0.3958,1.0689,0.8020,-0.2600,0.0100,0.8020,-0.2600,0.2300,False,0.0482,0.0733,-0.0760,-0.0724,0.0470,-0.0603,1.8800,grasp,0.8020,-0.2600,0.0100,0.0000,0.0000,0.0000,False,,0.0500,0.0000,True
721,0.0,1.4077,-0.0037,False,False,False,-0.4264,4.7472,-0.2406,-1.3012,-0.0999,1.4637,0.0000,-0.0000,-0.0000,0.0000,-0.0000,0.0000,0.3333,0.1481,0.3981,1.0688,0.8020,-0.2600,0.0100,0.8020,-0.2600,0.2300,False,0.0199,-0.0388,-0.0430,-0.0370,-0.0435,0.0317,1.2696,grasp,0.8020,-0.2600,0.0100,0.0000,0.0000,0.0000,False,,0.0500,0.0000,True
722,0.0,1.4085,-0.0068,False,False,False,-0.4259,4.7455,-0.2418,-1.3023,-0.1018,1.4643,0.0007,-0.0383,0.0046,-0.0074,-0.0572,-0.0369,0.4127,0.1486,0.4003,1.0688,0.8020,-0.2600,0.0100,0.8020,-0.2600,0.2300,False,0.0010,-0.0406,0.0038,-0.0080,-0.0580,-0.0363,2.2467,grasp,0.8020,-0.2600,0.0100,0.0000,0.0000,0.0000,False,,0.0500,0.0000,True
723,0.0,1.4098,-0.0088,False,False,False,-0.4263,4.7435,-0.2412,-1.3029,-0.1038,1.4625,-0.0452,-0.0117,0.0297,-0.0217,0.0638,-0.0098,0.4163,0.1483,0.4030,1.0687,0.8020,-0.2600,0.0100,0.8020,-0.2600,0.2300,False,-0.0452,-0.0138,0.0298,-0.0219,0.0622,-0.0108,-2.9765,grasp,0.8020,-0.2600,0.0100,0.0000,0.0000,0.0000,False,,0.0500,0.0000,False
724,0.0,1.4101,-0.0181,False,False,False,-0.4272,4.7433,-0.2407,-1.3033,-0.1025,1.4623,-0.0859,-0.0232,0.0564,-0.0412,0.1212,-0.0186,0.3963,0.1476,0.4028,1.0686,0.8020,-0.2600,0.0100,0.8020,-0.2600,0.2300,False,0.0285,0.0407,0.0339,0.0440,-0.0321,-0.0572,2.0535,grasp,0.8020,-0.2600,0.0100,0.0000,0.0000,0.0000,False,,0.0500,0.0000,True
725,0.0,1.4099,-0.0152,False,False,False,-0.4262,4.7443,-0.2399,-1.3028,-0.1036,1.4623,0.0699,0.0687,0.0476,0.0030,-0.0759,0.0564,0.4759,0.1484,0.4031,1.0687,0.8020,-0.2600,0.0100,0.8020,-0.2600,0.2300,False,0.0702,0.0692,0.0479,0.0034,-0.0763,0.0559,2.4779,grasp,0.8020,-0.2600,0.0100,0.0000,0.0000,0.0000,False,,0.0500,0.0000,True
726,0.0,1.4088,-0.0103,False,False,False,-0.4236,4.7484,-0.2370,-1.3025,-0.1069,1.4646,-0.0626,0.0444,0.0659,0.0218,0.0262,-0.0294,0.4793,0.1510,0.4033,1.0688,0.8020,-0.2600,0.0100,0.8020,-0.2600,0.2300,False,-0.0607,0.0519,0.0672,0.0219,0.0242,-0.0279,-2.1041,grasp,0.8020,-0.2600,0.0100,0.0000,0.0000,0.0000,False,,0.0500,0.0000,False
727,0.0,1.4055,-0.0312,False,False,False,-0.4265,4.7505,-0.2340,-1.3015,-0.1057,1.4632,-0.1696,0.1322,0.1785,0.0590,0.0711,-0.0798,0.4393,0.1554,0.4003,1.0689,0.8020,-0.2600,0.0100,0.8020,-0.2600,0.2300,False,0.0740,0.0685,-0.0077,-0.0670,-0.0165,-0.0516,-2.4595,grasp,0.8020,-0.2600,0.0100,0.0000,0.0000,0.0000,False,,0.0500,0.0000,False
728,0.0,1.4033,-0.0130,False,False,False,-0.4257,4.7518,-0.2341,-1.3021,-0.1058,1.4627,0.0757,0.0601,-0.0095,-0.0676,-0.0172,-0.0508,0.3993,0.1576,0.3976,1.0691,0.8020,-0.2600,0.0100,0.8020,-0.2600,0.2300,False,0.0757,0.0120,-0.0664,0.0299,0.0390,-0.0394,0.9436,grasp,0.8020,-0.2600,0.0100,0.0000,0.0000,0.0000,False,,0.0500,0.0000,False
729,0.0,1.4392,-0.0384,False,False,False,-0.3500,4.7638,-0.3005,-1.2723,-0.0668,1.4233,0.0000,-0.0000,-0.0000,0.0000,0.0000,0.0000,0.5401,0.1008,0.4221,1.0656,0.8020,-0.2600,0.0100,0.8020,-0.2600,0.2300,False,-0.0116,-0.0080,-0.0190,0.0021,-0.0642,0.0200,2.6101,grasp,0.8020,-0.2600,0.0100,0.0000,0.0000,0.0000,False,,0.0500,0.0000,True
730,0.0,0.0415,14.9533,True,False,False,-3.2934,3.7593,-0.8155,-1.3975,-4.6824,1.4559,-0.1903,0.1274,0.1240,-0.1224,0.1799,-0.2139,0.0801,0.7958,-0.2460,0.0486,0.8020,-0.2600,0.0100,0.8020,-0.2600,0.2300,True,-0.0712,0.0462,0.0456,-0.0452,0.0648,-0.0789,1.6415,grasp,0.8020,-0.2600,0.0100,0.0000,0.0000,0.0000,False,,0.0500,0.0000,True
731,0.0,0.0384,-0.0378,False,False,False,2.9851,2.9662,0.8609,-2.2073,1.5813,1.4597,0.2446,-0.0642,0.0821,-0.1254,-0.0689,0.1687,0.0722,0.8042,-0.2637,0.0652,0.8020,-0.2600,0.0270,0.8020,-0.2600,0.2470,True,0.0729,-0.0195,0.0244,-0.0369,-0.0193,0.0490,-1.7560,grasp,0.8020,-0.2600,0.0270,0.0000,0.0000,0.0000,False,,0.0500,0.0000,False
732,0.0,0.0537,-0.0409,False,False,False,3.0505,2.9503,0.8805,-2.2393,1.5647,1.5031,0.0391,0.0718,-0.1398,0.0736,0.1071,-0.0775,0.2356,0.8099,-0.2096,0.0438,0.8020,-0.2600,0.0270,0.8020,-0.2600,0.2470,True,0.0206,0.0378,-0.0736,0.0388,0.0564,-0.0408,0.1954,grasp,0.8020,-0.2600,0.0270,0.0000,0.0000,0.0000,False,,0.0500,0.0000,True
733,0.0,0.0537,-0.0112,False,False,False,3.0516,2.9517,0.8789,-2.2390,1.5665,1.5017,0.0497,0.0430,0.0413,-0.0770,0.0207,-0.0297,0.2936,0.8099,-0.2096,0.0438,0.8020,-0.2600,0.0270,0.8020,-0.2600,0.2470,True,0.0505,0.0440,0.0393,-0.0760,0.0222,-0.0308,1.6234,grasp,0.8020,-0.2600,0.0270,0.0000,0.0000,0.0000,False,,0.0500,0.0000,True
734,0.0,0.0545,-0.0126,False,False,False,3.0516,2.9517,0.8789,-2.2390,1.5665,1.5017,0.0497,0.0430,0.0413,-0.0770,0.0207,-0.0297,0.2936,0.8104,-0.2082,0.0419,0.8020,-0.2600,0.0270,0.8020,-0.2600,0.2470,True,-0.0752,0.0625,-0.0517,0.0743,0.0582,-0.0477,-1.0005,grasp,0.8020,-0.2600,0.0270,0.0000,0.0000,0.0000,False,,0.0500,0.0000,False
735,0.0,0.0550,-0.0114,False,False,False,3.0522,2.9520,0.8790,-2.2404,1.5669,1.5007,-0.0410,-0.0581,-0.0708,0.0065,0.0064,-0.0436,0.3070,0.8102,-0.2076,0.0415,0.8020,-0.2600,0.0270,0.8020,-0.2600,0.2470,True,-0.0393,-0.0568,-0.0700,0.0050,0.0068,-0.0442,-0.9443,grasp,0.8020,-0.2600,0.0270,0.0000,0.0000,0.0000,False,,0.0500,0.0000,False
736,0.0,0.0550,-0.0110,False,False,False,3.0522,2.9520,0.8790,-2.2404,1.5669,1.5007,-0.0410,-0.0581,-0.0708,0.0065,0.0064,-0.0436,0.3070,0.8102,-0.2076,0.0415,0.8020,-0.2600,0.0270,0.8020,-0.2600,0.2470,True,0.0555,0.0630,0.0288,-0.0255,0.0711,-0.0294,-0.7420,grasp,0.8020,-0.2600,0.0270,0.0000,0.0000,0.0000,False,,0.0500,0.0000,False
737,0.0,0.0548,-0.0269,False,False,False,3.0515,2.9519,0.8793,-2.2416,1.5658,1.4979,0.0072,0.1051,0.1113,-0.0870,-0.0815,-0.1315,0.2443,0.8096,-0.2084,0.0440,0.8020,-0.2600,0.0270,0.8020,-0.2600,0.2470,True,0.0028,0.0515,0.0573,-0.0456,-0.0428,-0.0700,-2.7454,grasp,0.8020,-0.2600,0.0270,0.0000,0.0000,0.0000,False,,0.0500,0.0000,False
738,0.0,0.0548,-0.0189,False,False,False,3.0511,2.9528,0.8817,-2.2435,1.5653,1.4955,-0.0496,-0.0837,0.0774,-0.0616,0.0621,-0.0491,0.2648,0.8096,-0.2084,0.0440,0.8020,-0.2600,0.0270,0.8020,-0.2600,0.2470,True,-0.0495,-0.0794,0.0790,-0.0628,0.0609,-0.0510,1.6749,grasp,0.8020,-0.2600,0.0270,0.0000,0.0000,0.0000,False,,0.0500,0.0000,True
739,0.0,0.0546,-0.0175,False,False,False,3.0511,2.9528,0.8817,-2.2435,1.5653,1.4955,-0.0496,-0.0837,0.0774,-0.0616,0.0621,-0.0491,0.2648,0.8092,-0.2089,0.0446,0.8020,-0.2600,0.0270,0.8020,-0.2600,0.2470,True,-0.0536,0.0416,0.0216,0.0518,0.0767,-0.0606,-2.5498,grasp,0.8020,-0.2600,0.0270,0.0000,0.0000,0.0000,False,,0.0500,0.0000,False
740,0.0,0.0538,-0.0115,False,False,False,3.0500,2.9503,0.8836,-2.2445,1.5671,1.4941,-0.0147,-0.0714,0.0423,0.0174,0.0650,-0.0490,0.2543,0.8085,-0.2092,0.0437,0.8020,-0.2600,0.0270,0.8020,-0.2600,0.2470,True,-0.0164,-0.0747,0.0437,0.0162,0.0661,-0.0499,-2.4543,grasp,0.8020,-0.2600,0.0270,0.0000,0.0000,0.0000,False,,0.0500,0.0000,False
741,0.0,0.0538,-0.0124,False,False,False,3.0500,2.9503,0.8836,-2.2445,1.5671,1.4941,-0.0147,-0.0714,0.0423,0.0174,0.0650,-0.0490,0.2543,0.8085,-0.2092,0.0437,0.8020,-0.2600,0.0270,0.8020,-0.2600,0.2470,True,-0.0389,-0.0733,0.0516,-0.0610,0.0625,0.0551,-2.0455,grasp,0.8020,-0.2600,0.0270,0.0000,0.0000,0.0000,False,,0.0500,0.0000,False
742,0.0,0.0514,-0.0238,False,False,False,3.0486,2.9466,0.8865,-2.2440,1.5661,1.4929,-0.0733,-0.1449,0.1369,0.0076,-0.1431,-0.0191,0.2976,0.8080,-0.2106,0.0401,0.8020,-0.2600,0.0270,0.8020,-0.2600,0.2470,True,-0.0388,-0.0784,0.0729,0.0043,-0.0741,-0.0110,1.4855,grasp,0.8020,-0.2600,0.0270,0.0000,0.0000,0.0000,False,,0.0500,0.0000,True
743,0.0,0.0514,-0.0150,False,False,False,3.0481,2.9437,0.8891,-2.2444,1.5641,1.4922,0.0728,-0.0521,0.0662,-0.0441,-0.0005,-0.0362,0.2810,0.8080,-0.2106,0.0401,0.8020,-0.2600,0.0270,0.8020,-0.2600,0.2470,True,0.0707,-0.0571,0.0682,-0.0440,-0.0025,-0.0365,-2.5174,grasp,0.8020,-0.2600,0.0270,0.0000,0.0000,0.0000,False,,0.0500,0.0000,False
744,0.0,0.0503,-0.0117,False,False,False,3.0481,2.9437,0.8891,-2.2444,1.5641,1.4922,0.0728,-0.0521,0.0662,-0.0441,-0.0005,-0.0362,0.2810,0.8075,-0.2116,0.0394,0.8020,-0.2600,0.0270,0.8020,-0.2600,0.2470,True,-0.0340,-0.0061,-0.0525,-0.0420,0.0224,0.0338,0.4769,grasp,0.8020,-0.2600,0.0270,0.0000,0.0000,0.0000,False,,0.0500,0.0000,True
745,0.0,0.0513,-0.0115,False,False,False,3.0497,2.9429,0.8903,-2.2457,1.5635,1.4909,0.0094,0.0323,-0.0015,-0.0518,-0.0597,-0.0668,0.2845,0.8074,-0.2104,0.0390,0.8020,-0.2600,0.0270,0.8020,-0.2600,0.2470,True,0.0124,0.0308,-0.0002,-0.0526,-0.0597,-0.0674,-0.1183,grasp,0.8020,-0.2600,0.0270,0.0000,0.0000,0.0000,False,,0.0500,0.0000,False
746,0.0,0.0513,-0.0098,False,False,False,3.0497,2.9429,0.8903,-2.2457,1.5635,1.4909,0.0094,0.0323,-0.0015,-0.0518,-0.0597,-0.0668,0.2845,0.8074,-0.2104,0.0390,0.8020,-0.2600,0.0270,0.8020,-0.2600,0.2470,True,0.0437,-0.0354,0.0123,-0.0769,0.0153,0.0083,2.4865,grasp,0.8020,-0.2600,0.0270,0.0000,0.0000,0.0000,False,,0.0500,0.0000,True
747,0.0,0.0515,-0.0094,False,False,False,3.0497,2.9437,0.8905,-2.2463,1.5628,1.4901,-0.0219,0.0141,0.0155,0.0399,0.0445,0.0497,0.2610,0.8073,-0.2106,0.0406,0.8020,-0.2600,0.0270,0.8020,-0.2600,0.2470,True,-0.0217,0.0147,0.0155,0.0390,0.0434,0.0484,-2.2132,grasp,0.8020,-0.2600,0.0270,0.0000,0.0000,0.0000,False,,0.0500,0.0000,False
748,0.0,0.0515,-0.0245,False,False,False,3.0511,2.9429,0.8930,-2.2458,1.5620,1.4920,0.1216,-0.0675,0.1488,-0.0199,-0.1060,0.0605,0.2533,0.8073,-0.2106,0.0406,0.8020,-0.2600,0.0270,0.8020,-0.2600,0.2470,True,0.0635,-0.0353,0.0786,-0.0097,-0.0549,0.0328,-1.0139,grasp,0.8020,-0.2600,0.0270,0.0000,0.0000,0.0000,False,,0.0500,0.0000,False
749,0.0,0.0526,-0.0267,False,False,False,3.0511,2.9429,0.8930,-2.2458,1.5620,1.4920,0.1216,-0.0675,0.1488,-0.0199,-0.1060,0.0605,0.2533,0.8077,-0.2097,0.0414,0.8020,-0.2600,0.0270,0.8020,-0.2600,0.2470,True,0.0128,-0.0258,-0.0414,-0.0785,-0.0067,0.0478,-3.0120,grasp,0.8020,-0.2600,0.0270,0.0000,0.0000,0.0000,False,,0.0500,0.0000,False
750,0.0,0.0538,-0.0035,False,False,False,3.0531,2.9420,0.8952,-2.2461,1.5605,1.4928,0.0000,-0.0000,-0.0000,-0.0000,0.0000,0.0000,0.2551,0.8079,-0.2085,0.0413,0.8020,-0.2600,0.0270,0.8020,-0.2600,0.2470,True,0.0224,0.0027,-0.0302,-0.0671,-0.0569,0.0445,3.0923,grasp,0.8020,-0.2600,0.0270,0.0000,0.0000,0.0000,False,,0.0500,0.0000,True
751,0.0,0.0538,-0.0028,False,False,False,3.0531,2.9420,0.8952,-2.2461,1.5605,1.4928,0.0000,-0.0000,-0.0000,-0.0000,0.0000,0.0000,0.2551,0.8079,-0.2085,0.0413,0.8020,-0.2600,0.0270,0.8020,-0.2600,0.2470,True,-0.0696,-0.0363,-0.0660,0.0236,0.0348,-0.0016,-1.8257,grasp,0.8020,-0.2600,0.0270,0.0000,0.0000,0.0000,False,,0.0500,0.0000,False
752,0.0,0.0538,-0.0163,False,False,False,3.0539,2.9426,0.8955,-2.2471,1.5603,1.4938,0.0593,0.0734,0.0624,-0.0331,0.0341,0.0550,0.3148,0.8079,-0.2079,0.0395,0.8020,-0.2600,0.0270,0.8020,-0.2600,0.2470,True,0.0595,0.0735,0.0621,-0.0337,0.0336,0.0555,1.2184,grasp,0.8020,-0.2600,0.0270,0.0000,0.0000,0.0000,False,,0.0500,0.0000,True
753,0.0,0.0565,-0.0247,False,False,False,3.0556,2.9450,0.8943,-2.2473,1.5623,1.4962,0.0340,0.0622,-0.1529,0.0281,0.0904,0.0877,0.2889,0.8085,-0.2060,0.0420,0.8020,-0.2600,0.0270,0.8020,-0.2600,0.2470,True,0.0195,0.0351,-0.0793,0.0142,0.0482,0.0472,-2.5512,grasp,0.8020,-0.2600,0.0270,0.0000,0.0000,0.0000,False,,0.0500,0.0000,False
754,0.0,0.0565,-0.0151,False,False,False,3.0558,2.9453,0.8927,-2.2463,1.5640,1.4973,-0.0368,-0.0621,0.0554,0.0622,0.0417,-0.0116,0.3089,0.8085,-0.2060,0.0420,0.8020,-0.2600,0.0270,0.8020,-0.2600,0.2470,True,-0.0362,-0.0612,0.0532,0.0626,0.0430,-0.0103,1.8263,grasp,0.8020,-0.2600,0.0270,0.0000,0.0000,0.0000,False,,0.0500,0.0000,True
755,0.0,0.0568,-0.0132,False,False,False,3.0558,2.9453,0.8927,-2.2463,1.5640,1.4973,-0.0368,-0.0621,0.0554,0.0622,0.0417,-0.0116,0.3089,0.8089,-0.2054,0.0409,0.8020,-0.2600,0.0270,0.8020,-0.2600,0.2470,True,0.0524,0.0722,-0.0769,-0.0652,-0.0598,-0.0095,-1.6104,grasp,0.8020,-0.2600,0.0270,0.0000,0.0000,0.0000,False,,0.0500,0.0000,False
756,0.0,0.0562,-0.0098,False,False,False,3.0557,2.9441,0.8939,-2.2452,1.5643,1.4968,0.0683,0.0032,0.0157,-0.0109,-0.0504,-0.0311,0.3378,0.8090,-0.2057,0.0397,0.8020,-0.2600,0.0270,0.8020,-0.2600,0.2470,True,0.0673,0.0014,0.0168,-0.0098,-0.0496,-0.0313,-0.2487,grasp,0.8020,-0.2600,0.0270,0.0000,0.0000,0.0000,False,,0.0500,0.0000,False
757,0.0,0.0565,-0.0104,False,False,False,3.0557,2.9441,0.8939,-2.2452,1.5643,1.4968,0.0683,0.0032,0.0157,-0.0109,-0.0504,-0.0311,0.3378,0.8091,-0.2054,0.0394,0.8020,-0.2600,0.0270,0.8020,-0.2600,0.2470,True,0.0723,-0.0423,-0.0026,0.0091,0.0696,-0.0674,-2.5814,grasp,0.8020,-0.2600,0.0270,0.0000,0.0000,0.0000,False,,0.0500,0.0000,False
758,0.0,0.0567,-0.0145,False,False,False,3.0565,2.9435,0.8948,-2.2458,1.5638,1.4959,-0.0663,-0.0630,0.0632,-0.0327,0.0422,-0.0362,0.3593,0.8091,-0.2049,0.0385,0.8020,-0.2600,0.0270,0.8020,-0.2600,0.2470,True,-0.0662,-0.0630,0.0632,-0.0327,0.0422,-0.0362,1.6974,grasp,0.8020,-0.2600,0.0270,0.0000,0.0000,0.0000,False,,0.0500,0.0000,True
759,0.0,0.0552,-0.0099,False,False,False,3.0548,2.9416,0.8966,-2.2460,1.5648,1.4949,-0.0287,-0.0664,0.0528,0.0363,0.0265,-0.0298,0.4184,0.8085,-0.2059,0.0358,0.8020,-0.2600,0.0270,0.8020,-0.2600,0.2470,True,-0.0314,-0.0685,0.0540,0.0357,0.0273,-0.0305,1.5728,grasp,0.8020,-0.2600,0.0270,0.0000,0.0000,0.0000,False,,0.0500,0.0000,True
760,0.0,0.0552,-0.0106,False,False,False,3.0548,2.9416,0.8966,-2.2460,1.5648,1.4949,-0.0287,-0.0664,0.0528,0.0363,0.0265,-0.0298,0.4184,0.8085,-0.2059,0.0358,0.8020,-0.2600,0.0270,0.8020,-0.2600,0.2470,True,0.0712,-0.0614,-0.0646,-0.0570,-0.0372,0.0683,-1.8529,grasp,0.8020,-0.2600,0.0270,0.0000,0.0000,0.0000,False,,0.0500,0.0000,False
761,0.0,0.0550,-0.0115,False,False,False,3.0549,2.9399,0.8972,-2.2451,1.5652,1.4950,0.0674,-0.0227,-0.0356,0.0210,-0.0129,0.0740,0.4762,0.8087,-0.2058,0.0333,0.8020,-0.2600,0.0270,0.8020,-0.2600,0.2470,True,0.0666,-0.0250,-0.0346,0.0217,-0.0124,0.0734,2.4344,grasp,0.8020,-0.2600,0.0270,0.0000,0.0000,0.0000,False,,0.0500,0.0000,True
762,0.0,0.0550,-0.0016,False,False,False,3.0563,2.9394,0.8965,-2.2447,1.5650,1.4964,-0.0000,-0.0000,-0.0000,-0.0000,-0.0000,0.0000,0.4759,0.8087,-0.2058,0.0333,0.8020,-0.2600,0.0270,0.8020,-0.2600,0.2470,True,0.0487,-0.0195,-0.0029,0.0362,0.0052,-0.0620,-2.1257,grasp,0.8020,-0.2600,0.0270,0.0000,0.0000,0.0000,False,,0.0500,0.0000,False
763,0.0,0.0564,-0.0089,False,False,False,3.0567,2.9393,0.8965,-2.2444,1.5650,1.4958,0.0458,-0.0184,-0.0022,0.0358,0.0054,-0.0634,0.4559,0.8092,-0.2043,0.0330,0.8020,-0.2600,0.0270,0.8020,-0.2600,0.2470,True,-0.0415,-0.0349,-0.0279,-0.0775,0.0183,0.0246,-1.4931,grasp,0.8020,-0.2600,0.0270,0.0000,0.0000,0.0000,False,,0.0500,0.0000,False
764,0.0,0.0555,-0.0216,False,False,False,3.0554,2.9385,0.8942,-2.2440,1.5652,1.4929,-0.1515,-0.0232,-0.1474,-0.0239,0.0011,-0.1090,0.3759,0.8088,-0.2053,0.0338,0.8020,-0.2600,0.0270,0.8020,-0.2600,0.2470,True,-0.0784,-0.0126,-0.0776,-0.0119,0.0007,-0.0586,-2.5135,grasp,0.8020,-0.2600,0.0270,0.0000,0.0000,0.0000,False,,0.0500,0.0000,False
765,0.0,0.0555,-0.0222,False,False,False,3.0554,2.9385,0.8942,-2.2440,1.5652,1.4929,-0.1515,-0.0232,-0.1474,-0.0239,0.0011,-0.1090,0.3759,0.8088,-0.2053,0.0338,0.8020,-0.2600,0.0270,0.8020,-0.2600,0.2470,True,0.0666,-0.0438,0.0535,-0.0064,-0.0640,-0.0505,-0.4385,grasp,0.8020,-0.2600,0.0270,0.0000,0.0000,0.0000,False,,0.0500,0.0000,False
766,0.0,0.0527,-0.0167,False,False,False,3.0523,2.9386,0.8928,-2.2436,1.5648,1.4907,-0.0549,0.0805,0.0711,0.0792,-0.0362,-0.0699,0.3956,0.8082,-0.2080,0.0327,0.8020,-0.2600,0.0270,0.8020,-0.2600,0.2470,True,-0.0618,0.0779,0.0690,0.0789,-0.0362,-0.0714,2.6857,grasp,0.8020,-0.2600,0.0270,0.0000,0.0000,0.0000,False,,0.0500,0.0000,True
767,0.0,0.0527,-0.0146,False,False,False,3.0512,2.9395,0.8940,-2.2414,1.5647,1.4898,0.0140,-0.0777,-0.0163,0.0645,0.0575,0.0443,0.4543,0.8082,-0.2080,0.0327,0.8020,-0.2600,0.0270,0.8020,-0.2600,0.2470,True,0.0118,-0.0733,-0.0150,0.0660,0.0568,0.0430,2.7870,grasp,0.8020,-0.2600,0.0270,0.0000,0.0000,0.0000,False,,0.0500,0.0000,True
768,0.0,0.0518,-0.0139,False,False,False,3.0512,2.9395,0.8940,-2.2414,1.5647,1.4898,0.0140,-0.0777,-0.0163,0.0645,0.0575,0.0443,0.4543,0.8088,-0.2089,0.0326,0.8020,-0.2600,0.0270,0.8020,-0.2600,0.2470,True,-0.0339,0.0170,-0.0372,-0.0274,0.0630,0.0357,1.8901,grasp,0.8020,-0.2600,0.0270,0.0000,0.0000,0.0000,False,,0.0500,0.0000,True
769,0.0,0.0535,-0.0356,False,False,False,3.0522,2.9396,0.8953,-2.2418,1.5678,1.4928,0.0449,0.1418,0.1062,-0.1061,0.1330,0.1417,0.4592,0.8090,-0.2073,0.0330,0.8020,-0.2600,0.0270,0.8020,-0.2600,0.2470,True,0.0239,0.0705,0.0556,-0.0546,0.0711,0.0754,-0.8481,grasp,0.8020,-0.2600,0.0270,0.0000,0.0000,0.0000,False,,0.0500,0.0000,False
770,0.0,0.0550,-0.0148,False,False,False,3.0525,2.9415,0.8961,-2.2435,1.5692,1.4947,-0.0385,-0.0510,-0.0789,-0.0151,-0.0542,-0.0109,0.4749,0.8091,-0.2061,0.0354,0.8020,-0.2600,0.0270,0.8020,-0.2600,0.2470,True,-0.0377,-0.0445,-0.0773,-0.0166,-0.0523,-0.0089,1.6765,grasp,0.8020,-0.2600,0.0270,0.0000,0.0000,0.0000,False,,0.0500,0.0000,True
771,0.0,0.0543,-0.0126,False,False,False,3.0525,2.9415,0.8961,-2.2435,1.5692,1.4947,-0.0385,-0.0510,-0.0789,-0.0151,-0.0542,-0.0109,0.4749,0.8089,-0.2066,0.0343,0.8020,-0.2600,0.0270,0.8020,-0.2600,0.2470,True,-0.0059,0.0464,0.0726,0.0369,0.0057,-0.0081,-0.8830,grasp,0.8020,-0.2600,0.0270,0.0000,0.0000,0.0000,False,,0.0500,0.0000,False
772,0.0,0.0532,-0.0152,False,False,False,3.0524,2.9408,0.8945,-2.2433,1.5681,1.4937,0.0773,0.0779,-0.0039,0.0461,-0.0090,-0.0774,0.4488,0.8085,-0.2075,0.0326,0.8020,-0.2600,0.0270,0.8020,-0.2600,0.2470,True,0.0762,0.0727,-0.0054,0.0458,-0.0100,-0.0776,-1.2038,grasp,0.8020,-0.2600,0.0270,0.0000,0.0000,0.0000,False,,0.0500,0.0000,False
773,0.0,0.0539,-0.0165,False,False,False,3.0524,2.9408,0.8945,-2.2433,1.5681,1.4937,0.0773,0.0779,-0.0039,0.0461,-0.0090,-0.0774,0.4488,0.8088,-0.2069,0.0338,0.8020,-0.2600,0.0270,0.8020,-0.2600,0.2470,True,0.0718,-0.0215,-0.0133,0.0308,0.0666,-0.0147,1.8889,grasp,0.8020,-0.2600,0.0270,0.0000,0.0000,0.0000,False,,0.0500,0.0000,True
774,0.0,0.0560,-0.0218,False,False,False,3.0547,2.9417,0.8941,-2.2420,1.5684,1.4915,0.0703,-0.0651,-0.0301,0.0443,0.0546,-0.0753,0.4523,0.8097,-0.2050,0.0344,0.8020,-0.2600,0.0270,0.8020,-0.2600,0.2470,True,0.0719,-0.0636,-0.0302,0.0451,0.0544,-0.0768,-2.4073,grasp,0.8020,-0.2600,0.0270,0.0000,0.0000,0.0000,False,,0.0500,0.0000,False
775,0.0,0.0572,-0.0109,False,False,False,3.0558,2.9397,0.8933,-2.2414,1.5702,1.4899,-0.0401,-0.0430,-0.0262,-0.0183,0.0691,-0.0155,0.4455,0.8099,-0.2036,0.0327,0.8020,-0.2600,0.0270,0.8020,-0.2600,0.2470,True,-0.0370,-0.0478,-0.0267,-0.0175,0.0702,-0.0170,0.8005,grasp,0.8020,-0.2600,0.0270,0.0000,0.0000,0.0000,False,,0.0500,0.0000,False
776,0.0,0.0572,-0.0104,False,False,False,3.0558,2.9397,0.8933,-2.2414,1.5702,1.4899,-0.0401,-0.0430,-0.0262,-0.0183,0.0691,-0.0155,0.4455,0.8099,-0.2036,0.0327,0.8020,-0.2600,0.0270,0.8020,-0.2600,0.2470,True,0.0564,-0.0711,0.0571,0.0342,-0.0221,0.0498,3.0209,grasp,0.8020,-0.2600,0.0270,0.0000,0.0000,0.0000,False,,0.0500,0.0000,True
777,0.0,0.0573,-0.0111,False,False,False,3.0556,2.9388,0.8931,-2.2415,1.5710,1.4902,0.0586,0.0178,0.0332,0.0214,-0.0513,0.0553,0.4112,0.8097,-0.2035,0.0328,0.8020,-0.2600,0.0270,0.8020,-0.2600,0.2470,True,0.0575,0.0150,0.0327,0.0211,-0.0500,0.0550,-2.1762,grasp,0.8020,-0.2600,0.0270,0.0000,0.0000,0.0000,False,,0.0500,0.0000,False
778,0.0,0.0573,-0.0236,False,False,False,3.0567,2.9391,0.8938,-2.2411,1.5700,1.4912,0.1112,0.0320,0.0631,0.0407,-0.0974,0.1050,0.3912,0.8097,-0.2035,0.0328,0.8020,-0.2600,0.0270,0.8020,-0.2600,0.2470,True,0.0590,0.0755,0.0707,-0.0375,-0.0030,-0.0102,-2.0043,grasp,0.8020,-0.2600,0.0270,0.0000,0.0000,0.0000,False,,0.0500,0.0000,False
779,0.0,0.0588,-0.0154,False,False,False,3.0574,2.9397,0.8945,-2.2415,1.5700,1.4911,0.0570,0.0751,0.0700,-0.0379,-0.0020,-0.0112,0.3512,0.8102,-0.2024,0.0360,0.8020,-0.2600,0.0270,0.8020,-0.2600,0.2470,True,-0.0538,-0.0631,-0.0771,-0.0798,0.0510,-0.0744,-1.2138,grasp,0.8020,-0.2600,0.0270,0.0000,0.0000,0.0000,False,,0.0500,0.0000,False
780,0.0,0.0601,-0.0270,False,False,False,3.0585,2.9410,0.8958,-2.2422,1.5699,1.4909,0.1094,0.1444,0.1331,-0.0720,-0.0039,-0.0213,0.3312,0.8104,-0.2015,0.0382,0.8020,-0.2600,0.0270,0.8020,-0.2600,0.2470,True,-0.0311,0.0584,0.0097,0.0652,-0.0242,0.0690,-1.1517,grasp,0.8020,-0.2600,0.0270,0.0000,0.0000,0.0000,False,,0.0500,0.0000,False
781,0.0,0.0464,14.9922,True,False,False,-3.2285,3.8075,-0.9164,-1.2833,1.5639,-4.8327,-0.0377,-0.0129,-0.0094,0.0000,0.0227,-0.0857,0.0000,0.8092,-0.2063,0.0553,0.8000,-0.2103,0.0100,0.8000,-0.2103,0.2300,True,-0.0170,0.0275,-0.0193,-0.0137,-0.0236,-0.0610,0.5011,grasp,0.8000,-0.2103,0.0100,0.0000,0.0000,0.0000,False,,0.0500,0.0000,True
782,0.0,0.0455,14.9902,True,False,False,-3.2962,3.7532,-0.7504,4.8693,-4.6613,1.3634,-0.0167,0.0583,0.0685,-0.0120,-0.0165,0.0492,0.0400,0.8125,-0.2464,0.0775,0.8020,-0.2600,0.0355,0.8020,-0.2600,0.2555,True,-0.0173,0.0580,0.0685,-0.0112,-0.0173,0.0493,2.3070,grasp,0.8020,-0.2600,0.0355,0.0000,0.0000,0.0000,False,,0.0500,0.0000,True
783,0.0,1.3871,-0.0013,False,False,False,-0.4513,4.7557,-0.2256,-1.2690,-0.1042,1.4753,0.0000,-0.0000,-0.0000,0.0000,-0.0000,0.0000,0.0200,0.1677,0.3738,1.0684,0.8020,-0.2600,0.0100,0.8020,-0.2600,0.2300,False,-0.0205,0.0160,-0.0599,0.0729,0.0423,0.0289,0.6656,grasp,0.8020,-0.2600,0.0100,0.0000,0.0000,0.0000,False,,0.0500,0.0000,True
784,0.0,1.3871,-0.0183,False,False,False,-0.4511,4.7574,-0.2228,-1.2675,-0.1027,1.4752,0.0198,0.0750,0.1652,0.0371,0.0520,-0.0186,0.1198,0.1713,0.3774,1.0683,0.8020,-0.2600,0.0100,0.8020,-0.2600,0.2300,False,0.0071,0.0277,0.0604,0.0144,0.0196,-0.0066,1.3392,grasp,0.8020,-0.2600,0.0100,0.0000,0.0000,0.0000,False,,0.0500,0.0000,True
785,0.0,1.3847,-0.0157,False,False,False,-0.4516,4.7593,-0.2201,-1.2666,-0.1026,1.4745,-0.0761,0.0716,0.0603,0.0433,-0.0570,-0.0448,0.1378,0.1765,0.3772,1.0684,0.8020,-0.2600,0.0100,0.8020,-0.2600,0.2300,False,-0.0758,0.0765,0.0624,0.0438,-0.0564,-0.0451,-2.1973,grasp,0.8020,-0.2600,0.0100,0.0000,0.0000,0.0000,False,,0.0500,0.0000,False
786,0.0,1.3828,0.0011,False,False,False,-0.4530,4.7612,-0.2189,-1.2658,-0.1037,1.4737,0.0000,-0.0000,-0.0000,0.0000,-0.0000,0.0000,0.1554,0.1800,0.3765,1.0684,0.8020,-0.2600,0.0100,0.8020,-0.2600,0.2300,False,0.0741,-0.0485,-0.0064,-0.0451,-0.0674,-0.0263,2.9690,grasp,0.8020,-0.2600,0.0100,0.0000,0.0000,0.0000,False,,0.0500,0.0000,True
787,0.0,1.3833,-0.0266,False,False,False,-0.4514,4.7600,-0.2206,-1.2642,-0.1010,1.4714,0.0454,-0.0291,-0.0751,0.0982,0.1609,-0.0978,0.1819,0.1799,0.3776,1.0683,0.8020,-0.2600,0.0100,0.8020,-0.2600,0.2300,False,0.0175,-0.0114,-0.0278,0.0358,0.0587,-0.0363,-2.0444,grasp,0.8020,-0.2600,0.0100,0.0000,0.0000,0.0000,False,,0.0500,0.0000,False
788,0.0,1.3849,-0.0177,False,False,False,-0.4515,4.7601,-0.2208,-1.2627,-0.0987,1.4709,-0.0718,0.0658,0.0749,0.0321,0.0249,0.0761,0.2177,0.1779,0.3791,1.0683,0.8020,-0.2600,0.0100,0.8020,-0.2600,0.2300,False,-0.0712,0.0647,0.0740,0.0333,0.0269,0.0749,2.0465,grasp,0.8020,-0.2600,0.0100,0.0000,0.0000,0.0000,False,,0.0500,0.0000,True
789,0.0,1.3855,-0.0026,False,False,False,-0.4529,4.7618,-0.2193,-1.2621,-0.0983,1.4724,-0.0000,-0.0000,-0.0000,0.0000,-0.0000,0.0000,0.2334,0.1784,0.3808,1.0683,0.8020,-0.2600,0.0100,0.8020,-0.2600,0.2300,False,-0.0147,0.0679,-0.0700,-0.0506,0.0664,0.0659,-1.7740,grasp,0.8020,-0.2600,0.0100,0.0000,0.0000,0.0000,False,,0.0500,0.0000,False
790,0.0,1.3840,-0.0016,False,False,False,-0.4530,4.7624,-0.2201,-1.2626,-0.0976,1.4730,-0.0000,-0.0000,-0.0000,0.0000,-0.0000,0.0000,0.2144,0.1812,0.3802,1.0683,0.8020,-0.2600,0.0100,0.8020,-0.2600,0.2300,False,0.0670,-0.0611,0.0577,0.0695,-0.0535,0.0484,-2.3824,grasp,0.8020,-0.2600,0.0100,0.0000,0.0000,0.0000,False,,0.0500,0.0000,False
791,0.0,1.3842,-0.0344,False,False,False,-0.4510,4.7607,-0.2184,-1.2605,-0.0992,1.4744,0.1275,-0.1174,0.1110,0.1330,-0.1030,0.0908,0.1920,0.1794,0.3790,1.0683,0.8020,-0.2600,0.0100,0.8020,-0.2600,0.2300,False,0.0249,0.0636,-0.0774,-0.0326,0.0672,0.0114,0.3997,grasp,0.8020,-0.2600,0.0100,0.0000,0.0000,0.0000,False,,0.0500,0.0000,True
792,0.0,1.3850,-0.0031,False,False,False,-0.4504,4.7625,-0.2206,-1.2615,-0.0972,1.4747,0.0000,-0.0000,-0.0000,0.0000,-0.0000,0.0000,0.2717,0.1809,0.3823,1.0683,0.8020,-0.2600,0.0100,0.8020,-0.2600,0.2300,False,-0.0143,-0.0576,-0.0737,-0.0099,-0.0498,-0.0124,1.9187,grasp,0.8020,-0.2600,0.0100,0.0000,0.0000,0.0000,False,,0.0500,0.0000,True
793,0.0,1.3863,-0.0220,False,False,False,-0.4508,4.7609,-0.2227,-1.2618,-0.0987,1.4743,-0.0280,-0.1126,-0.1372,-0.0175,-0.0971,-0.0239,0.3110,0.1800,0.3844,1.0682,0.8020,-0.2600,0.0100,0.8020,-0.2600,0.2300,False,-0.0762,-0.0232,0.0727,0.0696,-0.0748,0.0261,2.5252,grasp,0.8020,-0.2600,0.0100,0.0000,0.0000,0.0000,False,,0.0500,0.0000,True
794,0.0,1.3869,-0.0172,False,False,False,-0.4508,4.7598,-0.2216,-1.2611,-0.0988,1.4741,0.0727,-0.0673,0.0423,0.0033,0.0639,-0.0517,0.3894,0.1811,0.3868,1.0681,0.8020,-0.2600,0.0100,0.8020,-0.2600,0.2300,False,0.0720,-0.0675,0.0430,0.0040,0.0631,-0.0514,3.0043,grasp,0.8020,-0.2600,0.0100,0.0000,0.0000,0.0000,False,,0.0500,0.0000,True
795,0.0,1.3880,-0.0258,False,False,False,-0.4490,4.7585,-0.2187,-1.2598,-0.0954,1.4744,0.0294,0.0084,0.1372,0.0808,0.1418,0.0876,0.4042,0.1801,0.3879,1.0683,0.8020,-0.2600,0.0100,0.8020,-0.2600,0.2300,False,0.0169,0.0024,0.0730,0.0426,0.0759,0.0451,-0.7879,grasp,0.8020,-0.2600,0.0100,0.0000,0.0000,0.0000,False,,0.0500,0.0000,False
796,0.0,1.3876,-0.0024,False,False,False,-0.4486,4.7587,-0.2167,-1.2586,-0.0934,1.4757,-0.0000,-0.0000,-0.0000,0.0000,-0.0000,0.0000,0.3737,0.1801,0.3870,1.0684,0.8020,-0.2600,0.0100,0.8020,-0.2600,0.2300,False,-0.0447,-0.0731,-0.0584,0.0153,-0.0527,-0.0175,-2.4380,grasp,0.8020,-0.2600,0.0100,0.0000,0.0000,0.0000,False,,0.0500,0.0000,False
797,0.0,1.3877,-0.0256,False,False,False,-0.4499,4.7597,-0.2189,-1.2606,-0.0937,1.4737,-0.0580,0.1137,-0.1048,-0.1383,0.0144,-0.1159,0.4137,0.1810,0.3879,1.0684,0.8020,-0.2600,0.0100,0.8020,-0.2600,0.2300,False,-0.0310,0.0588,-0.0557,-0.0727,0.0070,-0.0612,2.5132,grasp,0.8020,-0.2600,0.0100,0.0000,0.0000,0.0000,False,,0.0500,0.0000,True
798,0.0,1.3856,-0.0275,False,False,False,-0.4526,4.7622,-0.2184,-1.2607,-0.0942,1.4735,-0.1204,0.0620,0.1315,0.1229,-0.0489,0.0943,0.4930,0.1855,0.3879,1.0684,0.8020,-0.2600,0.0100,0.8020,-0.2600,0.2300,False,-0.0642,0.0345,0.0677,0.0627,-0.0255,0.0480,2.4936,grasp,0.8020,-0.2600,0.0100,0.0000,0.0000,0.0000,False,,0.0500,0.0000,True
799,0.0,1.3836,-0.0004,False,False,False,-0.4543,4.7636,-0.2165,-1.2589,-0.0949,1.4748,-0.0000,-0.0000,-0.0000,0.0000,-0.0000,0.0000,0.4957,0.1884,0.3865,1.0683,0.8020,-0.2600,0.0100,0.8020,-0.2600,0.2300,False,0.0164,0.0764,-0.0581,-0.0555,-0.0088,-0.0714,-1.6277,grasp,0.8020,-0.2600,0.0100,0.0000,0.0000,0.0000,False,,0.0500,0.0000,False
800,0.0,1.3833,-0.0276,False,False,False,-0.4539,4.7644,-0.2149,-1.2617,-0.0971,1.4725,0.0143,0.0034,0.1472,-0.1474,-0.1373,-0.1049,0.4157,0.1882,0.3856,1.0683,0.8020,-0.2600,0.0100,0.8020,-0.2600,0.2300,False,0.0077,0.0025,0.0769,-0.0781,-0.0724,-0.0559,-1.9416,grasp,0.8020,-0.2600,0.0100,0.0000,0.0000,0.0000,False,,0.0500,0.0000,False
801,0.0,1.3823,-0.0127,False,False,False,-0.4540,4.7638,-0.2129,-1.2631,-0.0995,1.4705,-0.0313,-0.0673,-0.0124,0.0726,-0.0478,-0.0483,0.4196,0.1889,0.3840,1.0684,0.8020,-0.2600,0.0100,0.8020,-0.2600,0.2300,False,-0.0311,-0.0666,-0.0103,0.0705,-0.0498,-0.0498,0.9520,grasp,0.8020,-0.2600,0.0100,0.0000,0.0000,0.0000,False,,0.0500,0.0000,False
802,0.0,1.3820,-0.0069,False,False,False,-0.4545,4.7624,-0.2127,-1.2620,-0.1006,1.4691,0.0089,-0.0017,0.0416,-0.0255,-0.0138,-0.0515,0.3897,0.1891,0.3836,1.0683,0.8020,-0.2600,0.0100,0.8020,-0.2600,0.2300,False,0.0083,-0.0045,0.0413,-0.0241,-0.0147,-0.0524,-2.9237,grasp,0.8020,-0.2600,0.0100,0.0000,0.0000,0.0000,False,,0.0500,0.0000,False
803,0.0,1.3818,-0.0310,False,False,False,-0.4541,4.7605,-0.2137,-1.2639,-0.0988,1.4700,0.0159,-0.1388,-0.1183,-0.0961,0.1324,0.1215,0.3355,0.1889,0.3830,1.0683,0.8020,-0.2600,0.0100,0.8020,-0.2600,0.2300,False,0.0085,-0.0725,-0.0615,-0.0511,0.0694,0.0630,-1.2305,grasp,0.8020,-0.2600,0.0100,0.0000,0.0000,0.0000,False,,0.0500,0.0000,False
804,0.0,1.3835,-0.0150,False,False,False,-0.4538,4.7570,-0.2153,-1.2645,-0.0977,1.4712,0.0090,-0.0504,0.0117,0.0773,-0.0765,-0.0524,0.3649,0.1852,0.3829,1.0685,0.8020,-0.2600,0.0100,0.8020,-0.2600,0.2300,False,0.0092,-0.0630,0.0100,0.0759,-0.0746,-0.0507,1.0369,grasp,0.8020,-0.2600,0.0100,0.0000,0.0000,0.0000,False,,0.0500,0.0000,True
805,0.0,1.3864,-0.0196,False,False,False,-0.4533,4.7563,-0.2158,-1.2636,-0.0998,1.4698,0.0323,0.0500,-0.0670,-0.0567,-0.0681,-0.0443,0.3416,0.1817,0.3857,1.0685,0.8020,-0.2600,0.0100,0.8020,-0.2600,0.2300,False,0.0325,0.0481,-0.0668,-0.0552,-0.0696,-0.0453,-2.8015,grasp,0.8020,-0.2600,0.0100,0.0000,0.0000,0.0000,False,,0.0500,0.0000,False
806,0.0,1.3863,-0.0027,False,False,False,-0.4527,4.7573,-0.2170,-1.2647,-0.1011,1.4689,0.0000,-0.0000,-0.0000,0.0000,-0.0000,0.0000,0.3219,0.1810,0.3851,1.0684,0.8020,-0.2600,0.0100,0.8020,-0.2600,0.2300,False,-0.0387,0.0708,0.0584,-0.0217,0.0513,-0.0484,-0.5972,grasp,0.8020,-0.2600,0.0100,0.0000,0.0000,0.0000,False,,0.0500,0.0000,False
807,0.0,1.3846,-0.0259,False,False,False,-0.4538,4.7596,-0.2153,-1.2653,-0.0996,1.4675,-0.0000,-0.0000,-0.0000,0.0000,-0.0000,0.0000,0.3078,0.1831,0.3833,1.0685,0.8020,-0.2600,0.0100,0.8020,-0.2600,0.2300,False,-0.0348,-0.0677,0.0510,0.0352,0.0666,-0.0200,-1.7483,grasp,0.8020,-0.2600,0.0100,0.0000,0.0000,0.0000,False,,0.0500,0.0000,False
808,0.0,1.3850,-0.0273,False,False,False,-0.4548,4.7575,-0.2139,-1.2643,-0.0977,1.4670,-0.0647,-0.1351,0.0948,0.0677,0.1247,-0.0362,0.2830,0.1816,0.3824,1.0685,0.8020,-0.2600,0.0100,0.8020,-0.2600,0.2300,False,-0.0575,-0.0776,0.0683,0.0086,-0.0368,0.0382,2.7658,grasp,0.8020,-0.2600,0.0100,0.0000,0.0000,0.0000,False,,0.0500,0.0000,True
809,0.0,1.3848,-0.0140,False,False,False,-0.4546,4.7580,-0.2133,-1.2646,-0.0984,1.4665,0.0162,0.0629,0.0517,-0.0355,-0.0641,-0.0495,0.3430,0.1835,0.3840,1.0685,0.8020,-0.2600,0.0100,0.8020,-0.2600,0.2300,False,0.0162,0.0629,0.0517,-0.0355,-0.0641,-0.0495,-0.0724,grasp,0.8020,-0.2600,0.0100,0.0000,0.0000,0.0000,False,,0.0500,0.0000,False
810,0.0,1.3829,-0.0321,False,False,False,-0.4562,4.7584,-0.2102,-1.2641,-0.1015,1.4676,-0.1208,-0.0685,0.1432,0.0781,-0.1285,0.1336,0.4070,0.1877,0.3842,1.0684,0.8020,-0.2600,0.0100,0.8020,-0.2600,0.2300,False,-0.0632,-0.0335,0.0763,0.0404,-0.0688,0.0694,0.9902,grasp,0.8020,-0.2600,0.0100,0.0000,0.0000,0.0000,False,,0.0500,0.0000,False
811,0.0,1.3821,-0.0149,False,False,False,-0.4573,4.7581,-0.2084,-1.2638,-0.1041,1.4700,0.0578,0.0705,-0.0309,-0.0767,-0.0767,0.0498,0.4589,0.1895,0.3842,1.0683,0.8020,-0.2600,0.0100,0.8020,-0.2600,0.2300,False,0.0561,0.0695,-0.0288,-0.0756,-0.0786,0.0517,2.9790,grasp,0.8020,-0.2600,0.0100,0.0000,0.0000,0.0000,False,,0.0500,0.0000,True
812,0.0,1.3816,-0.0045,False,False,False,-0.4561,4.7593,-0.2092,-1.2653,-0.1056,1.4716,0.0085,-0.0197,-0.0189,-0.0042,0.0003,0.0644,0.4426,0.1903,0.3838,1.0683,0.8020,-0.2600,0.0100,0.8020,-0.2600,0.2300,False,0.0096,-0.0177,-0.0195,-0.0056,-0.0011,0.0654,-1.6826,grasp,0.8020,-0.2600,0.0100,0.0000,0.0000,0.0000,False,,0.0500,0.0000,False
813,0.0,1.3819,-0.0315,False,False,False,-0.4542,4.7602,-0.2082,-1.2634,-0.1077,1.4720,0.1149,0.0842,0.0927,0.1306,-0.1388,-0.0496,0.4826,0.1897,0.3841,1.0683,0.8020,-0.2600,0.0100,0.8020,-0.2600,0.2300,False,0.0606,0.0437,0.0484,0.0687,-0.0730,-0.0249,1.8998,grasp,0.8020,-0.2600,0.0100,0.0000,0.0000,0.0000,False,,0.0500,0.0000,True
814,0.0,1.3797,-0.0122,False,False,False,-0.4526,4.7620,-0.2074,-1.2608,-0.1090,1.4719,0.0009,0.0354,-0.0511,0.0683,0.0719,0.0599,0.4621,0.1937,0.3836,1.0679,0.8020,-0.2600,0.0100,0.8020,-0.2600,0.2300,False,0.0025,0.0396,-0.0497,0.0702,0.0699,0.0592,-2.0442,grasp,0.8020,-0.2600,0.0100,0.0000,0.0000,0.0000,False,,0.0500,0.0000,False
815,0.0,1.3795,-0.0130,False,False,False,-0.4531,4.7621,-0.2078,-1.2601,-0.1077,1.4724,-0.0589,-0.0620,0.0539,-0.0621,-0.0156,-0.0667,0.4644,0.1932,0.3827,1.0679,0.8020,-0.2600,0.0100,0.8020,-0.2600,0.2300,False,-0.0589,-0.0613,0.0529,-0.0608,-0.0142,-0.0655,1.2518,grasp,0.8020,-0.2600,0.0100,0.0000,0.0000,0.0000,False,,0.0500,0.0000,False
816,0.0,1.3796,-0.0314,False,False,False,-0.4550,4.7592,-0.2050,-1.2632,-0.1059,1.4692,-0.0476,-0.1118,0.1127,-0.1236,0.1413,-0.1268,0.4194,0.1933,0.3829,1.0680,0.8020,-0.2600,0.0100,0.8020,-0.2600,0.2300,False,-0.0262,-0.0602,0.0603,-0.0662,0.0741,-0.0680,-1.0043,grasp,0.8020,-0.2600,0.0100,0.0000,0.0000,0.0000,False,,0.0500,0.0000,False
817,0.0,1.3804,-0.0097,False,False,False,-0.4562,4.7573,-0.2034,-1.2649,-0.1043,1.4669,-0.0561,-0.0226,0.0056,0.0088,-0.0465,-0.0471,0.3973,0.1915,0.3826,1.0683,0.8020,-0.2600,0.0100,0.8020,-0.2600,0.2300,False,-0.0568,-0.0250,0.0072,0.0071,-0.0445,-0.0489,-0.2655,grasp,0.8020,-0.2600,0.0100,0.0000,0.0000,0.0000,False,,0.0500,0.0000,False
818,0.0,1.3811,-0.0023,False,False,False,-0.4565,4.7574,-0.2035,-1.2641,-0.1056,1.4662,0.0754,0.0567,-0.0240,0.0600,-0.0352,0.0217,0.4342,0.1902,0.3825,1.0685,0.8020,-0.2600,0.0100,0.8020,-0.2600,0.2300,False,0.0743,0.0562,-0.0239,0.0601,-0.0360,0.0208,2.4898,grasp,0.8020,-0.2600,0.0100,0.0000,0.0000,0.0000,False,,0.0500,0.0000,True
819,0.0,1.3805,-0.0187,False,False,False,-0.4539,4.7566,-0.2042,-1.2634,-0.1052,1.4678,0.0763,-0.1345,-0.0180,-0.0286,0.0681,0.0736,0.5129,0.1920,0.3833,1.0682,0.8020,-0.2600,0.0100,0.8020,-0.2600,0.2300,False,0.0416,-0.0692,-0.0099,-0.0139,0.0352,0.0391,2.2964,grasp,0.8020,-0.2600,0.0100,0.0000,0.0000,0.0000,False,,0.0500,0.0000,True
820,0.0,1.3824,-0.0185,False,False,False,-0.4533,4.7535,-0.2050,-1.2645,-0.1036,1.4694,-0.0441,-0.0548,-0.0495,-0.0710,0.0663,0.0608,0.4909,0.1903,0.3856,1.0683,0.8020,-0.2600,0.0100,0.8020,-0.2600,0.2300,False,-0.0430,-0.0633,-0.0498,-0.0714,0.0672,0.0619,-2.9694,grasp,0.8020,-0.2600,0.0100,0.0000,0.0000,0.0000,False,,0.0500,0.0000,False
821,0.0,1.3848,-0.0038,False,False,False,-0.4539,4.7522,-0.2052,-1.2663,-0.1028,1.4703,0.0255,-0.0042,0.0768,-0.0469,-0.0520,-0.0323,0.4552,0.1865,0.3870,1.0684,0.8020,-0.2600,0.0100,0.8020,-0.2600,0.2300,False,0.0246,-0.0077,0.0758,-0.0483,-0.0507,-0.0312,-0.0924,grasp,0.8020,-0.2600,0.0100,0.0000,0.0000,0.0000,False,,0.0500,0.0000,False
822,0.0,1.3857,-0.0033,False,False,False,-0.4534,4.7521,-0.2037,-1.2672,-0.1038,1.4697,-0.0000,-0.0000,-0.0000,0.0000,-0.0000,0.0000,0.4285,0.1847,0.3870,1.0685,0.8020,-0.2600,0.0100,0.8020,-0.2600,0.2300,False,-0.0303,-0.0391,0.0394,-0.0363,0.0405,-0.0138,-2.4964,grasp,0.8020,-0.2600,0.0100,0.0000,0.0000,0.0000,False,,0.0500,0.0000,False
823,0.0,1.3853,-0.0012,False,False,False,-0.4543,4.7510,-0.2026,-1.2683,-0.1026,1.4693,0.0000,-0.0000,-0.0000,0.0000,-0.0000,0.0000,0.3960,0.1845,0.3857,1.0686,0.8020,-0.2600,0.0100,0.8020,-0.2600,0.2300,False,-0.0199,0.0638,0.0054,-0.0335,-0.0436,-0.0140,0.4976,grasp,0.8020,-0.2600,0.0100,0.0000,0.0000,0.0000,False,,0.0500,0.0000,False
824,0.0,1.3842,-0.0148,False,False,False,-0.4549,4.7528,-0.2025,-1.2692,-0.1039,1.4689,-0.0367,0.1230,0.0090,-0.0624,-0.0843,-0.0261,0.4088,0.1861,0.3849,1.0687,0.8020,-0.2600,0.0100,0.8020,-0.2600,0.2300,False,-0.0580,-0.0467,0.0586,0.0248,0.0503,-0.0688,0.3745,grasp,0.8020,-0.2600,0.0100,0.0000,0.0000,0.0000,False,,0.0500,0.0000,False
825,0.0,1.3843,-0.0290,False,False,False,-0.4565,4.7515,-0.2008,-1.2685,-0.1024,1.4669,-0.1095,-0.0927,0.1112,0.0483,0.0972,-0.1302,0.4193,0.1863,0.3852,1.0687,0.8020,-0.2600,0.0100,0.8020,-0.2600,0.2300,False,0.0423,-0.0126,0.0470,-0.0638,0.0491,-0.0702,-2.1920,grasp,0.8020,-0.2600,0.0100,0.0000,0.0000,0.0000,False,,0.0500,0.0000,False
826,0.0,1.3845,-0.0060,False,False,False,-0.4561,4.7514,-0.2006,-1.2685,-0.1023,1.4672,0.0450,-0.0168,0.0132,-0.0018,0.0098,0.0320,0.4391,0.1864,0.3858,1.0687,0.8020,-0.2600,0.0100,0.8020,-0.2600,0.2300,False,0.0450,-0.0168,0.0132,-0.0018,0.0098,0.0320,2.8161,grasp,0.8020,-0.2600,0.0100,0.0000,0.0000,0.0000,False,,0.0500,0.0000,True
827,0.0,1.3852,-0.0317,False,False,False,-0.4567,4.7489,-0.1981,-1.2675,-0.1014,1.4695,-0.0990,-0.1410,0.1475,0.0671,0.0476,0.1101,0.4474,0.1856,0.3864,1.0688,0.8020,-0.2600,0.0100,0.8020,-0.2600,0.2300,False,-0.0512,-0.0746,0.0779,0.0353,0.0252,0.0585,-0.8147,grasp,0.8020,-0.2600,0.0100,0.0000,0.0000,0.0000,False,,0.0500,0.0000,False
828,0.0,1.3858,-0.0113,False,False,False,-0.4586,4.7466,-0.1962,-1.2671,-0.1000,1.4712,-0.0424,-0.0204,-0.0139,-0.0534,0.0744,0.0134,0.4720,0.1853,0.3872,1.0688,0.8020,-0.2600,0.0100,0.8020,-0.2600,0.2300,False,-0.0439,-0.0231,-0.0117,-0.0525,0.0750,0.0150,2.8389,grasp,0.8020,-0.2600,0.0100,0.0000,0.0000,0.0000,False,,0.0500,0.0000,True
829,0.0,1.3863,-0.0147,False,False,False,-0.4593,4.7456,-0.1972,-1.2676,-0.0991,1.4710,0.0053,-0.0622,-0.0748,0.0521,-0.0511,-0.0418,0.4955,0.1850,0.3879,1.0689,0.8020,-0.2600,0.0100,0.8020,-0.2600,0.2300,False,0.0045,-0.0628,-0.0751,0.0511,-0.0497,-0.0415,-0.9896,grasp,0.8020,-0.2600,0.0100,0.0000,0.0000,0.0000,False,,0.0500,0.0000,False
830,0.0,1.3867,-0.0212,False,False,False,-0.4605,4.7450,-0.1973,-1.2667,-0.0991,1.4686,-0.0823,0.0540,0.0850,-0.0100,0.0613,-0.1087,0.4826,0.1844,0.3883,1.0688,0.8020,-0.2600,0.0100,0.8020,-0.2600,0.2300,False,-0.0432,0.0254,0.0433,-0.0043,0.0313,-0.0580,0.7976,grasp,0.8020,-0.2600,0.0100,0.0000,0.0000,0.0000,False,,0.0500,0.0000,False
831,0.0,1.3867,-0.0109,False,False,False,-0.4618,4.7454,-0.1964,-1.2673,-0.0986,1.4678,-0.0162,-0.0548,-0.0326,-0.0451,-0.0326,0.0810,0.4445,0.1842,0.3881,1.0688,0.8020,-0.2600,0.0100,0.8020,-0.2600,0.2300,False,-0.0173,-0.0517,-0.0313,-0.0452,-0.0317,0.0794,-1.3424,grasp,0.8020,-0.2600,0.0100,0.0000,0.0000,0.0000,False,,0.0500,0.0000,False
832,0.0,1.4148,-0.0318,False,False,False,-0.4778,4.6932,-0.2286,-1.3119,-0.1309,1.5480,-0.0000,-0.0000,-0.0000,-0.0000,-0.0000,0.0000,0.2291,0.1349,0.4030,1.0669,0.8020,-0.2600,0.0100,0.8020,-0.2600,0.2300,False,-0.0283,0.0333,0.0200,-0.0324,-0.0589,-0.0756,0.8114,grasp,0.8020,-0.2600,0.0100,0.0000,0.0000,0.0000,False,,0.0500,0.0000,True
833,0.0,0.0426,-0.0137,False,False,False,2.9770,2.9623,0.8424,-2.2312,1.5952,1.4387,0.0944,-0.0480,0.0292,-0.0253,0.0472,-0.0020,0.0000,0.7958,-0.2604,0.0521,0.8020,-0.2600,0.0099,0.8020,-0.2600,0.2299,True,0.0429,-0.0353,-0.0449,0.0557,0.0374,-0.0139,-0.3847,grasp,0.8020,-0.2600,0.0099,0.0000,0.0000,0.0000,False,,0.0500,0.0000,False
834,0.0,0.0411,-0.0160,False,False,False,2.9772,2.9616,0.8433,-2.2319,1.5950,1.4380,-0.0799,-0.0262,0.0688,-0.0519,-0.0611,-0.0662,0.0400,0.7960,-0.2595,0.0505,0.8020,-0.2600,0.0099,0.8020,-0.2600,0.2299,True,-0.0785,-0.0267,0.0691,-0.0521,-0.0607,-0.0662,-0.6842,grasp,0.8020,-0.2600,0.0099,0.0000,0.0000,0.0000,False,,0.0500,0.0000,False
835,0.0,0.0381,-0.0431,False,False,False,2.9736,2.9604,0.8465,-2.2343,1.5922,1.4349,-0.2163,-0.0712,0.1864,-0.1407,-0.1657,-0.1793,0.0800,0.7939,-0.2637,0.0469,0.8020,-0.2600,0.0099,0.8020,-0.2600,0.2299,True,0.0391,0.0125,-0.0508,-0.0717,-0.0169,-0.0003,-0.7591,grasp,0.8020,-0.2600,0.0099,0.0000,0.0000,0.0000,False,,0.0500,0.0000,False
836,0.0,0.0295,0.0066,False,False,False,3.0148,2.9855,0.7939,-2.2765,1.5396,1.4365,0.0000,-0.0000,-0.0000,-0.0001,0.0007,0.0000,0.3033,0.7900,-0.2443,0.0318,0.8020,-0.2600,0.0099,0.8020,-0.2600,0.2299,True,-0.0248,0.0326,0.0127,-0.0655,0.0296,0.0198,-2.3204,grasp,0.8020,-0.2600,0.0099,0.0000,0.0000,0.0000,False,,0.0500,0.0000,False
837,0.0,0.0656,-0.0397,False,False,False,2.9900,3.0182,0.8065,-2.3421,1.5692,1.4563,-0.0000,0.0000,0.0000,-0.0000,0.0000,0.0000,0.1046,0.7710,-0.2531,0.0673,0.8020,-0.2600,0.0099,0.8020,-0.2600,0.2299,True,-0.0019,-0.0789,-0.0243,0.0419,0.0009,-0.0545,1.6600,grasp,0.8020,-0.2600,0.0099,0.0000,0.0000,0.0000,False,,0.0500,0.0000,True
838,0.0,0.0375,-4.9735,True,False,False,2.9881,3.0038,0.7822,-2.3218,1.5529,1.4018,-0.0000,0.0000,-0.0000,-0.0000,0.0003,-0.0000,0.6114,0.7711,-0.2596,0.0312,0.8020,-0.2600,0.0099,0.8020,-0.2600,0.2299,True,0.0202,-0.0743,-0.0563,-0.0067,0.0069,-0.0217,2.3161,grasp,0.8020,-0.2600,0.0099,0.0000,0.0000,0.0000,False,,0.0500,0.0000,False
839,0.0,0.8463,-0.0021,False,False,False,5.2866,5.1566,0.6426,-1.4339,-2.4463,-4.7730,0.0000,0.0000,0.0000,0.0000,0.0000,0.0000,0.0198,0.3059,-0.6172,0.5953,0.8020,-0.2600,0.0100,0.8020,-0.2600,0.2300,False,0.0639,-0.0485,0.0590,0.0036,0.0758,0.0023,2.7374,grasp,0.8020,-0.2600,0.0100,0.0000,0.0000,0.0000,False,,0.0500,0.0000,True
840,0.0,0.8471,-0.0123,False,False,False,5.2873,5.1561,0.6432,-1.4339,-2.4456,-4.7730,0.0645,-0.0467,0.0591,0.0033,0.0766,0.0019,0.0397,0.3043,-0.6181,0.5945,0.8020,-0.2600,0.0100,0.8020,-0.2600,0.2300,False,0.0781,-0.0656,0.0127,-0.0190,0.0210,0.0666,0.1953,grasp,0.8020,-0.2600,0.0100,0.0000,0.0000,0.0000,False,,0.0500,0.0000,True
841,0.0,0.8471,-0.0211,False,False,False,5.2892,5.1551,0.6429,-1.4357,-2.4420,-4.7724,0.0399,-0.0095,-0.0958,-0.1215,0.1372,0.0339,0.1197,0.3043,-0.6181,0.5945,0.8020,-0.2600,0.0100,0.8020,-0.2600,0.2300,False,0.0225,-0.0059,-0.0493,-0.0639,0.0737,0.0179,-2.9088,grasp,0.8020,-0.2600,0.0100,0.0000,0.0000,0.0000,False,,0.0500,0.0000,False
842,0.0,0.8467,-0.0201,False,False,False,5.2892,5.1551,0.6429,-1.4357,-2.4420,-4.7724,0.0399,-0.0095,-0.0958,-0.1215,0.1372,0.0339,0.1197,0.3036,-0.6201,0.5921,0.8020,-0.2600,0.0100,0.8020,-0.2600,0.2300,False,0.0619,-0.0795,-0.0139,0.0380,0.0472,0.0329,-2.3021,grasp,0.8020,-0.2600,0.0100,0.0000,0.0000,0.0000,False,,0.0500,0.0000,False
843,0.0,0.8467,-0.0116,False,False,False,5.2904,5.1542,0.6414,-1.4370,-2.4396,-4.7716,0.0613,-0.0790,-0.0125,0.0397,0.0452,0.0324,0.1355,0.3042,-0.6199,0.5926,0.8020,-0.2600,0.0100,0.8020,-0.2600,0.2300,False,-0.0531,0.0744,-0.0497,0.0029,0.0699,-0.0320,1.1115,grasp,0.8020,-0.2600,0.0100,0.0000,0.0000,0.0000,False,,0.0500,0.0000,True
844,0.0,0.8468,-0.0126,False,False,False,5.2908,5.1547,0.6407,-1.4363,-2.4398,-4.7715,0.0385,0.0496,-0.0670,0.0722,-0.0224,0.0149,0.1758,0.3033,-0.6211,0.5913,0.8020,-0.2600,0.0100,0.8020,-0.2600,0.2300,False,0.0385,0.0496,-0.0670,0.0722,-0.0224,0.0149,-1.8892,grasp,0.8020,-0.2600,0.0100,0.0000,0.0000,0.0000,False,,0.0500,0.0000,False
845,0.0,0.8468,-0.0134,False,False,False,5.2908,5.1547,0.6407,-1.4363,-2.4398,-4.7715,0.0385,0.0496,-0.0670,0.0722,-0.0224,0.0149,0.1758,0.3033,-0.6211,0.5913,0.8020,-0.2600,0.0100,0.8020,-0.2600,0.2300,False,-0.0437,-0.0532,0.0609,-0.0612,-0.0718,0.0735,0.2167,grasp,0.8020,-0.2600,0.0100,0.0000,0.0000,0.0000,False,,0.0500,0.0000,True
846,0.0,0.8470,-0.0306,False,False,False,5.2906,5.1563,0.6375,-1.4367,-2.4384,-4.7730,-0.0570,0.0396,-0.1286,-0.1187,0.1198,-0.1158,0.1930,0.3034,-0.6221,0.5912,0.8020,-0.2600,0.0100,0.8020,-0.2600,0.2300,False,-0.0293,0.0218,-0.0689,-0.0611,0.0626,-0.0607,-1.2280,grasp,0.8020,-0.2600,0.0100,0.0000,0.0000,0.0000,False,,0.0500,0.0000,False
847,0.0,0.8476,-0.0086,False,False,False,5.2900,5.1561,0.6358,-1.4385,-2.4363,-4.7748,0.0172,-0.0781,0.0127,-0.0083,0.0390,-0.0137,0.2099,0.3032,-0.6230,0.5913,0.8020,-0.2600,0.0100,0.8020,-0.2600,0.2300,False,0.0163,-0.0775,0.0109,-0.0099,0.0407,-0.0154,-1.0988,grasp,0.8020,-0.2600,0.0100,0.0000,0.0000,0.0000,False,,0.0500,0.0000,False
848,0.0,0.8478,-0.0177,False,False,False,5.2903,5.1547,0.6360,-1.4387,-2.4356,-4.7750,0.0326,-0.1490,0.0241,-0.0157,0.0741,-0.0261,0.2149,0.3031,-0.6228,0.5915,0.8020,-0.2600,0.0100,0.8020,-0.2600,0.2300,False,-0.0364,0.0421,0.0258,0.0774,-0.0753,-0.0461,-2.9140,grasp,0.8020,-0.2600,0.0100,0.0000,0.0000,0.0000,False,,0.0500,0.0000,False
849,0.0,0.8479,-0.0140,False,False,False,5.2899,5.1550,0.6363,-1.4379,-2.4364,-4.7755,-0.0367,0.0450,0.0255,0.0776,-0.0760,-0.0459,0.1796,0.3035,-0.6215,0.5928,0.8020,-0.2600,0.0100,0.8020,-0.2600,0.2300,False,0.0545,0.0644,0.0340,0.0031,0.0287,0.0295,-1.2271,grasp,0.8020,-0.2600,0.0100,0.0000,0.0000,0.0000,False,,0.0500,0.0000,False
850,0.0,0.8479,-0.0245,False,False,False,5.2901,5.1532,0.6379,-1.4392,-2.4353,-4.7741,0.0127,-0.1219,0.1031,-0.0879,0.0701,0.0882,0.1429,0.3035,-0.6215,0.5928,0.8020,-0.2600,0.0100,0.8020,-0.2600,0.2300,False,0.0067,-0.0641,0.0542,-0.0463,0.0369,0.0464,-2.9294,grasp,0.8020,-0.2600,0.0100,0.0000,0.0000,0.0000,False,,0.0500,0.0000,False
851,0.0,0.8476,-0.0254,False,False,False,5.2901,5.1532,0.6379,-1.4392,-2.4353,-4.7741,0.0127,-0.1219,0.1031,-0.0879,0.0701,0.0882,0.1429,0.3045,-0.6198,0.5944,0.8020,-0.2600,0.0100,0.8020,-0.2600,0.2300,False,0.0490,0.0407,-0.0579,0.0627,-0.0663,0.0421,-0.9575,grasp,0.8020,-0.2600,0.0100,0.0000,0.0000,0.0000,False,,0.0500,0.0000,False
852,0.0,0.8481,-0.0167,False,False,False,5.2910,5.1510,0.6386,-1.4401,-2.4348,-4.7724,0.0714,-0.0409,-0.0712,0.0412,-0.0503,0.0503,0.1711,0.3040,-0.6197,0.5946,0.8020,-0.2600,0.0100,0.8020,-0.2600,0.2300,False,0.0715,-0.0437,-0.0698,0.0400,-0.0493,0.0515,1.3200,grasp,0.8020,-0.2600,0.0100,0.0000,0.0000,0.0000,False,,0.0500,0.0000,True
853,0.0,0.8481,-0.0134,False,False,False,5.2931,5.1500,0.6368,-1.4388,-2.4354,-4.7721,0.0630,-0.0069,-0.0486,0.0450,0.0388,-0.0649,0.1648,0.3040,-0.6197,0.5946,0.8020,-0.2600,0.0100,0.8020,-0.2600,0.2300,False,0.0649,-0.0092,-0.0500,0.0458,0.0378,-0.0639,-2.8404,grasp,0.8020,-0.2600,0.0100,0.0000,0.0000,0.0000,False,,0.0500,0.0000,False
854,0.0,0.8481,-0.0128,False,False,False,5.2931,5.1500,0.6368,-1.4388,-2.4354,-4.7721,0.0630,-0.0069,-0.0486,0.0450,0.0388,-0.0649,0.1648,0.3049,-0.6184,0.5963,0.8020,-0.2600,0.0100,0.8020,-0.2600,0.2300,False,-0.0412,-0.0247,-0.0009,0.0187,-0.0155,-0.0512,-2.5795,grasp,0.8020,-0.2600,0.0100,0.0000,0.0000,0.0000,False,,0.0500,0.0000,False
855,0.0,0.8484,-0.0227,False,False,False,5.2921,5.1486,0.6348,-1.4373,-2.4350,-4.7748,-0.1465,-0.0907,-0.0703,0.0411,-0.0235,-0.0975,0.1895,0.3047,-0.6182,0.5967,0.8020,-0.2600,0.0100,0.8020,-0.2600,0.2300,False,-0.0756,-0.0478,-0.0379,0.0225,-0.0116,-0.0525,-0.8662,grasp,0.8020,-0.2600,0.0100,0.0000,0.0000,0.0000,False,,0.0500,0.0000,False
856,0.0,0.8499,-0.0038,False,False,False,5.2898,5.1471,0.6338,-1.4368,-2.4353,-4.7762,0.0000,0.0000,0.0000,0.0000,0.0000,0.0000,0.2190,0.3032,-0.6186,0.5973,0.8020,-0.2600,0.0100,0.8020,-0.2600,0.2300,False,-0.0511,0.0001,0.0522,0.0730,-0.0648,0.0085,1.5185,grasp,0.8020,-0.2600,0.0100,0.0000,0.0000,0.0000,False,,0.0500,0.0000,True
857,0.0,0.8525,-0.0177,False,False,False,5.2894,5.1471,0.6343,-1.4360,-2.4360,-4.7761,-0.0474,0.0032,0.0532,0.0724,-0.0645,0.0099,0.2390,0.2997,-0.6202,0.5971,0.8020,-0.2600,0.0100,0.8020,-0.2600,0.2300,False,0.0641,0.0254,-0.0679,0.0778,0.0689,0.0155,-2.2285,grasp,0.8020,-0.2600,0.0100,0.0000,0.0000,0.0000,False,,0.0500,0.0000,False
858,0.0,0.8539,-0.0148,False,False,False,5.2880,5.1468,0.6348,-1.4349,-2.4378,-4.7756,-0.0408,-0.0436,-0.0527,-0.0243,-0.0644,0.0291,0.2990,0.2971,-0.6220,0.5957,0.8020,-0.2600,0.0100,0.8020,-0.2600,0.2300,False,-0.0419,-0.0432,-0.0517,-0.0229,-0.0657,0.0293,2.0591,grasp,0.8020,-0.2600,0.0100,0.0000,0.0000,0.0000,False,,0.0500,0.0000,True
859,0.0,0.8539,-0.0145,False,False,False,5.2880,5.1468,0.6348,-1.4349,-2.4378,-4.7756,-0.0408,-0.0436,-0.0527,-0.0243,-0.0644,0.0291,0.2990,0.2971,-0.6220,0.5957,0.8020,-0.2600,0.0100,0.8020,-0.2600,0.2300,False,-0.0302,0.0429,-0.0222,-0.0130,0.0441,-0.0238,1.8357,grasp,0.8020,-0.2600,0.0100,0.0000,0.0000,0.0000,False,,0.0500,0.0000,True
860,0.0,0.8555,-0.0137,False,False,False,5.2880,5.1458,0.6338,-1.4355,-2.4398,-4.7748,0.0770,-0.0073,0.0033,-0.0146,-0.0740,0.0224,0.3493,0.2955,-0.6229,0.5963,0.8020,-0.2600,0.0100,0.8020,-0.2600,0.2300,False,0.0762,-0.0092,0.0023,-0.0150,-0.0752,0.0230,0.6394,grasp,0.8020,-0.2600,0.0100,0.0000,0.0000,0.0000,False,,0.0500,0.0000,True
861,0.0,0.8554,-0.0236,False,False,False,5.2881,5.1438,0.6351,-1.4367,-2.4396,-4.7741,-0.0915,-0.1278,0.0783,-0.0601,0.1026,0.0183,0.4225,0.2959,-0.6227,0.5964,0.8020,-0.2600,0.0100,0.8020,-0.2600,0.2300,False,-0.0464,-0.0673,0.0413,-0.0319,0.0526,0.0101,3.0354,grasp,0.8020,-0.2600,0.0100,0.0000,0.0000,0.0000,False,,0.0500,0.0000,True
862,0.0,0.8564,-0.0230,False,False,False,5.2881,5.1438,0.6351,-1.4367,-2.4396,-4.7741,-0.0915,-0.1278,0.0783,-0.0601,0.1026,0.0183,0.4225,0.2941,-0.6237,0.5959,0.8020,-0.2600,0.0100,0.8020,-0.2600,0.2300,False,0.0208,0.0009,0.0594,0.0671,0.0458,-0.0311,-1.3976,grasp,0.8020,-0.2600,0.0100,0.0000,0.0000,0.0000,False,,0.0500,0.0000,False
863,0.0,0.8573,-0.0045,False,False,False,5.2868,5.1418,0.6362,-1.4376,-2.4382,-4.7739,0.0000,0.0000,0.0000,0.0000,0.0000,0.0000,0.4301,0.2931,-0.6236,0.5963,0.8020,-0.2600,0.0100,0.8020,-0.2600,0.2300,False,-0.0577,-0.0723,-0.0451,0.0355,-0.0318,0.0013,0.4979,grasp,0.8020,-0.2600,0.0100,0.0000,0.0000,0.0000,False,,0.0500,0.0000,False
864,0.0,0.8573,-0.0020,False,False,False,5.2862,5.1412,0.6357,-1.4372,-2.4385,-4.7739,-0.0000,0.0000,0.0000,0.0000,0.0000,0.0000,0.4134,0.2931,-0.6236,0.5963,0.8020,-0.2600,0.0100,0.8020,-0.2600,0.2300,False,0.0478,-0.0713,0.0600,-0.0565,-0.0575,-0.0571,-2.1343,grasp,0.8020,-0.2600,0.0100,0.0000,0.0000,0.0000,False,,0.0500,0.0000,False
865,0.0,0.8580,-0.0180,False,False,False,5.2867,5.1405,0.6364,-1.4378,-2.4391,-4.7744,0.0484,-0.0703,0.0605,-0.0569,-0.0571,-0.0571,0.3934,0.2931,-0.6225,0.5980,0.8020,-0.2600,0.0100,0.8020,-0.2600,0.2300,False,0.0153,0.0416,0.0201,0.0636,0.0721,0.0638,0.6497,grasp,0.8020,-0.2600,0.0100,0.0000,0.0000,0.0000,False,,0.0500,0.0000,False
866,0.0,0.8585,-0.0169,False,False,False,5.2887,5.1376,0.6376,-1.4385,-2.4407,-4.7770,0.0674,-0.1022,0.0061,0.0224,-0.0374,-0.0997,0.3969,0.2933,-0.6211,0.5998,0.8020,-0.2600,0.0100,0.8020,-0.2600,0.2300,False,0.0365,-0.0553,0.0044,0.0107,-0.0208,-0.0535,0.4717,grasp,0.8020,-0.2600,0.0100,0.0000,0.0000,0.0000,False,,0.0500,0.0000,False
867,0.0,0.8585,-0.0129,False,False,False,5.2898,5.1364,0.6371,-1.4389,-2.4418,-4.7786,0.0170,0.0418,-0.0616,-0.0692,-0.0544,-0.0178,0.3632,0.2933,-0.6211,0.5998,0.8020,-0.2600,0.0100,0.8020,-0.2600,0.2300,False,0.0183,0.0386,-0.0615,-0.0689,-0.0549,-0.0193,-2.4873,grasp,0.8020,-0.2600,0.0100,0.0000,0.0000,0.0000,False,,0.0500,0.0000,False
868,0.0,0.8588,-0.0115,False,False,False,5.2898,5.1364,0.6371,-1.4389,-2.4418,-4.7786,0.0170,0.0418,-0.0616,-0.0692,-0.0544,-0.0178,0.3632,0.2941,-0.6198,0.6018,0.8020,-0.2600,0.0100,0.8020,-0.2600,0.2300,False,-0.0443,0.0728,-0.0098,0.0759,-0.0366,0.0249,-1.9724,grasp,0.8020,-0.2600,0.0100,0.0000,0.0000,0.0000,False,,0.0500,0.0000,False
869,0.0,0.8594,-0.0166,False,False,False,5.2902,5.1366,0.6366,-1.4398,-2.4435,-4.7798,0.0035,-0.0533,0.0700,0.0349,-0.0630,-0.0785,0.3832,0.2938,-0.6203,0.6020,0.8020,-0.2600,0.0100,0.8020,-0.2600,0.2300,False,0.0039,-0.0525,0.0688,0.0336,-0.0641,-0.0789,1.1623,grasp,0.8020,-0.2600,0.0100,0.0000,0.0000,0.0000,False,,0.0500,0.0000,True
870,0.0,0.8594,-0.0026,False,False,False,5.2903,5.1356,0.6379,-1.4392,-2.4447,-4.7812,-0.0000,0.0000,0.0000,0.0000,0.0000,0.0000,0.3870,0.2938,-0.6203,0.6020,0.8020,-0.2600,0.0100,0.8020,-0.2600,0.2300,False,0.0401,-0.0427,0.0783,0.0715,0.0082,-0.0029,-2.2197,grasp,0.8020,-0.2600,0.0100,0.0000,0.0000,0.0000,False,,0.0500,0.0000,False
871,0.0,0.8583,-0.0206,False,False,False,5.2914,5.1344,0.6402,-1.4371,-2.4444,-4.7813,0.0760,-0.0792,0.1463,0.1345,0.0179,-0.0026,0.3470,0.2943,-0.6182,0.6021,0.8020,-0.2600,0.0100,0.8020,-0.2600,0.2300,False,0.0295,-0.0740,-0.0662,-0.0219,0.0208,0.0735,2.2145,grasp,0.8020,-0.2600,0.0100,0.0000,0.0000,0.0000,False,,0.0500,0.0000,True
872,0.0,0.8585,-0.0070,False,False,False,5.2910,5.1346,0.6403,-1.4373,-2.4450,-4.7815,-0.0457,0.0208,0.0094,-0.0141,-0.0580,-0.0214,0.4070,0.2936,-0.6191,0.6013,0.8020,-0.2600,0.0100,0.8020,-0.2600,0.2300,False,-0.0457,0.0208,0.0094,-0.0141,-0.0580,-0.0214,-1.7504,grasp,0.8020,-0.2600,0.0100,0.0000,0.0000,0.0000,False,,0.0500,0.0000,False
873,0.0,0.8589,-0.0091,False,False,False,5.2910,5.1346,0.6403,-1.4373,-2.4450,-4.7815,-0.0457,0.0208,0.0094,-0.0141,-0.0580,-0.0214,0.4070,0.2930,-0.6197,0.6009,0.8020,-0.2600,0.0100,0.8020,-0.2600,0.2300,False,-0.0387,0.0192,-0.0569,0.0704,-0.0408,0.0654,-2.1121,grasp,0.8020,-0.2600,0.0100,0.0000,0.0000,0.0000,False,,0.0500,0.0000,False
874,0.0,0.8595,-0.0149,False,False,False,5.2907,5.1350,0.6406,-1.4383,-2.4467,-4.7824,0.0559,-0.0103,0.0185,-0.0776,-0.0583,-0.0444,0.4435,0.2921,-0.6207,0.6005,0.8020,-0.2600,0.0100,0.8020,-0.2600,0.2300,False,0.0549,-0.0097,0.0187,-0.0778,-0.0594,-0.0448,0.8613,grasp,0.8020,-0.2600,0.0100,0.0000,0.0000,0.0000,False,,0.0500,0.0000,False
875,0.0,0.8595,-0.0110,False,False,False,5.2920,5.1352,0.6405,-1.4401,-2.4479,-4.7828,0.0299,0.0394,-0.0448,-0.0327,-0.0150,0.0409,0.4243,0.2921,-0.6207,0.6005,0.8020,-0.2600,0.0100,0.8020,-0.2600,0.2300,False,0.0312,0.0392,-0.0444,-0.0342,-0.0161,0.0400,-0.6752,grasp,0.8020,-0.2600,0.0100,0.0000,0.0000,0.0000,False,,0.0500,0.0000,False
876,0.0,0.8593,-0.0090,False,False,False,5.2920,5.1352,0.6405,-1.4401,-2.4479,-4.7828,0.0299,0.0394,-0.0448,-0.0327,-0.0150,0.0409,0.4243,0.2931,-0.6203,0.6012,0.8020,-0.2600,0.0100,0.8020,-0.2600,0.2300,False,0.0627,-0.0766,0.0182,-0.0120,0.0576,0.0490,-2.3225,grasp,0.8020,-0.2600,0.0100,0.0000,0.0000,0.0000,False,,0.0500,0.0000,False
877,0.0,0.8605,-0.0236,False,False,False,5.2920,5.1339,0.6400,-1.4417,-2.4498,-4.7827,-0.0391,-0.1352,0.0217,-0.0641,-0.1074,-0.0425,0.3720,0.2934,-0.6191,0.6039,0.8020,-0.2600,0.0100,0.8020,-0.2600,0.2300,False,-0.0200,-0.0701,0.0106,-0.0344,-0.0568,-0.0216,-1.0910,grasp,0.8020,-0.2600,0.0100,0.0000,0.0000,0.0000,False,,0.0500,0.0000,False
878,0.0,0.8605,-0.0198,False,False,False,5.2920,5.1339,0.6400,-1.4417,-2.4498,-4.7827,-0.0391,-0.1352,0.0217,-0.0641,-0.1074,-0.0425,0.3720,0.2934,-0.6191,0.6039,0.8020,-0.2600,0.0100,0.8020,-0.2600,0.2300,False,0.0654,0.0563,-0.0357,0.0730,-0.0318,0.0684,-2.7597,grasp,0.8020,-0.2600,0.0100,0.0000,0.0000,0.0000,False,,0.0500,0.0000,False
879,0.0,0.8625,-0.0144,False,False,False,5.2909,5.1319,0.6399,-1.4429,-2.4520,-4.7840,-0.0613,0.0182,-0.0382,-0.0285,-0.0618,-0.0750,0.3241,0.2927,-0.6179,0.6070,0.8020,-0.2600,0.0100,0.8020,-0.2600,0.2300,False,-0.0618,0.0136,-0.0379,-0.0294,-0.0633,-0.0757,-1.8300,grasp,0.8020,-0.2600,0.0100,0.0000,0.0000,0.0000,False,,0.0500,0.0000,False
880,0.0,0.8634,-0.0118,False,False,False,5.2894,5.1330,0.6389,-1.4437,-2.4538,-4.7855,-0.0276,0.0732,-0.0336,-0.0207,-0.0673,-0.0034,0.2958,0.2922,-0.6179,0.6079,0.8020,-0.2600,0.0100,0.8020,-0.2600,0.2300,False,-0.0292,0.0735,-0.0344,-0.0212,-0.0685,-0.0049,-1.2414,grasp,0.8020,-0.2600,0.0100,0.0000,0.0000,0.0000,False,,0.0500,0.0000,False
881,0.0,0.8635,-0.0119,False,False,False,5.2895,5.1347,0.6375,-1.4441,-2.4554,-4.7848,0.0650,0.0176,-0.0702,-0.0000,-0.0329,0.0759,0.3304,0.2922,-0.6181,0.6079,0.8020,-0.2600,0.0100,0.8020,-0.2600,0.2300,False,0.0644,0.0208,-0.0709,-0.0004,-0.0342,0.0758,1.2498,grasp,0.8020,-0.2600,0.0100,0.0000,0.0000,0.0000,False,,0.0500,0.0000,True
882,0.0,0.8638,-0.0238,False,False,False,5.2907,5.1351,0.6362,-1.4441,-2.4561,-4.7833,0.1235,0.0352,-0.1334,-0.0000,-0.0625,0.1442,0.3504,0.2920,-0.6198,0.6072,0.8020,-0.2600,0.0100,0.8020,-0.2600,0.2300,False,0.0166,-0.0320,0.0052,0.0164,-0.0487,-0.0401,-2.7996,grasp,0.8020,-0.2600,0.0100,0.0000,0.0000,0.0000,False,,0.0500,0.0000,False
883,0.0,0.8638,-0.0112,False,False,False,5.2930,5.1353,0.6337,-1.4440,-2.4576,-4.7807,0.0438,-0.0274,-0.0625,0.0013,-0.0654,0.0613,0.3339,0.2934,-0.6187,0.6090,0.8020,-0.2600,0.0100,0.8020,-0.2600,0.2300,False,0.0466,-0.0269,-0.0644,0.0013,-0.0663,0.0633,-2.9064,grasp,0.8020,-0.2600,0.0100,0.0000,0.0000,0.0000,False,,0.0500,0.0000,False
884,0.0,0.8638,-0.0262,False,False,False,5.2939,5.1348,0.6325,-1.4440,-2.4589,-4.7795,0.0000,0.0000,0.0000,0.0000,0.0000,0.0000,0.3338,0.2934,-0.6187,0.6090,0.8020,-0.2600,0.0100,0.8020,-0.2600,0.2300,False,0.0039,-0.0020,-0.0096,0.0733,0.0707,-0.0693,1.3804,grasp,0.8020,-0.2600,0.0100,0.0000,0.0000,0.0000,False,,0.0500,0.0000,True
885,0.0,0.8642,-0.0119,False,False,False,5.2939,5.1347,0.6324,-1.4433,-2.4581,-4.7802,0.0030,-0.0006,-0.0084,0.0733,0.0720,-0.0705,0.3537,0.2932,-0.6186,0.6096,0.8020,-0.2600,0.0100,0.8020,-0.2600,0.2300,False,-0.0120,-0.0637,-0.0663,-0.0635,-0.0018,0.0768,-2.6856,grasp,0.8020,-0.2600,0.0100,0.0000,0.0000,0.0000,False,,0.0500,0.0000,False
886,0.0,0.8661,-0.0297,False,False,False,5.2923,5.1345,0.6308,-1.4428,-2.4585,-4.7835,-0.1090,-0.0156,-0.0936,-0.0625,-0.1124,-0.1308,0.4336,0.2908,-0.6203,0.6091,0.8020,-0.2600,0.0100,0.8020,-0.2600,0.2300,False,-0.0573,-0.0083,-0.0494,-0.0315,-0.0578,-0.0702,2.2262,grasp,0.8020,-0.2600,0.0100,0.0000,0.0000,0.0000,False,,0.0500,0.0000,True
887,0.0,0.8661,-0.0093,False,False,False,5.2899,5.1348,0.6297,-1.4437,-2.4598,-4.7855,-0.0754,0.0588,0.0188,0.0032,0.0241,-0.0075,0.4881,0.2908,-0.6203,0.6091,0.8020,-0.2600,0.0100,0.8020,-0.2600,0.2300,False,-0.0777,0.0583,0.0175,0.0023,0.0225,-0.0094,1.8921,grasp,0.8020,-0.2600,0.0100,0.0000,0.0000,0.0000,False,,0.0500,0.0000,True
888,0.0,0.8692,-0.0049,False,False,False,5.2146,5.1928,0.6483,-1.4406,-2.4360,-4.7929,-0.0000,0.0000,0.0000,0.0000,0.0000,0.0000,0.6361,0.2563,-0.6641,0.5527,0.8020,-0.2600,0.0100,0.8020,-0.2600,0.2300,False,0.0596,0.0382,0.0505,-0.0532,-0.0565,0.0198,1.5144,grasp,0.8020,-0.2600,0.0100,0.0000,0.0000,0.0000,False,,0.0500,0.0000,False
889,0.0,1.3773,-0.0166,False,False,False,-0.4447,4.7551,-0.2264,-1.2852,-0.1048,1.4284,-0.0236,-0.0654,-0.0780,-0.0782,-0.0729,-0.0334,0.0277,0.1634,0.3763,1.0689,0.8020,-0.2600,0.0277,0.8020,-0.2600,0.2477,False,-0.0244,-0.0654,-0.0780,-0.0782,-0.0729,-0.0282,-1.9954,grasp,0.8020,-0.2600,0.0277,0.0000,0.0000,0.0000,False,,0.0500,0.0000,False
890,0.0,1.3782,-0.0343,False,False,False,-0.4451,4.7540,-0.2279,-1.2867,-0.1062,1.4277,-0.0449,-0.1252,-0.1482,-0.1486,-0.1385,-0.0635,0.0396,0.1625,0.3774,1.0689,0.8020,-0.2600,0.0277,0.8020,-0.2600,0.2477,False,-0.0472,-0.0746,-0.0080,0.0625,-0.0517,0.0696,-2.2258,grasp,0.8020,-0.2600,0.0277,0.0000,0.0000,0.0000,False,,0.0500,0.0000,False
891,0.0,1.3794,-0.0339,False,False,False,-0.4475,4.7518,-0.2271,-1.2838,-0.1013,1.4242,-0.0900,-0.0644,0.0273,0.1097,0.1873,-0.1327,0.1058,0.1633,0.3809,1.0689,0.8020,-0.2600,0.0277,0.8020,-0.2600,0.2477,False,-0.0262,-0.0191,0.0079,0.0319,0.0545,-0.0386,-1.6471,grasp,0.8020,-0.2600,0.0277,0.0000,0.0000,0.0000,False,,0.0500,0.0000,False
892,0.0,1.3805,-0.0158,False,False,False,-0.4490,4.7503,-0.2261,-1.2824,-0.0990,1.4232,-0.0442,-0.0765,0.0732,0.0035,0.0102,0.0580,0.1295,0.1632,0.3832,1.0689,0.8020,-0.2600,0.0277,0.8020,-0.2600,0.2477,False,-0.0453,-0.0774,0.0735,0.0048,0.0124,0.0564,-1.6132,grasp,0.8020,-0.2600,0.0277,0.0000,0.0000,0.0000,False,,0.0500,0.0000,False
893,0.0,1.3805,-0.0257,False,False,False,-0.4498,4.7489,-0.2247,-1.2824,-0.0988,1.4243,-0.0840,-0.1455,0.1391,0.0067,0.0193,0.1102,0.1360,0.1632,0.3832,1.0689,0.8020,-0.2600,0.0277,0.8020,-0.2600,0.2477,False,0.0654,-0.0239,0.0546,-0.0589,0.0027,-0.0733,0.4380,grasp,0.8020,-0.2600,0.0277,0.0000,0.0000,0.0000,False,,0.0500,0.0000,True
894,0.0,1.3808,-0.0492,False,False,False,-0.4524,4.7528,-0.2212,-1.2859,-0.0964,1.4284,-0.1216,0.2077,0.1701,-0.1697,0.1154,0.1962,0.2360,0.1630,0.3837,1.0689,0.8020,-0.2600,0.0277,0.8020,-0.2600,0.2477,False,-0.0449,0.0758,0.0628,-0.0626,0.0426,0.0724,-3.0395,grasp,0.8020,-0.2600,0.0277,0.0000,0.0000,0.0000,False,,0.0500,0.0000,False
895,0.0,1.3768,-0.0061,False,False,False,-0.4560,4.7606,-0.2167,-1.2899,-0.0931,1.4336,-0.0303,-0.0835,-0.0257,0.0710,0.0100,-0.0217,0.3139,0.1740,0.3850,1.0694,0.8020,-0.2600,0.0277,0.8020,-0.2600,0.2477,False,-0.0321,-0.0552,-0.0231,0.0685,0.0117,-0.0187,1.4327,grasp,0.8020,-0.2600,0.0277,0.0000,0.0000,0.0000,False,,0.0500,0.0000,True
896,0.0,1.3737,-0.0192,False,False,False,-0.4566,4.7592,-0.2172,-1.2885,-0.0929,1.4332,-0.0575,-0.1377,-0.0488,0.1350,0.0189,-0.0412,0.3336,0.1807,0.3844,1.0697,0.8020,-0.2600,0.0277,0.8020,-0.2600,0.2477,False,0.0090,0.0226,0.0743,-0.0590,-0.0233,-0.0670,1.7458,grasp,0.8020,-0.2600,0.0277,0.0000,0.0000,0.0000,False,,0.0500,0.0000,True
897,0.0,1.3745,-0.0339,False,False,False,-0.4596,4.7569,-0.2192,-1.2896,-0.0965,1.4324,-0.1452,-0.0996,-0.0969,-0.0516,-0.1766,-0.0407,0.4166,0.1800,0.3855,1.0696,0.8020,-0.2600,0.0277,0.8020,-0.2600,0.2477,False,-0.0536,-0.0369,-0.0357,-0.0190,-0.0652,-0.0150,1.0301,grasp,0.8020,-0.2600,0.0277,0.0000,0.0000,0.0000,False,,0.0500,0.0000,False
898,0.0,1.3754,-0.0029,False,False,False,-0.4637,4.7538,-0.2219,-1.2910,-0.1014,1.4312,-0.0000,-0.0000,-0.0000,0.0000,-0.0000,0.0000,0.4184,0.1805,0.3885,1.0693,0.8020,-0.2600,0.0277,0.8020,-0.2600,0.2477,False,0.0148,-0.0242,-0.0296,-0.0762,0.0471,-0.0179,-1.7954,grasp,0.8020,-0.2600,0.0277,0.0000,0.0000,0.0000,False,,0.0500,0.0000,False
899,0.0,1.3761,-0.0194,False,False,False,-0.4632,4.7532,-0.2227,-1.2932,-0.1000,1.4307,0.0322,-0.0399,-0.0534,-0.1432,0.0946,-0.0328,0.3784,0.1788,0.3883,1.0692,0.8020,-0.2600,0.0277,0.8020,-0.2600,0.2477,False,-0.0340,-0.0001,-0.0391,0.0303,-0.0756,-0.0755,-3.0245,grasp,0.8020,-0.2600,0.0277,0.0000,0.0000,0.0000,False,,0.0500,0.0000,False
900,0.0,1.3767,-0.0024,False,False,False,-0.4632,4.7532,-0.2227,-1.2932,-0.1000,1.4307,0.0000,-0.0000,-0.0000,0.0000,-0.0000,0.0000,0.3423,0.1775,0.3884,1.0693,0.8020,-0.2600,0.0277,0.8020,-0.2600,0.2477,False,0.0222,-0.0008,-0.0774,-0.0288,0.0769,0.0690,-1.5877,grasp,0.8020,-0.2600,0.0277,0.0000,0.0000,0.0000,False,,0.0500,0.0000,False
901,0.0,1.3789,-0.0050,False,False,False,-0.4619,4.7530,-0.2270,-1.2948,-0.0957,1.4346,-0.0000,-0.0000,-0.0000,0.0000,-0.0000,0.0000,0.2903,0.1720,0.3877,1.0694,0.8020,-0.2600,0.0277,0.8020,-0.2600,0.2477,False,-0.0600,-0.0416,-0.0385,0.0141,0.0326,-0.0364,-1.7761,grasp,0.8020,-0.2600,0.0277,0.0000,0.0000,0.0000,False,,0.0500,0.0000,False
902,0.0,1.3793,-0.0020,False,False,False,-0.4637,4.7518,-0.2281,-1.2944,-0.0948,1.4335,0.0000,-0.0000,-0.0000,0.0000,-0.0000,0.0000,0.2587,0.1704,0.3871,1.0693,0.8020,-0.2600,0.0277,0.8020,-0.2600,0.2477,False,0.0744,-0.0620,0.0654,0.0350,0.0686,0.0687,2.7496,grasp,0.8020,-0.2600,0.0277,0.0000,0.0000,0.0000,False,,0.0500,0.0000,True
903,0.0,1.3799,-0.0188,False,False,False,-0.4629,4.7512,-0.2274,-1.2941,-0.0942,1.4342,0.0756,-0.0605,0.0661,0.0347,0.0680,0.0694,0.2787,0.1702,0.3881,1.0693,0.8020,-0.2600,0.0277,0.8020,-0.2600,0.2477,False,-0.0551,-0.0312,-0.0295,-0.0557,-0.0443,-0.0073,-2.1322,grasp,0.8020,-0.2600,0.0277,0.0000,0.0000,0.0000,False,,0.0500,0.0000,False
904,0.0,1.3791,-0.0295,False,False,False,-0.4657,4.7519,-0.2310,-1.2965,-0.0980,1.4344,-0.1054,0.0496,-0.1584,-0.0894,-0.1644,0.0173,0.2550,0.1705,0.3868,1.0692,0.8020,-0.2600,0.0277,0.8020,-0.2600,0.2477,False,-0.0395,0.0180,-0.0588,-0.0335,-0.0611,0.0063,-1.5931,grasp,0.8020,-0.2600,0.0277,0.0000,0.0000,0.0000,False,,0.0500,0.0000,False
905,0.0,1.3790,-0.0168,False,False,False,-0.4665,4.7529,-0.2337,-1.2968,-0.0995,1.4352,0.0501,0.0379,-0.0682,0.0772,0.0628,0.0545,0.2849,0.1715,0.3877,1.0691,0.8020,-0.2600,0.0277,0.8020,-0.2600,0.2477,False,0.0488,0.0385,-0.0702,0.0760,0.0607,0.0548,0.2922,grasp,0.8020,-0.2600,0.0277,0.0000,0.0000,0.0000,False,,0.0500,0.0000,True
906,0.0,1.3794,-0.0351,False,False,False,-0.4656,4.7536,-0.2350,-1.2954,-0.0983,1.4362,0.0952,0.0720,-0.1296,0.1466,0.1194,0.1036,0.3001,0.1713,0.3884,1.0690,0.8020,-0.2600,0.0277,0.8020,-0.2600,0.2477,False,0.0476,-0.0737,0.0572,-0.0086,0.0553,0.0106,-2.8872,grasp,0.8020,-0.2600,0.0277,0.0000,0.0000,0.0000,False,,0.0500,0.0000,False
907,0.0,1.3792,-0.0288,False,False,False,-0.4625,4.7557,-0.2366,-1.2944,-0.1005,1.4378,0.1500,0.0996,-0.0775,0.0447,-0.1096,0.0756,0.3307,0.1719,0.3889,1.0690,0.8020,-0.2600,0.0277,0.8020,-0.2600,0.2477,False,0.0554,0.0367,-0.0286,0.0165,-0.0404,0.0279,0.2136,grasp,0.8020,-0.2600,0.0277,0.0000,0.0000,0.0000,False,,0.0500,0.0000,False
908,0.0,1.3786,-0.0119,False,False,False,-0.4604,4.7570,-0.2372,-1.2923,-0.1021,1.4373,0.0078,0.0043,0.0213,0.1022,-0.0098,-0.0939,0.2875,0.1722,0.3879,1.0688,0.8020,-0.2600,0.0277,0.8020,-0.2600,0.2477,False,0.0060,0.0036,0.0102,0.0544,-0.0065,-0.0484,-2.0006,grasp,0.8020,-0.2600,0.0277,0.0000,0.0000,0.0000,False,,0.0500,0.0000,False
909,0.0,1.3780,-0.0182,False,False,False,-0.4603,4.7571,-0.2369,-1.2908,-0.1022,1.4360,0.0111,0.0062,0.0304,0.1458,-0.0140,-0.1339,0.2733,0.1721,0.3866,1.0688,0.8020,-0.2600,0.0277,0.8020,-0.2600,0.2477,False,0.0065,0.0098,0.0093,-0.0766,0.0239,-0.0012,-2.5870,grasp,0.8020,-0.2600,0.0277,0.0000,0.0000,0.0000,False,,0.0500,0.0000,False
910,0.0,1.3773,-0.0253,False,False,False,-0.4630,4.7584,-0.2371,-1.2893,-0.1062,1.4345,-0.1291,0.0615,-0.0094,0.0754,-0.1922,-0.0728,0.2197,0.1717,0.3849,1.0688,0.8020,-0.2600,0.0277,0.8020,-0.2600,0.2477,False,-0.0476,0.0227,-0.0035,0.0278,-0.0709,-0.0269,-1.9190,grasp,0.8020,-0.2600,0.0277,0.0000,0.0000,0.0000,False,,0.0500,0.0000,False
911,0.0,1.3711,-0.0264,False,False,False,-0.4666,4.7609,-0.2351,-1.2863,-0.1099,1.4341,-0.1316,0.1190,0.1377,0.1342,-0.0795,0.0337,0.1641,0.1778,0.3780,1.0685,0.8020,-0.2600,0.0277,0.8020,-0.2600,0.2477,False,-0.0709,0.0634,0.0724,0.0716,-0.0443,0.0168,-2.8933,grasp,0.8020,-0.2600,0.0277,0.0000,0.0000,0.0000,False,,0.0500,0.0000,False
912,0.0,1.3687,-0.0453,False,False,False,-0.4685,4.7625,-0.2332,-1.2844,-0.1110,1.4346,-0.1877,0.1706,0.1964,0.1915,-0.1134,0.0481,0.1508,0.1807,0.3757,1.0685,0.8020,-0.2600,0.0277,0.8020,-0.2600,0.2477,False,-0.0754,0.0406,-0.0050,-0.0428,-0.0533,-0.0447,2.5339,grasp,0.8020,-0.2600,0.0277,0.0000,0.0000,0.0000,False,,0.0500,0.0000,True
913,0.0,1.3656,-0.0292,False,False,False,-0.4717,4.7663,-0.2311,-1.2852,-0.1128,1.4321,-0.1519,0.1322,0.1006,-0.0389,-0.0880,-0.1183,0.2501,0.1888,0.3768,1.0685,0.8020,-0.2600,0.0277,0.8020,-0.2600,0.2477,False,-0.0561,0.0497,0.0371,-0.0144,-0.0325,-0.0436,-2.4635,grasp,0.8020,-0.2600,0.0277,0.0000,0.0000,0.0000,False,,0.0500,0.0000,False
914,0.0,1.3609,-0.0257,False,False,False,-0.4755,4.7703,-0.2278,-1.2845,-0.1151,1.4326,-0.1236,0.1203,0.1312,0.0749,-0.0779,0.1287,0.2444,0.1954,0.3731,1.0685,0.8020,-0.2600,0.0277,0.8020,-0.2600,0.2477,False,-0.0670,0.0684,0.0703,0.0389,-0.0421,0.0662,-1.8098,grasp,0.8020,-0.2600,0.0277,0.0000,0.0000,0.0000,False,,0.0500,0.0000,False
915,0.0,1.3586,-0.0471,False,False,False,-0.4772,4.7720,-0.2259,-1.2835,-0.1162,1.4344,-0.1762,0.1760,0.1871,0.1068,-0.1111,0.1836,0.2369,0.1984,0.3711,1.0685,0.8020,-0.2600,0.0277,0.8020,-0.2600,0.2477,False,-0.0050,0.0591,-0.0354,-0.0584,0.0270,0.0204,2.9782,grasp,0.8020,-0.2600,0.0277,0.0000,0.0000,0.0000,False,,0.0500,0.0000,True
916,0.0,1.3581,-0.0305,False,False,False,-0.4784,4.7741,-0.2247,-1.2810,-0.1124,1.4318,-0.0547,0.0460,0.0588,0.1192,0.1858,-0.1274,0.3361,0.1998,0.3714,1.0684,0.8020,-0.2600,0.0277,0.8020,-0.2600,0.2477,False,-0.0202,0.0181,0.0217,0.0440,0.0686,-0.0470,-0.2782,grasp,0.8020,-0.2600,0.0277,0.0000,0.0000,0.0000,False,,0.0500,0.0000,False
917,0.0,1.3579,-0.0098,False,False,False,-0.4786,4.7748,-0.2234,-1.2801,-0.1103,1.4305,0.0475,-0.0030,0.0576,-0.0602,-0.0243,0.0313,0.3238,0.2026,0.3736,1.0684,0.8020,-0.2600,0.0277,0.8020,-0.2600,0.2477,False,0.0468,-0.0014,0.0584,-0.0587,-0.0220,0.0297,-2.3778,grasp,0.8020,-0.2600,0.0277,0.0000,0.0000,0.0000,False,,0.0500,0.0000,False
918,0.0,1.3574,-0.0008,False,False,False,-0.4777,4.7747,-0.2223,-1.2812,-0.1107,1.4311,0.0000,-0.0000,-0.0000,0.0000,-0.0000,0.0000,0.2995,0.2031,0.3729,1.0685,0.8020,-0.2600,0.0277,0.8020,-0.2600,0.2477,False,-0.0789,-0.0646,-0.0122,0.0089,-0.0530,-0.0079,-1.0921,grasp,0.8020,-0.2600,0.0277,0.0000,0.0000,0.0000,False,,0.0500,0.0000,False
919,0.0,1.3573,-0.0261,False,False,False,-0.4802,4.7727,-0.2221,-1.2799,-0.1094,1.4327,-0.1141,-0.0934,0.0249,0.0815,0.1194,0.1120,0.3552,0.2026,0.3721,1.0686,0.8020,-0.2600,0.0277,0.8020,-0.2600,0.2477,False,-0.0608,-0.0499,0.0130,0.0430,0.0623,0.0589,1.8403,grasp,0.8020,-0.2600,0.0277,0.0000,0.0000,0.0000,False,,0.0500,0.0000,True
920,0.0,1.3587,-0.0077,False,False,False,-0.4841,4.7696,-0.2211,-1.2776,-0.1060,1.4360,-0.0216,0.0136,0.0112,-0.0322,-0.0423,-0.0341,0.4349,0.2027,0.3752,1.0686,0.8020,-0.2600,0.0277,0.8020,-0.2600,0.2477,False,-0.0236,0.0105,0.0117,-0.0307,-0.0401,-0.0321,-0.4080,grasp,0.8020,-0.2600,0.0277,0.0000,0.0000,0.0000,False,,0.0500,0.0000,False
921,0.0,1.3594,-0.0029,False,False,False,-0.4845,4.7699,-0.2209,-1.2782,-0.1068,1.4353,-0.0000,-0.0000,-0.0000,0.0000,-0.0000,0.0000,0.4599,0.2031,0.3770,1.0686,0.8020,-0.2600,0.0277,0.8020,-0.2600,0.2477,False,0.0572,0.0415,-0.0709,-0.0683,-0.0588,0.0725,0.7482,grasp,0.8020,-0.2600,0.0277,0.0000,0.0000,0.0000,False,,0.0500,0.0000,False
922,0.0,1.3590,-0.0021,False,False,False,-0.4840,4.7703,-0.2216,-1.2789,-0.1074,1.4361,-0.0000,0.0000,-0.0000,0.0000,-0.0000,0.0000,0.4434,0.2040,0.3772,1.0686,0.8020,-0.2600,0.0277,0.8020,-0.2600,0.2477,False,-0.0141,0.0610,-0.0272,0.0090,-0.0365,0.0596,-2.5936,grasp,0.8020,-0.2600,0.0277,0.0000,0.0000,0.0000,False,,0.0500,0.0000,False
923,0.0,1.3567,-0.0232,False,False,False,-0.4848,4.7737,-0.2231,-1.2783,-0.1094,1.4394,-0.0398,0.1646,-0.0719,0.0263,-0.0974,0.1595,0.3834,0.2057,0.3738,1.0684,0.8020,-0.2600,0.0277,0.8020,-0.2600,0.2477,False,0.0110,0.0629,-0.0620,0.0737,0.0739,0.0671,-1.0972,grasp,0.8020,-0.2600,0.0277,0.0000,0.0000,0.0000,False,,0.0500,0.0000,False
924,0.0,1.3565,-0.0024,False,False,False,-0.4847,4.7745,-0.2237,-1.2776,-0.1086,1.4400,0.0000,-0.0000,-0.0000,0.0000,-0.0000,0.0000,0.3507,0.2056,0.3734,1.0684,0.8020,-0.2600,0.0277,0.8020,-0.2600,0.2477,False,0.0639,0.0265,0.0313,0.0129,-0.0450,0.0518,-1.0488,grasp,0.8020,-0.2600,0.0277,0.0000,0.0000,0.0000,False,,0.0500,0.0000,False
925,0.0,1.3562,-0.0027,False,False,False,-0.4840,4.7747,-0.2234,-1.2774,-0.1091,1.4405,0.0000,-0.0000,-0.0000,0.0000,-0.0000,0.0000,0.3623,0.2057,0.3730,1.0684,0.8020,-0.2600,0.0277,0.8020,-0.2600,0.2477,False,0.0345,0.0553,0.0643,0.0238,0.0291,-0.0365,2.7327,grasp,0.8020,-0.2600,0.0277,0.0000,0.0000,0.0000,False,,0.0500,0.0000,True
926,0.0,1.3562,-0.0387,False,False,False,-0.4860,4.7730,-0.2192,-1.2787,-0.1062,1.4369,-0.1099,-0.1097,0.1751,-0.0706,0.1267,-0.1562,0.3627,0.2061,0.3730,1.0687,0.8020,-0.2600,0.0277,0.8020,-0.2600,0.2477,False,-0.0402,-0.0398,0.0653,-0.0258,0.0471,-0.0580,-0.6276,grasp,0.8020,-0.2600,0.0277,0.0000,0.0000,0.0000,False,,0.0500,0.0000,False
927,0.0,1.3569,-0.0114,False,False,False,-0.4870,4.7715,-0.2176,-1.2793,-0.1048,1.4343,0.0367,-0.0158,-0.0631,0.0317,-0.0189,-0.0624,0.3933,0.2061,0.3741,1.0688,0.8020,-0.2600,0.0277,0.8020,-0.2600,0.2477,False,0.0353,-0.0171,-0.0609,0.0308,-0.0173,-0.0644,1.1167,grasp,0.8020,-0.2600,0.0277,0.0000,0.0000,0.0000,False,,0.0500,0.0000,True
928,0.0,1.3576,-0.0014,False,False,False,-0.4863,4.7711,-0.2188,-1.2787,-0.1051,1.4331,0.0000,-0.0000,-0.0000,0.0000,-0.0000,0.0000,0.4268,0.2057,0.3754,1.0687,0.8020,-0.2600,0.0277,0.8020,-0.2600,0.2477,False,-0.0541,-0.0022,0.0503,-0.0277,0.0217,0.0065,1.5229,grasp,0.8020,-0.2600,0.0277,0.0000,0.0000,0.0000,False,,0.0500,0.0000,True
929,0.0,1.3574,-0.0340,False,False,False,-0.4875,4.7722,-0.2189,-1.2747,-0.1018,1.4292,-0.0321,0.0512,-0.0327,0.2062,0.1506,-0.1936,0.5235,0.2076,0.3769,1.0686,0.8020,-0.2600,0.0277,0.8020,-0.2600,0.2477,False,-0.0124,0.0189,-0.0116,0.0758,0.0558,-0.0714,2.1672,grasp,0.8020,-0.2600,0.0277,0.0000,0.0000,0.0000,False,,0.0500,0.0000,True
930,0.0,1.3573,-0.0101,False,False,False,-0.4879,4.7729,-0.2195,-1.2724,-0.0996,1.4261,-0.0020,0.0023,-0.0190,-0.0379,0.0249,-0.0609,0.5394,0.2079,0.3772,1.0686,0.8020,-0.2600,0.0277,0.8020,-0.2600,0.2477,False,-0.0024,0.0032,-0.0194,-0.0353,0.0268,-0.0634,0.8740,grasp,0.8020,-0.2600,0.0277,0.0000,0.0000,0.0000,False,,0.0500,0.0000,False
931,0.0,1.3575,-0.0031,False,False,False,-0.4880,4.7729,-0.2199,-1.2731,-0.0991,1.4250,-0.0000,0.0000,-0.0000,0.0000,-0.0000,0.0000,0.5166,0.2074,0.3770,1.0686,0.8020,-0.2600,0.0277,0.8020,-0.2600,0.2477,False,0.0205,0.0338,-0.0043,0.0335,-0.0579,0.0469,-1.8348,grasp,0.8020,-0.2600,0.0277,0.0000,0.0000,0.0000,False,,0.0500,0.0000,False
932,0.0,1.3568,-0.0447,False,False,False,-0.4839,4.7772,-0.2162,-1.2762,-0.0972,1.4261,0.1876,0.1988,0.1784,-0.1654,0.1213,0.0331,0.4166,0.2074,0.3755,1.0687,0.8020,-0.2600,0.0277,0.8020,-0.2600,0.2477,False,0.0694,0.0733,0.0658,-0.0607,0.0442,0.0127,-1.7084,grasp,0.8020,-0.2600,0.0277,0.0000,0.0000,0.0000,False,,0.0500,0.0000,False
933,0.0,1.3546,-0.0145,False,False,False,-0.4808,4.7814,-0.2147,-1.2788,-0.0955,1.4269,0.0734,0.0567,-0.0747,-0.0484,0.0189,0.0338,0.3566,0.2101,0.3725,1.0691,0.8020,-0.2600,0.0277,0.8020,-0.2600,0.2477,False,0.0758,0.0706,-0.0724,-0.0505,0.0205,0.0342,-2.7690,grasp,0.8020,-0.2600,0.0277,0.0000,0.0000,0.0000,False,,0.0500,0.0000,False
934,0.0,1.3540,-0.0025,False,False,False,-0.4794,4.7826,-0.2161,-1.2797,-0.0951,1.4275,0.0000,0.0000,-0.0000,0.0000,-0.0000,0.0000,0.3264,0.2091,0.3704,1.0691,0.8020,-0.2600,0.0277,0.8020,-0.2600,0.2477,False,-0.0381,-0.0746,0.0519,0.0537,0.0082,0.0713,-1.3033,grasp,0.8020,-0.2600,0.0277,0.0000,0.0000,0.0000,False,,0.0500,0.0000,False
935,0.0,1.3540,-0.0407,False,False,False,-0.4771,4.7790,-0.2171,-1.2756,-0.0985,1.4307,0.1291,-0.1410,-0.0740,0.1746,-0.1681,0.1206,0.3965,0.2091,0.3704,1.0691,0.8020,-0.2600,0.0277,0.8020,-0.2600,0.2477,False,0.0472,-0.0526,-0.0268,0.0650,-0.0619,0.0452,2.3958,grasp,0.8020,-0.2600,0.0277,0.0000,0.0000,0.0000,False,,0.0500,0.0000,True
936,0.0,1.3561,-0.0176,False,False,False,-0.4756,4.7767,-0.2187,-1.2736,-0.0999,1.4329,-0.0130,0.0180,-0.0652,-0.0265,0.0734,0.0637,0.4199,0.2074,0.3738,1.0688,0.8020,-0.2600,0.0277,0.8020,-0.2600,0.2477,False,-0.0113,0.0095,-0.0661,-0.0243,0.0713,0.0652,-3.0683,grasp,0.8020,-0.2600,0.0277,0.0000,0.0000,0.0000,False,,0.0500,0.0000,False
937,0.0,1.3579,-0.0042,False,False,False,-0.4758,4.7770,-0.2200,-1.2741,-0.0985,1.4341,0.0000,0.0000,-0.0000,0.0000,-0.0000,0.0000,0.3888,0.2052,0.3757,1.0686,0.8020,-0.2600,0.0277,0.8020,-0.2600,0.2477,False,0.0657,-0.0626,0.0579,-0.0692,0.0634,-0.0527,-0.8767,grasp,0.8020,-0.2600,0.0277,0.0000,0.0000,0.0000,False,,0.0500,0.0000,False
938,0.0,1.4112,-0.0650,False,False,False,-0.4105,4.7142,-0.1613,-1.3428,-0.0361,1.3796,-0.0551,0.0069,-0.0507,0.0025,0.0395,-0.0638,0.2943,0.1290,0.4071,1.0735,0.8020,-0.2600,0.0277,0.8020,-0.2600,0.2477,False,-0.0551,0.0069,-0.0507,0.0025,0.0395,-0.0638,-0.4082,grasp,0.8020,-0.2600,0.0277,0.0000,0.0000,0.0000,False,,0.0500,0.0000,False
939,0.0,0.0507,-0.0125,False,False,False,-3.2946,2.9705,0.8339,4.0954,-4.7206,1.3702,-0.0046,-0.0561,0.0401,0.0480,-0.0874,-0.0099,0.0000,0.8097,-0.2620,0.0599,0.8020,-0.2600,0.0099,0.8020,-0.2600,0.2299,True,0.0629,-0.0747,-0.0569,-0.0757,-0.0123,0.0457,-0.1504,grasp,0.8020,-0.2600,0.0099,0.0000,0.0000,0.0000,False,,0.0500,0.0000,False
940,0.0,0.0494,-0.0025,False,False,False,-3.2946,2.9705,0.8339,4.0954,-4.7206,1.3702,0.0000,-0.0000,-0.0000,-0.0000,0.0000,0.0000,0.0200,0.8098,-0.2621,0.0586,0.8020,-0.2600,0.0099,0.8020,-0.2600,0.2299,True,-0.0085,-0.0251,0.0411,0.0409,-0.0034,-0.0758,-2.1590,grasp,0.8020,-0.2600,0.0099,0.0000,0.0000,0.0000,False,,0.0500,0.0000,False
941,0.0,0.0447,14.9786,True,False,False,-3.2956,2.9696,0.8349,4.0976,-4.7191,1.3714,-0.0657,-0.0558,0.0624,0.1417,0.0983,0.0833,0.1000,0.8103,-0.2626,0.0538,0.8020,-0.2600,0.0099,0.8020,-0.2600,0.2299,True,-0.0346,-0.0294,0.0328,0.0746,0.0517,0.0439,2.5054,grasp,0.8020,-0.2600,0.0099,0.0000,0.0000,0.0000,False,,0.0500,0.0000,True
942,0.0,0.0492,-0.0112,False,False,False,2.9892,3.7602,-0.8215,4.9394,-4.6638,1.4078,0.0202,-0.0036,-0.0363,0.0522,-0.0768,0.0373,0.0000,0.8088,-0.2454,0.0565,0.8020,-0.2600,0.0100,0.8020,-0.2600,0.2300,True,-0.0087,-0.0745,-0.0036,-0.0055,-0.0794,0.0353,-0.7660,grasp,0.8020,-0.2600,0.0100,0.0000,0.0000,0.0000,False,,0.0500,0.0000,False
943,0.0,0.0490,-0.0096,False,False,False,2.9892,3.7602,-0.8215,4.9394,-4.6638,1.4078,0.0202,-0.0036,-0.0363,0.0522,-0.0768,0.0373,0.0000,0.8089,-0.2455,0.0563,0.8020,-0.2600,0.0100,0.8020,-0.2600,0.2300,True,-0.0264,-0.0211,0.0175,-0.0324,-0.0440,0.0550,-0.8359,grasp,0.8020,-0.2600,0.0100,0.0000,0.0000,0.0000,False,,0.0500,0.0000,False
944,0.0,0.0267,15.0197,True,False,False,2.9628,3.7413,-0.8040,4.9126,-4.7018,1.4628,-0.0000,-0.0001,-0.0000,0.0002,-0.0007,-0.0000,0.2936,0.7969,-0.2764,0.0305,0.8020,-0.2600,0.0100,0.8020,-0.2600,0.2300,True,-0.0732,-0.0577,-0.0661,0.0615,-0.0132,-0.0228,1.2788,grasp,0.8020,-0.2600,0.0100,0.0000,0.0000,0.0000,False,,0.0500,0.0000,True
945,0.0,1.3884,-0.0139,False,False,False,-0.4520,4.7561,-0.2259,-1.2844,-0.1047,1.4749,-0.0670,0.0387,-0.0344,-0.0040,-0.0559,-0.0371,0.0400,0.1675,0.3752,1.0689,0.8020,-0.2600,0.0099,0.8020,-0.2600,0.2299,False,-0.0670,0.0387,-0.0344,-0.0040,-0.0559,-0.0371,0.4485,grasp,0.8020,-0.2600,0.0099,0.0000,0.0000,0.0000,False,,0.0500,0.0000,True
946,0.0,1.3879,-0.0211,False,False,False,-0.4528,4.7564,-0.2278,-1.2823,-0.1063,1.4757,0.0300,-0.0308,-0.0801,0.1441,-0.0355,0.0996,0.0891,0.1696,0.3763,1.0689,0.8020,-0.2600,0.0099,0.8020,-0.2600,0.2299,False,0.0145,-0.0153,-0.0428,0.0758,-0.0198,0.0517,-1.8331,grasp,0.8020,-0.2600,0.0099,0.0000,0.0000,0.0000,False,,0.0500,0.0000,False
947,0.0,1.3891,-0.0156,False,False,False,-0.4528,4.7555,-0.2283,-1.2807,-0.1063,1.4776,-0.0460,-0.0405,0.0615,-0.0443,0.0495,0.0398,0.1368,0.1694,0.3792,1.0686,0.8020,-0.2600,0.0099,0.8020,-0.2600,0.2299,False,-0.0455,-0.0417,0.0603,-0.0422,0.0490,0.0412,1.1344,grasp,0.8020,-0.2600,0.0099,0.0000,0.0000,0.0000,False,,0.0500,0.0000,True
948,0.0,1.3895,-0.0168,False,False,False,-0.4531,4.7553,-0.2268,-1.2820,-0.1061,1.4791,0.0588,0.0638,0.0372,-0.0499,-0.0757,0.0757,0.1967,0.1721,0.3826,1.0687,0.8020,-0.2600,0.0099,0.8020,-0.2600,0.2299,False,0.0579,0.0630,0.0384,-0.0508,-0.0748,0.0764,-2.7419,grasp,0.8020,-0.2600,0.0099,0.0000,0.0000,0.0000,False,,0.0500,0.0000,False
949,0.0,1.3893,-0.0173,False,False,False,-0.4512,4.7561,-0.2260,-1.2835,-0.1068,1.4813,0.0748,-0.0619,0.0055,-0.0550,0.0777,0.0741,0.1943,0.1723,0.3823,1.0687,0.8020,-0.2600,0.0099,0.8020,-0.2600,0.2299,False,0.0759,-0.0589,0.0062,-0.0559,0.0763,0.0755,-2.4711,grasp,0.8020,-0.2600,0.0099,0.0000,0.0000,0.0000,False,,0.0500,0.0000,False
950,0.0,1.3927,-0.0200,False,False,False,-0.4483,4.7543,-0.2273,-1.2860,-0.1038,1.4857,-0.0319,0.0941,-0.0958,0.0067,-0.0438,0.0652,0.2333,0.1681,0.3853,1.0689,0.8020,-0.2600,0.0099,0.8020,-0.2600,0.2299,False,-0.0147,0.0454,-0.0503,0.0021,-0.0209,0.0363,0.8228,grasp,0.8020,-0.2600,0.0099,0.0000,0.0000,0.0000,False,,0.0500,0.0000,True
951,0.0,1.3914,-0.0286,False,False,False,-0.4493,4.7573,-0.2304,-1.2858,-0.1053,1.4878,-0.0577,0.1655,-0.1735,0.0122,-0.0792,0.1181,0.2733,0.1720,0.3864,1.0687,0.8020,-0.2600,0.0099,0.8020,-0.2600,0.2299,False,-0.0461,-0.0541,0.0232,-0.0625,-0.0123,-0.0730,-0.9755,grasp,0.8020,-0.2600,0.0099,0.0000,0.0000,0.0000,False,,0.0500,0.0000,False
952,0.0,1.3918,-0.0254,False,False,False,-0.4506,4.7557,-0.2296,-1.2876,-0.1056,1.4856,-0.0865,-0.1071,0.0475,-0.1190,-0.0219,-0.1409,0.2752,0.1715,0.3867,1.0688,0.8020,-0.2600,0.0099,0.8020,-0.2600,0.2299,False,0.0522,-0.0366,-0.0264,0.0698,-0.0529,0.0755,2.2288,grasp,0.8020,-0.2600,0.0099,0.0000,0.0000,0.0000,False,,0.0500,0.0000,True
953,0.0,1.3923,-0.0141,False,False,False,-0.4502,4.7549,-0.2291,-1.2864,-0.1068,1.4866,-0.0117,-0.0444,0.0761,0.0452,-0.0684,0.0195,0.3550,0.1729,0.3893,1.0687,0.8020,-0.2600,0.0099,0.8020,-0.2600,0.2299,False,-0.0112,-0.0449,0.0758,0.0459,-0.0690,0.0203,1.0263,grasp,0.8020,-0.2600,0.0099,0.0000,0.0000,0.0000,False,,0.0500,0.0000,True
954,0.0,1.3911,-0.0434,False,False,False,-0.4512,4.7513,-0.2230,-1.2828,-0.1123,1.4882,-0.0403,-0.1532,0.2616,0.1555,-0.2353,0.0671,0.4148,0.1756,0.3899,1.0685,0.8020,-0.2600,0.0099,0.8020,-0.2600,0.2299,False,-0.0170,0.0422,-0.0403,-0.0642,-0.0123,-0.0412,-1.7405,grasp,0.8020,-0.2600,0.0099,0.0000,0.0000,0.0000,False,,0.0500,0.0000,False
955,0.0,1.3911,-0.0145,False,False,False,-0.4518,4.7509,-0.2236,-1.2821,-0.1126,1.4884,-0.0645,-0.0422,-0.0619,0.0704,-0.0298,0.0283,0.3805,0.1749,0.3891,1.0684,0.8020,-0.2600,0.0099,0.8020,-0.2600,0.2299,False,-0.0645,-0.0422,-0.0619,0.0704,-0.0298,0.0283,-0.7399,grasp,0.8020,-0.2600,0.0099,0.0000,0.0000,0.0000,False,,0.0500,0.0000,False
956,0.0,1.3911,-0.0088,False,False,False,-0.4546,4.7494,-0.2258,-1.2785,-0.1140,1.4898,0.0174,0.0730,0.0637,0.0344,-0.0019,0.0088,0.3554,0.1740,0.3886,1.0681,0.8020,-0.2600,0.0099,0.8020,-0.2600,0.2299,False,0.0156,0.0694,0.0620,0.0363,-0.0027,0.0096,-0.7162,grasp,0.8020,-0.2600,0.0099,0.0000,0.0000,0.0000,False,,0.0500,0.0000,False
957,0.0,1.3903,-0.0149,False,False,False,-0.4550,4.7503,-0.2251,-1.2781,-0.1144,1.4904,-0.0733,-0.0844,-0.0452,-0.0230,-0.0354,0.0421,0.3864,0.1759,0.3888,1.0681,0.8020,-0.2600,0.0099,0.8020,-0.2600,0.2299,False,-0.0730,-0.0788,-0.0440,-0.0224,-0.0355,0.0423,1.0868,grasp,0.8020,-0.2600,0.0099,0.0000,0.0000,0.0000,False,,0.0500,0.0000,True
958,0.0,1.3908,-0.0167,False,False,False,-0.4556,4.7490,-0.2263,-1.2783,-0.1157,1.4920,0.0780,0.0546,-0.0391,0.0180,-0.0678,0.0748,0.3714,0.1746,0.3889,1.0681,0.8020,-0.2600,0.0099,0.8020,-0.2600,0.2299,False,0.0766,0.0495,-0.0400,0.0176,-0.0684,0.0756,-1.2344,grasp,0.8020,-0.2600,0.0099,0.0000,0.0000,0.0000,False,,0.0500,0.0000,False
959,0.0,1.3906,-0.0114,False,False,False,-0.4547,4.7500,-0.2274,-1.2783,-0.1166,1.4940,-0.0593,-0.0032,-0.0280,-0.0345,0.0436,0.0610,0.3684,0.1747,0.3886,1.0680,0.8020,-0.2600,0.0099,0.8020,-0.2600,0.2299,False,-0.0578,-0.0020,-0.0288,-0.0341,0.0423,0.0624,0.0805,grasp,0.8020,-0.2600,0.0099,0.0000,0.0000,0.0000,False,,0.0500,0.0000,False
960,0.0,1.3919,-0.0197,False,False,False,-0.4563,4.7492,-0.2288,-1.2790,-0.1138,1.4933,-0.0295,-0.0465,-0.0584,-0.0001,0.1297,-0.1233,0.4318,0.1744,0.3910,1.0681,0.8020,-0.2600,0.0099,0.8020,-0.2600,0.2299,False,-0.0167,-0.0245,-0.0313,-0.0007,0.0691,-0.0637,2.3681,grasp,0.8020,-0.2600,0.0099,0.0000,0.0000,0.0000,False,,0.0500,0.0000,True
961,0.0,1.3932,-0.0128,False,False,False,-0.4568,4.7479,-0.2300,-1.2785,-0.1127,1.4915,-0.0101,-0.0641,-0.0398,0.0494,-0.0749,-0.0040,0.4620,0.1731,0.3925,1.0680,0.8020,-0.2600,0.0099,0.8020,-0.2600,0.2299,False,-0.0105,-0.0657,-0.0407,0.0494,-0.0731,-0.0057,-0.4222,grasp,0.8020,-0.2600,0.0099,0.0000,0.0000,0.0000,False,,0.0500,0.0000,False
962,0.0,1.3935,-0.0140,False,False,False,-0.4565,4.7468,-0.2312,-1.2768,-0.1144,1.4909,0.0474,0.0430,-0.0444,0.0742,-0.0290,-0.0510,0.4534,0.1722,0.3927,1.0678,0.8020,-0.2600,0.0099,0.8020,-0.2600,0.2299,False,0.0473,0.0394,-0.0452,0.0751,-0.0304,-0.0511,0.5199,grasp,0.8020,-0.2600,0.0099,0.0000,0.0000,0.0000,False,,0.0500,0.0000,False
963,0.0,1.3952,-0.0293,False,False,False,-0.4535,4.7457,-0.2339,-1.2752,-0.1165,1.4905,0.1382,-0.1429,-0.1179,0.0128,-0.0999,0.0391,0.5081,0.1702,0.3949,1.0676,0.8020,-0.2600,0.0099,0.8020,-0.2600,0.2299,False,0.0737,-0.0737,-0.0629,0.0081,-0.0531,0.0196,1.9773,grasp,0.8020,-0.2600,0.0099,0.0000,0.0000,0.0000,False,,0.0500,0.0000,True
964,0.0,1.3981,-0.0158,False,False,False,-0.4510,4.7420,-0.2360,-1.2751,-0.1185,1.4913,0.0517,-0.0516,-0.0426,-0.0128,-0.0629,0.0230,0.5331,0.1661,0.3972,1.0673,0.8020,-0.2600,0.0099,0.8020,-0.2600,0.2299,False,0.0537,-0.0661,-0.0443,-0.0127,-0.0643,0.0235,1.3996,grasp,0.8020,-0.2600,0.0099,0.0000,0.0000,0.0000,False,,0.0500,0.0000,False
965,0.0,1.3991,-0.0137,False,False,False,-0.4503,4.7414,-0.2370,-1.2749,-0.1204,1.4915,-0.0191,0.0788,-0.0217,0.0480,-0.0661,-0.0228,0.5668,0.1647,0.3982,1.0673,0.8020,-0.2600,0.0099,0.8020,-0.2600,0.2299,False,-0.0181,0.0747,-0.0225,0.0478,-0.0673,-0.0224,2.2906,grasp,0.8020,-0.2600,0.0099,0.0000,0.0000,0.0000,False,,0.0500,0.0000,False
966,0.0,1.3975,-0.0222,False,False,False,-0.4511,4.7445,-0.2372,-1.2758,-0.1228,1.4892,-0.0317,0.0958,0.0129,-0.1184,-0.0782,-0.1268,0.5193,0.1672,0.3973,1.0672,0.8020,-0.2600,0.0099,0.8020,-0.2600,0.2299,False,-0.0171,0.0528,0.0064,-0.0614,-0.0424,-0.0672,-1.6105,grasp,0.8020,-0.2600,0.0099,0.0000,0.0000,0.0000,False,,0.0500,0.0000,False
967,0.0,1.3952,-0.0086,False,False,False,-0.4513,4.7468,-0.2377,-1.2775,-0.1240,1.4867,0.0308,0.0743,-0.0662,0.0010,-0.0011,-0.0601,0.4986,0.1697,0.3946,1.0674,0.8020,-0.2600,0.0099,0.8020,-0.2600,0.2299,False,0.0303,0.0782,-0.0660,-0.0007,-0.0022,-0.0619,0.7485,grasp,0.8020,-0.2600,0.0099,0.0000,0.0000,0.0000,False,,0.0500,0.0000,False
968,0.0,1.3949,-0.0108,False,False,False,-0.4501,4.7487,-0.2383,-1.2774,-0.1244,1.4856,0.0566,0.0376,0.0692,0.0006,-0.0389,0.0041,0.4582,0.1701,0.3943,1.0674,0.8020,-0.2600,0.0099,0.8020,-0.2600,0.2299,False,0.0572,0.0396,0.0679,0.0007,-0.0389,0.0030,-1.9087,grasp,0.8020,-0.2600,0.0099,0.0000,0.0000,0.0000,False,,0.0500,0.0000,False
969,0.0,1.3941,-0.0142,False,False,False,-0.4497,4.7493,-0.2374,-1.2767,-0.1252,1.4851,-0.0653,-0.0246,-0.0423,0.0782,-0.0063,-0.0629,0.4780,0.1705,0.3931,1.0674,0.8020,-0.2600,0.0099,0.8020,-0.2600,0.2299,False,-0.0643,-0.0225,-0.0410,0.0782,-0.0071,-0.0628,2.5027,grasp,0.8020,-0.2600,0.0099,0.0000,0.0000,0.0000,False,,0.0500,0.0000,True
970,0.0,1.3935,-0.0266,False,False,False,-0.4509,4.7488,-0.2382,-1.2752,-0.1253,1.4839,-0.1242,-0.0453,-0.0803,0.1486,-0.0120,-0.1196,0.4979,0.1718,0.3930,1.0673,0.8020,-0.2600,0.0099,0.8020,-0.2600,0.2299,False,0.0609,-0.0528,0.0533,0.0029,0.0758,0.0175,-1.2701,grasp,0.8020,-0.2600,0.0099,0.0000,0.0000,0.0000,False,,0.0500,0.0000,False
971,0.0,1.3935,-0.0378,False,False,False,-0.4508,4.7551,-0.2423,-1.2693,-0.1241,1.4849,0.0058,0.2420,-0.1559,0.2223,0.0458,0.0394,0.3932,0.1717,0.3931,1.0672,0.8020,-0.2600,0.0099,0.8020,-0.2600,0.2299,False,0.0017,0.0702,-0.0453,0.0647,0.0133,0.0115,-1.0826,grasp,0.8020,-0.2600,0.0099,0.0000,0.0000,0.0000,False,,0.0500,0.0000,False
972,0.0,1.3906,0.0003,False,False,False,-0.4507,4.7586,-0.2441,-1.2667,-0.1235,1.4854,0.0000,-0.0000,-0.0000,0.0000,-0.0000,0.0000,0.3733,0.1740,0.3895,1.0670,0.8020,-0.2600,0.0099,0.8020,-0.2600,0.2299,False,0.0301,-0.0621,0.0198,-0.0183,-0.0515,-0.0245,-0.6899,grasp,0.8020,-0.2600,0.0099,0.0000,0.0000,0.0000,False,,0.0500,0.0000,False
973,0.0,1.3893,-0.0196,False,False,False,-0.4498,4.7566,-0.2435,-1.2673,-0.1250,1.4847,0.0570,-0.1293,0.0412,-0.0398,-0.0989,-0.0474,0.3617,0.1752,0.3880,1.0669,0.8020,-0.2600,0.0099,0.8020,-0.2600,0.2299,False,0.0666,-0.0397,-0.0260,0.0144,0.0336,-0.0267,-1.8696,grasp,0.8020,-0.2600,0.0099,0.0000,0.0000,0.0000,False,,0.0500,0.0000,False
974,0.0,1.3898,-0.0147,False,False,False,-0.4491,4.7569,-0.2431,-1.2679,-0.1254,1.4842,0.0751,0.0410,0.0427,-0.0633,-0.0321,-0.0450,0.3647,0.1742,0.3882,1.0669,0.8020,-0.2600,0.0099,0.8020,-0.2600,0.2299,False,0.0751,0.0408,0.0427,-0.0633,-0.0321,-0.0450,0.4909,grasp,0.8020,-0.2600,0.0099,0.0000,0.0000,0.0000,False,,0.0500,0.0000,False
975,0.0,1.3887,-0.0215,False,False,False,-0.4417,4.7598,-0.2380,-1.2750,-0.1282,1.4811,0.0857,-0.0424,0.1086,-0.1278,-0.0168,0.0300,0.3312,0.1769,0.3878,1.0672,0.8020,-0.2600,0.0099,0.8020,-0.2600,0.2299,False,0.0477,-0.0197,0.0586,-0.0694,-0.0099,0.0142,-2.7364,grasp,0.8020,-0.2600,0.0099,0.0000,0.0000,0.0000,False,,0.0500,0.0000,False
976,0.0,1.3886,-0.0296,False,False,False,-0.4405,4.7592,-0.2364,-1.2768,-0.1284,1.4815,0.1222,-0.0593,0.1549,-0.1823,-0.0239,0.0428,0.3112,0.1755,0.3862,1.0673,0.8020,-0.2600,0.0099,0.8020,-0.2600,0.2299,False,-0.0579,-0.0131,0.0615,0.0050,-0.0740,0.0619,-1.8641,grasp,0.8020,-0.2600,0.0099,0.0000,0.0000,0.0000,False,,0.0500,0.0000,False
977,0.0,1.3888,-0.0021,False,False,False,-0.4405,4.7592,-0.2364,-1.2768,-0.1284,1.4815,0.0000,-0.0000,-0.0000,0.0000,-0.0000,0.0000,0.2934,0.1748,0.3857,1.0675,0.8020,-0.2600,0.0099,0.8020,-0.2600,0.2299,False,0.0470,-0.0745,-0.0690,-0.0289,0.0032,-0.0225,-1.0454,grasp,0.8020,-0.2600,0.0099,0.0000,0.0000,0.0000,False,,0.0500,0.0000,False
978,0.0,1.3908,-0.0039,False,False,False,-0.4379,4.7540,-0.2403,-1.2784,-0.1283,1.4802,0.0000,-0.0000,-0.0000,-0.0000,0.0000,0.0000,0.3062,0.1712,0.3864,1.0674,0.8020,-0.2600,0.0099,0.8020,-0.2600,0.2299,False,0.0419,-0.0434,-0.0153,-0.0295,0.0464,0.0468,2.7529,grasp,0.8020,-0.2600,0.0099,0.0000,0.0000,0.0000,False,,0.0500,0.0000,True
979,0.0,1.3951,-0.0065,False,False,False,-0.4367,4.7530,-0.2407,-1.2792,-0.1269,1.4816,0.0000,-0.0000,-0.0000,0.0000,-0.0000,0.0000,0.3653,0.1668,0.3916,1.0674,0.8020,-0.2600,0.0099,0.8020,-0.2600,0.2299,False,-0.0387,-0.0640,-0.0037,0.0601,0.0179,0.0358,2.2077,grasp,0.8020,-0.2600,0.0099,0.0000,0.0000,0.0000,False,,0.0500,0.0000,True
980,0.0,1.3954,-0.0124,False,False,False,-0.4371,4.7524,-0.2407,-1.2786,-0.1268,1.4819,-0.0399,-0.0621,-0.0033,0.0609,0.0166,0.0345,0.3851,0.1668,0.3923,1.0674,0.8020,-0.2600,0.0099,0.8020,-0.2600,0.2299,False,0.0242,-0.0462,-0.0298,0.0602,0.0520,-0.0433,1.3741,grasp,0.8020,-0.2600,0.0099,0.0000,0.0000,0.0000,False,,0.0500,0.0000,True
981,0.0,1.3976,-0.0470,False,False,False,-0.4329,4.7511,-0.2375,-1.2839,-0.1234,1.4767,0.1864,-0.0006,0.1265,-0.2450,0.1158,-0.2248,0.4088,0.1646,0.3942,1.0678,0.8020,-0.2600,0.0099,0.8020,-0.2600,0.2299,False,0.0535,-0.0016,0.0367,-0.0701,0.0340,-0.0647,-0.2099,grasp,0.8020,-0.2600,0.0099,0.0000,0.0000,0.0000,False,,0.0500,0.0000,False
982,0.0,1.3984,-0.0134,False,False,False,-0.4302,4.7506,-0.2357,-1.2862,-0.1223,1.4738,0.0565,-0.0475,0.0294,0.0664,-0.0281,-0.0178,0.3822,0.1630,0.3940,1.0680,0.8020,-0.2600,0.0099,0.8020,-0.2600,0.2299,False,0.0587,-0.0475,0.0309,0.0635,-0.0268,-0.0204,-0.9147,grasp,0.8020,-0.2600,0.0099,0.0000,0.0000,0.0000,False,,0.0500,0.0000,False
983,0.0,1.3988,-0.0243,False,False,False,-0.4291,4.7497,-0.2351,-1.2849,-0.1228,1.4735,0.1074,-0.0904,0.0559,0.1262,-0.0535,-0.0338,0.3723,0.1622,0.3940,1.0679,0.8020,-0.2600,0.0099,0.8020,-0.2600,0.2299,False,-0.0024,-0.0271,-0.0033,0.0768,-0.0394,0.0635,-1.0905,grasp,0.8020,-0.2600,0.0099,0.0000,0.0000,0.0000,False,,0.0500,0.0000,False
984,0.0,1.3988,-0.0375,False,False,False,-0.4254,4.7467,-0.2307,-1.2817,-0.1233,1.4728,0.1762,-0.1419,0.2122,0.1574,-0.0231,-0.0346,0.3587,0.1622,0.3940,1.0679,0.8020,-0.2600,0.0099,0.8020,-0.2600,0.2299,False,0.0650,-0.0524,0.0783,0.0581,-0.0085,-0.0128,-0.3609,grasp,0.8020,-0.2600,0.0099,0.0000,0.0000,0.0000,False,,0.0500,0.0000,False
985,0.0,1.4002,-0.0035,False,False,False,-0.4205,4.7426,-0.2248,-1.2773,-0.1240,1.4718,-0.0000,-0.0000,-0.0000,0.0000,-0.0000,0.0000,0.3378,0.1594,0.3946,1.0678,0.8020,-0.2600,0.0099,0.8020,-0.2600,0.2299,False,-0.0773,0.0672,0.0326,-0.0023,0.0106,-0.0711,-2.6075,grasp,0.8020,-0.2600,0.0099,0.0000,0.0000,0.0000,False,,0.0500,0.0000,False
986,0.0,1.4002,-0.0261,False,False,False,-0.4228,4.7445,-0.2239,-1.2774,-0.1236,1.4698,-0.1519,0.1340,0.0558,-0.0089,0.0208,-0.1342,0.2978,0.1583,0.3935,1.0678,0.8020,-0.2600,0.0099,0.8020,-0.2600,0.2299,False,0.0659,0.0150,0.0194,0.0273,0.0080,-0.0590,-2.6153,grasp,0.8020,-0.2600,0.0099,0.0000,0.0000,0.0000,False,,0.0500,0.0000,False
987,0.0,1.3989,-0.0070,False,False,False,-0.4223,4.7450,-0.2244,-1.2772,-0.1232,1.4693,0.0577,0.0107,-0.0470,0.0205,0.0390,-0.0484,0.2602,0.1598,0.3921,1.0678,0.8020,-0.2600,0.0099,0.8020,-0.2600,0.2299,False,0.0577,0.0111,-0.0470,0.0205,0.0390,-0.0484,-1.6887,grasp,0.8020,-0.2600,0.0099,0.0000,0.0000,0.0000,False,,0.0500,0.0000,False
988,0.0,1.4008,-0.0125,False,False,False,-0.4183,4.7457,-0.2284,-1.2751,-0.1202,1.4647,-0.0718,-0.0170,-0.0189,0.0486,-0.0063,-0.0722,0.2798,0.1550,0.3916,1.0678,0.8020,-0.2600,0.0099,0.8020,-0.2600,0.2299,False,-0.0683,-0.0166,-0.0218,0.0498,-0.0039,-0.0752,0.3940,grasp,0.8020,-0.2600,0.0099,0.0000,0.0000,0.0000,False,,0.0500,0.0000,True
989,0.0,1.4009,-0.0313,False,False,False,-0.4217,4.7449,-0.2293,-1.2728,-0.1205,1.4613,-0.1947,-0.0466,-0.0512,0.1317,-0.0170,-0.1957,0.3198,0.1566,0.3936,1.0676,0.8020,-0.2600,0.0099,0.8020,-0.2600,0.2299,False,-0.0704,-0.0414,0.0194,0.0331,-0.0329,-0.0149,-2.3297,grasp,0.8020,-0.2600,0.0099,0.0000,0.0000,0.0000,False,,0.0500,0.0000,False
990,0.0,1.4008,-0.0139,False,False,False,-0.4214,4.7442,-0.2289,-1.2730,-0.1211,1.4608,0.0254,-0.0757,0.0395,-0.0147,-0.0625,-0.0532,0.2847,0.1573,0.3942,1.0675,0.8020,-0.2600,0.0099,0.8020,-0.2600,0.2299,False,0.0254,-0.0757,0.0395,-0.0147,-0.0625,-0.0532,-1.5355,grasp,0.8020,-0.2600,0.0099,0.0000,0.0000,0.0000,False,,0.0500,0.0000,False
991,0.0,1.4019,-0.0035,False,False,False,-0.4194,4.7375,-0.2257,-1.2742,-0.1261,1.4565,0.0000,-0.0000,-0.0000,0.0000,-0.0000,0.0000,0.2830,0.1541,0.3933,1.0675,0.8020,-0.2600,0.0099,0.8020,-0.2600,0.2299,False,0.0534,-0.0267,0.0628,0.0251,0.0404,-0.0548,1.6725,grasp,0.8020,-0.2600,0.0099,0.0000,0.0000,0.0000,False,,0.0500,0.0000,True
992,0.0,1.4038,-0.0364,False,False,False,-0.4164,4.7363,-0.2222,-1.2727,-0.1237,1.4536,0.1422,-0.0604,0.1666,0.0694,0.1154,-0.1434,0.3425,0.1527,0.3961,1.0675,0.8020,-0.2600,0.0099,0.8020,-0.2600,0.2299,False,0.0011,-0.0684,0.0791,0.0342,-0.0252,0.0543,-1.5897,grasp,0.8020,-0.2600,0.0099,0.0000,0.0000,0.0000,False,,0.0500,0.0000,False
993,0.0,1.4043,-0.0347,False,False,False,-0.4164,4.7363,-0.2222,-1.2727,-0.1237,1.4536,0.1422,-0.0604,0.1666,0.0694,0.1154,-0.1434,0.3425,0.1525,0.3970,1.0675,0.8020,-0.2600,0.0099,0.8020,-0.2600,0.2299,False,0.0623,-0.0425,-0.0567,-0.0196,0.0274,0.0310,2.4599,grasp,0.8020,-0.2600,0.0099,0.0000,0.0000,0.0000,False,,0.0500,0.0000,True
994,0.0,1.4043,-0.0102,False,False,False,-0.4172,4.7370,-0.2226,-1.2724,-0.1237,1.4521,-0.0484,0.0442,-0.0221,0.0184,0.0037,-0.0948,0.4425,0.1548,0.3993,1.0674,0.8020,-0.2600,0.0099,0.8020,-0.2600,0.2299,False,-0.0255,0.0232,-0.0116,0.0097,0.0019,-0.0499,2.7514,grasp,0.8020,-0.2600,0.0099,0.0000,0.0000,0.0000,False,,0.0500,0.0000,True
995,0.0,0.0412,-0.0034,False,False,False,2.9820,3.7219,-0.7824,4.9537,-4.7486,-4.9179,0.0000,-0.0000,-0.0000,0.0000,-0.0000,-0.0000,0.0001,0.8165,-0.2766,0.0447,0.8020,-0.2600,0.0099,0.8020,-0.2600,0.2299,True,0.0701,-0.0401,-0.0600,0.0434,-0.0172,-0.0734,-0.5710,grasp,0.8020,-0.2600,0.0099,0.0000,0.0000,0.0000,False,,0.0500,0.0000,False
996,0.0,0.0379,14.9472,True,False,False,3.0512,3.7607,-0.8428,4.9857,-4.8224,-4.9899,-0.0545,0.0861,-0.0298,-0.1522,0.6780,0.0935,0.3873,0.8250,-0.2442,0.0356,0.8020,-0.2600,0.0099,0.8020,-0.2600,0.2299,True,-0.0287,-0.0632,-0.0157,-0.0641,0.0220,0.0492,1.5754,grasp,0.8020,-0.2600,0.0099,0.0000,0.0000,0.0000,False,,0.0500,0.0000,True
997,0.0,1.3744,-0.7661,False,False,False,-0.4506,4.7550,-0.2255,-1.2845,-0.1033,1.4750,0.0679,-0.0730,0.0135,-0.0051,0.0757,-0.0303,0.0394,0.1657,0.3734,1.0690,0.8020,-0.2600,0.0283,0.8020,-0.2600,0.2483,False,0.0679,-0.0730,0.0135,-0.0051,0.0757,-0.0303,1.4867,grasp,0.8020,-0.2600,0.0283,0.0000,0.0000,0.0000,False,,0.0500,0.0000,True
998,0.0,1.3754,-0.0030,False,False,False,-0.4493,4.7534,-0.2252,-1.2845,-0.1019,1.4744,0.0000,-0.0000,-0.0000,0.0000,-0.0000,0.0000,0.0789,0.1660,0.3759,1.0690,0.8020,-0.2600,0.0283,0.8020,-0.2600,0.2483,False,0.0492,-0.0618,-0.0686,0.0634,0.0333,0.0482,-1.3656,grasp,0.8020,-0.2600,0.0283,0.0000,0.0000,0.0000,False,,0.0500,0.0000,False
999,0.0,1.3779,-0.0044,False,False,False,-0.4479,4.7514,-0.2272,-1.2827,-0.1010,1.4758,0.0000,-0.0000,-0.0000,0.0000,-0.0000,0.0000,0.1270,0.1648,0.3801,1.0689,0.8020,-0.2600,0.0283,0.8020,-0.2600,0.2483,False,-0.0247,0.0363,0.0736,-0.0218,-0.0448,0.0714,-0.5901,grasp,0.8020,-0.2600,0.0283,0.0000,0.0000,0.0000,False,,0.0500,0.0000,False
1000,0.0,1.3783,-0.0025,False,False,False,-0.4490,4.7546,-0.2225,-1.2846,-0.1039,1.4792,0.0365,0.0586,0.0521,-0.0617,-0.0363,-0.0614,0.1890,0.1671,0.3834,1.0689,0.8020,-0.2600,0.0283,0.8020,-0.2600,0.2483,False,0.0358,0.0647,0.0541,-0.0623,-0.0376,-0.0595,-1.6287,grasp,0.8020,-0.2600,0.0283,0.0000,0.0000,0.0000,False,,0.0500,0.0000,False
1001,0.0,1.3764,-0.0281,False,False,False,-0.4483,4.7557,-0.2215,-1.2858,-0.1046,1.4780,0.0693,0.1169,0.0990,-0.1173,-0.0691,-0.1166,0.1894,0.1708,0.3827,1.0690,0.8020,-0.2600,0.0283,0.8020,-0.2600,0.2483,False,0.0363,-0.0394,0.0785,-0.0585,0.0473,0.0328,1.4873,grasp,0.8020,-0.2600,0.0283,0.0000,0.0000,0.0000,False,,0.0500,0.0000,True
1002,0.0,1.3760,-0.0271,False,False,False,-0.4473,4.7547,-0.2192,-1.2874,-0.1032,1.4790,0.0676,-0.0792,0.1473,-0.1089,0.0911,0.0646,0.2484,0.1729,0.3838,1.0691,0.8020,-0.2600,0.0283,0.8020,-0.2600,0.2483,False,-0.0684,-0.0501,-0.0327,0.0043,0.0570,-0.0339,1.6660,grasp,0.8020,-0.2600,0.0283,0.0000,0.0000,0.0000,False,,0.0500,0.0000,True
1003,0.0,1.3772,-0.0034,False,False,False,-0.4493,4.7532,-0.2203,-1.2873,-0.1016,1.4780,0.0000,-0.0000,-0.0000,0.0000,-0.0000,0.0000,0.3278,0.1732,0.3865,1.0691,0.8020,-0.2600,0.0283,0.8020,-0.2600,0.2483,False,-0.0353,-0.0109,0.0613,-0.0118,-0.0710,-0.0631,-2.6101,grasp,0.8020,-0.2600,0.0283,0.0000,0.0000,0.0000,False,,0.0500,0.0000,False
1004,0.0,1.3772,-0.0246,False,False,False,-0.4503,4.7530,-0.2185,-1.2876,-0.1037,1.4762,-0.0646,-0.0180,0.1177,-0.0226,-0.1370,-0.1187,0.3678,0.1753,0.3887,1.0691,0.8020,-0.2600,0.0283,0.8020,-0.2600,0.2483,False,0.0397,0.0202,-0.0267,-0.0325,0.0472,-0.0745,0.9331,grasp,0.8020,-0.2600,0.0283,0.0000,0.0000,0.0000,False,,0.0500,0.0000,True
1005,0.0,1.3775,-0.0020,False,False,False,-0.4499,4.7532,-0.2187,-1.2879,-0.1032,1.4754,-0.0000,-0.0000,-0.0000,0.0000,-0.0000,0.0000,0.3761,0.1752,0.3891,1.0691,0.8020,-0.2600,0.0283,0.8020,-0.2600,0.2483,False,0.0613,-0.0195,-0.0593,-0.0408,0.0131,0.0531,-2.5243,grasp,0.8020,-0.2600,0.0283,0.0000,0.0000,0.0000,False,,0.0500,0.0000,False
1006,0.0,1.3788,-0.0136,False,False,False,-0.4483,4.7519,-0.2207,-1.2885,-0.1034,1.4774,-0.0210,-0.0678,-0.0204,0.0660,-0.0592,0.0447,0.3761,0.1727,0.3896,1.0691,0.8020,-0.2600,0.0283,0.8020,-0.2600,0.2483,False,-0.0198,-0.0694,-0.0216,0.0652,-0.0590,0.0457,2.0160,grasp,0.8020,-0.2600,0.0283,0.0000,0.0000,0.0000,False,,0.0500,0.0000,True
1007,0.0,1.3804,-0.0051,False,False,False,-0.4493,4.7483,-0.2216,-1.2854,-0.1061,1.4795,-0.0000,-0.0000,-0.0000,0.0000,-0.0000,0.0000,0.4143,0.1713,0.3921,1.0688,0.8020,-0.2600,0.0283,0.8020,-0.2600,0.2483,False,0.0065,-0.0012,0.0139,-0.0226,-0.0595,-0.0670,-0.1599,grasp,0.8020,-0.2600,0.0283,0.0000,0.0000,0.0000,False,,0.0500,0.0000,False
1008,0.0,1.3803,-0.0105,False,False,False,-0.4496,4.7479,-0.2222,-1.2856,-0.1071,1.4788,-0.0425,-0.0501,-0.0717,0.0082,-0.0396,-0.0058,0.3754,0.1705,0.3912,1.0687,0.8020,-0.2600,0.0283,0.8020,-0.2600,0.2483,False,-0.0424,-0.0501,-0.0715,0.0080,-0.0402,-0.0064,-1.3816,grasp,0.8020,-0.2600,0.0283,0.0000,0.0000,0.0000,False,,0.0500,0.0000,False
1009,0.0,1.3810,-0.0158,False,False,False,-0.4512,4.7469,-0.2243,-1.2858,-0.1071,1.4791,-0.0743,0.0133,-0.0723,-0.0353,0.0758,0.0447,0.3609,0.1691,0.3914,1.0687,0.8020,-0.2600,0.0283,0.8020,-0.2600,0.2483,False,-0.0751,0.0102,-0.0736,-0.0351,0.0751,0.0446,-0.2860,grasp,0.8020,-0.2600,0.0283,0.0000,0.0000,0.0000,False,,0.0500,0.0000,False
1010,0.0,1.3810,-0.0263,False,False,False,-0.4506,4.7482,-0.2264,-1.2850,-0.1066,1.4814,0.1344,0.0667,-0.0506,0.0958,-0.0632,0.0951,0.3533,0.1687,0.3913,1.0686,0.8020,-0.2600,0.0283,0.8020,-0.2600,0.2483,False,0.0693,0.0354,-0.0280,0.0497,-0.0318,0.0509,-0.5316,grasp,0.8020,-0.2600,0.0283,0.0000,0.0000,0.0000,False,,0.0500,0.0000,False
1011,0.0,1.3809,-0.0088,False,False,False,-0.4483,4.7493,-0.2273,-1.2831,-0.1071,1.4824,0.0332,0.0231,-0.0141,0.0553,0.0465,-0.0392,0.3501,0.1687,0.3911,1.0685,0.8020,-0.2600,0.0283,0.8020,-0.2600,0.2483,False,0.0351,0.0241,-0.0148,0.0567,0.0456,-0.0378,-0.4291,grasp,0.8020,-0.2600,0.0283,0.0000,0.0000,0.0000,False,,0.0500,0.0000,False
1012,0.0,1.3812,-0.0119,False,False,False,-0.4478,4.7496,-0.2283,-1.2816,-0.1056,1.4819,-0.0091,-0.0182,-0.0757,0.0401,0.0598,0.0325,0.3117,0.1673,0.3903,1.0685,0.8020,-0.2600,0.0283,0.8020,-0.2600,0.2483,False,-0.0085,-0.0177,-0.0760,0.0411,0.0607,0.0317,-1.9647,grasp,0.8020,-0.2600,0.0283,0.0000,0.0000,0.0000,False,,0.0500,0.0000,False
1013,0.0,1.3822,-0.0119,False,False,False,-0.4472,4.7491,-0.2298,-1.2816,-0.1048,1.4829,0.0788,-0.0098,-0.0070,-0.0798,-0.0365,0.0325,0.3175,0.1659,0.3912,1.0684,0.8020,-0.2600,0.0283,0.8020,-0.2600,0.2483,False,0.0786,-0.0110,-0.0085,-0.0791,-0.0354,0.0331,0.0896,grasp,0.8020,-0.2600,0.0283,0.0000,0.0000,0.0000,False,,0.0500,0.0000,False
1014,0.0,1.3828,-0.0250,False,False,False,-0.4457,4.7489,-0.2299,-1.2832,-0.1055,1.4835,0.1497,-0.0195,-0.0133,-0.1517,-0.0694,0.0617,0.3269,0.1653,0.3918,1.0685,0.8020,-0.2600,0.0283,0.8020,-0.2600,0.2483,False,-0.0430,-0.0058,0.0234,0.0326,0.0736,-0.0448,1.2117,grasp,0.8020,-0.2600,0.0283,0.0000,0.0000,0.0000,False,,0.0500,0.0000,True
1015,0.0,1.3835,-0.0715,False,False,False,-0.4392,4.7449,-0.2362,-1.2769,-0.1118,1.4774,0.2457,-0.1581,-0.2377,0.2370,-0.2399,-0.2321,0.4427,0.1657,0.3938,1.0684,0.8020,-0.2600,0.0283,0.8020,-0.2600,0.2483,False,0.0714,-0.0456,-0.0691,0.0689,-0.0697,-0.0675,1.5659,grasp,0.8020,-0.2600,0.0283,0.0000,0.0000,0.0000,False,,0.0500,0.0000,True
1016,0.0,1.3888,-0.0177,False,False,False,-0.4363,4.7421,-0.2396,-1.2748,-0.1151,1.4748,-0.0026,0.0600,-0.0593,-0.0730,-0.0458,0.0206,0.4205,0.1580,0.3991,1.0673,0.8020,-0.2600,0.0283,0.8020,-0.2600,0.2483,False,0.0003,0.0425,-0.0621,-0.0702,-0.0487,0.0178,-1.1077,grasp,0.8020,-0.2600,0.0283,0.0000,0.0000,0.0000,False,,0.0500,0.0000,False
1017,0.0,1.3889,-0.0248,False,False,False,-0.4363,4.7431,-0.2407,-1.2762,-0.1160,1.4752,-0.0049,0.0984,-0.1127,-0.1387,-0.0870,0.0391,0.4043,0.1567,0.3981,1.0673,0.8020,-0.2600,0.0283,0.8020,-0.2600,0.2483,False,0.0301,0.0412,-0.0060,0.0489,-0.0607,-0.0694,-2.6493,grasp,0.8020,-0.2600,0.0283,0.0000,0.0000,0.0000,False,,0.0500,0.0000,False
1018,0.0,1.3889,-0.0602,False,False,False,-0.4300,4.7479,-0.2357,-1.2800,-0.1226,1.4808,0.2404,0.1866,0.1900,-0.1432,-0.2519,0.2112,0.4843,0.1567,0.3981,1.0673,0.8020,-0.2600,0.0283,0.8020,-0.2600,0.2483,False,0.0699,0.0541,0.0552,-0.0416,-0.0733,0.0614,1.5984,grasp,0.8020,-0.2600,0.0283,0.0000,0.0000,0.0000,False,,0.0500,0.0000,False
1019,0.0,1.3858,-0.0140,False,False,False,-0.4280,4.7504,-0.2335,-1.2823,-0.1251,1.4828,-0.0799,-0.0613,-0.0027,-0.0581,0.0531,-0.0519,0.4942,0.1627,0.3971,1.0676,0.8020,-0.2600,0.0283,0.8020,-0.2600,0.2483,False,-0.0770,-0.0499,-0.0004,-0.0598,0.0501,-0.0494,0.3252,grasp,0.8020,-0.2600,0.0283,0.0000,0.0000,0.0000,False,,0.0500,0.0000,False
1020,0.0,1.3841,-0.0260,False,False,False,-0.4295,4.7493,-0.2335,-1.2834,-0.1241,1.4818,-0.1518,-0.1075,-0.0051,-0.1104,0.1008,-0.0987,0.4889,0.1655,0.3959,1.0677,0.8020,-0.2600,0.0283,0.8020,-0.2600,0.2483,False,0.0055,0.0175,-0.0585,-0.0680,0.0193,0.0576,-1.1472,grasp,0.8020,-0.2600,0.0283,0.0000,0.0000,0.0000,False,,0.0500,0.0000,False
1021,0.0,1.3846,-0.0120,False,False,False,-0.4288,4.7500,-0.2340,-1.2835,-0.1242,1.4820,0.0661,0.0770,-0.0458,-0.0163,-0.0116,0.0236,0.4289,0.1648,0.3962,1.0678,0.8020,-0.2600,0.0283,0.8020,-0.2600,0.2483,False,0.0661,0.0769,-0.0458,-0.0163,-0.0116,0.0236,-1.2398,grasp,0.8020,-0.2600,0.0283,0.0000,0.0000,0.0000,False,,0.0500,0.0000,False
1022,0.0,1.3830,-0.0391,False,False,False,-0.4235,4.7562,-0.2377,-1.2849,-0.1251,1.4839,0.2274,0.2650,-0.1574,-0.0561,-0.0399,0.0810,0.3783,0.1649,0.3928,1.0678,0.8020,-0.2600,0.0283,0.8020,-0.2600,0.2483,False,0.0372,-0.0584,0.0632,0.0012,-0.0561,-0.0266,2.6513,grasp,0.8020,-0.2600,0.0283,0.0000,0.0000,0.0000,False,,0.0500,0.0000,True
1023,0.0,1.3828,-0.0147,False,False,False,-0.4240,4.7572,-0.2385,-1.2843,-0.1250,1.4834,-0.0554,0.0675,-0.0761,0.0592,0.0108,-0.0509,0.4378,0.1665,0.3940,1.0678,0.8020,-0.2600,0.0283,0.8020,-0.2600,0.2483,False,-0.0554,0.0678,-0.0761,0.0592,0.0108,-0.0509,0.9293,grasp,0.8020,-0.2600,0.0283,0.0000,0.0000,0.0000,False,,0.0500,0.0000,False
1024,0.0,1.3822,-0.0309,False,False,False,-0.4251,4.7584,-0.2399,-1.2831,-0.1248,1.4825,-0.1053,0.1284,-0.1446,0.1126,0.0205,-0.0967,0.4578,0.1676,0.3941,1.0677,0.8020,-0.2600,0.0283,0.8020,-0.2600,0.2483,False,0.0158,-0.0745,0.0492,-0.0017,-0.0431,-0.0612,2.9987,grasp,0.8020,-0.2600,0.0283,0.0000,0.0000,0.0000,False,,0.0500,0.0000,True
1025,0.0,1.3819,-0.0437,False,False,False,-0.4285,4.7614,-0.2452,-1.2802,-0.1231,1.4892,-0.1298,0.1108,-0.2015,0.1134,0.0670,0.2571,0.5771,0.1695,0.3954,1.0675,0.8020,-0.2600,0.0283,0.8020,-0.2600,0.2483,False,-0.0377,0.0323,-0.0586,0.0330,0.0195,0.0748,1.2258,grasp,0.8020,-0.2600,0.0283,0.0000,0.0000,0.0000,False,,0.0500,0.0000,False
1026,0.0,1.3812,-0.0183,False,False,False,-0.4307,4.7623,-0.2473,-1.2782,-0.1227,1.4930,-0.0624,-0.0494,0.0341,0.0602,-0.0447,0.0726,0.6343,0.1708,0.3954,1.0674,0.8020,-0.2600,0.0283,0.8020,-0.2600,0.2483,False,-0.0639,-0.0478,0.0317,0.0616,-0.0439,0.0756,3.0976,grasp,0.8020,-0.2600,0.0283,0.0000,0.0000,0.0000,False,,0.0500,0.0000,True
1027,0.0,1.3808,-0.0328,False,False,False,-0.4319,4.7614,-0.2466,-1.2771,-0.1236,1.4944,-0.1185,-0.0937,0.0648,0.1144,-0.0850,0.1379,0.6503,0.1715,0.3955,1.0672,0.8020,-0.2600,0.0283,0.8020,-0.2600,0.2483,False,0.0225,-0.0709,0.0099,0.0666,-0.0677,0.0026,-1.5850,grasp,0.8020,-0.2600,0.0283,0.0000,0.0000,0.0000,False,,0.0500,0.0000,False
1028,0.0,1.3804,-0.0505,False,False,False,-0.4348,4.7668,-0.2427,-1.2794,-0.1178,1.5011,-0.1106,0.2137,0.1480,-0.0873,0.2186,0.2536,0.5370,0.1718,0.3949,1.0673,0.8020,-0.2600,0.0283,0.8020,-0.2600,0.2483,False,-0.0321,0.0618,0.0430,-0.0254,0.0636,0.0738,-0.0494,grasp,0.8020,-0.2600,0.0283,0.0000,0.0000,0.0000,False,,0.0500,0.0000,False
1029,0.0,1.3773,-0.0561,False,False,False,-0.4361,4.7693,-0.2410,-1.2804,-0.1152,1.5041,-0.1317,0.2544,0.1762,-0.1040,0.2603,0.3020,0.5227,0.1765,0.3921,1.0677,0.8020,-0.2600,0.0283,0.8020,-0.2600,0.2483,False,-0.0044,-0.0021,0.0738,-0.0614,-0.0135,0.0459,2.9133,grasp,0.8020,-0.2600,0.0283,0.0000,0.0000,0.0000,False,,0.0500,0.0000,True
1030,0.0,1.3748,-0.0162,False,False,False,-0.4362,4.7704,-0.2389,-1.2821,-0.1157,1.5053,-0.0059,-0.0228,0.1368,-0.1146,-0.0306,0.0815,0.5815,0.1807,0.3907,1.0679,0.8020,-0.2600,0.0283,0.8020,-0.2600,0.2483,False,0.0727,-0.0139,0.0606,0.0735,0.0612,-0.0769,-2.5965,grasp,0.8020,-0.2600,0.0283,0.0000,0.0000,0.0000,False,,0.0500,0.0000,False
1031,0.0,1.3746,-0.0025,False,False,False,-0.4362,4.7704,-0.2389,-1.2821,-0.1157,1.5053,-0.0000,-0.0000,-0.0000,0.0000,-0.0000,0.0000,0.5651,0.1812,0.3907,1.0680,0.8020,-0.2600,0.0283,0.8020,-0.2600,0.2483,False,-0.0013,-0.0295,0.0550,0.0396,0.0723,-0.0136,0.6694,grasp,0.8020,-0.2600,0.0283,0.0000,0.0000,0.0000,False,,0.0500,0.0000,False
1032,0.0,1.3747,-0.0089,False,False,False,-0.4361,4.7701,-0.2372,-1.2809,-0.1129,1.5055,0.0077,0.0560,0.0051,0.0129,0.0659,0.0585,0.5205,0.1806,0.3901,1.0681,0.8020,-0.2600,0.0283,0.8020,-0.2600,0.2483,False,0.0076,0.0554,0.0062,0.0136,0.0673,0.0583,0.1750,grasp,0.8020,-0.2600,0.0283,0.0000,0.0000,0.0000,False,,0.0500,0.0000,False
1033,0.0,1.3740,-0.0099,False,False,False,-0.4363,4.7712,-0.2366,-1.2811,-0.1118,1.5071,-0.0275,-0.0103,0.0511,-0.0514,-0.0126,0.0521,0.4774,0.1810,0.3890,1.0682,0.8020,-0.2600,0.0283,0.8020,-0.2600,0.2483,False,-0.0274,-0.0081,0.0512,-0.0511,-0.0113,0.0532,-0.5046,grasp,0.8020,-0.2600,0.0283,0.0000,0.0000,0.0000,False,,0.0500,0.0000,False
1034,0.0,1.3737,-0.0189,False,False,False,-0.4368,4.7710,-0.2356,-1.2821,-0.1120,1.5081,-0.0523,-0.0185,0.0970,-0.0976,-0.0239,0.0990,0.4632,0.1813,0.3885,1.0682,0.8020,-0.2600,0.0283,0.8020,-0.2600,0.2483,False,0.0255,0.0636,-0.0047,-0.0727,0.0598,-0.0218,-3.0286,grasp,0.8020,-0.2600,0.0283,0.0000,0.0000,0.0000,False,,0.0500,0.0000,False
1035,0.0,1.3733,-0.0342,False,False,False,-0.4352,4.7698,-0.2317,-1.2784,-0.1156,1.5082,0.0772,-0.0580,0.1909,0.1777,-0.1720,0.0049,0.5232,0.1825,0.3888,1.0681,0.8020,-0.2600,0.0283,0.8020,-0.2600,0.2483,False,0.0285,-0.0214,0.0705,0.0656,-0.0635,0.0018,2.7803,grasp,0.8020,-0.2600,0.0283,0.0000,0.0000,0.0000,False,,0.0500,0.0000,True
1036,0.0,1.3719,-0.0141,False,False,False,-0.4357,4.7695,-0.2292,-1.2746,-0.1186,1.5086,-0.0991,0.0277,0.0017,0.1014,-0.0539,0.0216,0.5448,0.1848,0.3884,1.0678,0.8020,-0.2600,0.0283,0.8020,-0.2600,0.2483,False,-0.0512,0.0139,0.0033,0.0556,-0.0305,0.0114,1.1451,grasp,0.8020,-0.2600,0.0283,0.0000,0.0000,0.0000,False,,0.0500,0.0000,False
1037,0.0,1.3703,-0.0206,False,False,False,-0.4371,4.7699,-0.2292,-1.2732,-0.1194,1.5089,-0.1414,0.0395,0.0024,0.1446,-0.0769,0.0308,0.5449,0.1868,0.3874,1.0677,0.8020,-0.2600,0.0283,0.8020,-0.2600,0.2483,False,-0.0554,-0.0399,-0.0649,-0.0439,0.0764,0.0032,-2.3354,grasp,0.8020,-0.2600,0.0283,0.0000,0.0000,0.0000,False,,0.0500,0.0000,False
1038,0.0,1.3703,-0.0305,False,False,False,-0.4387,4.7706,-0.2250,-1.2722,-0.1155,1.5078,-0.0754,0.0320,0.2033,0.0498,0.1894,-0.0532,0.6033,0.1868,0.3874,1.0677,0.8020,-0.2600,0.0283,0.8020,-0.2600,0.2483,False,-0.0278,0.0118,0.0750,0.0184,0.0699,-0.0196,2.7354,grasp,0.8020,-0.2600,0.0283,0.0000,0.0000,0.0000,False,,0.0500,0.0000,True
1039,0.0,1.3692,-0.0215,False,False,False,-0.4395,4.7732,-0.2237,-1.2703,-0.1113,1.5081,0.0092,0.1283,-0.0853,0.0777,0.1147,0.0640,0.6215,0.1893,0.3872,1.0678,0.8020,-0.2600,0.0283,0.8020,-0.2600,0.2483,False,0.0039,0.0693,-0.0423,0.0415,0.0628,0.0330,1.8179,grasp,0.8020,-0.2600,0.0283,0.0000,0.0000,0.0000,False,,0.0500,0.0000,False
1040,0.0,1.3680,-0.0324,False,False,False,-0.4394,4.7750,-0.2249,-1.2692,-0.1097,1.5091,0.0131,0.1845,-0.1217,0.1109,0.1636,0.0913,0.6225,0.1915,0.3865,1.0679,0.8020,-0.2600,0.0283,0.8020,-0.2600,0.2483,False,0.0598,0.0544,-0.0391,0.0427,0.0782,0.0140,2.2610,grasp,0.8020,-0.2600,0.0283,0.0000,0.0000,0.0000,False,,0.0500,0.0000,False
1041,0.0,1.3676,-0.0017,False,False,False,-0.4399,4.7757,-0.2243,-1.2690,-0.1091,1.5090,-0.0466,0.0611,0.0657,0.0257,0.0592,-0.0098,0.5891,0.1921,0.3863,1.0679,0.8020,-0.2600,0.0283,0.8020,-0.2600,0.2483,False,-0.0466,0.0613,0.0657,0.0257,0.0592,-0.0098,-0.6631,grasp,0.8020,-0.2600,0.0283,0.0000,0.0000,0.0000,False,,0.0500,0.0000,False
1042,0.0,1.3644,-0.0323,False,False,False,-0.4420,4.7785,-0.2213,-1.2678,-0.1063,1.5085,-0.1263,0.1673,0.1781,0.0696,0.1605,-0.0266,0.5491,0.1964,0.3834,1.0680,0.8020,-0.2600,0.0283,0.8020,-0.2600,0.2483,False,-0.0269,0.0493,-0.0676,-0.0017,-0.0633,0.0677,0.0008,grasp,0.8020,-0.2600,0.0283,0.0000,0.0000,0.0000,False,,0.0500,0.0000,False
1043,0.0,1.3630,-0.0121,False,False,False,-0.4426,4.7802,-0.2225,-1.2683,-0.1077,1.5109,0.0121,-0.0367,0.0726,-0.0433,0.0485,0.0405,0.4687,0.1974,0.3816,1.0679,0.8020,-0.2600,0.0283,0.8020,-0.2600,0.2483,False,0.0116,-0.0359,0.0713,-0.0434,0.0473,0.0418,-2.9951,grasp,0.8020,-0.2600,0.0283,0.0000,0.0000,0.0000,False,,0.0500,0.0000,False
1044,0.0,1.3631,-0.0132,False,False,False,-0.4426,4.7802,-0.2225,-1.2683,-0.1077,1.5109,0.0121,-0.0367,0.0726,-0.0433,0.0485,0.0405,0.4687,0.1970,0.3813,1.0679,0.8020,-0.2600,0.0283,0.8020,-0.2600,0.2483,False,0.0066,0.0618,0.0709,-0.0369,0.0126,0.0000,1.3166,grasp,0.8020,-0.2600,0.0283,0.0000,0.0000,0.0000,False,,0.0500,0.0000,False
1045,0.0,1.3632,-0.0070,False,False,False,-0.4422,4.7802,-0.2202,-1.2702,-0.1064,1.5116,0.0109,0.0068,0.0293,-0.0753,0.0336,-0.0003,0.5089,0.1978,0.3820,1.0681,0.8020,-0.2600,0.0283,0.8020,-0.2600,0.2483,False,0.0109,0.0081,0.0300,-0.0757,0.0337,-0.0003,2.1166,grasp,0.8020,-0.2600,0.0283,0.0000,0.0000,0.0000,False,,0.0500,0.0000,True
1046,0.0,1.3630,-0.0188,False,False,False,-0.4428,4.7808,-0.2202,-1.2713,-0.1050,1.5124,-0.0759,0.0513,-0.0573,0.0364,0.0743,0.0722,0.4850,0.1978,0.3814,1.0682,0.8020,-0.2600,0.0283,0.8020,-0.2600,0.2483,False,-0.0757,0.0514,-0.0567,0.0350,0.0750,0.0722,-2.0722,grasp,0.8020,-0.2600,0.0283,0.0000,0.0000,0.0000,False,,0.0500,0.0000,False
